dmr_index,chrom,dmr_start,dmr_end,dmr_midpoint,dmr_type,mean_meth_diff,gene,tss,distance_tss_to_midpoint,abs_distance
0,chr6,108174182,108176861,108175521,hyper,0.591287726579319,NR2E1,108166021,-9500,9500
0,chr6,108174182,108176861,108175521,hyper,0.591287726579319,OSTM1-AS1,108123632,-51889,51889
0,chr6,108174182,108176861,108175521,hyper,0.591287726579319,SNX3,108261040,85519,85519
1,chr2,63058511,63059711,63059111,hyper,0.606419102778372,OTX1,63049734,-9377,9377
1,chr2,63058511,63059711,63059111,hyper,0.606419102778372,LOC100132215,63048521,-10590,10590
1,chr2,63058511,63059711,63059111,hyper,0.606419102778372,DBIL5P2,63119542,60431,60431
2,chr5,2746409,2748322,2747365,hyper,0.581258118257254,IRX2,2751677,4312,4312
2,chr5,2746409,2748322,2747365,hyper,0.581258118257254,C5orf38,2751892,4527,4527
2,chr5,2746409,2748322,2747365,hyper,0.581258118257254,LSINCT5,2712590,-34775,34775
3,chr14,56803752,56804953,56804352,hyper,0.604533515232435,OTX2,56810479,6127,6127
3,chr14,56803752,56804953,56804352,hyper,0.604533515232435,OTX2-AS1,56812005,7653,7653
4,chr14,69571988,69572323,69572155,hyper,0.588187926868599,CCDC177,69574871,2716,2716
4,chr14,69571988,69572323,69572155,hyper,0.588187926868599,SUSD6,69611595,39440,39440
4,chr14,69571988,69572323,69572155,hyper,0.588187926868599,PLEKHD1,69484727,-87428,87428
6,chr14,56798663,56799584,56799123,hyper,0.534506039740461,OTX2,56810479,11356,11356
6,chr14,56798663,56799584,56799123,hyper,0.534506039740461,OTX2-AS1,56812005,12882,12882
9,chr2,44929731,44930241,44929986,hyper,0.403218425105538,LINC01833,44939199,9213,9213
9,chr2,44929731,44930241,44929986,hyper,0.403218425105538,SIX3,44941701,11715,11715
9,chr2,44929731,44930241,44929986,hyper,0.403218425105538,SIX3-AS1,44941878,11892,11892
9,chr2,44929731,44930241,44929986,hyper,0.403218425105538,SIX2,45009452,79466,79466
11,chr14,69850163,69850585,69850374,hyper,0.498696686629628,SMOC1,69879415,29041,29041
11,chr14,69850163,69850585,69850374,hyper,0.498696686629628,LOC100506358,69811759,-38615,38615
11,chr14,69850163,69850585,69850374,hyper,0.498696686629628,SLC10A1,69797241,-53133,53133
11,chr14,69850163,69850585,69850374,hyper,0.498696686629628,LOC100289511,69767713,-82661,82661
11,chr14,69850163,69850585,69850374,hyper,0.498696686629628,SRSF5,69767141,-83233,83233
12,chr9,971200,971567,971383,hyper,0.295888588368971,DMRT3,976654,5271,5271
12,chr9,971200,971567,971383,hyper,0.295888588368971,LINC01230,1048142,76759,76759
12,chr9,971200,971567,971383,hyper,0.295888588368971,DMRT2,1050353,78970,78970
13,chr1,50417720,50418459,50418089,hyper,0.472397596107742,DMRTA2,50423443,5354,5354
14,chr2,44932582,44933093,44932837,hyper,0.461590327634661,LINC01833,44939199,6362,6362
14,chr2,44932582,44933093,44932837,hyper,0.461590327634661,SIX3,44941701,8864,8864
14,chr2,44932582,44933093,44932837,hyper,0.461590327634661,SIX3-AS1,44941878,9041,9041
14,chr2,44932582,44933093,44932837,hyper,0.461590327634661,SIX2,45009452,76615,76615
15,chr8,119671772,119672693,119672232,hyper,0.60932353900783,ENPP2,119673390,1158,1158
16,chr7,155789846,155790233,155790039,hyper,0.547340641998632,SHH,155812463,22424,22424
17,chr21,42668311,42668839,42668575,hyper,0.554077227029458,PDE9A,42653620,-14955,14955
17,chr21,42668311,42668839,42668575,hyper,0.554077227029458,LINC01671,42615095,-53480,53480
18,chr11,70885839,70886404,70886121,hyper,0.540837581606425,MIR3664,70872368,-13753,13753
18,chr11,70885839,70886404,70886121,hyper,0.540837581606425,SHANK2-AS3,70862789,-23332,23332
19,chr5,2749298,2749602,2749450,hyper,0.572163726046439,IRX2,2751677,2227,2227
19,chr5,2749298,2749602,2749450,hyper,0.572163726046439,C5orf38,2751892,2442,2442
19,chr5,2749298,2749602,2749450,hyper,0.572163726046439,LSINCT5,2712590,-36860,36860
20,chr10,14007967,14008720,14008343,hyper,0.542085179174319,LOC101928453,14074283,65940,65940
21,chr12,131216991,131217474,131217232,hyper,0.569300633980638,LINC01257,131165010,-52222,52222
21,chr12,131216991,131217474,131217232,hyper,0.569300633980638,LINC02415,131297972,80740,80740
22,chr17,78592195,78592684,78592439,hyper,0.596106078614293,DNAH17,78577396,-15043,15043
22,chr17,78592195,78592684,78592439,hyper,0.596106078614293,SCAT1,78632057,39618,39618
23,chr14,56812512,56813463,56812987,hyper,0.545335882974507,OTX2-AS1,56812005,-982,982
23,chr14,56812512,56813463,56812987,hyper,0.545335882974507,OTX2,56810479,-2508,2508
24,chr6,55873407,55875151,55874279,hyper,0.597254363953692,BMP5,55875590,1311,1311
25,chr4,137529587,137530431,137530009,hyper,0.539426543325036,PCDH18,137532494,2485,2485
25,chr4,137529587,137530431,137530009,hyper,0.539426543325036,LINC02172,137545730,15721,15721
26,chr20,17771263,17771909,17771586,hyper,0.541600975080556,BANF2,17693674,-77912,77912
26,chr20,17771263,17771909,17771586,hyper,0.541600975080556,RRBP1,17682242,-89344,89344
28,chr15,28777374,28777820,28777597,hyper,0.430362217412832,LOC100289656,28788242,10645,10645
28,chr15,28777374,28777820,28777597,hyper,0.430362217412832,PDCD6IPP2,28789833,12236,12236
28,chr15,28777374,28777820,28777597,hyper,0.430362217412832,WHAMMP2,28737582,-40015,40015
28,chr15,28777374,28777820,28777597,hyper,0.430362217412832,GOLGA8M,28712421,-65176,65176
28,chr15,28777374,28777820,28777597,hyper,0.430362217412832,GOLGA6L7,28848685,71088,71088
28,chr15,28777374,28777820,28777597,hyper,0.430362217412832,LOC101928042,28702727,-74870,74870
30,chr7,107386234,107386667,107386450,hyper,0.515722331073898,GPR22,107470056,83606,83606
32,chr2,106281710,106282475,106282092,hyper,0.494472872191051,ANAPC1P6,106369744,87652,87652
32,chr2,106281710,106282475,106282092,hyper,0.494472872191051,UXS1,106194301,-87791,87791
33,chr17,77163000,77163979,77163489,hyper,0.477554406266555,MIR6516,77089416,-74073,74073
33,chr17,77163000,77163979,77163489,hyper,0.477554406266555,SCARNA16,77089306,-74183,74183
33,chr17,77163000,77163979,77163489,hyper,0.477554406266555,SEC14L1,77088684,-74805,74805
33,chr17,77163000,77163979,77163489,hyper,0.477554406266555,SNHG20,77088642,-74847,74847
34,chr2,44952944,44953153,44953048,hyper,0.451600037006151,SIX3-AS1,44941878,-11170,11170
34,chr2,44952944,44953153,44953048,hyper,0.451600037006151,SIX3,44941701,-11347,11347
34,chr2,44952944,44953153,44953048,hyper,0.451600037006151,LINC01833,44939199,-13849,13849
34,chr2,44952944,44953153,44953048,hyper,0.451600037006151,SIX2,45009452,56404,56404
35,chr6,3340327,3340942,3340634,hyper,0.462626269420614,PSMG4,3258946,-81688,81688
36,chr5,100774827,100775179,100775003,hyper,0.615736845437429,MIR548P,100816565,41562,41562
38,chr1,6435145,6435628,6435386,hyper,0.547360034294203,MIR4252,6429896,-5490,5490
38,chr1,6435145,6435628,6435386,hyper,0.547360034294203,ESPN,6424775,-10611,10611
38,chr1,6435145,6435628,6435386,hyper,0.547360034294203,HES2,6419919,-15467,15467
38,chr1,6435145,6435628,6435386,hyper,0.547360034294203,TNFRSF25,6466195,30809,30809
38,chr1,6435145,6435628,6435386,hyper,0.547360034294203,ACOT7,6393767,-41619,41619
38,chr1,6435145,6435628,6435386,hyper,0.547360034294203,PLEKHG5,6520092,84706,84706
39,chr1,244118054,244118592,244118323,hyper,0.46281097352069,ZBTB18,244048938,-69385,69385
41,chr2,63060100,63060773,63060436,hyper,0.4351408106778,OTX1,63049734,-10702,10702
41,chr2,63060100,63060773,63060436,hyper,0.4351408106778,LOC100132215,63048521,-11915,11915
41,chr2,63060100,63060773,63060436,hyper,0.4351408106778,DBIL5P2,63119542,59106,59106
42,chr9,970434,970611,970522,hyper,0.400694538957741,DMRT3,976654,6132,6132
42,chr9,970434,970611,970522,hyper,0.400694538957741,LINC01230,1048142,77620,77620
42,chr9,970434,970611,970522,hyper,0.400694538957741,DMRT2,1050353,79831,79831
43,chr12,131604606,131605247,131604926,hyper,0.444012964131875,LINC02414,131648121,43195,43195
44,chr1,87284679,87285373,87285026,hyper,0.426690651627321,LMO4,87328879,43853,43853
44,chr1,87284679,87285373,87285026,hyper,0.426690651627321,LINC02801,87212668,-72358,72358
44,chr1,87284679,87285373,87285026,hyper,0.426690651627321,LINC01364,87371655,86629,86629
46,chr2,44933301,44933690,44933495,hyper,0.463856739155092,LINC01833,44939199,5704,5704
46,chr2,44933301,44933690,44933495,hyper,0.463856739155092,SIX3,44941701,8206,8206
46,chr2,44933301,44933690,44933495,hyper,0.463856739155092,SIX3-AS1,44941878,8383,8383
46,chr2,44933301,44933690,44933495,hyper,0.463856739155092,SIX2,45009452,75957,75957
47,chr1,16796112,16796880,16796496,hypo,-0.54139673271601,MST1L,16764480,-32016,32016
47,chr1,16796112,16796880,16796496,hypo,-0.54139673271601,LOC112267871,16872225,75729,75729
47,chr1,16796112,16796880,16796496,hypo,-0.54139673271601,ESPNP,16720157,-76339,76339
47,chr1,16796112,16796880,16796496,hypo,-0.54139673271601,LOC105376805,16889666,93170,93170
48,chrX,667003,667466,667234,hyper,0.431120993669996,SHOX,624343,-42891,42891
49,chr14,56797351,56797588,56797469,hyper,0.550546171548744,OTX2,56810479,13010,13010
49,chr14,56797351,56797588,56797469,hyper,0.550546171548744,OTX2-AS1,56812005,14536,14536
50,chr8,35794270,35795078,35794674,hyper,0.39066028905191,LOC101929550,35710320,-84354,84354
51,chr10,131350596,131350979,131350787,hyper,0.521715641147297,TCERG1L,131311721,-39066,39066
54,chr7,72918145,72918504,72918324,hyper,0.584774908666684,NSUN5P2,72954763,36439,36439
54,chr7,72918145,72918504,72918324,hyper,0.584774908666684,POM121,72879356,-38968,38968
54,chr7,72918145,72918504,72918324,hyper,0.584774908666684,SPDYE7P,72871506,-46818,46818
54,chr7,72918145,72918504,72918324,hyper,0.584774908666684,LOC541473,72969633,51309,51309
54,chr7,72918145,72918504,72918324,hyper,0.584774908666684,LOC100101148,72969681,51357,51357
54,chr7,72918145,72918504,72918324,hyper,0.584774908666684,STAG3L3,73005943,87619,87619
54,chr7,72918145,72918504,72918324,hyper,0.584774908666684,PMS2P7,73006079,87755,87755
54,chr7,72918145,72918504,72918324,hyper,0.584774908666684,SBDSP1,72829372,-88952,88952
54,chr7,72918145,72918504,72918324,hyper,0.584774908666684,TYW1B,72828200,-90124,90124
57,chrX,1292687,1292949,1292818,hyper,0.446094614437418,MIR3690,1293917,1099,1099
57,chrX,1292687,1292949,1292818,hyper,0.446094614437418,CSF2RA,1268813,-24005,24005
57,chrX,1292687,1292949,1292818,hyper,0.446094614437418,IL3RA,1336615,43797,43797
57,chrX,1292687,1292949,1292818,hyper,0.446094614437418,CRLF2,1212723,-80095,80095
57,chrX,1292687,1292949,1292818,hyper,0.446094614437418,SLC25A6,1392113,99295,99295
58,chr5,1428687,1429183,1428935,hyper,0.636198864215042,SLC6A3,1445440,16505,16505
58,chr5,1428687,1429183,1428935,hyper,0.636198864215042,LINC01511,1380073,-48862,48862
58,chr5,1428687,1429183,1428935,hyper,0.636198864215042,MIR6075,1510856,81921,81921
58,chr5,1428687,1429183,1428935,hyper,0.636198864215042,CLPTM1L,1345099,-83836,83836
58,chr5,1428687,1429183,1428935,hyper,0.636198864215042,LPCAT1,1523960,95025,95025
60,chr6,15266045,15267071,15266558,hyper,0.44053579273772,JARID2-AS1,15248696,-17862,17862
60,chr6,15266045,15267071,15266558,hyper,0.44053579273772,JARID2,15246068,-20490,20490
61,chr12,76692363,76692719,76692541,hyper,0.600344876689707,ZDHHC17,76764114,71573,71573
63,chr14,56796652,56797276,56796964,hyper,0.589903131123356,OTX2,56810479,13515,13515
63,chr14,56796652,56797276,56796964,hyper,0.589903131123356,OTX2-AS1,56812005,15041,15041
64,chr12,76421292,76423338,76422315,hypo,-0.403740543439737,BBS10,76348415,-73900,73900
65,chr1,175044549,175044864,175044706,hyper,0.466307997953829,MRPS14,175023455,-21251,21251
65,chr1,175044549,175044864,175044706,hyper,0.466307997953829,TNN,175067832,23126,23126
65,chr1,175044549,175044864,175044706,hyper,0.466307997953829,CACYBP,174999434,-45272,45272
65,chr1,175044549,175044864,175044706,hyper,0.466307997953829,RABGAP1L-AS1,174954261,-90445,90445
66,chr9,91900444,91900682,91900563,hyper,0.421360161826402,ROR2,91950228,49665,49665
67,chr7,20336155,20336592,20336373,hyper,0.339947530508906,LOC101927811,20331762,-4611,4611
67,chr7,20336155,20336592,20336373,hyper,0.339947530508906,ITGB8,20330899,-5474,5474
67,chr7,20336155,20336592,20336373,hyper,0.339947530508906,LOC101927769,20296707,-39666,39666
69,chr15,69548893,69549398,69549145,hyper,0.530757059081143,DRAIC,69561719,12574,12574
69,chr15,69548893,69549398,69549145,hyper,0.530757059081143,PCAT29,69592199,43054,43054
69,chr15,69548893,69549398,69549145,hyper,0.530757059081143,RPLP1,69452817,-96328,96328
70,chr17,43591844,43592166,43592005,hyper,0.433571174325473,ETV4,43546340,-45665,45665
70,chr17,43591844,43592166,43592005,hyper,0.433571174325473,MEOX1,43661922,69917,69917
71,chr16,18832807,18833156,18832981,hypo,-0.376764275572795,ARL6IP1,18801549,-31432,31432
71,chr16,18832807,18833156,18832981,hypo,-0.376764275572795,RPS15A,18790334,-42647,42647
71,chr16,18832807,18833156,18832981,hypo,-0.376764275572795,SMG1,18926408,93427,93427
74,chrX,2440968,2441316,2441142,hyper,0.507618780072718,ZBED1,2500976,59834,59834
74,chrX,2440968,2441316,2441142,hyper,0.507618780072718,DHRSX,2500976,59834,59834
75,chrX,8196708,8197318,8197013,hyper,0.573889447237878,VCX2,8171267,-25746,25746
75,chrX,8196708,8197318,8197013,hyper,0.573889447237878,MIR651,8126964,-70049,70049
78,chr2,1456080,1456338,1456209,hyper,0.545722625829525,TPO,1413460,-42749,42749
78,chr2,1456080,1456338,1456209,hyper,0.545722625829525,LOC102723730,1551929,95720,95720
80,chr11,27469082,27469881,27469481,hyper,0.433491908504469,LGR4-AS1,27471730,2249,2249
80,chr11,27469082,27469881,27469481,hyper,0.433491908504469,LGR4,27472790,3309,3309
80,chr11,27469082,27469881,27469481,hyper,0.433491908504469,LIN7C,27506769,37288,37288
80,chr11,27469082,27469881,27469481,hyper,0.433491908504469,BDNF-AS,27506851,37370,37370
80,chr11,27469082,27469881,27469481,hyper,0.433491908504469,MIR8087,27515047,45566,45566
81,chr2,3040797,3041073,3040935,hyper,0.452785115810151,LINC01250,3126026,85091,85091
82,chr18,55458663,55459079,55458871,hyper,0.4660086496986,TCF4-AS1,55452532,-6339,6339
82,chr18,55458663,55459079,55458871,hyper,0.4660086496986,MIR4529,55479220,20349,20349
84,chr13,20331898,20332434,20332166,hyper,0.351397933162929,GJB6,20232395,-99771,99771
85,chr11,3576209,3576489,3576349,hyper,0.557823930150272,LOC101927708,3571987,-4362,4362
85,chr11,3576209,3576489,3576349,hyper,0.557823930150272,LOC115995503,3610323,33974,33974
85,chr11,3576209,3576489,3576349,hyper,0.557823930150272,TRPC2,3626459,50110,50110
85,chr11,3576209,3576489,3576349,hyper,0.557823930150272,ART5,3642316,65967,65967
85,chr11,3576209,3576489,3576349,hyper,0.557823930150272,ART1,3645127,68778,68778
85,chr11,3576209,3576489,3576349,hyper,0.557823930150272,CHRNA10,3671384,95035,95035
85,chr11,3576209,3576489,3576349,hyper,0.557823930150272,LOC105376526,3477073,-99276,99276
86,chr5,172156681,172157068,172156874,hyper,0.535681823654581,STK10,172188224,31350,31350
86,chr5,172156681,172157068,172156874,hyper,0.535681823654581,EFCAB9,172194171,37297,37297
87,chr18,21244399,21244842,21244620,hyper,0.559793503648832,GREB1L,21242241,-2379,2379
88,chr21,38744166,38744467,38744316,hyper,0.618822858936113,LINC00114,38773477,29161,29161
88,chr21,38744166,38744467,38744316,hyper,0.618822858936113,ETS2,38805182,60866,60866
88,chr21,38744166,38744467,38744316,hyper,0.618822858936113,ERG,38661783,-82533,82533
90,chr17,65403340,65403675,65403507,hyper,0.604968516111529,LINC02563,65457540,54033,54033
91,chr14,56797658,56797922,56797790,hyper,0.435696740770808,OTX2,56810479,12689,12689
91,chr14,56797658,56797922,56797790,hyper,0.435696740770808,OTX2-AS1,56812005,14215,14215
92,chr12,132836437,132836549,132836493,hyper,0.566140070919772,GOLGA3,132828869,-7624,7624
92,chr12,132836437,132836549,132836493,hyper,0.566140070919772,CHFR,132887618,51125,51125
92,chr12,132836437,132836549,132836493,hyper,0.566140070919772,LOC101928530,132887841,51348,51348
92,chr12,132836437,132836549,132836493,hyper,0.566140070919772,ANKLE2,132761832,-74661,74661
93,chr2,100045186,100045407,100045296,hyper,0.574069279821306,AFF3,100142590,97294,97294
94,chr5,172355106,172355355,172355230,hyper,0.518741425002531,LOC100288254,172285596,-69634,69634
94,chr5,172355106,172355355,172355230,hyper,0.518741425002531,UBTD2,172283764,-71466,71466
94,chr5,172355106,172355355,172355230,hyper,0.518741425002531,SH3PXD2B,172454525,99295,99295
95,chr10,10870720,10870945,10870832,hyper,0.354559409457813,SFTA1P,10794914,-75918,75918
95,chr10,10870720,10870945,10870832,hyper,0.354559409457813,LINC00710,10952163,81331,81331
96,chr8,7766717,7766938,7766827,hyper,0.270505542881088,FAM90A10P,7769583,2756,2756
96,chr8,7766717,7766938,7766827,hyper,0.270505542881088,DEFB106A,7825138,58311,58311
96,chr8,7766717,7766938,7766827,hyper,0.270505542881088,DEFB106B,7825171,58344,58344
96,chr8,7766717,7766938,7766827,hyper,0.270505542881088,DEFB104A,7836435,69608,69608
96,chr8,7766717,7766938,7766827,hyper,0.270505542881088,DEFB104B,7836470,69643,69643
96,chr8,7766717,7766938,7766827,hyper,0.270505542881088,SPAG11B,7847879,81052,81052
96,chr8,7766717,7766938,7766827,hyper,0.270505542881088,SPAG11A,7848007,81180,81180
97,chr15,57547162,57547501,57547331,hyper,0.426793712439587,GCOM1,57591903,44572,44572
97,chr15,57547162,57547501,57547331,hyper,0.426793712439587,MYZAP,57591903,44572,44572
99,chrX,40836476,40837134,40836805,hyper,0.553656198073089,TNIP2P1,40833196,-3609,3609
100,chr1,212513415,212513838,212513626,hyper,0.508031550781765,LINC01740,212545693,32067,32067
100,chr1,212513415,212513838,212513626,hyper,0.508031550781765,ATF3,212565333,51707,51707
100,chr1,212513415,212513838,212513626,hyper,0.508031550781765,NENF,212432919,-80707,80707
100,chr1,212513415,212513838,212513626,hyper,0.508031550781765,PACC1,212414901,-98725,98725
101,chr4,6016708,6017093,6016900,hyper,0.402501816303102,C4orf50,6018546,1646,1646
101,chr4,6016708,6017093,6016900,hyper,0.402501816303102,MIR378D1,5923328,-93572,93572
102,chr9,4622060,4622425,4622242,hyper,0.418840041735666,PLPP6,4662293,40051,40051
102,chr9,4622060,4622425,4622242,hyper,0.418840041735666,SPATA6L,4666480,44238,44238
102,chr9,4622060,4622425,4622242,hyper,0.418840041735666,CDC37L1-DT,4679480,57238,57238
102,chr9,4622060,4622425,4622242,hyper,0.418840041735666,CDC37L1,4679568,57326,57326
104,chr16,84286788,84287131,84286959,hyper,0.457067157106621,WFDC1,84294877,7918,7918
104,chr16,84286788,84287131,84286959,hyper,0.457067157106621,KCNG4,84239750,-47209,47209
104,chr16,84286788,84287131,84286959,hyper,0.457067157106621,ATP2C2,84368522,81563,81563
104,chr16,84286788,84287131,84286959,hyper,0.457067157106621,LOC654780,84197053,-89906,89906
104,chr16,84286788,84287131,84286959,hyper,0.457067157106621,ADAD2,84191156,-95803,95803
104,chr16,84286788,84287131,84286959,hyper,0.457067157106621,TAF1C,84187070,-99889,99889
105,chr17,68383522,68384018,68383770,hyper,0.452033705097207,PRKAR1A,68413622,29852,29852
105,chr17,68383522,68384018,68383770,hyper,0.452033705097207,MIR635,68424548,40778,40778
105,chr17,68383522,68384018,68383770,hyper,0.452033705097207,WIPI1,68457524,73754,73754
105,chr17,68383522,68384018,68383770,hyper,0.452033705097207,SLC16A6,68291127,-92643,92643
107,chr7,41783266,41783688,41783477,hyper,0.538810020063756,INHBA,41703090,-80387,80387
107,chr7,41783266,41783688,41783477,hyper,0.538810020063756,INHBA-AS1,41693918,-89559,89559
108,chr18,21240765,21241175,21240970,hyper,0.521500244287053,GREB1L,21242241,1271,1271
109,chr10,117132453,117132678,117132565,hyper,0.414446941930365,VAX1,117138270,5705,5705
109,chr10,117132453,117132678,117132565,hyper,0.414446941930365,SHTN1,117126586,-5979,5979
109,chr10,117132453,117132678,117132565,hyper,0.414446941930365,MIR3663,117167774,35209,35209
109,chr10,117132453,117132678,117132565,hyper,0.414446941930365,MIR3663HG,117169055,36490,36490
109,chr10,117132453,117132678,117132565,hyper,0.414446941930365,KCNK18,117197488,64923,64923
110,chr3,62377356,62377425,62377390,hyper,0.478147291635407,FEZF2,62373550,-3840,3840
110,chr3,62377356,62377425,62377390,hyper,0.478147291635407,C3orf14,62318972,-58418,58418
110,chr3,62377356,62377425,62377390,hyper,0.478147291635407,PTPRG-AS1,62318947,-58443,58443
112,chr20,36248911,36249596,36249253,hypo,-0.559224039990168,AAR2,36236416,-12837,12837
112,chr20,36248911,36249596,36249253,hypo,-0.559224039990168,DLGAP4,36306338,57085,57085
112,chr20,36248911,36249596,36249253,hypo,-0.559224039990168,LOC100130373,36155760,-93493,93493
114,chr4,31997737,31998454,31998095,hyper,0.353647170364415,LINC02506,31997378,-717,717
114,chr4,31997737,31998454,31998095,hyper,0.353647170364415,LOC105377651,32022422,24327,24327
115,chr13,52933235,52933583,52933409,hyper,0.455434530700791,PCDH8,52848640,-84769,84769
115,chr13,52933235,52933583,52933409,hyper,0.455434530700791,OLFM4,53028812,95403,95403
116,chr16,5642175,5642610,5642392,hypo,-0.639117034971534,MIR8065,5632466,-9926,9926
116,chr16,5642175,5642610,5642392,hypo,-0.639117034971534,LINC01570,5616250,-26142,26142
117,chr6,27977536,27977803,27977669,hyper,0.557306053415584,OR2B6,27957240,-20429,20429
117,chr6,27977536,27977803,27977669,hyper,0.557306053415584,OR2B2,27912396,-65273,65273
117,chr6,27977536,27977803,27977669,hyper,0.557306053415584,H2BC17,27893424,-84245,84245
117,chr6,27977536,27977803,27977669,hyper,0.557306053415584,H2AC17,27893185,-84484,84484
117,chr6,27977536,27977803,27977669,hyper,0.557306053415584,H3C12,27890826,-86843,86843
117,chr6,27977536,27977803,27977669,hyper,0.557306053415584,OR1F12,28073315,95646,95646
118,chr6,88006357,88006853,88006605,hyper,0.567231342932249,SPACA1,88047840,41235,41235
119,chr5,3518160,3518516,3518338,hyper,0.463465612656276,LINC01017,3504004,-14334,14334
119,chr5,3518160,3518516,3518338,hyper,0.463465612656276,LINC01019,3536094,17756,17756
119,chr5,3518160,3518516,3518338,hyper,0.463465612656276,LINC02162,3452815,-65523,65523
119,chr5,3518160,3518516,3518338,hyper,0.463465612656276,IRX1,3595831,77493,77493
123,chr16,23051531,23051999,23051765,hyper,0.510750127759348,USP31,23149270,97505,97505
125,chr3,172112284,172112739,172112511,hyper,0.496165923160037,FNDC3B,172039577,-72934,72934
126,chr8,48683148,48683324,48683236,hyper,0.481493461426405,EFCAB1,48735311,52075,52075
126,chr8,48683148,48683324,48683236,hyper,0.481493461426405,LOC101929217,48620402,-62834,62834
127,chr17,20870068,20870237,20870152,hypo,-0.314221674536274,CCDC144NL-AS1,20868526,-1626,1626
127,chr17,20870068,20870237,20870152,hypo,-0.314221674536274,CCDC144NL,20896163,26011,26011
127,chr17,20870068,20870237,20870152,hypo,-0.314221674536274,LOC339260,20938565,68413,68413
128,chr9,132403401,132404121,132403761,hyper,0.399539919569081,TTF1,132406851,3090,3090
128,chr9,132403401,132404121,132403761,hyper,0.399539919569081,CFAP77,132410210,6449,6449
128,chr9,132403401,132404121,132403761,hyper,0.399539919569081,SETX,132354986,-48775,48775
129,chr1,18458654,18459063,18458858,hyper,0.421120462290453,KLHDC7A,18480929,22071,22071
131,chr5,2744468,2745347,2744907,hyper,0.378653844021961,IRX2,2751677,6770,6770
131,chr5,2744468,2745347,2744907,hyper,0.378653844021961,C5orf38,2751892,6985,6985
131,chr5,2744468,2745347,2744907,hyper,0.378653844021961,LSINCT5,2712590,-32317,32317
133,chr6,3008962,3009311,3009136,hyper,0.416297344283226,NQO2,2999815,-9321,9321
133,chr6,3008962,3009311,3009136,hyper,0.416297344283226,HTATSF1P2,3023890,14754,14754
133,chr6,3008962,3009311,3009136,hyper,0.416297344283226,LOC101927759,3024062,14926,14926
133,chr6,3008962,3009311,3009136,hyper,0.416297344283226,LINC01011,2987966,-21170,21170
133,chr6,3008962,3009311,3009136,hyper,0.416297344283226,SERPINB6,2971793,-37343,37343
133,chr6,3008962,3009311,3009136,hyper,0.416297344283226,RIPK1,3063966,54830,54830
134,chr10,132329881,132330190,132330035,hyper,0.512018642551534,STK32C,132331880,1845,1845
134,chr10,132329881,132330190,132330035,hyper,0.512018642551534,LRRC27,132332192,2157,2157
134,chr10,132329881,132330190,132330035,hyper,0.512018642551534,PWWP2B,132397199,67164,67164
135,chr4,123338705,123339135,123338920,hypo,-0.619388641391482,SPRY1,123396794,57874,57874
136,chr7,137304610,137305170,137304890,hyper,0.352014987867435,PTN,137343733,38843,38843
137,chr1,50418752,50418879,50418815,hyper,0.482023416724325,DMRTA2,50423443,4628,4628
139,chr4,157014880,157015201,157015040,hyper,0.44926032524714,PDGFC,156971799,-43241,43241
139,chr4,157014880,157015201,157015040,hyper,0.44926032524714,GLRB,157076124,61084,61084
140,chrX,40835363,40835719,40835541,hyper,0.729559997699095,TNIP2P1,40833196,-2345,2345
140,chrX,40835363,40835719,40835541,hyper,0.729559997699095,MED14OS,40735689,-99852,99852
140,chrX,40835363,40835719,40835541,hyper,0.729559997699095,MED14,40735542,-99999,99999
141,chr3,149186546,149186916,149186731,hyper,0.494380821126043,CP,149221829,35098,35098
141,chr3,149186546,149186916,149186731,hyper,0.494380821126043,HPS3,149129637,-57094,57094
143,chr9,114170631,114170889,114170760,hyper,0.497362046194663,COL27A1,114155536,-15224,15224
143,chr9,114170631,114170889,114170760,hyper,0.497362046194663,MIR455,114209433,38673,38673
143,chr9,114170631,114170889,114170760,hyper,0.497362046194663,KIF12,114099057,-71703,71703
143,chr9,114170631,114170889,114170760,hyper,0.497362046194663,AMBP,114078300,-92460,92460
144,chr8,102108322,102108943,102108632,hyper,0.371870260175764,NCALD,102124907,16275,16275
144,chr8,102108322,102108943,102108632,hyper,0.371870260175764,MIR5680,102125431,16799,16799
145,chr3,143081875,143082044,143081959,hyper,0.63570256560509,CHST2,143119770,37811,37811
145,chr3,143081875,143082044,143081959,hyper,0.63570256560509,U2SURP,143001569,-80390,80390
145,chr3,143081875,143082044,143081959,hyper,0.63570256560509,LOC100289361,143001467,-80492,80492
146,chr2,105081934,105082411,105082172,hyper,0.366607964967237,MRPS9-AS1,105102944,20772,20772
146,chr2,105081934,105082411,105082172,hyper,0.366607964967237,MRPS9-AS2,105038496,-43676,43676
146,chr2,105081934,105082411,105082172,hyper,0.366607964967237,MRPS9,105038068,-44104,44104
146,chr2,105081934,105082411,105082172,hyper,0.366607964967237,LINC01918,105144112,61940,61940
147,chr1,230636904,230638056,230637480,hyper,0.490764713819183,COG2,230642480,5000,5000
147,chr1,230636904,230638056,230637480,hyper,0.490764713819183,LINC01737,230595583,-41897,41897
148,chr18,77042655,77042959,77042807,hyper,0.382423986478315,MBP,77132783,89976,89976
150,chr10,3822712,3823304,3823008,hyper,0.375507809626577,LINC02639,3833949,10941,10941
150,chr10,3822712,3823304,3823008,hyper,0.375507809626577,KLF6,3785281,-37727,37727
151,chr4,37649301,37649601,37649451,hyper,0.516361045953833,RELL1,37686376,36925,36925
152,chr18,76771385,76771895,76771640,hypo,-0.506881996766876,ZNF236-DT,76822295,50655,50655
152,chr18,76771385,76771895,76771640,hypo,-0.506881996766876,ZNF236,76822556,50916,50916
152,chr18,76771385,76771895,76771640,hypo,-0.506881996766876,LINC01879,76690028,-81612,81612
154,chr1,207171703,207172022,207171862,hyper,0.501117647824571,C4BPA,207104232,-67630,67630
154,chr1,207171703,207172022,207171862,hyper,0.501117647824571,C4BPB,207088859,-83003,83003
155,chr4,169220810,169221594,169221202,hypo,-0.493791201541937,SH3RF1,169270956,49754,49754
156,chr2,209922065,209922402,209922233,hyper,0.297500069093181,RPE,210002564,80331,80331
157,chr16,21527326,21527782,21527554,hyper,0.411703218102497,SLC7A5P2,21520444,-7110,7110
157,chr16,21527326,21527782,21527554,hyper,0.411703218102497,SMG1P3,21502281,-25273,25273
157,chr16,21527326,21527782,21527554,hyper,0.411703218102497,RRN3P3,21501525,-26029,26029
157,chr16,21527326,21527782,21527554,hyper,0.411703218102497,METTL9,21597220,69666,69666
157,chr16,21527326,21527782,21527554,hyper,0.411703218102497,LOC101927814,21599385,71831,71831
159,chr11,49225208,49225735,49225471,hypo,-0.35288450974446,FOLH1,49208602,-16869,16869
164,chr14,54650491,54651011,54650751,hyper,0.407422154646129,SAMD4A,54567127,-83624,83624
165,chr1,84719340,84719974,84719657,hypo,-0.384641356515655,SSX2IP,84690468,-29189,29189
165,chr1,84719340,84719974,84719657,hypo,-0.384641356515655,LINC01555,84635020,-84637,84637
165,chr1,84719340,84719974,84719657,hypo,-0.384641356515655,LINC01461,84621031,-98626,98626
167,chr21,39850998,39851362,39851180,hyper,0.514693811046804,PCP4,39867437,16257,16257
169,chr4,8090619,8090962,8090790,hyper,0.454011773293056,ABLIM2,8158813,68023,68023
169,chr4,8090619,8090962,8090790,hyper,0.454011773293056,MIR95,8005381,-85409,85409
170,chr17,42925369,42925678,42925523,hyper,0.474031997431388,G6PC,42900798,-24725,24725
170,chr17,42925369,42925678,42925523,hyper,0.474031997431388,LINC00671,42898734,-26789,26789
170,chr17,42925369,42925678,42925523,hyper,0.474031997431388,AARSD1,42964454,38931,38931
170,chr17,42925369,42925678,42925523,hyper,0.474031997431388,PTGES3L,42980080,54557,54557
170,chr17,42925369,42925678,42925523,hyper,0.474031997431388,PTGES3L-AARSD1,42980528,55005,55005
170,chr17,42925369,42925678,42925523,hyper,0.474031997431388,RUNDC1,42980564,55041,55041
170,chr17,42925369,42925678,42925523,hyper,0.474031997431388,AOC4P,42867144,-58379,58379
170,chr17,42925369,42925678,42925523,hyper,0.474031997431388,RPL27,42998272,72749,72749
170,chr17,42925369,42925678,42925523,hyper,0.474031997431388,AOC3,42851183,-74340,74340
170,chr17,42925369,42925678,42925523,hyper,0.474031997431388,AOC2,42844579,-80944,80944
170,chr17,42925369,42925678,42925523,hyper,0.474031997431388,IFI35,43006783,81260,81260
170,chr17,42925369,42925678,42925523,hyper,0.474031997431388,PSME3,42833396,-92127,92127
170,chr17,42925369,42925678,42925523,hyper,0.474031997431388,VAT1,43022385,96862,96862
170,chr17,42925369,42925678,42925523,hyper,0.474031997431388,RND2,43025230,99707,99707
171,chr11,61603372,61603459,61603415,hypo,-0.555351552843262,RPLP0P2,61615035,11620,11620
171,chr11,61603372,61603459,61603415,hypo,-0.555351552843262,LOC101927495,61588493,-14922,14922
171,chr11,61603372,61603459,61603415,hypo,-0.555351552843262,SYT7,61581076,-22339,22339
171,chr11,61603372,61603459,61603415,hypo,-0.555351552843262,DAGLA,61680390,76975,76975
171,chr11,61603372,61603459,61603415,hypo,-0.555351552843262,LRRC10B,61508748,-94667,94667
171,chr11,61603372,61603459,61603415,hypo,-0.555351552843262,MIR4488,61508595,-94820,94820
172,chr2,191093626,191093989,191093807,hypo,-0.390092760410305,STAT4,191151596,57789,57789
172,chr2,191093626,191093989,191093807,hypo,-0.390092760410305,LOC105373805,191021525,-72282,72282
172,chr2,191093626,191093989,191093807,hypo,-0.390092760410305,STAT1,191014250,-79557,79557
173,chr17,34130690,34131189,34130939,hyper,0.313937976114327,ASIC2,34156806,25867,25867
173,chr17,34130690,34131189,34130939,hyper,0.313937976114327,LINC01989,34183632,52693,52693
174,chr1,18588124,18588327,18588225,hyper,0.439861032456667,PAX7,18630845,42620,42620
175,chr21,29824685,29824958,29824821,hyper,0.405669575034307,GRIK1-AS1,29748174,-76647,76647
176,chr4,155248654,155249538,155249096,hypo,-0.461665717553078,NPY2R,155173722,-75374,75374
177,chr3,86986043,86986941,86986492,hyper,0.502598352170787,VGLL3,86991149,4657,4657
178,chr10,21499251,21499574,21499412,hyper,0.356972863440387,MIR1915HG,21497260,-2152,2152
178,chr10,21499251,21499574,21499412,hyper,0.356972863440387,MIR1915,21496641,-2771,2771
178,chr10,21499251,21499574,21499412,hyper,0.356972863440387,SKIDA1,21525682,26270,26270
178,chr10,21499251,21499574,21499412,hyper,0.356972863440387,MLLT10,21533348,33936,33936
179,chr10,3013373,3013887,3013630,hyper,0.512913139577823,LOC101927824,3066933,53303,53303
179,chr10,3013373,3013887,3013630,hyper,0.512913139577823,PFKP,3067547,53917,53917
180,chr3,111074765,111075218,111074991,hyper,0.488585848512324,NECTIN3,111071815,-3176,3176
180,chr3,111074765,111075218,111074991,hyper,0.488585848512324,NECTIN3-AS1,111069959,-5032,5032
181,chr12,124040435,124040735,124040585,hyper,0.316359018209219,ZNF664-RFLNA,123973214,-67371,67371
181,chr12,124040435,124040735,124040585,hyper,0.316359018209219,ZNF664,123973214,-67371,67371
181,chr12,124040435,124040735,124040585,hyper,0.316359018209219,CCDC92,123972831,-67754,67754
182,chr17,6567940,6568136,6568038,hyper,0.417711170271364,PITPNM3,6556555,-11483,11483
182,chr17,6567940,6568136,6568038,hyper,0.417711170271364,KIAA0753,6640711,72673,72673
182,chr17,6567940,6568136,6568038,hyper,0.417711170271364,TXNDC17,6641059,73021,73021
182,chr17,6567940,6568136,6568038,hyper,0.417711170271364,MED31,6651605,83567,83567
182,chr17,6567940,6568136,6568038,hyper,0.417711170271364,C17orf100,6651761,83723,83723
182,chr17,6567940,6568136,6568038,hyper,0.417711170271364,MIR4520-2,6655448,87410,87410
182,chr17,6567940,6568136,6568038,hyper,0.417711170271364,MIR4520-1,6655509,87471,87471
182,chr17,6567940,6568136,6568038,hyper,0.417711170271364,ALOX15P1,6657718,89680,89680
183,chr8,11226646,11226968,11226807,hypo,-0.465642675379295,XKR6,11201833,-24974,24974
183,chr8,11226646,11226968,11226807,hypo,-0.465642675379295,MTMR9,11284815,58008,58008
185,chr6,75156157,75156678,75156417,hyper,0.397808569121991,SNORD156,75128782,-27635,27635
185,chr6,75156157,75156678,75156417,hyper,0.397808569121991,COL12A1,75206053,49636,49636
185,chr6,75156157,75156678,75156417,hyper,0.397808569121991,COX7A2,75250298,93881,93881
187,chr7,94395948,94396275,94396111,hyper,0.623457076746617,COL1A2,94394894,-1217,1217
187,chr7,94395948,94396275,94396111,hyper,0.623457076746617,COL1A2-AS1,94392192,-3919,3919
188,chr3,86993732,86994151,86993941,hyper,0.441201246227457,VGLL3,86991149,-2792,2792
188,chr3,86993732,86994151,86993941,hyper,0.441201246227457,LINC00506,87089279,95338,95338
189,chr6,166905087,166905406,166905246,hyper,0.468298191189198,RPS6KA2-AS1,166903697,-1549,1549
189,chr6,166905087,166905406,166905246,hyper,0.468298191189198,RPS6KA2,166862525,-42721,42721
189,chr6,166905087,166905406,166905246,hyper,0.468298191189198,RNASET2,166956550,51304,51304
189,chr6,166905087,166905406,166905246,hyper,0.468298191189198,MIR3939,166997912,92666,92666
189,chr6,166905087,166905406,166905246,hyper,0.468298191189198,CEP43,166999316,94070,94070
190,chr17,73396957,73397085,73397021,hyper,0.472880603376478,CDC42EP4,73312001,-85020,85020
195,chr9,124010534,124010817,124010675,hyper,0.432833052850542,LHX2,124011767,1092,1092
195,chr9,124010534,124010817,124010675,hyper,0.432833052850542,LOC100505588,124009396,-1279,1279
195,chr9,124010534,124010817,124010675,hyper,0.432833052850542,DENND1A,123930138,-80537,80537
196,chr1,233885236,233885765,233885500,hypo,-0.413760028518287,SLC35F3,233904675,19175,19175
198,chr2,226797001,226797299,226797150,hyper,0.443929756226655,IRS1,226799820,2670,2670
198,chr2,226797001,226797299,226797150,hyper,0.443929756226655,RHBDD1,226800158,3008,3008
201,chr9,124022760,124022848,124022804,hyper,0.520666142730944,LHX2,124011767,-11037,11037
201,chr9,124022760,124022848,124022804,hyper,0.520666142730944,LOC100505588,124009396,-13408,13408
201,chr9,124022760,124022848,124022804,hyper,0.520666142730944,DENND1A,123930138,-92666,92666
202,chr2,6448819,6449159,6448989,hyper,0.452249762143191,LINC01247,6375422,-73567,73567
203,chr9,38422798,38423463,38423130,hyper,0.468962498456627,IGFBPL1,38424454,1324,1324
203,chr9,38422798,38423463,38423130,hyper,0.468962498456627,ALDH1B1,38392701,-30429,30429
204,chr1,82843959,82844207,82844083,hyper,0.435387158931474,LINC01362,82903182,59099,59099
205,chr5,81167418,81167968,81167693,hyper,0.473383021892676,CKMT2,81233319,65626,65626
206,chr8,127795772,127796039,127795905,hyper,0.413902957003764,MIR1204,127795961,56,56
206,chr8,127795772,127796039,127795905,hyper,0.413902957003764,PVT1,127794532,-1373,1373
206,chr8,127795772,127796039,127795905,hyper,0.413902957003764,MYC,127735433,-60472,60472
206,chr8,127795772,127796039,127795905,hyper,0.413902957003764,CASC11,127733967,-61938,61938
207,chr12,108804390,108804804,108804597,hyper,0.406639507567295,MIR619,108837006,32409,32409
207,chr12,108804390,108804804,108804597,hyper,0.406639507567295,SSH1,108857583,52986,52986
207,chr12,108804390,108804804,108804597,hyper,0.406639507567295,CORO1C,108731518,-73079,73079
207,chr12,108804390,108804804,108804597,hyper,0.406639507567295,DAO,108880091,75494,75494
209,chr22,43263512,43263636,43263574,hyper,0.492504005387255,SCUBE1-AS1,43275941,12367,12367
209,chr22,43263512,43263636,43263574,hyper,0.492504005387255,SCUBE1-AS2,43212673,-50901,50901
209,chr22,43263512,43263636,43263574,hyper,0.492504005387255,TTLL12,43187134,-76440,76440
209,chr22,43263512,43263636,43263574,hyper,0.492504005387255,SCUBE1,43343372,79798,79798
210,chr3,128999763,129000076,128999919,hyper,0.392911497396584,EFCC1,129001303,1384,1384
210,chr3,128999763,129000076,128999919,hyper,0.392911497396584,CFAP92,129004002,4083,4083
210,chr3,128999763,129000076,128999919,hyper,0.392911497396584,GP9,129060778,60859,60859
212,chr5,146589990,146590184,146590087,hyper,0.234430710564759,GPR151,146516190,-73897,73897
214,chr3,158058979,158059083,158059031,hyper,0.548762797978773,SHOX2,158106420,47389,47389
214,chr3,158058979,158059083,158059031,hyper,0.548762797978773,RSRC1,158110051,51020,51020
215,chr9,111401056,111401351,111401203,hyper,0.490957660755981,OR2K2,111330224,-70979,70979
215,chr9,111401056,111401351,111401203,hyper,0.490957660755981,ECPAS,111484383,83180,83180
216,chr11,3532491,3532993,3532742,hyper,0.609961611107076,LOC101927708,3571987,39245,39245
216,chr11,3532491,3532993,3532742,hyper,0.609961611107076,LOC105376526,3477073,-55669,55669
216,chr11,3532491,3532993,3532742,hyper,0.609961611107076,LOC115995503,3610323,77581,77581
216,chr11,3532491,3532993,3532742,hyper,0.609961611107076,TRPC2,3626459,93717,93717
217,chr2,226796004,226796212,226796108,hyper,0.49609040960058,IRS1,226799820,3712,3712
217,chr2,226796004,226796212,226796108,hyper,0.49609040960058,RHBDD1,226800158,4050,4050
218,chr10,88500101,88500713,88500407,hypo,-0.419581751216522,RNLS,88583325,82918,82918
218,chr10,88500101,88500713,88500407,hypo,-0.419581751216522,LIPJ,88586761,86354,86354
219,chr3,143752332,143752706,143752519,hypo,-0.519512164960071,SLC9A9,143848468,95949,95949
220,chr7,97887001,97887372,97887186,hyper,0.466231774127605,ASNS,97928441,41255,41255
220,chr7,97887001,97887372,97887186,hyper,0.466231774127605,MIR5692A1,97963657,76471,76471
220,chr7,97887001,97887372,97887186,hyper,0.466231774127605,MIR5692A2,97963662,76476,76476
220,chr7,97887001,97887372,97887186,hyper,0.466231774127605,MIR5692C2,97964481,77295,77295
220,chr7,97887001,97887372,97887186,hyper,0.466231774127605,CCZ1P-OR7E38P,97972358,85172,85172
220,chr7,97887001,97887372,97887186,hyper,0.466231774127605,CZ1P-ASNS,97972358,85172,85172
221,chr6,163341980,163342270,163342125,hyper,0.499396780015744,DKFZp451B082,163347033,4908,4908
221,chr6,163341980,163342270,163342125,hyper,0.499396780015744,PACRG-AS1,163324473,-17652,17652
221,chr6,163341980,163342270,163342125,hyper,0.499396780015744,CAHM,163413950,71825,71825
221,chr6,163341980,163342270,163342125,hyper,0.499396780015744,QKI,163414717,72592,72592
222,chr19,7287691,7288083,7287887,hyper,0.430014836992421,INSR,7294414,6527,6527
222,chr19,7287691,7288083,7287887,hyper,0.430014836992421,ARHGEF18,7348936,61049,61049
223,chr2,188978412,188979307,188978859,hyper,0.411383848195387,MIR1245B,188978161,-698,698
223,chr2,188978412,188979307,188978859,hyper,0.411383848195387,MIR1245A,188978091,-768,768
223,chr2,188978412,188979307,188978859,hyper,0.411383848195387,COL3A1,188974372,-4487,4487
223,chr2,188978412,188979307,188978859,hyper,0.411383848195387,MIR3606,188995629,16770,16770
224,chr12,3116726,3116941,3116833,hyper,0.480672169849499,TSPAN9,3077354,-39479,39479
225,chr1,18638904,18639282,18639093,hypo,-0.567164280315153,PAX7,18630845,-8248,8248
228,chr2,238763337,238763770,238763553,hypo,-0.459550545714162,LOC100287387,238847907,84354,84354
228,chr2,238763337,238763770,238763553,hypo,-0.459550545714162,TWIST2,238848084,84531,84531
229,chr13,106467248,106467561,106467404,hyper,0.401694835675346,EFNB2,106535662,68258,68258
229,chr13,106467248,106467561,106467404,hyper,0.401694835675346,LINC00460,106376563,-90841,90841
230,chr3,194324073,194324161,194324117,hyper,0.574204845700173,LINC00887,194312804,-11313,11313
230,chr3,194324073,194324161,194324117,hyper,0.574204845700173,CPN2,194351328,27211,27211
230,chr3,194324073,194324161,194324117,hyper,0.574204845700173,LRRC15,194369743,45626,45626
230,chr3,194324073,194324161,194324117,hyper,0.574204845700173,LINC02036,194250153,-73964,73964
230,chr3,194324073,194324161,194324117,hyper,0.574204845700173,GP5,194399266,75149,75149
230,chr3,194324073,194324161,194324117,hyper,0.574204845700173,LINC02037,194247647,-76470,76470
232,chr3,128563524,128563827,128563675,hyper,0.544674556963844,LINC01565,128576086,12411,12411
232,chr3,128563524,128563827,128563675,hyper,0.544674556963844,LOC90246,128507834,-55841,55841
232,chr3,128563524,128563827,128563675,hyper,0.544674556963844,GATA2,128493201,-70474,70474
232,chr3,128563524,128563827,128563675,hyper,0.544674556963844,GATA2-AS1,128489202,-74473,74473
232,chr3,128563524,128563827,128563675,hyper,0.544674556963844,RPN1,128650818,87143,87143
232,chr3,128563524,128563827,128563675,hyper,0.544674556963844,DNAJB8,128467248,-96427,96427
233,chr15,26882628,26882796,26882712,hyper,0.511112025497402,GABRA5,26867061,-15651,15651
233,chr15,26882628,26882796,26882712,hyper,0.511112025497402,GABRG3,26971180,88468,88468
234,chr17,30271110,30271426,30271268,hyper,0.434048709238596,BLMH,30291944,20676,20676
234,chr17,30271110,30271426,30271268,hyper,0.434048709238596,SLC6A4,30235697,-35571,35571
234,chr17,30271110,30271426,30271268,hyper,0.434048709238596,TMIGD1,30334057,62789,62789
237,chr6,1665970,1666223,1666096,hyper,0.433143737439606,FOXC1,1609914,-56182,56182
237,chr6,1665970,1666223,1666096,hyper,0.433143737439606,FOXCUT,1605530,-60566,60566
239,chr10,131380211,131380485,131380348,hypo,-0.529917442587166,TCERG1L,131311721,-68627,68627
240,chr16,20016206,20016571,20016388,hypo,-0.345715644637746,GPR139,20073890,57502,57502
241,chr20,60455396,60455664,60455530,hyper,0.329914709823031,LOC101928048,60472976,17446,17446
241,chr20,60455396,60455664,60455530,hyper,0.329914709823031,MIR4533,60478110,22580,22580
242,chr2,65278294,65278623,65278458,hyper,0.432001525084899,ACTR2,65227694,-50764,50764
243,chr7,16678732,16678992,16678862,hyper,0.586749255573201,BZW2,16646133,-32729,32729
243,chr7,16678732,16678992,16678862,hyper,0.586749255573201,ANKMY2,16645754,-33108,33108
243,chr7,16678732,16678992,16678862,hyper,0.586749255573201,TSPAN13,16753754,74892,74892
244,chr9,132434658,132434908,132434783,hypo,-0.473227073180482,CFAP77,132410210,-24573,24573
244,chr9,132434658,132434908,132434783,hypo,-0.473227073180482,TTF1,132406851,-27932,27932
244,chr9,132434658,132434908,132434783,hypo,-0.473227073180482,SETX,132354986,-79797,79797
245,chr2,150470076,150470337,150470206,hyper,0.506013216179096,RND3,150487695,17489,17489
246,chr1,33898975,33899177,33899076,hyper,0.463202317837836,CSMD2-AS1,33868955,-30121,30121
246,chr1,33898975,33899177,33899076,hyper,0.463202317837836,HMGB4,33860474,-38602,38602
247,chr2,169293957,169294208,169294082,hyper,0.458013901517914,LRP2,169362534,68452,68452
248,chr2,109700398,109700824,109700611,hyper,0.368688627175561,RGPD6,109760438,59827,59827
248,chr2,109700398,109700824,109700611,hyper,0.368688627175561,SOWAHC,109614363,-86248,86248
248,chr2,109700398,109700824,109700611,hyper,0.368688627175561,SEPTIN10,109613966,-86645,86645
248,chr2,109700398,109700824,109700611,hyper,0.368688627175561,RGPD5,109792757,92146,92146
248,chr2,109700398,109700824,109700611,hyper,0.368688627175561,RGPD8,109794273,93662,93662
249,chr8,140057893,140058077,140057985,hyper,0.433735532146097,PEG13,140100535,42550,42550
250,chr3,130200802,130201110,130200956,hyper,0.512722699085968,COL6A4P2,130212819,11863,11863
250,chr3,130200802,130201110,130200956,hyper,0.512722699085968,LINC02021,130111706,-89250,89250
250,chr3,130200802,130201110,130200956,hyper,0.512722699085968,FAM86HP,130111433,-89523,89523
251,chr10,15868098,15868266,15868182,hyper,0.57300605438057,MINDY3,15860533,-7649,7649
253,chr6,50846956,50847165,50847060,hypo,-0.328487296111263,TFAP2B,50818870,-28190,28190
255,chr7,20794665,20794811,20794738,hyper,0.3550109073539,SP8,20786886,-7852,7852
255,chr7,20794665,20794811,20794738,hyper,0.3550109073539,RPL23P8,20827297,32559,32559
255,chr7,20794665,20794811,20794738,hyper,0.3550109073539,LINC01162,20835430,40692,40692
256,chr6,170184291,170184573,170184432,hyper,0.496226078290394,LOC102724511,170160641,-23791,23791
256,chr6,170184291,170184573,170184432,hyper,0.496226078290394,LOC154449,170262569,78137,78137
256,chr6,170184291,170184573,170184432,hyper,0.496226078290394,LINC01624,170272473,88041,88041
256,chr6,170184291,170184573,170184432,hyper,0.496226078290394,LOC285804,170276762,92330,92330
258,chr4,20676868,20677191,20677029,hyper,0.467199320157685,PACRGL,20696281,19252,19252
259,chr8,61313889,61314099,61313994,hyper,0.425147283703872,CLVS1,61287969,-26025,26025
260,chr7,20334652,20335664,20335158,hyper,0.477777967212533,LOC101927811,20331762,-3396,3396
260,chr7,20334652,20335664,20335158,hyper,0.477777967212533,ITGB8,20330899,-4259,4259
260,chr7,20334652,20335664,20335158,hyper,0.477777967212533,LOC101927769,20296707,-38451,38451
261,chr18,77924441,77924717,77924579,hyper,0.303002014272221,LINC01029,77993727,69148,69148
266,chr3,11168548,11168657,11168602,hyper,0.480884060130636,HRH1,11137237,-31365,31365
268,chr20,61092338,61092497,61092417,hyper,0.354218183869381,LINC01718,61079063,-13354,13354
269,chr14,55760932,55761224,55761078,hyper,0.305015577296412,RPL13AP3,55766244,5166,5166
269,chr14,55760932,55761224,55761078,hyper,0.305015577296412,LINC00520,55796674,35596,35596
270,chr3,190545860,190546166,190546013,hyper,0.410232185384624,IL1RAP,190514084,-31929,31929
270,chr3,190545860,190546166,190546013,hyper,0.410232185384624,TMEM207,190449876,-96137,96137
271,chr3,86979027,86980406,86979716,hyper,0.424033898247271,VGLL3,86991149,11433,11433
272,chr6,79334847,79335555,79335201,hypo,-0.676067154764405,LCAL1,79313384,-21817,21817
274,chr3,157631572,157631745,157631658,hyper,0.371558384563694,SLC66A1L,157543311,-88347,88347
275,chr16,73170925,73171008,73170966,hyper,0.495948953252324,ZFHX3,73144447,-26519,26519
275,chr16,73170925,73171008,73170966,hyper,0.495948953252324,HCCAT5,73092348,-78618,78618
276,chr6,168280531,168280728,168280629,hyper,0.426576658916715,LOC101929420,168242937,-37692,37692
276,chr6,168280531,168280728,168280629,hyper,0.426576658916715,DACT2,168319777,39148,39148
276,chr6,168280531,168280728,168280629,hyper,0.426576658916715,LOC105378137,168226517,-54112,54112
278,chr10,49278734,49279140,49278937,hypo,-0.569348368495441,C10orf71-AS1,49298893,19956,19956
278,chr10,49278734,49279140,49278937,hypo,-0.569348368495441,C10orf71,49299169,20232,20232
278,chr10,49278734,49279140,49278937,hypo,-0.569348368495441,TMEM273,49188391,-90546,90546
279,chr1,221788352,221788756,221788554,hypo,-0.453394697131951,DUSP10,221742176,-46378,46378
279,chr1,221788352,221788756,221788554,hypo,-0.453394697131951,LINC01655,221840666,52112,52112
281,chr1,25567777,25567884,25567830,hyper,0.520917053827999,LDLRAP1,25543605,-24225,24225
281,chr1,25567777,25567884,25567830,hyper,0.520917053827999,MAN1C1,25616790,48960,48960
284,chr8,124143096,124143305,124143200,hyper,0.428074782270885,FER1L6-AS2,124171522,28322,28322
285,chr17,59373103,59373534,59373318,hyper,0.466453736712704,MIR4729,59366082,-7236,7236
285,chr17,59373103,59373534,59373318,hyper,0.466453736712704,YPEL2,59331654,-41664,41664
286,chr13,110371692,110371851,110371771,hyper,0.39227570092376,MIR8073,110340957,-30814,30814
286,chr13,110371692,110371851,110371771,hyper,0.39227570092376,COL4A2,110307283,-64488,64488
286,chr13,110371692,110371851,110371771,hyper,0.39227570092376,COL4A1,110307157,-64614,64614
286,chr13,110371692,110371851,110371771,hyper,0.39227570092376,COL4A2-AS2,110463287,91516,91516
287,chr13,94859373,94859507,94859440,hyper,0.437109506471254,LOC101927284,94760940,-98500,98500
291,chr8,384904,385127,385015,hypo,-0.551864996495032,FAM87A,383174,-1841,1841
291,chr8,384904,385127,385015,hypo,-0.551864996495032,FBXO25,406807,21792,21792
292,chr10,8614892,8615249,8615070,hyper,0.45503306103872,LOC105376398,8594391,-20679,20679
293,chr1,81308056,81308506,81308281,hyper,0.422357734822271,ADGRL2,81306191,-2090,2090
295,chr17,36059638,36060019,36059828,hyper,0.46095050568963,CCL18,36064271,4443,4443
295,chr17,36059638,36060019,36059828,hyper,0.46095050568963,CCL23,36017972,-41856,41856
295,chr17,36059638,36060019,36059828,hyper,0.46095050568963,CCL4L1,36103672,43844,43844
295,chr17,36059638,36060019,36059828,hyper,0.46095050568963,CCL4L2,36103826,43998,43998
295,chr17,36059638,36060019,36059828,hyper,0.46095050568963,CCL4,36103826,43998,43998
295,chr17,36059638,36060019,36059828,hyper,0.46095050568963,CCL15-CCL14,36002038,-57790,57790
295,chr17,36059638,36060019,36059828,hyper,0.46095050568963,CCL15,36001553,-58275,58275
295,chr17,36059638,36060019,36059828,hyper,0.46095050568963,CCL14,35986729,-73099,73099
295,chr17,36059638,36060019,36059828,hyper,0.46095050568963,CCL16,35981497,-78331,78331
296,chr2,177711644,177712091,177711867,hyper,0.403212806629088,PDE11A-AS1,177673321,-38546,38546
296,chr2,177711644,177712091,177711867,hyper,0.403212806629088,TTC30A,177618742,-93125,93125
297,chr5,14160175,14160466,14160320,hyper,0.432658751415759,TRIO,14143341,-16979,16979
298,chr6,37542130,37542504,37542317,hyper,0.414207908357699,MIR4462,37555422,13105,13105
298,chr6,37542130,37542504,37542317,hyper,0.414207908357699,LINC02520,37507347,-34970,34970
298,chr6,37542130,37542504,37542317,hyper,0.414207908357699,CCDC167,37499893,-42424,42424
300,chr14,81412671,81412908,81412789,hyper,0.691516957058169,STON2,81436465,23676,23676
300,chr14,81412671,81412908,81412789,hyper,0.691516957058169,LINC02308,81450157,37368,37368
301,chr18,11850199,11850400,11850299,hyper,0.340030516647475,CHMP1B,11851412,1113,1113
301,chr18,11850199,11850400,11850299,hyper,0.340030516647475,MPPE1,11908317,58018,58018
302,chr18,463524,463701,463612,hyper,0.352598604459794,COLEC12,500701,37089,37089
302,chr18,463524,463701,463612,hyper,0.352598604459794,LINC01925,515294,51682,51682
304,chr20,23086490,23086602,23086546,hyper,0.451402847538666,CD93,23086324,-222,222
304,chr20,23086490,23086602,23086546,hyper,0.451402847538666,THBD,23049672,-36874,36874
304,chr20,23086490,23086602,23086546,hyper,0.451402847538666,LINC00656,23132636,46090,46090
304,chr20,23086490,23086602,23086546,hyper,0.451402847538666,SSTR4,23035311,-51235,51235
305,chr6,83429786,83430083,83429934,hyper,0.403614494428509,ME1,83431051,1117,1117
305,chr6,83429786,83430083,83429934,hyper,0.403614494428509,PRSS35,83512533,82599,82599
306,chr14,20289646,20290110,20289878,hyper,0.541728407690027,TTC5,20305951,16073,16073
306,chr14,20289646,20290110,20289878,hyper,0.541728407690027,SNORA79B,20323326,33448,33448
306,chr14,20289646,20290110,20289878,hyper,0.541728407690027,SNORD126,20326539,36661,36661
306,chr14,20289646,20290110,20289878,hyper,0.541728407690027,CCNB1IP1,20333312,43434,43434
306,chr14,20289646,20290110,20289878,hyper,0.541728407690027,OR11H4,20242791,-47087,47087
306,chr14,20289646,20290110,20289878,hyper,0.541728407690027,RPPH1,20343411,53533,53533
306,chr14,20289646,20290110,20289878,hyper,0.541728407690027,PARP2,20343634,53756,53756
306,chr14,20289646,20290110,20289878,hyper,0.541728407690027,OR11H7,20228980,-60898,60898
306,chr14,20289646,20290110,20289878,hyper,0.541728407690027,OR11H6,20223709,-66169,66169
306,chr14,20289646,20290110,20289878,hyper,0.541728407690027,OR11G2,20197335,-92543,92543
308,chr3,62377634,62377899,62377766,hyper,0.457262437700213,FEZF2,62373550,-4216,4216
308,chr3,62377634,62377899,62377766,hyper,0.457262437700213,C3orf14,62318972,-58794,58794
308,chr3,62377634,62377899,62377766,hyper,0.457262437700213,PTPRG-AS1,62318947,-58819,58819
309,chr1,222892179,222892633,222892406,hyper,0.420382920608771,DISP1,222815038,-77368,77368
310,chr15,100663296,100663533,100663414,hypo,-0.563815697541299,ASB7,100602549,-60865,60865
310,chr15,100663296,100663533,100663414,hypo,-0.563815697541299,LINS1,100602184,-61230,61230
312,chr13,110392286,110392510,110392398,hyper,0.396933019601335,MIR8073,110340957,-51441,51441
312,chr13,110392286,110392510,110392398,hyper,0.396933019601335,COL4A2-AS2,110463287,70889,70889
312,chr13,110392286,110392510,110392398,hyper,0.396933019601335,COL4A2,110307283,-85115,85115
312,chr13,110392286,110392510,110392398,hyper,0.396933019601335,COL4A1,110307157,-85241,85241
314,chr9,126337865,126337964,126337914,hyper,0.513232404176147,MVB12B,126326828,-11086,11086
314,chr9,126337865,126337964,126337914,hyper,0.513232404176147,LOC101929116,126275915,-61999,61999
314,chr9,126337865,126337964,126337914,hyper,0.513232404176147,NRON,126410504,72590,72590
315,chr10,21507688,21507940,21507814,hyper,0.394489772909236,MIR1915HG,21497260,-10554,10554
315,chr10,21507688,21507940,21507814,hyper,0.394489772909236,MIR1915,21496641,-11173,11173
315,chr10,21507688,21507940,21507814,hyper,0.394489772909236,SKIDA1,21525682,17868,17868
315,chr10,21507688,21507940,21507814,hyper,0.394489772909236,MLLT10,21533348,25534,25534
316,chr9,73160922,73161385,73161153,hyper,0.34164089267703,ANXA1,73151864,-9289,9289
317,chr2,165892710,165892813,165892761,hyper,0.593072626202014,LOC100506124,165871941,-20820,20820
317,chr2,165892710,165892813,165892761,hyper,0.593072626202014,TTC21B-AS1,165933856,41095,41095
317,chr2,165892710,165892813,165892761,hyper,0.593072626202014,TTC21B,165953776,61015,61015
317,chr2,165892710,165892813,165892761,hyper,0.593072626202014,LOC102724058,165957417,64656,64656
317,chr2,165892710,165892813,165892761,hyper,0.593072626202014,GALNT3,165794247,-98514,98514
318,chr8,143895566,143895811,143895688,hypo,-0.381566008406464,EPPK1,143878467,-17221,17221
318,chr8,143895566,143895811,143895688,hypo,-0.381566008406464,MIR661,143945279,49591,49591
318,chr8,143895566,143895811,143895688,hypo,-0.381566008406464,NRBP2,143840973,-54715,54715
318,chr8,143895566,143895811,143895688,hypo,-0.381566008406464,MIR6845,143837816,-57872,57872
318,chr8,143895566,143895811,143895688,hypo,-0.381566008406464,PUF60,143829315,-66373,66373
318,chr8,143895566,143895811,143895688,hypo,-0.381566008406464,SCRIB,143815773,-79915,79915
318,chr8,143895566,143895811,143895688,hypo,-0.381566008406464,PLEC,143976745,81057,81057
318,chr8,143895566,143895811,143895688,hypo,-0.381566008406464,MIR937,143813042,-82646,82646
318,chr8,143895566,143895811,143895688,hypo,-0.381566008406464,PARP10,143986460,90772,90772
318,chr8,143895566,143895811,143895688,hypo,-0.381566008406464,GRINA,143990055,94367,94367
320,chr3,168828223,168828480,168828351,hyper,0.456748849820465,LINC02082,168901944,73593,73593
323,chrX,40654801,40655011,40654906,hyper,0.452379225210956,CXorf38,40647561,-7345,7345
323,chrX,40654801,40655011,40654906,hyper,0.452379225210956,MPC1L,40623565,-31341,31341
323,chrX,40654801,40655011,40654906,hyper,0.452379225210956,ATP6AP2,40580969,-73937,73937
323,chrX,40654801,40655011,40654906,hyper,0.452379225210956,MED14,40735542,80636,80636
323,chrX,40654801,40655011,40654906,hyper,0.452379225210956,MED14OS,40735689,80783,80783
324,chr17,77717996,77718286,77718141,hypo,-0.604886212198597,LINC01987,77728559,10418,10418
326,chr21,31583454,31583769,31583611,hyper,0.383036287669178,LOC150051,31559232,-24379,24379
326,chr21,31583454,31583769,31583611,hyper,0.383036287669178,TIAM1,31559087,-24524,24524
326,chr21,31583454,31583769,31583611,hyper,0.383036287669178,SOD1,31659692,76081,76081
327,chr5,9543252,9543457,9543354,hyper,0.401205216474904,SEMA5A,9546075,2721,2721
327,chr5,9543252,9543457,9543354,hyper,0.401205216474904,SNHG18,9546199,2845,2845
327,chr5,9543252,9543457,9543354,hyper,0.401205216474904,SNORD123,9548826,5472,5472
327,chr5,9543252,9543457,9543354,hyper,0.401205216474904,SEMA5A-AS1,9511332,-32022,32022
327,chr5,9543252,9543457,9543354,hyper,0.401205216474904,TAS2R1,9630351,86997,86997
328,chr4,155674714,155674970,155674842,hyper,0.422469806655981,GUCY1A1,155666847,-7995,7995
328,chr4,155674714,155674970,155674842,hyper,0.422469806655981,GUCY1B1,155759020,84178,84178
329,chr11,12441446,12441766,12441606,hypo,-0.585122774291937,PARVA,12377570,-64036,64036
330,chr17,78081831,78082240,78082035,hyper,0.380808883314252,TMC8,78130770,48735,48735
330,chr17,78081831,78082240,78082035,hyper,0.380808883314252,TMC6,78132427,50392,50392
330,chr17,78081831,78082240,78082035,hyper,0.380808883314252,C17orf99,78146384,64349,64349
330,chr17,78081831,78082240,78082035,hyper,0.380808883314252,TNRC6C,78004236,-77799,77799
330,chr17,78081831,78082240,78082035,hyper,0.380808883314252,SYNGR2,78168544,86509,86509
334,chr6,16768940,16769189,16769064,hyper,0.48534308578719,ATXN1,16761490,-7574,7574
334,chr6,16768940,16769189,16769064,hyper,0.48534308578719,ATXN1-AS1,16761137,-7927,7927
335,chr8,76460385,76460987,76460686,hyper,0.410434096625944,LINC01111,76406653,-54033,54033
337,chr11,118471948,118472217,118472082,hypo,-0.440201719927581,KMT2A,118436491,-35591,35591
337,chr11,118471948,118472217,118472082,hypo,-0.440201719927581,LOC100131626,118418815,-53267,53267
337,chr11,118471948,118472217,118472082,hypo,-0.440201719927581,TTC36,118527473,55391,55391
337,chr11,118471948,118472217,118472082,hypo,-0.440201719927581,LOC101929089,118531094,59012,59012
337,chr11,118471948,118472217,118472082,hypo,-0.440201719927581,TMEM25,118531191,59109,59109
337,chr11,118471948,118472217,118472082,hypo,-0.440201719927581,ATP5MG,118401388,-70694,70694
337,chr11,118471948,118472217,118472082,hypo,-0.440201719927581,IFT46,118566076,93994,93994
338,chr14,49946842,49947051,49946946,hypo,-0.284826545263464,MIR6076,49966398,19452,19452
338,chr14,49946842,49947051,49946946,hypo,-0.284826545263464,ARF6,49893081,-53865,53865
338,chr14,49946842,49947051,49946946,hypo,-0.284826545263464,LINC01588,50007520,60574,60574
338,chr14,49946842,49947051,49946946,hypo,-0.284826545263464,RN7SL2,49862849,-84097,84097
338,chr14,49946842,49947051,49946946,hypo,-0.284826545263464,RN7SL3,49853914,-93032,93032
338,chr14,49946842,49947051,49946946,hypo,-0.284826545263464,NEMF,49853203,-93743,93743
339,chr1,25993355,25993469,25993412,hyper,0.459100120785772,PAFAH2,25998063,4651,4651
339,chr1,25993355,25993469,25993412,hyper,0.459100120785772,EXTL1,26021774,28362,28362
339,chr1,25993355,25993469,25993412,hyper,0.459100120785772,SLC30A2,26046118,52706,52706
339,chr1,25993355,25993469,25993412,hyper,0.459100120785772,TRIM63,26067630,74218,74218
339,chr1,25993355,25993469,25993412,hyper,0.459100120785772,STMN1,25906877,-86535,86535
339,chr1,25993355,25993469,25993412,hyper,0.459100120785772,MIR3917,25906454,-86958,86958
342,chr4,22373538,22373768,22373653,hyper,0.403276851401579,LOC100505912,22339666,-33987,33987
344,chr21,32807941,32808094,32808017,hypo,-0.536777985978026,C21orf62,32813703,5686,5686
344,chr21,32807941,32808094,32808017,hypo,-0.536777985978026,C21orf62-AS1,32772099,-35918,35918
344,chr21,32807941,32808094,32808017,hypo,-0.536777985978026,PAXBP1,32771858,-36159,36159
344,chr21,32807941,32808094,32808017,hypo,-0.536777985978026,PAXBP1-AS1,32728113,-79904,79904
344,chr21,32807941,32808094,32808017,hypo,-0.536777985978026,SYNJ1,32728040,-79977,79977
345,chr10,13085231,13085525,13085378,hyper,0.380019159399735,CCDC3,13099989,14611,14611
345,chr10,13085231,13085525,13085378,hyper,0.380019159399735,OPTN,13100081,14703,14703
345,chr10,13085231,13085525,13085378,hyper,0.380019159399735,MCM10,13161557,76179,76179
346,chr1,184027945,184028183,184028064,hypo,-0.305843855819178,COLGALT2,184037728,9664,9664
346,chr1,184027945,184028183,184028064,hypo,-0.305843855819178,TSEN15,184051729,23665,23665
347,chr5,54664368,54664708,54664538,hyper,0.455709615855901,LOC102467080,54744258,79720,79720
352,chr18,9811082,9811186,9811134,hyper,0.57177610273509,TXNDC2,9885972,74838,74838
353,chr2,44926292,44926917,44926604,hyper,0.506955226684323,LINC01833,44939199,12595,12595
353,chr2,44926292,44926917,44926604,hyper,0.506955226684323,SIX3,44941701,15097,15097
353,chr2,44926292,44926917,44926604,hyper,0.506955226684323,SIX3-AS1,44941878,15274,15274
353,chr2,44926292,44926917,44926604,hyper,0.506955226684323,SIX2,45009452,82848,82848
356,chr1,59697295,59697677,59697486,hyper,0.485359107466814,MIR4711,59733296,35810,35810
356,chr1,59697295,59697677,59697486,hyper,0.485359107466814,LOC101926944,59772794,75308,75308
357,chr3,141070659,141070869,141070764,hyper,0.473680438914618,SPSB4,141051346,-19418,19418
358,chr8,29778076,29778395,29778235,hypo,-0.384638440300573,LINC02099,29748308,-29927,29927
358,chr8,29778076,29778395,29778235,hypo,-0.384638440300573,LINC00589,29748109,-30126,30126
358,chr8,29778076,29778395,29778235,hypo,-0.384638440300573,LOC101929470,29828504,50269,50269
360,chr22,44134104,44134322,44134213,hyper,0.520108693182683,PARVG,44172955,38742,38742
362,chr10,11708122,11708303,11708212,hyper,0.417419913870469,ECHDC3,11742381,34169,34169
362,chr10,11708122,11708303,11708212,hyper,0.417419913870469,USP6NL,11611789,-96423,96423
362,chr10,11708122,11708303,11708212,hyper,0.417419913870469,LOC107984208,11611300,-96912,96912
363,chr5,159206133,159206282,159206207,hypo,-0.390477580482734,RNF145,159210053,3846,3846
363,chr5,159206133,159206282,159206207,hypo,-0.390477580482734,LINC01932,159227714,21507,21507
363,chr5,159206133,159206282,159206207,hypo,-0.390477580482734,UBLCP1,159263289,57082,57082
365,chr12,93972695,93973103,93972899,hypo,-0.438162406712825,LOC105369911,93943606,-29293,29293
366,chr4,123404859,123405606,123405232,hypo,-0.386830167017681,SPRY1,123396794,-8438,8438
367,chr13,52932687,52932963,52932825,hyper,0.499218383937013,PCDH8,52848640,-84185,84185
367,chr13,52932687,52932963,52932825,hyper,0.499218383937013,OLFM4,53028812,95987,95987
372,chr2,74044601,74044727,74044664,hyper,0.321906073199557,TET3,73984909,-59755,59755
372,chr2,74044601,74044727,74044664,hyper,0.321906073199557,DGUOK-AS1,73981439,-63225,63225
374,chr18,42242935,42243176,42243055,hyper,0.412340181977887,LINC00907,42186667,-56388,56388
375,chr7,604552,604626,604589,hyper,0.450182026867177,PRKAR1B-AS1,602844,-1745,1745
375,chr7,604552,604626,604589,hyper,0.450182026867177,PRKAR1B-AS2,561957,-42632,42632
375,chr7,604552,604626,604589,hyper,0.450182026867177,HRAT92,520390,-84199,84199
375,chr7,604552,604626,604589,hyper,0.450182026867177,PDGFA,519844,-84745,84745
376,chr3,96299933,96300515,96300224,hyper,0.496284117184711,MIR8060,96359963,59739,59739
377,chr2,64931808,64932047,64931927,hypo,-0.462569627269082,LINC02245,64932447,520,520
377,chr2,64931808,64932047,64931927,hypo,-0.462569627269082,SLC1A4,64988478,56551,56551
377,chr2,64931808,64932047,64931927,hypo,-0.462569627269082,LINC01800,64863631,-68296,68296
379,chr1,239310645,239311251,239310948,hyper,0.326726437583856,CHRM3,239386567,75619,75619
380,chr7,93923360,93923519,93923439,hyper,0.560271429285652,GNG11,93921734,-1705,1705
380,chr7,93923360,93923519,93923439,hyper,0.560271429285652,GNGT1,93906566,-16873,16873
380,chr7,93923360,93923519,93923439,hyper,0.560271429285652,TFPI2-DT,93890893,-32546,32546
380,chr7,93923360,93923519,93923439,hyper,0.560271429285652,TFPI2,93890753,-32686,32686
380,chr7,93923360,93923519,93923439,hyper,0.560271429285652,BET1,94004355,80916,80916
385,chr13,50128660,50128779,50128719,hyper,0.330181118604473,DLEU2,50125541,-3178,3178
385,chr13,50128660,50128779,50128719,hyper,0.330181118604473,ST13P4,50172017,43298,43298
385,chr13,50128660,50128779,50128719,hyper,0.330181118604473,DLEU1,50082168,-46551,46551
385,chr13,50128660,50128779,50128719,hyper,0.330181118604473,MIR15A,50049201,-79518,79518
385,chr13,50128660,50128779,50128719,hyper,0.330181118604473,MIR16-1,50049061,-79658,79658
386,chr12,105736108,105736292,105736200,hyper,0.398093182509739,CASC18,105704202,-31998,31998
387,chr5,107651439,107651638,107651538,hyper,0.37903297372767,EFNA5,107670937,19399,19399
388,chr17,78824799,78824977,78824888,hyper,0.356484078648238,USP36,78841439,16551,16551
388,chr17,78824799,78824977,78824888,hyper,0.356484078648238,CYTH1,78782342,-42546,42546
388,chr17,78824799,78824977,78824888,hyper,0.356484078648238,CEP295NL,78903201,78313,78313
389,chr2,136114498,136114633,136114565,hyper,0.383776337485527,CXCR4,136118149,3584,3584
390,chr17,68564004,68564157,68564080,hyper,0.492219600641326,FAM20A,68601367,37287,37287
390,chr17,68564004,68564157,68564080,hyper,0.492219600641326,LINC01482,68628153,64073,64073
391,chr9,88993690,88993975,88993832,hyper,0.455081302736814,S1PR3,88991467,-2365,2365
391,chr9,88993690,88993975,88993832,hyper,0.455081302736814,C9orf47,88990862,-2970,2970
392,chr6,138560179,138560444,138560311,hyper,0.37400799374776,NHSL1,138572569,12258,12258
393,chr2,231334476,231334742,231334609,hyper,0.464044682646102,MIR4777,231362707,28098,28098
393,chr2,231334476,231334742,231334609,hyper,0.464044682646102,B3GNT7,231395709,61100,61100
396,chr9,31446184,31446362,31446273,hyper,0.446188587073409,LINC01243,31381490,-64783,64783
397,chr17,37109961,37110193,37110077,hypo,-0.594641208777625,MIR2909,37033744,-76333,76333
399,chr3,179464866,179465042,179464954,hyper,0.348119592118224,GNB4,179451470,-13484,13484
399,chr3,179464866,179465042,179464954,hyper,0.348119592118224,ACTL6A,179562879,97925,97925
400,chr6,89268907,89269148,89269027,hyper,0.438008581524109,GABRR1,89231288,-37739,37739
400,chr6,89268907,89269148,89269027,hyper,0.438008581524109,GABRR2,89315299,46272,46272
400,chr6,89268907,89269148,89269027,hyper,0.438008581524109,UBE2J1,89352722,83695,83695
401,chr9,38533597,38533774,38533685,hyper,0.537342087607188,FAM95C,38545372,11687,11687
401,chr9,38533597,38533774,38533685,hyper,0.537342087607188,ANKRD18A,38620596,86911,86911
401,chr9,38533597,38533774,38533685,hyper,0.537342087607188,FAM201A,38621087,87402,87402
402,chr11,125980567,125980731,125980649,hyper,0.478052055971224,VSIG10L2,125946055,-34594,34594
402,chr11,125980567,125980731,125980649,hyper,0.478052055971224,DDX25,125903327,-77322,77322
402,chr11,125980567,125980731,125980649,hyper,0.478052055971224,PUS3,125903221,-77428,77428
402,chr11,125980567,125980731,125980649,hyper,0.478052055971224,CDON,126063292,82643,82643
402,chr11,125980567,125980731,125980649,hyper,0.478052055971224,HYLS1,125883613,-97036,97036
403,chr12,78951804,78951962,78951883,hypo,-0.425290508415329,SYT1,78863981,-87902,87902
404,chr2,26339714,26339977,26339845,hypo,-0.449900685605357,SELENOI,26346142,6297,6297
404,chr2,26339714,26339977,26339845,hypo,-0.449900685605357,ADGRF3,26346789,6944,6944
404,chr2,26339714,26339977,26339845,hypo,-0.449900685605357,DRC1,26401919,62074,62074
404,chr2,26339714,26339977,26339845,hypo,-0.449900685605357,HADHB,26244747,-95098,95098
404,chr2,26339714,26339977,26339845,hypo,-0.449900685605357,HADHA,26244632,-95213,95213
405,chr11,31821090,31821567,31821328,hyper,0.410496665816839,PAX6,31817961,-3367,3367
405,chr11,31821090,31821567,31821328,hyper,0.410496665816839,PAX6-AS1,31816565,-4763,4763
405,chr11,31821090,31821567,31821328,hyper,0.410496665816839,PAUPAR,31826566,5238,5238
406,chr4,10102627,10102786,10102706,hyper,0.430167120077,WDR1,10116799,14093,14093
406,chr4,10102627,10102786,10102706,hyper,0.430167120077,MIR3138,10078692,-24014,24014
406,chr4,10102627,10102786,10102706,hyper,0.430167120077,SLC2A9,10040248,-62458,62458
408,chr7,151731042,151731257,151731149,hypo,-0.606271481416958,LOC644090,151806337,75188,75188
409,chr5,102713799,102714012,102713905,hyper,0.482094344824819,PAM,102754782,40877,40877
409,chr5,102713799,102714012,102713905,hyper,0.482094344824819,LINC00491,102671464,-42441,42441
410,chr5,54646372,54646479,54646425,hyper,0.392813319587112,LOC102467080,54744258,97833,97833
411,chr9,5935227,5935514,5935370,hyper,0.401304016225736,MLANA,5890888,-44482,44482
411,chr9,5935227,5935514,5935370,hyper,0.401304016225736,MIR4665,6007825,72455,72455
411,chr9,5935227,5935514,5935370,hyper,0.401304016225736,KIAA2026,6008482,73112,73112
411,chr9,5935227,5935514,5935370,hyper,0.401304016225736,RANBP6,6015624,80254,80254
412,chr11,11733426,11733584,11733505,hyper,0.453723216896024,MIR8070,11783222,49717,49717
412,chr11,11733426,11733584,11733505,hyper,0.453723216896024,MIR4299,11656722,-76783,76783
414,chr2,180987052,180987632,180987342,hyper,0.387562111011257,UBE2E3,180980384,-6958,6958
415,chr9,963256,963410,963333,hypo,-0.413346495150786,DMRT3,976654,13321,13321
415,chr9,963256,963410,963333,hypo,-0.413346495150786,LINC01230,1048142,84809,84809
415,chr9,963256,963410,963333,hypo,-0.413346495150786,DMRT2,1050353,87020,87020
416,chr20,21978098,21978368,21978233,hyper,0.463023574611354,LINC01432,22054089,75856,75856
418,chr10,4023567,4023729,4023648,hyper,0.375208995595823,LOC101927964,4051725,28077,28077
418,chr10,4023567,4023729,4023648,hyper,0.375208995595823,MIR6078,3991159,-32489,32489
420,chr8,27595380,27595534,27595457,hyper,0.393366851348593,MIR6843,27610751,15294,15294
420,chr8,27595380,27595534,27595457,hyper,0.393366851348593,CLU,27614700,19243,19243
420,chr8,27595380,27595534,27595457,hyper,0.393366851348593,SCARA3,27633901,38444,38444
422,chr7,66678926,66679266,66679096,hyper,0.405551633337567,RABGEF1,66654566,-24530,24530
422,chr7,66678926,66679266,66679096,hyper,0.405551633337567,LOC100996437,66654518,-24578,24578
422,chr7,66678926,66679266,66679096,hyper,0.405551633337567,KCTD7,66628880,-50216,50216
422,chr7,66678926,66679266,66679096,hyper,0.405551633337567,GS1-124K5.11,66592407,-86689,86689
424,chr1,100423876,100424117,100423996,hyper,0.367536711454671,CDC14A,100345014,-78982,78982
425,chr18,7289865,7290325,7290095,hypo,-0.519754214147345,LRRC30,7231103,-58992,58992
427,chr17,6903425,6903683,6903554,hypo,-0.403833966228237,ALOX12P2,6853575,-49979,49979
427,chr17,6903425,6903683,6903554,hypo,-0.403833966228237,TEKT1,6831729,-71825,71825
427,chr17,6903425,6903683,6903554,hypo,-0.403833966228237,ALOX12,6996048,92494,92494
430,chr21,43591981,43592268,43592124,hyper,0.395671680472645,MIR6070,43609989,17865,17865
430,chr21,43591981,43592268,43592124,hyper,0.395671680472645,H2BS1,43565181,-26943,26943
430,chr21,43591981,43592268,43592124,hyper,0.395671680472645,HSF2BP,43659488,67364,67364
430,chr21,43591981,43592268,43592124,hyper,0.395671680472645,RRP1B,43659559,67435,67435
432,chr13,22884075,22884163,22884119,hyper,0.336471048331805,BASP1P1,22898181,14062,14062
432,chr13,22884075,22884163,22884119,hyper,0.336471048331805,LINC00621,22916369,32250,32250
433,chr6,138508060,138508335,138508197,hyper,0.42639017332888,NHSL1,138572569,64372,64372
433,chr6,138508060,138508335,138508197,hyper,0.42639017332888,MIR3145,138435294,-72903,72903
436,chr11,86713769,86713901,86713835,hypo,-0.426323593226028,ME3,86672636,-41199,41199
436,chr11,86713769,86713901,86713835,hypo,-0.426323593226028,PRSS23,86791070,77235,77235
437,chr21,33101476,33101530,33101503,hyper,0.384621746346351,LOC101928107,33123700,22197,22197
437,chr21,33101476,33101530,33101503,hyper,0.384621746346351,OLIG1,33070140,-31363,31363
437,chr21,33101476,33101530,33101503,hyper,0.384621746346351,LINC00945,33057828,-43675,43675
437,chr21,33101476,33101530,33101503,hyper,0.384621746346351,LINC01548,33170236,68733,68733
437,chr21,33101476,33101530,33101503,hyper,0.384621746346351,OLIG2,33025934,-75569,75569
438,chr8,6420897,6421072,6420984,hyper,0.459559556282961,MCPH1,6406591,-14393,14393
438,chr8,6420897,6421072,6420984,hyper,0.459559556282961,LOC100287015,6406548,-14436,14436
441,chr21,32521007,32521136,32521071,hypo,-0.44197929354204,TCP10L,32585523,64452,64452
441,chr21,32521007,32521136,32521071,hypo,-0.44197929354204,CFAP298-TCP10L,32612377,91306,91306
441,chr21,32521007,32521136,32521071,hypo,-0.44197929354204,CFAP298,32612871,91800,91800
442,chr19,53658123,53658352,53658237,hyper,0.483042433757622,MIR512-2,53666672,8435,8435
442,chr19,53658123,53658352,53658237,hyper,0.483042433757622,MIR512-1,53666678,8441,8441
442,chr19,53658123,53658352,53658237,hyper,0.483042433757622,MIR1323,53671967,13730,13730
442,chr19,53658123,53658352,53658237,hyper,0.483042433757622,MIR498,53674196,15959,15959
442,chr19,53658123,53658352,53658237,hyper,0.483042433757622,MIR520E,53675710,17473,17473
442,chr19,53658123,53658352,53658237,hyper,0.483042433757622,MIR515-2,53679002,20765,20765
442,chr19,53658123,53658352,53658237,hyper,0.483042433757622,MIR515-1,53679002,20765,20765
442,chr19,53658123,53658352,53658237,hyper,0.483042433757622,MIR519E,53679939,21702,21702
442,chr19,53658123,53658352,53658237,hyper,0.483042433757622,MIR520F,53682158,23921,23921
442,chr19,53658123,53658352,53658237,hyper,0.483042433757622,DPRX,53632055,-26182,26182
442,chr19,53658123,53658352,53658237,hyper,0.483042433757622,MIR519C,53686468,28231,28231
442,chr19,53658123,53658352,53658237,hyper,0.483042433757622,MIR1283-1,53688480,30243,30243
442,chr19,53658123,53658352,53658237,hyper,0.483042433757622,MIR520A,53690880,32643,32643
442,chr19,53658123,53658352,53658237,hyper,0.483042433757622,MIR526B,53694392,36155,36155
442,chr19,53658123,53658352,53658237,hyper,0.483042433757622,MIR519B,53695212,36975,36975
442,chr19,53658123,53658352,53658237,hyper,0.483042433757622,MIR525,53697532,39295,39295
442,chr19,53658123,53658352,53658237,hyper,0.483042433757622,MIR523,53698384,40147,40147
442,chr19,53658123,53658352,53658237,hyper,0.483042433757622,MIR518F,53700014,41777,41777
442,chr19,53658123,53658352,53658237,hyper,0.483042433757622,MIR520B,53701226,42989,42989
442,chr19,53658123,53658352,53658237,hyper,0.483042433757622,MIR518B,53702736,44499,44499
442,chr19,53658123,53658352,53658237,hyper,0.483042433757622,MIR526A1,53706251,48014,48014
442,chr19,53658123,53658352,53658237,hyper,0.483042433757622,MIR520C,53707452,49215,49215
442,chr19,53658123,53658352,53658237,hyper,0.483042433757622,MIR518C,53708734,50497,50497
442,chr19,53658123,53658352,53658237,hyper,0.483042433757622,MIR524,53711001,52764,52764
442,chr19,53658123,53658352,53658237,hyper,0.483042433757622,MIR517A,53712267,54030,54030
442,chr19,53658123,53658352,53658237,hyper,0.483042433757622,LOC284379,53603497,-54740,54740
442,chr19,53658123,53658352,53658237,hyper,0.483042433757622,MIR519D,53713346,55109,55109
442,chr19,53658123,53658352,53658237,hyper,0.483042433757622,MIR521-2,53716593,58356,58356
442,chr19,53658123,53658352,53658237,hyper,0.483042433757622,MIR520D,53720095,61858,61858
442,chr19,53658123,53658352,53658237,hyper,0.483042433757622,MIR517B,53721075,62838,62838
442,chr19,53658123,53658352,53658237,hyper,0.483042433757622,MIR520G,53722165,63928,63928
442,chr19,53658123,53658352,53658237,hyper,0.483042433757622,MIR516B2,53725441,67204,67204
442,chr19,53658123,53658352,53658237,hyper,0.483042433757622,MIR526A2,53726921,68684,68684
442,chr19,53658123,53658352,53658237,hyper,0.483042433757622,MIR518E,53729837,71600,71600
442,chr19,53658123,53658352,53658237,hyper,0.483042433757622,MIR518A1,53731005,72768,72768
442,chr19,53658123,53658352,53658237,hyper,0.483042433757622,MIR518D,53734876,76639,76639
442,chr19,53658123,53658352,53658237,hyper,0.483042433757622,MIR516B1,53736844,78607,78607
442,chr19,53658123,53658352,53658237,hyper,0.483042433757622,MIR518A2,53739332,81095,81095
442,chr19,53658123,53658352,53658237,hyper,0.483042433757622,MIR517C,53741312,83075,83075
442,chr19,53658123,53658352,53658237,hyper,0.483042433757622,MIR520H,53742511,84274,84274
442,chr19,53658123,53658352,53658237,hyper,0.483042433757622,MIR521-1,53748635,90398,90398
442,chr19,53658123,53658352,53658237,hyper,0.483042433757622,MIR522,53751210,92973,92973
442,chr19,53658123,53658352,53658237,hyper,0.483042433757622,MIR519A1,53752396,94159,94159
442,chr19,53658123,53658352,53658237,hyper,0.483042433757622,MIR527,53754017,95780,95780
442,chr19,53658123,53658352,53658237,hyper,0.483042433757622,MIR516A1,53756740,98503,98503
442,chr19,53658123,53658352,53658237,hyper,0.483042433757622,MIR1283-2,53758231,99994,99994
443,chr1,76778975,76779391,76779183,hypo,-0.408074413580064,LINC02567,76779267,84,84
443,chr1,76778975,76779391,76779183,hypo,-0.408074413580064,ST6GALNAC5,76867479,88296,88296
444,chr2,27809292,27809678,27809485,hypo,-0.415923886542037,MRPL33,27771716,-37769,37769
444,chr2,27809292,27809678,27809485,hypo,-0.415923886542037,BABAM2,27888708,79223,79223
444,chr2,27809292,27809678,27809485,hypo,-0.415923886542037,RBKS,27890396,80911,80911
444,chr2,27809292,27809678,27809485,hypo,-0.415923886542037,BABAM2-AS1,27891114,81629,81629
444,chr2,27809292,27809678,27809485,hypo,-0.415923886542037,LOC105374378,27716122,-93363,93363
444,chr2,27809292,27809678,27809485,hypo,-0.415923886542037,LINC01460,27715732,-93753,93753
445,chr8,143060640,143060771,143060705,hyper,0.509959923094204,LY6L,143080629,19924,19924
445,chr8,143060640,143060771,143060705,hyper,0.509959923094204,MIR1302-7,143040361,-20344,20344
445,chr8,143060640,143060771,143060705,hyper,0.509959923094204,C8orf31,143039208,-21497,21497
445,chr8,143060640,143060771,143060705,hyper,0.509959923094204,LY6E,143018484,-42221,42221
445,chr8,143060640,143060771,143060705,hyper,0.509959923094204,LY6E-DT,143018390,-42315,42315
445,chr8,143060640,143060771,143060705,hyper,0.509959923094204,CDC42P3,142995827,-64878,64878
445,chr8,143060640,143060771,143060705,hyper,0.509959923094204,LY6H,143160654,99949,99949
447,chr19,32824960,32825071,32825015,hyper,0.452861446082412,SLC7A9,32869767,44752,44752
450,chr5,52078813,52079201,52079007,hyper,0.37808527904642,LINC02118,52008030,-70977,70977
451,chr12,123945425,123945505,123945465,hyper,0.582789885962792,CCDC92,123972831,27366,27366
451,chr12,123945425,123945505,123945465,hyper,0.582789885962792,ZNF664-RFLNA,123973214,27749,27749
451,chr12,123945425,123945505,123945465,hyper,0.582789885962792,ZNF664,123973214,27749,27749
452,chr8,48682958,48683072,48683015,hyper,0.362040609364883,EFCAB1,48735311,52296,52296
452,chr8,48682958,48683072,48683015,hyper,0.362040609364883,LOC101929217,48620402,-62613,62613
453,chr6,88164570,88165198,88164884,hyper,0.400182247513832,CNR1,88167349,2465,2465
454,chr2,219966243,219966546,219966394,hyper,0.390703845790439,MIR4268,219906565,-59829,59829
454,chr2,219966243,219966546,219966394,hyper,0.390703845790439,LINC01803,219904889,-61505,61505
456,chr16,8582126,8582424,8582275,hyper,0.510231426648395,TMEM114,8590511,8236,8236
456,chr16,8582126,8582424,8582275,hyper,0.510231426648395,METTL22,8621697,39422,39422
456,chr16,8582126,8582424,8582275,hyper,0.510231426648395,ABAT,8674616,92341,92341
457,chr2,112078673,112078947,112078810,hypo,-0.255666834911943,TMEM87B,112055268,-23542,23542
457,chr2,112078673,112078947,112078810,hypo,-0.255666834911943,FBLN7,112138384,59574,59574
460,chr19,34870891,34871208,34871049,hypo,-0.607706621465367,LINC00904,34898943,27894,27894
460,chr19,34870891,34871208,34871049,hypo,-0.607706621465367,LINC01838,34905314,34265,34265
460,chr19,34870891,34871208,34871049,hypo,-0.607706621465367,LINC01801,34832869,-38180,38180
460,chr19,34870891,34871208,34871049,hypo,-0.607706621465367,ZNF30-AS1,34926826,55777,55777
460,chr19,34870891,34871208,34871049,hypo,-0.607706621465367,ZNF30,34926902,55853,55853
460,chr19,34870891,34871208,34871049,hypo,-0.607706621465367,ZNF792,34964229,93180,93180
460,chr19,34870891,34871208,34871049,hypo,-0.607706621465367,ZNF599,34773215,-97834,97834
461,chr5,171843605,171843753,171843679,hypo,-0.408876710122622,SMIM23,171785816,-57863,57863
462,chr12,95156361,95156537,95156449,hyper,0.412673582675627,FGD6,95217467,61018,61018
462,chr12,95156361,95156537,95156449,hyper,0.412673582675627,VEZT,95217745,61296,61296
462,chr12,95156361,95156537,95156449,hyper,0.412673582675627,NR2C1,95073618,-82831,82831
464,chr16,89377131,89377206,89377168,hyper,0.469231480604382,LOC101927817,89430917,53749,53749
464,chr16,89377131,89377206,89377168,hyper,0.469231480604382,LOC100287036,89320451,-56717,56717
464,chr16,89377131,89377206,89377168,hyper,0.469231480604382,LOC105371414,89296127,-81041,81041
467,chr6,158301493,158301719,158301606,hypo,-0.412847359848373,TULP4,158312464,10858,10858
467,chr6,158301493,158301719,158301606,hypo,-0.412847359848373,SNORA116,158322981,21375,21375
468,chr1,56849757,56850004,56849880,hypo,-0.363948707260583,C8A,56854796,4916,4916
468,chr1,56849757,56850004,56849880,hypo,-0.363948707260583,FYB2,56819404,-30476,30476
469,chr10,104515006,104515169,104515087,hypo,-0.538561121894336,LINC02620,104480275,-34812,34812
470,chr1,240686604,240686962,240686783,hypo,-0.371013197232952,GREM2,240612155,-74628,74628
471,chr1,206421660,206421779,206421719,hypo,-0.374426854765729,IKBKE,206470475,48756,48756
471,chr1,206421660,206421779,206421719,hypo,-0.374426854765729,MIR6769B,206474802,53083,53083
471,chr1,206421660,206421779,206421719,hypo,-0.374426854765729,RASSF5,206507530,85811,85811
473,chr12,108972215,108972445,108972330,hyper,0.462704500358842,SVOP,109021068,48738,48738
473,chr12,108972215,108972445,108972330,hyper,0.462704500358842,USP30,109023088,50758,50758
473,chr12,108972215,108972445,108972330,hyper,0.462704500358842,USP30-AS1,109053965,81635,81635
473,chr12,108972215,108972445,108972330,hyper,0.462704500358842,DAO,108880091,-92239,92239
474,chr6,28001845,28001962,28001903,hyper,0.521127859694218,OR2B6,27957240,-44663,44663
474,chr6,28001845,28001962,28001903,hyper,0.521127859694218,OR1F12,28073315,71412,71412
474,chr6,28001845,28001962,28001903,hyper,0.521127859694218,ZNF165,28080281,78378,78378
474,chr6,28001845,28001962,28001903,hyper,0.521127859694218,ZSCAN12P1,28090806,88903,88903
474,chr6,28001845,28001962,28001903,hyper,0.521127859694218,OR2B2,27912396,-89507,89507
475,chr1,76100942,76101469,76101205,hyper,0.393178429638876,ST6GALNAC3,76074745,-26460,26460
475,chr1,76100942,76101469,76101205,hyper,0.393178429638876,LOC101927342,76011323,-89882,89882
477,chr6,145640148,145640531,145640339,hyper,0.41886353591066,FBXO30-DT,145734868,94529,94529
477,chr6,145640148,145640531,145640339,hyper,0.41886353591066,EPM2A,145736023,95684,95684
479,chr2,65088588,65088773,65088680,hypo,-0.41091008340013,CEP68,65056415,-32265,32265
479,chr2,65088588,65088773,65088680,hypo,-0.41091008340013,RAB1A,65130301,41621,41621
481,chr6,50840197,50840273,50840235,hypo,-0.3681037796435,TFAP2B,50818870,-21365,21365
482,chr9,114054409,114054545,114054477,hyper,0.459110179103202,AMBP,114078300,23823,23823
482,chr9,114054409,114054545,114054477,hyper,0.459110179103202,KIF12,114099057,44580,44580
483,chr3,56633749,56633908,56633828,hypo,-0.493956313796511,TASOR,56683265,49437,49437
483,chr3,56633749,56633908,56633828,hypo,-0.493956313796511,CCDC66,56557155,-76673,76673
484,chr20,1972100,1972370,1972235,hypo,-0.411935064150506,PDYN,1994285,22050,22050
484,chr20,1972100,1972370,1972235,hypo,-0.411935064150506,PDYN-AS1,1947209,-25026,25026
484,chr20,1972100,1972370,1972235,hypo,-0.411935064150506,SIRPA,1894166,-78069,78069
485,chr17,31584074,31584243,31584158,hyper,0.417812023725067,MIR365B,31575410,-8748,8748
485,chr17,31584074,31584243,31584158,hyper,0.417812023725067,MIR4725,31575268,-8890,8890
485,chr17,31584074,31584243,31584158,hyper,0.417812023725067,MIR193A,31559995,-24163,24163
485,chr17,31584074,31584243,31584158,hyper,0.417812023725067,MIR4724,31534882,-49276,49276
486,chr11,113062380,113062466,113062423,hyper,0.426483385522544,LOC101928847,112963460,-98963,98963
488,chr9,66198909,66199089,66198999,hyper,0.547025982378166,LOC642929,66164906,-34093,34093
490,chr10,94251866,94252352,94252109,hyper,0.48766608410951,PLCE1-AS1,94287070,34961,34961
491,chr2,188976652,188976966,188976809,hyper,0.429584714972837,MIR1245A,188978091,1282,1282
491,chr2,188976652,188976966,188976809,hyper,0.429584714972837,MIR1245B,188978161,1352,1352
491,chr2,188976652,188976966,188976809,hyper,0.429584714972837,COL3A1,188974372,-2437,2437
491,chr2,188976652,188976966,188976809,hyper,0.429584714972837,MIR3606,188995629,18820,18820
492,chr8,19871862,19872135,19871998,hyper,0.399034989111523,INTS10,19817148,-54850,54850
492,chr8,19871862,19872135,19871998,hyper,0.399034989111523,LPL,19939252,67254,67254
493,chr7,24569583,24570043,24569813,hypo,-0.334380226720543,MPP6,24573451,3638,3638
494,chr3,335478,335660,335569,hypo,-0.410994984207768,CHL1-AS1,385795,50226,50226
496,chr1,32031980,32032188,32032084,hypo,-0.52087770776381,KHDRBS1,32013867,-18217,18217
496,chr1,32031980,32032188,32032084,hypo,-0.52087770776381,TMEM39B,32072030,39946,39946
496,chr1,32031980,32032188,32032084,hypo,-0.52087770776381,MIR5585,32086948,54864,54864
496,chr1,32031980,32032188,32032084,hypo,-0.52087770776381,KPNA6,32108055,75971,75971
496,chr1,32031980,32032188,32032084,hypo,-0.52087770776381,PTP4A2,31938368,-93716,93716
497,chr5,38264056,38264325,38264190,hyper,0.462393215421252,EGFLAM,38258558,-5632,5632
497,chr5,38264056,38264325,38264190,hyper,0.462393215421252,EGFLAM-AS4,38290986,26796,26796
500,chr6,55871452,55872700,55872076,hyper,0.436000938605775,BMP5,55875590,3514,3514
505,chr13,80276936,80277269,80277102,hypo,-0.410028943693139,SPRY2,80341126,64024,64024
507,chr10,46052254,46052665,46052459,hypo,-0.42123207818948,MSMB,46046269,-6190,6190
507,chr10,46052254,46052665,46052459,hypo,-0.42123207818948,NCOA4,46030714,-21745,21745
507,chr10,46052254,46052665,46052459,hypo,-0.42123207818948,AGAP7P,46109494,57035,57035
507,chr10,46052254,46052665,46052459,hypo,-0.42123207818948,SNORA74C-1,45984607,-67852,67852
507,chr10,46052254,46052665,46052459,hypo,-0.42123207818948,TIMM23,45972452,-80007,80007
507,chr10,46052254,46052665,46052459,hypo,-0.42123207818948,PARGP1,45972428,-80031,80031
507,chr10,46052254,46052665,46052459,hypo,-0.42123207818948,PARGP1-AGAP4,45972374,-80085,80085
508,chr12,43674729,43674902,43674815,hyper,0.459643716753992,PUS7L,43758790,83975,83975
508,chr12,43674729,43674902,43674815,hyper,0.459643716753992,IRAK4,43758943,84128,84128
509,chr8,28589787,28590051,28589919,hypo,-0.502450236213841,MIR4288,28505182,-84737,84737
509,chr8,28589787,28590051,28589919,hypo,-0.502450236213841,FZD3,28494204,-95715,95715
509,chr8,28589787,28590051,28589919,hypo,-0.502450236213841,FBXO16,28490318,-99601,99601
510,chr8,65143180,65143457,65143318,hyper,0.47388395432218,LINC00251,65180340,37022,37022
511,chr11,60071542,60071799,60071670,hypo,-0.506024579163408,MS4A3,60056627,-15043,15043
511,chr11,60071542,60071799,60071670,hypo,-0.506024579163408,MS4A2,60088663,16993,16993
511,chr11,60071542,60071799,60071670,hypo,-0.506024579163408,OOSP2,60040408,-31262,31262
511,chr11,60071542,60071799,60071670,hypo,-0.506024579163408,OOSP4B,60023802,-47868,47868
512,chr11,112294973,112295375,112295174,hypo,-0.388866503379948,LINC02762,112270748,-24426,24426
512,chr11,112294973,112295375,112295174,hypo,-0.388866503379948,PLET1,112260860,-34314,34314
512,chr11,112294973,112295375,112295174,hypo,-0.388866503379948,LOC100132686,112260264,-34910,34910
512,chr11,112294973,112295375,112295174,hypo,-0.388866503379948,PTS,112226427,-68747,68747
513,chr22,48257417,48257638,48257527,hyper,0.456094831094831,MIR3201,48274363,16836,16836
517,chr13,92512959,92513130,92513044,hyper,0.407957296190075,MIR548AS,92490162,-22882,22882
518,chr12,75116713,75116987,75116850,hypo,-0.440453475161089,KCNC2,75209839,92989,92989
519,chr2,148953513,148953761,148953637,hypo,-0.445775570808972,KIF5C,148875226,-78411,78411
519,chr2,148953513,148953761,148953637,hypo,-0.445775570808972,LYPD6B,149038466,84829,84829
520,chr7,93142959,93143206,93143082,hyper,0.416265730423143,SAMD9L,93148385,5303,5303
520,chr7,93142959,93143206,93143082,hyper,0.416265730423143,SAMD9,93118023,-25059,25059
520,chr7,93142959,93143206,93143082,hyper,0.416265730423143,HEPACAM2,93232198,89116,89116
520,chr7,93142959,93143206,93143082,hyper,0.416265730423143,VPS50,93232339,89257,89257
521,chr3,668099,668350,668224,hypo,-0.314418663180654,LINC01266,592104,-76120,76120
522,chr2,219722348,219722491,219722419,hyper,0.493861951963643,SLC4A3,219627569,-94850,94850
524,chr16,19901263,19901477,19901370,hypo,-0.554287710128059,GPRC5B,19885634,-15736,15736
525,chr7,71390216,71390346,71390281,hypo,-0.457462796017013,MIR3914-1,71307770,-82511,82511
525,chr7,71390216,71390346,71390281,hypo,-0.457462796017013,MIR3914-2,71307673,-82608,82608
526,chr12,131605381,131605512,131605446,hyper,0.500078791351021,LINC02414,131648121,42675,42675
530,chr2,105584254,105584610,105584432,hyper,0.364437685891527,LOC285000,105610559,26127,26127
531,chr9,113502018,113502586,113502302,hyper,0.445784707778854,RGS3,113444729,-57573,57573
531,chr9,113502018,113502586,113502302,hyper,0.445784707778854,POLE3,113410749,-91553,91553
531,chr9,113502018,113502586,113502302,hyper,0.445784707778854,C9orf43,113410746,-91556,91556
533,chr12,15329095,15329360,15329227,hyper,0.297663550123258,PTPRO,15322507,-6720,6720
534,chr10,127849829,127850072,127849950,hypo,-0.590088615755523,CLRN3,127892941,42991,42991
534,chr10,127849829,127850072,127849950,hypo,-0.590088615755523,PTPRE,127907102,57152,57152
535,chr3,120573784,120573874,120573829,hyper,0.490843447040427,NDUFB4,120596335,22506,22506
536,chrX,476388,476447,476417,hyper,0.508101072957218,PPP2R3B,386907,-89510,89510
538,chr20,14915231,14915508,14915369,hypo,-0.319094517601808,MACROD2-AS1,14929518,14149,14149
541,chr1,61156399,61156774,61156586,hypo,-0.345299733071432,NFIA,61077226,-79360,79360
541,chr1,61156399,61156774,61156586,hypo,-0.345299733071432,NFIA-AS1,61253518,96932,96932
543,chr16,56777664,56777797,56777730,hypo,-0.550993601859798,NUP93,56730128,-47602,47602
543,chr16,56777664,56777797,56777730,hypo,-0.550993601859798,MIR138-2,56858517,80787,80787
543,chr16,56777664,56777797,56777730,hypo,-0.550993601859798,SLC12A3,56865206,87476,87476
543,chr16,56777664,56777797,56777730,hypo,-0.550993601859798,MT1X,56682469,-95261,95261
544,chr13,109672824,109673048,109672936,hypo,-0.378159157723052,LINC00676,109728273,55337,55337
545,chr2,9961387,9961472,9961429,hyper,0.288067571573726,GRHL1,9951692,-9737,9737
545,chr2,9961387,9961472,9961429,hyper,0.288067571573726,LOC101929882,10043401,81972,81972
545,chr2,9961387,9961472,9961429,hyper,0.288067571573726,KLF11,10043549,82120,82120
546,chr17,67700193,67700397,67700295,hypo,-0.530381852244987,NOL11,67717832,17537,17537
546,chr17,67700193,67700397,67700295,hypo,-0.530381852244987,SNORA38B,67740669,40374,40374
547,chr7,5270912,5271051,5270981,hypo,-0.638959158216245,SLC29A4,5282942,11961,11961
547,chr7,5270912,5271051,5270981,hypo,-0.638959158216245,WIPI2,5190232,-80749,80749
548,chr13,75173760,75173901,75173830,hyper,0.351762541221069,CTAGE11P,75240381,66551,66551
548,chr13,75173760,75173901,75173830,hyper,0.351762541221069,LINC01078,75240587,66757,66757
549,chr17,15591991,15592247,15592119,hypo,-0.440926263490069,CDRT1,15619704,27585,27585
549,chr17,15591991,15592247,15592119,hypo,-0.440926263490069,TVP23C,15563631,-28488,28488
549,chr17,15591991,15592247,15592119,hypo,-0.440926263490069,TVP23C-CDRT4,15563483,-28636,28636
549,chr17,15591991,15592247,15592119,hypo,-0.440926263490069,TRIM16,15684311,92192,92192
551,chr9,79764142,79764313,79764227,hypo,-0.462661115614181,LINC01507,79824529,60302,60302
552,chr13,23382037,23382223,23382130,hypo,-0.289679034651159,SACS-AS1,23418970,36840,36840
552,chr13,23382037,23382223,23382130,hypo,-0.289679034651159,SACS,23433702,51572,51572
552,chr13,23382037,23382223,23382130,hypo,-0.289679034651159,LINC00327,23469511,87381,87381
553,chr19,34557425,34557589,34557507,hypo,-0.484666905339954,ZNF807P,34545386,-12121,12121
553,chr19,34557425,34557589,34557507,hypo,-0.484666905339954,SCGB2B2,34594585,37078,37078
553,chr19,34557425,34557589,34557507,hypo,-0.484666905339954,WTIP,34481757,-75750,75750
553,chr19,34557425,34557589,34557507,hypo,-0.484666905339954,SCGB2B3P,34645872,88365,88365
555,chr2,63993576,63993774,63993675,hypo,-0.435414499187391,VPS54,64019428,25753,25753
556,chr1,64634071,64634228,64634149,hyper,0.397021067813311,MIR4794,64579846,-54303,54303
557,chr8,140663015,140663212,140663113,hyper,0.328073438218791,AGO2,140635633,-27480,27480
557,chr8,140663015,140663212,140663113,hyper,0.328073438218791,MIR151A,140732653,69540,69540
558,chr6,163250308,163250555,163250431,hyper,0.32522025848631,PACRG-AS3,163192002,-58429,58429
558,chr6,163250308,163250555,163250431,hyper,0.32522025848631,PACRG-AS1,163324473,74042,74042
558,chr6,163250308,163250555,163250431,hyper,0.32522025848631,DKFZp451B082,163347033,96602,96602
560,chr8,40900272,40900592,40900432,hyper,0.442391024878455,ZMAT4,40897826,-2606,2606
561,chr6,163341105,163341368,163341236,hyper,0.40324811390183,DKFZp451B082,163347033,5797,5797
561,chr6,163341105,163341368,163341236,hyper,0.40324811390183,PACRG-AS1,163324473,-16763,16763
561,chr6,163341105,163341368,163341236,hyper,0.40324811390183,CAHM,163413950,72714,72714
561,chr6,163341105,163341368,163341236,hyper,0.40324811390183,QKI,163414717,73481,73481
562,chr6,151375052,151375170,151375111,hyper,0.486331506914301,ZBTB2,151391559,16448,16448
562,chr6,151375052,151375170,151375111,hyper,0.486331506914301,RMND1,151452181,77070,77070
562,chr6,151375052,151375170,151375111,hyper,0.486331506914301,ARMT1,151452257,77146,77146
563,chr8,94418573,94418723,94418648,hyper,0.285736473937969,FSBP,94436944,18296,18296
563,chr8,94418573,94418723,94418648,hyper,0.285736473937969,RAD54B,94475115,56467,56467
564,chr2,130195426,130195527,130195476,hyper,0.512783244311093,TUBA3E,130198439,2963,2963
564,chr2,130195426,130195527,130195476,hyper,0.512783244311093,MZT2B,130182261,-13215,13215
564,chr2,130195426,130195527,130195476,hyper,0.512783244311093,SMPD4,130181757,-13719,13719
564,chr2,130195426,130195527,130195476,hyper,0.512783244311093,CCDC74B,130145112,-50364,50364
564,chr2,130195426,130195527,130195476,hyper,0.512783244311093,MED15P9,130129622,-65854,65854
564,chr2,130195426,130195527,130195476,hyper,0.512783244311093,POTEF,130129222,-66254,66254
568,chr5,133360816,133360914,133360865,hypo,-0.432375838553815,MIR1289-2,133427706,66841,66841
569,chr3,182482837,182483103,182482970,hypo,-0.388001843174159,LINC01994,182486362,3392,3392
569,chr3,182482837,182483103,182482970,hypo,-0.388001843174159,LINC01995,182507124,24154,24154
570,chr10,100816742,100816950,100816846,hypo,-0.497893374272728,PAX2,100735395,-81451,81451
570,chr10,100816742,100816950,100816846,hypo,-0.497893374272728,SLF2,100912962,96116,96116
571,chr1,181491136,181491287,181491211,hyper,0.537472730656689,CACNA1E,181483516,-7695,7695
572,chr2,102893401,102893662,102893531,hypo,-0.408938539944066,LINC01796,102895722,2191,2191
572,chr2,102893401,102893662,102893531,hypo,-0.408938539944066,LINC01935,102984429,90898,90898
573,chr1,231986812,231987098,231986955,hyper,0.4248440883735,DISC1-IT1,231925833,-61122,61122
574,chr2,44930713,44930979,44930846,hyper,0.310007619946974,LINC01833,44939199,8353,8353
574,chr2,44930713,44930979,44930846,hyper,0.310007619946974,SIX3,44941701,10855,10855
574,chr2,44930713,44930979,44930846,hyper,0.310007619946974,SIX3-AS1,44941878,11032,11032
574,chr2,44930713,44930979,44930846,hyper,0.310007619946974,SIX2,45009452,78606,78606
576,chr1,229707379,229707752,229707565,hyper,0.512092245637621,URB2,229626215,-81350,81350
576,chr1,229707379,229707752,229707565,hyper,0.512092245637621,TAF5L,229626122,-81443,81443
577,chr2,39515693,39516044,39515868,hyper,0.43462218666659,MAP4K3-DT,39437415,-78453,78453
577,chr2,39515693,39516044,39515868,hyper,0.43462218666659,MAP4K3,39437285,-78583,78583
578,chr2,44333404,44333601,44333502,hypo,-0.318751264550884,PREPL,44361862,28360,28360
578,chr2,44333404,44333601,44333502,hypo,-0.318751264550884,CAMKMT,44361946,28444,28444
578,chr2,44333404,44333601,44333502,hypo,-0.318751264550884,SLC3A1,44275479,-58023,58023
579,chr8,74825501,74825621,74825561,hyper,0.331769427039167,PI15,74824533,-1028,1028
580,chr7,53022702,53023039,53022870,hypo,-0.351928830850254,POM121L12,53035632,12762,12762
581,chr12,123945202,123945334,123945268,hyper,0.363514065493542,CCDC92,123972831,27563,27563
581,chr12,123945202,123945334,123945268,hyper,0.363514065493542,ZNF664-RFLNA,123973214,27946,27946
581,chr12,123945202,123945334,123945268,hyper,0.363514065493542,ZNF664,123973214,27946,27946
583,chr7,116193500,116193739,116193619,hypo,-0.283891085819955,TES,116210538,16919,16919
583,chr7,116193500,116193739,116193619,hypo,-0.283891085819955,LOC102724434,116286727,93108,93108
585,chr10,104420144,104420378,104420261,hypo,-0.425843280087919,LINC02620,104480275,60014,60014
585,chr10,104420144,104420378,104420261,hypo,-0.425843280087919,CFAP58,104353832,-66429,66429
585,chr10,104420144,104420378,104420261,hypo,-0.425843280087919,CFAP58-DT,104353575,-66686,66686
585,chr10,104420144,104420378,104420261,hypo,-0.425843280087919,ITPRIP,104338465,-81796,81796
585,chr10,104420144,104420378,104420261,hypo,-0.425843280087919,ITPRIP-AS1,104323363,-96898,96898
586,chr4,40672637,40672819,40672728,hypo,-0.435407962250861,RBM47,40630594,-42134,42134
586,chr4,40672637,40672819,40672728,hypo,-0.435407962250861,NSUN7,40749954,77226,77226
587,chr12,104599427,104599598,104599512,hyper,0.306856151459249,MIR3922,104591632,-7880,7880
588,chr9,89021974,89022125,89022049,hyper,0.386026647591132,S1PR3,88991467,-30582,30582
588,chr9,89021974,89022125,89022049,hyper,0.386026647591132,C9orf47,88990862,-31187,31187
589,chr20,17282417,17282745,17282581,hypo,-0.512469328606036,PCSK2,17226106,-56475,56475
591,chr14,70458640,70458976,70458808,hyper,0.374668656333237,ADAM21,70452173,-6635,6635
591,chr14,70458640,70458976,70458808,hyper,0.374668656333237,ADAM20P1,70483756,24948,24948
591,chr14,70458640,70458976,70458808,hyper,0.374668656333237,SYNJ2BP-COX16,70417090,-41718,41718
591,chr14,70458640,70458976,70458808,hyper,0.374668656333237,SYNJ2BP,70417090,-41718,41718
591,chr14,70458640,70458976,70458808,hyper,0.374668656333237,ADAM20,70535004,76196,76196
591,chr14,70458640,70458976,70458808,hyper,0.374668656333237,COX16,70359683,-99125,99125
593,chr12,118881328,118881574,118881451,hyper,0.366052782657197,LINC02439,118833536,-47915,47915
594,chr3,172749388,172749537,172749462,hypo,-0.428120311385421,ECT2,172750684,1222,1222
594,chr3,172749388,172749537,172749462,hypo,-0.428120311385421,NCEH1,172711067,-38395,38395
597,chr1,76154650,76154886,76154768,hypo,-0.447775762640096,ST6GALNAC3,76074745,-80023,80023
598,chr11,35180139,35180309,35180224,hyper,0.441222291935305,SNORD164,35162949,-17275,17275
598,chr11,35180139,35180309,35180224,hyper,0.441222291935305,CD44,35139170,-41054,41054
598,chr11,35180139,35180309,35180224,hyper,0.441222291935305,LOC100507144,35138032,-42192,42192
600,chr4,4939665,4939912,4939788,hyper,0.438761914399939,LOC101928306,4920807,-18981,18981
600,chr4,4939665,4939912,4939788,hyper,0.438761914399939,CYTL1,5019458,79670,79670
600,chr4,4939665,4939912,4939788,hyper,0.438761914399939,MSX1,4859664,-80124,80124
600,chr4,4939665,4939912,4939788,hyper,0.438761914399939,LINC01396,4844436,-95352,95352
601,chr11,107678525,107678699,107678612,hyper,0.372304877193977,SLN,107712056,33444,33444
601,chr11,107678525,107678699,107678612,hyper,0.372304877193977,ELMOD1,107591090,-87522,87522
602,chr6,138543860,138544113,138543986,hyper,0.34908838018961,NHSL1,138572569,28583,28583
604,chr8,71591517,71591900,71591708,hyper,0.320022898074159,EYA1,71548094,-43614,43614
607,chr7,103522047,103522120,103522083,hyper,0.374214063401195,SLC26A5,103446207,-75876,75876
607,chr7,103522047,103522120,103522083,hyper,0.374214063401195,LOC101927870,103445206,-76877,76877
608,chr6,31087193,31087302,31087247,hyper,0.357820088048965,C6orf15,31112575,25328,25328
608,chr6,31087193,31087302,31087247,hyper,0.357820088048965,PSORS1C1,31114799,27552,27552
608,chr6,31087193,31087302,31087247,hyper,0.357820088048965,CDSN,31120446,33199,33199
608,chr6,31087193,31087302,31087247,hyper,0.357820088048965,HCG22,31053449,-33798,33798
608,chr6,31087193,31087302,31087247,hyper,0.357820088048965,PSORS1C2,31139066,51819,51819
608,chr6,31087193,31087302,31087247,hyper,0.357820088048965,CCHCR1,31158197,70950,70950
608,chr6,31087193,31087302,31087247,hyper,0.357820088048965,TCF19,31158588,71341,71341
608,chr6,31087193,31087302,31087247,hyper,0.357820088048965,MUC22,31005951,-81296,81296
608,chr6,31087193,31087302,31087247,hyper,0.357820088048965,POU5F1,31170682,83435,83435
608,chr6,31087193,31087302,31087247,hyper,0.357820088048965,PSORS1C3,31186317,99070,99070
609,chr8,24351356,24351543,24351449,hyper,0.34621376043176,ADAMDEC1,24384284,32835,32835
609,chr8,24351356,24351543,24351449,hyper,0.34621376043176,ADAM28,24294039,-57410,57410
609,chr8,24351356,24351543,24351449,hyper,0.34621376043176,ADAM7,24441025,89576,89576
610,chr10,88789617,88789883,88789750,hyper,0.302479043164384,LIPM,88802729,12979,12979
610,chr10,88789617,88789883,88789750,hyper,0.302479043164384,LIPN,88760019,-29731,29731
610,chr10,88789617,88789883,88789750,hyper,0.302479043164384,ANKRD22,88851844,62094,62094
610,chr10,88789617,88789883,88789750,hyper,0.302479043164384,LIPK,88706248,-83502,83502
610,chr10,88789617,88789883,88789750,hyper,0.302479043164384,STAMBPL1,88880244,90494,90494
611,chr4,86387100,86387273,86387186,hyper,0.387319611839755,MAPK10,86453195,66009,66009
612,chr9,118594440,118594510,118594475,hypo,-0.42622350021712,LINC02578,118679670,85195,85195
613,chr19,13452827,13452879,13452853,hypo,-0.491791817036178,CACNA1A,13506479,53626,53626
614,chr2,44930528,44930652,44930590,hyper,0.275659816346999,LINC01833,44939199,8609,8609
614,chr2,44930528,44930652,44930590,hyper,0.275659816346999,SIX3,44941701,11111,11111
614,chr2,44930528,44930652,44930590,hyper,0.275659816346999,SIX3-AS1,44941878,11288,11288
614,chr2,44930528,44930652,44930590,hyper,0.275659816346999,SIX2,45009452,78862,78862
615,chr13,44820697,44820879,44820788,hypo,-0.315999370036394,LINC00330,44809630,-11158,11158
616,chr12,130101125,130101306,130101215,hyper,0.289466087063649,LINC02419,130071334,-29881,29881
616,chr12,130101125,130101306,130101215,hyper,0.289466087063649,LINC02418,130042342,-58873,58873
616,chr12,130101125,130101306,130101215,hyper,0.289466087063649,FZD10-AS1,130161678,60463,60463
616,chr12,130101125,130101306,130101215,hyper,0.289466087063649,FZD10,130162458,61243,61243
617,chr4,144587652,144587794,144587723,hyper,0.517719638462673,HHIP-AS1,144646019,58296,58296
617,chr4,144587652,144587794,144587723,hyper,0.517719638462673,HHIP,144646155,58432,58432
620,chr2,194346974,194347079,194347026,hyper,0.514434479828821,LINC01821,194344268,-2758,2758
621,chr9,72049075,72049128,72049101,hyper,0.29861941109249,C9orf57,72060613,11512,11512
621,chr9,72049075,72049128,72049101,hyper,0.29861941109249,GDA,72114594,65493,65493
622,chr20,10522537,10522774,10522655,hyper,0.442357007009195,SLX4IP,10435304,-87351,87351
622,chr20,10522537,10522774,10522655,hyper,0.442357007009195,MKKS,10434222,-88433,88433
623,chr1,145616728,145616885,145616806,hyper,0.410793252013845,GPR89A,145607959,-8847,8847
623,chr1,145616728,145616885,145616806,hyper,0.410793252013845,NBPF25P,145607858,-8948,8948
623,chr1,145616728,145616885,145616806,hyper,0.410793252013845,PDZK1,145707400,90594,90594
624,chr14,101062148,101062233,101062190,hyper,0.301843104730308,MIR377,101062049,-141,141
624,chr14,101062148,101062233,101062190,hyper,0.301843104730308,MIR496,101060572,-1618,1618
624,chr14,101062148,101062233,101062190,hyper,0.301843104730308,MIR541,101064494,2304,2304
624,chr14,101062148,101062233,101062190,hyper,0.301843104730308,MIR154,101059754,-2436,2436
624,chr14,101062148,101062233,101062190,hyper,0.301843104730308,MIR409,101065299,3109,3109
624,chr14,101062148,101062233,101062190,hyper,0.301843104730308,MIR412,101065446,3256,3256
624,chr14,101062148,101062233,101062190,hyper,0.301843104730308,MIR369,101065597,3407,3407
624,chr14,101062148,101062233,101062190,hyper,0.301843104730308,MIR410,101065911,3721,3721
624,chr14,101062148,101062233,101062190,hyper,0.301843104730308,MIR656,101066723,4533,4533
624,chr14,101062148,101062233,101062190,hyper,0.301843104730308,MIR323B,101056218,-5972,5972
624,chr14,101062148,101062233,101062190,hyper,0.301843104730308,MIR485,101055418,-6772,6772
624,chr14,101062148,101062233,101062190,hyper,0.301843104730308,MIR668,101055257,-6933,6933
624,chr14,101062148,101062233,101062190,hyper,0.301843104730308,MIR134,101054686,-7504,7504
624,chr14,101062148,101062233,101062190,hyper,0.301843104730308,MEG9,101069910,7720,7720
624,chr14,101062148,101062233,101062190,hyper,0.301843104730308,MIR382,101054305,-7885,7885
624,chr14,101062148,101062233,101062190,hyper,0.301843104730308,MIR487A,101052445,-9745,9745
624,chr14,101062148,101062233,101062190,hyper,0.301843104730308,MIR655,101049549,-12641,12641
624,chr14,101062148,101062233,101062190,hyper,0.301843104730308,MIR544A,101048657,-13533,13533
624,chr14,101062148,101062233,101062190,hyper,0.301843104730308,MIR889,101047900,-14290,14290
624,chr14,101062148,101062233,101062190,hyper,0.301843104730308,MIR539,101047320,-14870,14870
624,chr14,101062148,101062233,101062190,hyper,0.301843104730308,MIR487B,101046454,-15736,15736
624,chr14,101062148,101062233,101062190,hyper,0.301843104730308,MIR381,101045919,-16271,16271
624,chr14,101062148,101062233,101062190,hyper,0.301843104730308,MIR381HG,101045156,-17034,17034
624,chr14,101062148,101062233,101062190,hyper,0.301843104730308,MIR1185-2,101044197,-17993,17993
624,chr14,101062148,101062233,101062190,hyper,0.301843104730308,MIR1185-1,101042976,-19214,19214
624,chr14,101062148,101062233,101062190,hyper,0.301843104730308,MIR300,101041362,-20828,20828
624,chr14,101062148,101062233,101062190,hyper,0.301843104730308,MIR376A1,101040781,-21409,21409
624,chr14,101062148,101062233,101062190,hyper,0.301843104730308,MIR376B,101040435,-21755,21755
624,chr14,101062148,101062233,101062190,hyper,0.301843104730308,MIR654,101040218,-21972,21972
624,chr14,101062148,101062233,101062190,hyper,0.301843104730308,MIR376A2,101040068,-22122,22122
624,chr14,101062148,101062233,101062190,hyper,0.301843104730308,MIR376C,101039689,-22501,22501
624,chr14,101062148,101062233,101062190,hyper,0.301843104730308,MIR495,101033754,-28436,28436
624,chr14,101062148,101062233,101062190,hyper,0.301843104730308,MIR543,101031986,-30204,30204
624,chr14,101062148,101062233,101062190,hyper,0.301843104730308,MIR1193,101030051,-32139,32139
624,chr14,101062148,101062233,101062190,hyper,0.301843104730308,MIR494,101029633,-32557,32557
624,chr14,101062148,101062233,101062190,hyper,0.301843104730308,MIR329-2,101027099,-35091,35091
624,chr14,101062148,101062233,101062190,hyper,0.301843104730308,MIR329-1,101026784,-35406,35406
624,chr14,101062148,101062233,101062190,hyper,0.301843104730308,MIR758,101026019,-36171,36171
624,chr14,101062148,101062233,101062190,hyper,0.301843104730308,MIR323A,101025731,-36459,36459
624,chr14,101062148,101062233,101062190,hyper,0.301843104730308,MIR1197,101025563,-36627,36627
624,chr14,101062148,101062233,101062190,hyper,0.301843104730308,MIR380,101025016,-37174,37174
624,chr14,101062148,101062233,101062190,hyper,0.301843104730308,MIR299,101023793,-38397,38397
624,chr14,101062148,101062233,101062190,hyper,0.301843104730308,MIR411,101023324,-38866,38866
624,chr14,101062148,101062233,101062190,hyper,0.301843104730308,MIR379,101022065,-40125,40125
624,chr14,101062148,101062233,101062190,hyper,0.301843104730308,LINC02285,101120855,58665,58665
624,chr14,101062148,101062233,101062190,hyper,0.301843104730308,SNORD114-31,100993235,-68955,68955
624,chr14,101062148,101062233,101062190,hyper,0.301843104730308,SNORD114-30,100991918,-70272,70272
624,chr14,101062148,101062233,101062190,hyper,0.301843104730308,SNORD114-29,100990090,-72100,72100
624,chr14,101062148,101062233,101062190,hyper,0.301843104730308,SNORD114-28,100989129,-73061,73061
624,chr14,101062148,101062233,101062190,hyper,0.301843104730308,SNORD114-27,100988160,-74030,74030
624,chr14,101062148,101062233,101062190,hyper,0.301843104730308,SNORD114-26,100987045,-75145,75145
624,chr14,101062148,101062233,101062190,hyper,0.301843104730308,SNORD114-25,100986056,-76134,76134
624,chr14,101062148,101062233,101062190,hyper,0.301843104730308,SNORD114-24,100984776,-77414,77414
624,chr14,101062148,101062233,101062190,hyper,0.301843104730308,SNORD114-23,100983875,-78315,78315
624,chr14,101062148,101062233,101062190,hyper,0.301843104730308,SNORD114-22,100982925,-79265,79265
624,chr14,101062148,101062233,101062190,hyper,0.301843104730308,SNORD114-21,100981974,-80216,80216
624,chr14,101062148,101062233,101062190,hyper,0.301843104730308,SNORD114-20,100981003,-81187,81187
624,chr14,101062148,101062233,101062190,hyper,0.301843104730308,SNORD114-19,100976476,-85714,85714
624,chr14,101062148,101062233,101062190,hyper,0.301843104730308,SNORD114-18,100975824,-86366,86366
624,chr14,101062148,101062233,101062190,hyper,0.301843104730308,SNORD114-17,100974805,-87385,87385
624,chr14,101062148,101062233,101062190,hyper,0.301843104730308,SNORD114-16,100973594,-88596,88596
624,chr14,101062148,101062233,101062190,hyper,0.301843104730308,SNORD114-15,100972669,-89521,89521
624,chr14,101062148,101062233,101062190,hyper,0.301843104730308,SNORD114-14,100972102,-90088,90088
624,chr14,101062148,101062233,101062190,hyper,0.301843104730308,SNORD114-13,100969878,-92312,92312
624,chr14,101062148,101062233,101062190,hyper,0.301843104730308,SNORD114-12,100968947,-93243,93243
624,chr14,101062148,101062233,101062190,hyper,0.301843104730308,SNORD114-11,100968110,-94080,94080
624,chr14,101062148,101062233,101062190,hyper,0.301843104730308,SNORD114-10,100967051,-95139,95139
624,chr14,101062148,101062233,101062190,hyper,0.301843104730308,SNORD114-9,100966028,-96162,96162
624,chr14,101062148,101062233,101062190,hyper,0.301843104730308,SNORD114-8,100964780,-97410,97410
624,chr14,101062148,101062233,101062190,hyper,0.301843104730308,SNORD114-7,100963053,-99137,99137
626,chr16,23674213,23674268,23674240,hypo,-0.402616957635768,PLK1,23678888,4648,4648
626,chr16,23674213,23674268,23674240,hypo,-0.402616957635768,DCTN5,23641465,-32775,32775
626,chr16,23674213,23674268,23674240,hypo,-0.402616957635768,PALB2,23641310,-32930,32930
626,chr16,23674213,23674268,23674240,hypo,-0.402616957635768,ERN2,23713222,38982,38982
626,chr16,23674213,23674268,23674240,hypo,-0.402616957635768,NDUFAB1,23596316,-77924,77924
626,chr16,23674213,23674268,23674240,hypo,-0.402616957635768,CHP2,23755025,80785,80785
627,chr10,21169411,21169985,21169698,hyper,0.421046943375811,NEBL-AS1,21173989,4291,4291
628,chr8,40901293,40901525,40901409,hyper,0.475895748590124,ZMAT4,40897826,-3583,3583
629,chr9,91900288,91900364,91900326,hyper,0.51105597915368,ROR2,91950228,49902,49902
633,chr16,19239563,19239706,19239634,hypo,-0.458850358736213,CLEC19A,19285730,46096,46096
633,chr16,19239563,19239706,19239634,hypo,-0.458850358736213,SYT17,19167833,-71801,71801
636,chr9,111828227,111828352,111828289,hyper,0.572797605455321,SHOC1,111794937,-33352,33352
636,chr9,111828227,111828352,111828289,hyper,0.572797605455321,UGCG,111896813,68524,68524
638,chr13,110287543,110287680,110287611,hyper,0.385462939384508,COL4A1,110307157,19546,19546
638,chr13,110287543,110287680,110287611,hyper,0.385462939384508,COL4A2,110307283,19672,19672
638,chr13,110287543,110287680,110287611,hyper,0.385462939384508,MIR8073,110340957,53346,53346
640,chr3,47294980,47295227,47295103,hypo,-0.508673447139226,KLHL18,47282943,-12160,12160
640,chr3,47294980,47295227,47295103,hypo,-0.508673447139226,KIF9,47282799,-12304,12304
640,chr3,47294980,47295227,47295103,hypo,-0.508673447139226,SNORD13J,47250609,-44494,44494
640,chr3,47294980,47295227,47295103,hypo,-0.508673447139226,PTPN23,47381020,85917,85917
642,chr3,155648412,155648578,155648495,hyper,0.347130013131114,PLCH1,155745071,96576,96576
643,chr3,16443624,16443679,16443651,hypo,-0.237466948439792,RFTN1,16513699,70048,70048
643,chr3,16443624,16443679,16443651,hypo,-0.237466948439792,LINC00690,16536317,92666,92666
645,chr16,5159641,5159789,5159715,hypo,-0.374964941878261,EEF2KMT,5097820,-61895,61895
645,chr16,5159641,5159789,5159715,hypo,-0.374964941878261,ALG1,5071842,-87873,87873
645,chr16,5159641,5159789,5159715,hypo,-0.374964941878261,C16orf89,5066145,-93570,93570
646,chr5,107668522,107668741,107668631,hyper,0.484212882056548,EFNA5,107670937,2306,2306
647,chr5,9442892,9443185,9443038,hyper,0.478895951258071,SEMA5A-AS1,9511332,68294,68294
648,chr3,168214103,168214239,168214171,hyper,0.425108406960061,EGFEM1P,168249521,35350,35350
649,chr3,139229252,139229353,139229302,hyper,0.398269269348843,PISRT1,139233522,4220,4220
650,chr3,43388267,43388479,43388373,hyper,0.482249150585314,SNRK-AS1,43351962,-36411,36411
651,chr5,135112063,135112469,135112266,hypo,-0.44409126237894,C5orf66-AS1,135040047,-72219,72219
651,chr5,135112063,135112469,135112266,hypo,-0.44409126237894,PITX1,135034228,-78038,78038
651,chr5,135112063,135112469,135112266,hypo,-0.44409126237894,C5orf66,135033273,-78993,78993
652,chr1,205449151,205449294,205449222,hypo,-0.431254082534871,MIR135B,205448398,-824,824
652,chr1,205449151,205449294,205449222,hypo,-0.431254082534871,LEMD1-DT,205456057,6835,6835
652,chr1,205449151,205449294,205449222,hypo,-0.431254082534871,BLACAT1,205456086,6864,6864
652,chr1,205449151,205449294,205449222,hypo,-0.431254082534871,LEMD1,205422056,-27166,27166
652,chr1,205449151,205449294,205449222,hypo,-0.431254082534871,CDK18,205504668,55446,55446
652,chr1,205449151,205449294,205449222,hypo,-0.431254082534871,LEMD1-AS1,205373251,-75971,75971
652,chr1,205449151,205449294,205449222,hypo,-0.431254082534871,KLHDC8A,205357090,-92132,92132
654,chr13,77675642,77675842,77675742,hyper,0.284080249414306,LOC100129307,77662803,-12939,12939
654,chr13,77675642,77675842,77675742,hyper,0.284080249414306,SLAIN1,77697686,21944,21944
654,chr13,77675642,77675842,77675742,hyper,0.284080249414306,MIR3665,77698116,22374,22374
654,chr13,77675642,77675842,77675742,hyper,0.284080249414306,SCEL-AS1,77606551,-69191,69191
655,chr1,205082498,205082653,205082575,hypo,-0.633460532694379,TMEM81,205084460,1885,1885
655,chr1,205082498,205082653,205082575,hypo,-0.633460532694379,RBBP5,205121978,39403,39403
655,chr1,205082498,205082653,205082575,hypo,-0.633460532694379,CNTN2,205042948,-39627,39627
656,chr1,13733480,13733719,13733599,hyper,0.431463096941104,PRDM2,13700187,-33412,33412
657,chr15,58053468,58053979,58053723,hypo,-0.427587310216263,LOC283665,58065224,11501,11501
657,chr15,58053468,58053979,58053723,hypo,-0.427587310216263,ALDH1A2,58065923,12200,12200
657,chr15,58053468,58053979,58053723,hypo,-0.427587310216263,AQP9,58138168,84445,84445
658,chr17,59297010,59297135,59297072,hypo,-0.397248266847202,YPEL2,59331654,34582,34582
658,chr17,59297010,59297135,59297072,hypo,-0.397248266847202,MIR4729,59366082,69010,69010
658,chr17,59297010,59297135,59297072,hypo,-0.397248266847202,GDPD1,59220510,-76562,76562
658,chr17,59297010,59297135,59297072,hypo,-0.397248266847202,SMG8,59210009,-87063,87063
659,chr8,73490178,73490283,73490230,hyper,0.385828824388044,STAU2-AS1,73420073,-70157,70157
661,chr17,59194429,59194603,59194516,hypo,-0.344764565079821,SMG8,59210009,15493,15493
661,chr17,59194429,59194603,59194516,hypo,-0.344764565079821,GDPD1,59220510,25994,25994
661,chr17,59194429,59194603,59194516,hypo,-0.344764565079821,PRR11,59155745,-38771,38771
661,chr17,59194429,59194603,59194516,hypo,-0.344764565079821,SKA2,59155186,-39330,39330
661,chr17,59194429,59194603,59194516,hypo,-0.344764565079821,MIR301A,59151221,-43295,43295
661,chr17,59194429,59194603,59194516,hypo,-0.344764565079821,MIR454,59137872,-56644,56644
661,chr17,59194429,59194603,59194516,hypo,-0.344764565079821,TRIM37,59106880,-87636,87636
662,chr12,104599255,104599370,104599312,hyper,0.413973952614859,MIR3922,104591632,-7680,7680
663,chr19,52176536,52176613,52176574,hyper,0.387574097843963,ZNF836,52171621,-4953,4953
663,chr19,52176536,52176613,52176574,hyper,0.387574097843963,PPP2R1A,52190051,13477,13477
663,chr19,52176536,52176613,52176574,hyper,0.387574097843963,ZNF616,52139938,-36636,36636
663,chr19,52176536,52176613,52176574,hyper,0.387574097843963,MIR6801,52222019,45445,45445
663,chr19,52176536,52176613,52176574,hyper,0.387574097843963,ZNF841,52095765,-80809,80809
663,chr19,52176536,52176613,52176574,hyper,0.387574097843963,ZNF766,52269586,93012,93012
664,chr1,55032914,55033126,55033020,hypo,-0.513106248788824,PCSK9,55039547,6527,6527
664,chr1,55032914,55033126,55033020,hypo,-0.513106248788824,BSND,54998932,-34088,34088
664,chr1,55032914,55033126,55033020,hypo,-0.513106248788824,TMEM61,54980627,-52393,52393
665,chr6,154042039,154042231,154042135,hypo,-0.40548533879595,OPRM1,154010495,-31640,31640
667,chr8,53511038,53511366,53511202,hyper,0.414466164372912,LOC100507516,53523965,12763,12763
672,chr1,171143012,171143263,171143137,hypo,-0.671961634074355,FMO6P,171137739,-5398,5398
672,chr1,171143012,171143263,171143137,hypo,-0.671961634074355,MIR1295A,171101806,-41331,41331
672,chr1,171143012,171143263,171143137,hypo,-0.671961634074355,MIR1295B,171101738,-41399,41399
672,chr1,171143012,171143263,171143137,hypo,-0.671961634074355,FMO2,171185207,42070,42070
672,chr1,171143012,171143263,171143137,hypo,-0.671961634074355,FMO3,171090904,-52233,52233
675,chr4,147492891,147493007,147492949,hyper,0.486368044205353,EDNRA,147480916,-12033,12033
677,chr7,92504744,92504990,92504867,hyper,0.335122222164618,PEX1,92528520,23653,23653
677,chr7,92504744,92504990,92504867,hyper,0.335122222164618,RBM48,92528794,23927,23927
677,chr7,92504744,92504990,92504867,hyper,0.335122222164618,ERVW-1,92477946,-26921,26921
677,chr7,92504744,92504990,92504867,hyper,0.335122222164618,GATAD1,92447481,-57386,57386
677,chr7,92504744,92504990,92504867,hyper,0.335122222164618,TMBIM7P,92437314,-67553,67553
677,chr7,92504744,92504990,92504867,hyper,0.335122222164618,FAM133B,92590390,85523,85523
678,chr12,105622435,105622836,105622635,hypo,-0.553541901686036,CASC18,105704202,81567,81567
679,chr2,186408717,186409006,186408861,hypo,-0.32096206519953,ZC3H15,186486259,77398,77398
681,chr3,177131017,177131194,177131105,hyper,0.462264422202994,TBL1XR1,177197482,66377,66377
683,chr1,213892214,213892428,213892321,hypo,-0.616656644495632,LINC00538,213924748,32427,32427
683,chr1,213892214,213892428,213892321,hypo,-0.616656644495632,PROX1-AS1,213986153,93832,93832
683,chr1,213892214,213892428,213892321,hypo,-0.616656644495632,PROX1,213987972,95651,95651
684,chr11,105153525,105153689,105153607,hyper,0.500774523265721,CARD18,105139769,-13838,13838
684,chr11,105153525,105153689,105153607,hyper,0.500774523265721,CARD17,105101431,-52176,52176
684,chr11,105153525,105153689,105153607,hyper,0.500774523265721,CASP1P2,105071530,-82077,82077
685,chr4,89198130,89198404,89198267,hypo,-0.559346110238967,TIGD2,89111168,-87099,87099
687,chr1,176437097,176437211,176437154,hyper,0.493304988411892,PAPPA2,176463174,26020,26020
688,chr2,180985281,180985943,180985612,hyper,0.465685280079441,UBE2E3,180980384,-5228,5228
690,chr15,98127673,98127913,98127793,hyper,0.443886023154278,LINC01582,98088753,-39040,39040
694,chr11,46952332,46952503,46952417,hypo,-0.332466129017853,C11orf49,46936688,-15729,15729
694,chr11,46952332,46952503,46952417,hypo,-0.332466129017853,LRP4,46918550,-33867,33867
701,chr8,71760605,71760865,71760735,hypo,-0.429047112133125,MSC-AS1,71843122,82387,82387
701,chr8,71760605,71760865,71760735,hypo,-0.429047112133125,MSC,71844412,83677,83677
703,chr6,84263647,84263804,84263725,hyper,0.493654425685652,CEP162,84227643,-36082,36082
705,chr19,47004366,47004423,47004394,hyper,0.438191102180267,NPAS1,47019836,15442,15442
705,chr19,47004366,47004423,47004394,hyper,0.438191102180267,TMEM160,47048624,44230,44230
707,chr2,196726055,196726522,196726288,hypo,-0.413098311336712,LOC100130452,196713012,-13276,13276
707,chr2,196726055,196726522,196726288,hypo,-0.413098311336712,GTF3C3,196799683,73395,73395
707,chr2,196726055,196726522,196726288,hypo,-0.413098311336712,C2orf66,196809355,83067,83067
707,chr2,196726055,196726522,196726288,hypo,-0.413098311336712,CCDC150,196639714,-86574,86574
708,chr8,125439886,125440087,125439986,hypo,-0.562677623076638,TRIB1,125430357,-9629,9629
713,chr5,95401622,95402630,95402126,hyper,0.41707445706331,FAM81B,95391365,-10761,10761
714,chr7,155507942,155508207,155508074,hypo,-0.343520665397749,EN2,155458128,-49946,49946
714,chr7,155507942,155508207,155508074,hypo,-0.343520665397749,CNPY1,155570746,62672,62672
716,chr15,61635162,61635586,61635374,hypo,-0.376305114837225,LINC02349,61729917,94543,94543
717,chr1,244766929,244767241,244767085,hypo,-0.598598212022916,COX20,244835305,68220,68220
717,chr1,244766929,244767241,244767085,hypo,-0.598598212022916,SNORA100,244854217,87132,87132
717,chr1,244766929,244767241,244767085,hypo,-0.598598212022916,HNRNPU,244864543,97458,97458
718,chr2,109549149,109549535,109549342,hyper,0.413316108493311,SEPTIN10,109613966,64624,64624
718,chr2,109549149,109549535,109549342,hyper,0.413316108493311,SOWAHC,109614363,65021,65021
719,chr7,117226225,117226400,117226312,hyper,0.358353766105331,ST7-OT3,117182680,-43632,43632
719,chr7,117226225,117226400,117226312,hyper,0.358353766105331,ST7-AS2,117145592,-80720,80720
719,chr7,117226225,117226400,117226312,hyper,0.358353766105331,WNT2,117323058,96746,96746
721,chr20,33278285,33278375,33278330,hypo,-0.613554965425542,BPIFB1,33283213,4883,4883
721,chr20,33278285,33278375,33278330,hypo,-0.613554965425542,BPIFA1,33235995,-42335,42335
721,chr20,33278285,33278375,33278330,hypo,-0.613554965425542,BPIFA3,33217309,-61021,61021
721,chr20,33278285,33278375,33278330,hypo,-0.613554965425542,BPIFA4P,33193604,-84726,84726
722,chr2,150586958,150587595,150587276,hyper,0.401155030428252,LINC01920,150572221,-15055,15055
722,chr2,150586958,150587595,150587276,hyper,0.401155030428252,LINC02612,150628896,41620,41620
722,chr2,150586958,150587595,150587276,hyper,0.401155030428252,RND3,150487695,-99581,99581
723,chr14,95656783,95657002,95656892,hyper,0.399795775376895,TCL6,95652096,-4796,4796
723,chr14,95656783,95657002,95656892,hyper,0.399795775376895,TCL1B,95686425,29533,29533
723,chr14,95656783,95657002,95656892,hyper,0.399795775376895,TCL1A,95714125,57233,57233
723,chr14,95656783,95657002,95656892,hyper,0.399795775376895,LOC107984703,95715482,58590,58590
723,chr14,95656783,95657002,95656892,hyper,0.399795775376895,LINC02318,95573561,-83331,83331
724,chr14,71482401,71482594,71482497,hypo,-0.28179748150865,LOC145474,71487860,5363,5363
724,chr14,71482401,71482594,71482497,hypo,-0.28179748150865,SNORD56B,71398336,-84161,84161
725,chr5,93821104,93821273,93821188,hyper,0.279775306629527,POU5F2,93741600,-79588,79588
727,chr3,35759996,35760207,35760101,hyper,0.490967873240308,MIR128-2,35744475,-15626,15626
729,chr8,124197866,124197971,124197918,hyper,0.470796749683411,FER1L6-AS2,124171522,-26396,26396
729,chr8,124197866,124197971,124197918,hyper,0.470796749683411,LOC101927588,124247398,49480,49480
731,chr6,112202819,112202909,112202864,hyper,0.446800200880365,LAMA4-AS1,112236595,33731,33731
731,chr6,112202819,112202909,112202864,hyper,0.446800200880365,LAMA4,112254715,51851,51851
734,chr14,64623691,64623822,64623756,hypo,-0.494943766702834,PPP1R36,64549960,-73796,73796
734,chr14,64623691,64623822,64623756,hypo,-0.494943766702834,PLEKHG3,64704423,80667,80667
734,chr14,64623691,64623822,64623756,hypo,-0.494943766702834,HSPA2,64540467,-83289,83289
734,chr14,64623691,64623822,64623756,hypo,-0.494943766702834,LOC102723809,64540368,-83388,83388
735,chr8,97190836,97190953,97190894,hyper,0.388296930841068,TSPYL5,97277928,87034,87034
737,chr11,123257581,123257800,123257690,hyper,0.282741078797395,CLMP,123195248,-62442,62442
738,chr10,24770501,24770760,24770630,hyper,0.495748463786831,ARHGAP21,24723887,-46743,46743
739,chr20,22367055,22367324,22367189,hyper,0.462515803163243,LOC284788,22420643,53454,53454
739,chr20,22367055,22367324,22367189,hyper,0.462515803163243,LINC01427,22282801,-84388,84388
740,chr21,16134096,16134339,16134217,hypo,-0.409525331001469,MIR99AHG,16070487,-63730,63730
741,chr6,168280305,168280466,168280385,hyper,0.434783064819362,LOC101929420,168242937,-37448,37448
741,chr6,168280305,168280466,168280385,hyper,0.434783064819362,DACT2,168319777,39392,39392
741,chr6,168280305,168280466,168280385,hyper,0.434783064819362,LOC105378137,168226517,-53868,53868
743,chr17,14078618,14078688,14078653,hyper,0.365635002396769,COX10,14069503,-9150,9150
743,chr17,14078618,14078688,14078653,hyper,0.365635002396769,COX10-AS1,14069458,-9195,9195
743,chr17,14078618,14078688,14078653,hyper,0.365635002396769,CDRT15P1,14024497,-54156,54156
744,chr3,171194516,171194600,171194558,hypo,-0.465185856529862,MIR569,171106759,-87799,87799
745,chr4,53956090,53956322,53956206,hyper,0.468063901869983,RPL21P44,53987282,31076,31076
750,chr5,66440154,66440314,66440234,hyper,0.402696423020424,LINC02229,66511604,71370,71370
751,chr12,109444354,109444483,109444418,hyper,0.493851623242928,KCTD10,109477300,32882,32882
751,chr12,109444354,109444483,109444418,hyper,0.493851623242928,UBE3B,109477622,33204,33204
751,chr12,109444354,109444483,109444418,hyper,0.493851623242928,MYO1H,109388718,-55700,55700
751,chr12,109444354,109444483,109444418,hyper,0.493851623242928,LINC01486,109359488,-84930,84930
753,chr4,54409599,54409717,54409658,hyper,0.43730920879012,LINC02283,54332891,-76767,76767
756,chr10,7997707,7997901,7997804,hypo,-0.384371281655006,GATA3-AS1,8053484,55680,55680
756,chr10,7997707,7997901,7997804,hypo,-0.384371281655006,GATA3,8054687,56883,56883
757,chr15,38736820,38737054,38736937,hyper,0.360998209277269,LINC02694,38696597,-40340,40340
759,chr3,146626465,146626623,146626544,hyper,0.418496807887825,PLSCR5,146606216,-20328,20328
759,chr3,146626465,146626623,146626544,hyper,0.418496807887825,PLSCR1,146544607,-81937,81937
760,chr10,49082430,49082607,49082518,hyper,0.370512188451251,VSTM4,49115522,33004,33004
760,chr10,49082430,49082607,49082518,hyper,0.370512188451251,FAM170B-AS1,49121838,39320,39320
760,chr10,49082430,49082607,49082518,hyper,0.370512188451251,FAM170B,49134021,51503,51503
760,chr10,49082430,49082607,49082518,hyper,0.370512188451251,MIR4294,48985587,-96931,96931
762,chr12,104656629,104656736,104656682,hyper,0.348595047780463,MIR3922,104591632,-65050,65050
763,chr3,40593665,40593879,40593772,hypo,-0.365368892313892,ZNF621,40524877,-68895,68895
763,chr3,40593665,40593879,40593772,hypo,-0.365368892313892,ZNF620,40506038,-87734,87734
765,chr18,11849873,11850148,11850010,hyper,0.497632316329795,CHMP1B,11851412,1402,1402
765,chr18,11849873,11850148,11850010,hyper,0.497632316329795,MPPE1,11908317,58307,58307
768,chr4,158524246,158524459,158524352,hypo,-0.372020625494498,RXFP1,158521713,-2639,2639
769,chr17,70104775,70104848,70104811,hyper,0.383798328517003,KCNJ16,70075224,-29587,29587
769,chr17,70104775,70104848,70104811,hyper,0.383798328517003,LINC01028,70051270,-53541,53541
769,chr17,70104775,70104848,70104811,hyper,0.383798328517003,KCNJ2-AS1,70169402,64591,64591
769,chr17,70104775,70104848,70104811,hyper,0.383798328517003,KCNJ2,70169531,64720,64720
771,chr18,55166438,55166549,55166493,hypo,-0.581254995494126,LINC01929,55124306,-42187,42187
772,chr2,224958253,224958373,224958313,hypo,-0.452694495437183,MIR4439,225010540,52227,52227
772,chr2,224958253,224958373,224958313,hypo,-0.452694495437183,DOCK10,225042468,84155,84155
774,chr3,161524279,161524576,161524427,hypo,-0.492538911430613,OTOL1,161496807,-27620,27620
774,chr3,161524279,161524576,161524427,hypo,-0.492538911430613,LINC02067,161426426,-98001,98001
776,chr18,62604887,62605161,62605024,hyper,0.41384924058448,ZCCHC2,62523024,-82000,82000
777,chr2,39922647,39922877,39922762,hyper,0.390837327404492,SLC8A1-AS1,39917633,-5129,5129
779,chr1,20711918,20712026,20711972,hyper,0.482760950541459,KIF17,20718007,6035,6035
779,chr1,20711918,20712026,20711972,hyper,0.482760950541459,SH2D5,20732703,20731,20731
779,chr1,20711918,20712026,20711972,hyper,0.482760950541459,DDOST,20661369,-50603,50603
779,chr1,20711918,20712026,20711972,hyper,0.482760950541459,PINK1-AS,20652193,-59779,59779
779,chr1,20711918,20712026,20711972,hyper,0.482760950541459,HP1BP3,20787307,75335,75335
779,chr1,20711918,20712026,20711972,hyper,0.482760950541459,MIR6084,20633678,-78294,78294
779,chr1,20711918,20712026,20711972,hyper,0.482760950541459,PINK1,20633457,-78515,78515
781,chr6,55671671,55672566,55672118,hyper,0.31276402712587,HMGCLL1,55579214,-92904,92904
782,chr6,136193469,136193575,136193522,hyper,0.385852443793045,MTFR2,136250311,56789,56789
782,chr6,136193469,136193575,136193522,hyper,0.385852443793045,BCLAF1,136289851,96329,96329
784,chr19,13605550,13605655,13605602,hypo,-0.378770763390346,CACNA1A,13506479,-99123,99123
786,chr6,137430886,137431265,137431075,hyper,0.385135154061625,OLIG3,137494394,63319,63319
792,chr12,112602695,112602784,112602739,hypo,-0.416614037677682,RPH3A,112575235,-27504,27504
792,chr12,112602695,112602784,112602739,hypo,-0.416614037677682,MIR1302-1,112695176,92437,92437
793,chr6,50840506,50840668,50840587,hypo,-0.439072215642413,TFAP2B,50818870,-21717,21717
795,chr1,208045085,208045151,208045118,hypo,-0.540527098549411,LINC02767,207958990,-86128,86128
797,chr5,76867042,76867245,76867143,hyper,0.424357265750917,S100Z,76850013,-17130,17130
797,chr5,76867042,76867245,76867143,hyper,0.424357265750917,F2RL1,76819029,-48114,48114
797,chr5,76867042,76867245,76867143,hyper,0.424357265750917,CRHBP,76953044,85901,85901
798,chr22,44595821,44595925,44595873,hyper,0.557397800353266,LINC00207,44569339,-26534,26534
798,chr22,44595821,44595925,44595873,hyper,0.557397800353266,LINC00229,44625419,29546,29546
798,chr22,44595821,44595925,44595873,hyper,0.557397800353266,PRR5,44668546,72673,72673
798,chr22,44595821,44595925,44595873,hyper,0.557397800353266,RTL6,44498233,-97640,97640
799,chr13,112956525,112956620,112956572,hyper,0.39770451025581,MCF2L-AS1,112968638,12066,12066
799,chr13,112956525,112956620,112956572,hyper,0.39770451025581,MCF2L,112969213,12641,12641
800,chr15,55982194,55982409,55982301,hyper,0.310428782760268,NEDD4,55993612,11311,11311
801,chr9,126520116,126520179,126520147,hyper,0.449066764397775,LMX1B,126613927,93780,93780
802,chr3,73073339,73073698,73073518,hypo,-0.519204835215334,EBLN2,73061658,-11860,11860
802,chr3,73073339,73073698,73073518,hypo,-0.519204835215334,PPP4R2,72996742,-76776,76776
805,chr8,74825268,74825345,74825306,hyper,0.445415370218242,PI15,74824533,-773,773
806,chr9,975544,975626,975585,hyper,0.480122529621533,DMRT3,976654,1069,1069
806,chr9,975544,975626,975585,hyper,0.480122529621533,LINC01230,1048142,72557,72557
806,chr9,975544,975626,975585,hyper,0.480122529621533,DMRT2,1050353,74768,74768
807,chr2,149125041,149125259,149125150,hypo,-0.2926231049081,LYPD6B,149038466,-86684,86684
809,chr20,25864766,25864853,25864809,hyper,0.532320943317174,LOC101926935,25854021,-10788,10788
809,chr20,25864766,25864853,25864809,hyper,0.532320943317174,FAM182B,25801291,-63518,63518
809,chr20,25864766,25864853,25864809,hyper,0.532320943317174,LINC01733,25955811,91002,91002
810,chr6,131129782,131130031,131129906,hyper,0.359800480989719,AKAP7,131135466,5560,5560
810,chr6,131129782,131130031,131129906,hyper,0.359800480989719,EPB41L2,131063322,-66584,66584
811,chr5,72495572,72495676,72495624,hyper,0.403328289469594,ZNF366,72507410,11786,11786
811,chr5,72495572,72495676,72495624,hyper,0.403328289469594,LOC102503427,72557076,61452,61452
814,chr19,50781009,50781165,50781087,hyper,0.39445401253028,LOC105372440,50786160,5073,5073
814,chr19,50781009,50781165,50781087,hyper,0.39445401253028,ACP4,50790414,9327,9327
814,chr19,50781009,50781165,50781087,hyper,0.39445401253028,GPR32,50770463,-10624,10624
814,chr19,50781009,50781165,50781087,hyper,0.39445401253028,SNORD88B,50799125,18038,18038
814,chr19,50781009,50781165,50781087,hyper,0.39445401253028,SNORD88A,50799535,18448,18448
814,chr19,50781009,50781165,50781087,hyper,0.39445401253028,SNORD88C,50802421,21334,21334
814,chr19,50781009,50781165,50781087,hyper,0.39445401253028,C19orf48,50804853,23766,23766
814,chr19,50781009,50781165,50781087,hyper,0.39445401253028,LINC01869,50817680,36593,36593
814,chr19,50781009,50781165,50781087,hyper,0.39445401253028,KLK1,50823787,42700,42700
814,chr19,50781009,50781165,50781087,hyper,0.39445401253028,LOC105372441,50830529,49442,49442
814,chr19,50781009,50781165,50781087,hyper,0.39445401253028,KLK15,50831523,50436,50436
814,chr19,50781009,50781165,50781087,hyper,0.39445401253028,CLEC11A,50723363,-57724,57724
814,chr19,50781009,50781165,50781087,hyper,0.39445401253028,SHANK1,50719802,-61285,61285
814,chr19,50781009,50781165,50781087,hyper,0.39445401253028,KLK3,50854914,73827,73827
814,chr19,50781009,50781165,50781087,hyper,0.39445401253028,KLK2,50873432,92345,92345
816,chr6,29798059,29798285,29798172,hypo,-0.421704562859495,HCG4,29793073,-5099,5099
816,chr6,29798059,29798285,29798172,hypo,-0.421704562859495,HLA-V,29791905,-6267,6267
816,chr6,29798059,29798285,29798172,hypo,-0.421704562859495,HLA-G,29826473,28301,28301
816,chr6,29798059,29798285,29798172,hypo,-0.421704562859495,IFITM4P,29751148,-47024,47024
816,chr6,29798059,29798285,29798172,hypo,-0.421704562859495,HLA-F-AS1,29749049,-49123,49123
816,chr6,29798059,29798285,29798172,hypo,-0.421704562859495,HLA-F,29723339,-74833,74833
816,chr6,29798059,29798285,29798172,hypo,-0.421704562859495,HCP5B,29873783,75611,75611
816,chr6,29798059,29798285,29798172,hypo,-0.421704562859495,HLA-H,29887572,89400,89400
817,chr13,52894617,52894856,52894736,hyper,0.319528803155145,PCDH8,52848640,-46096,46096
817,chr13,52894617,52894856,52894736,hyper,0.319528803155145,MIR759,52810049,-84687,84687
818,chr21,19993303,19993464,19993383,hyper,0.326167754776734,LINC01683,19899755,-93628,93628
820,chr3,150549742,150549944,150549843,hyper,0.324636510243348,EIF2A,150546677,-3166,3166
820,chr3,150549742,150549944,150549843,hyper,0.324636510243348,SERP1,150546496,-3347,3347
820,chr3,150549742,150549944,150549843,hyper,0.324636510243348,SELENOT,150603320,53477,53477
822,chr7,45191082,45191319,45191200,hyper,0.381491540439676,RAMP3,45157790,-33410,33410
822,chr7,45191082,45191319,45191200,hyper,0.381491540439676,TBRG4,45111747,-79453,79453
822,chr7,45191082,45191319,45191200,hyper,0.381491540439676,SNORA5B,45106099,-85101,85101
822,chr7,45191082,45191319,45191200,hyper,0.381491540439676,SNORA5C,45105042,-86158,86158
822,chr7,45191082,45191319,45191200,hyper,0.381491540439676,SNORA5A,45104482,-86718,86718
823,chr19,54224118,54224223,54224170,hyper,0.415833987525435,LILRB3,54223007,-1163,1163
823,chr19,54224118,54224223,54224170,hyper,0.415833987525435,LILRA6,54242795,18625,18625
823,chr19,54224118,54224223,54224170,hyper,0.415833987525435,RPS9,54200857,-23313,23313
823,chr19,54224118,54224223,54224170,hyper,0.415833987525435,LILRB5,54257273,33103,33103
823,chr19,54224118,54224223,54224170,hyper,0.415833987525435,TSEN34,54190267,-33903,33903
823,chr19,54224118,54224223,54224170,hyper,0.415833987525435,MBOAT7,54189882,-34288,34288
823,chr19,54224118,54224223,54224170,hyper,0.415833987525435,TMC4,54173160,-51010,51010
823,chr19,54224118,54224223,54224170,hyper,0.415833987525435,LILRB2,54281178,57008,57008
823,chr19,54224118,54224223,54224170,hyper,0.415833987525435,MIR4752,54282108,57938,57938
823,chr19,54224118,54224223,54224170,hyper,0.415833987525435,LENG1,54159721,-64449,64449
823,chr19,54224118,54224223,54224170,hyper,0.415833987525435,CNOT3,54137761,-86409,86409
823,chr19,54224118,54224223,54224170,hyper,0.415833987525435,LILRA5,54313166,88996,88996
826,chr18,54416441,54416986,54416713,hypo,-0.387035346304501,C18orf54,54357905,-58808,58808
826,chr18,54416441,54416986,54416713,hypo,-0.387035346304501,STARD6,54357858,-58855,58855
827,chr3,63766836,63767268,63767052,hyper,0.310517587637586,C3orf49,63819298,52246,52246
827,chr3,63766836,63767268,63767052,hyper,0.310517587637586,THOC7-AS1,63860644,93592,93592
827,chr3,63766836,63767268,63767052,hyper,0.310517587637586,ATXN7,63863143,96091,96091
827,chr3,63766836,63767268,63767052,hyper,0.310517587637586,THOC7,63863923,96871,96871
828,chr13,114130405,114130549,114130477,hyper,0.463348163156347,RASA3,114132623,2146,2146
832,chr3,24770453,24770537,24770495,hyper,0.38004827882107,RARB,24829322,58827,58827
833,chr5,80625028,80625225,80625126,hypo,-0.361487200650907,LINC01337,80622524,-2602,2602
833,chr5,80625028,80625225,80625126,hypo,-0.361487200650907,MTRNR2L2,80651008,25882,25882
833,chr5,80625028,80625225,80625126,hypo,-0.361487200650907,MSH3,80654651,29525,29525
833,chr5,80625028,80625225,80625126,hypo,-0.361487200650907,DHFR,80654983,29857,29857
833,chr5,80625028,80625225,80625126,hypo,-0.361487200650907,ANKRD34B,80570280,-54846,54846
835,chr17,54906875,54906945,54906910,hyper,0.370540944703083,TOM1L1,54900690,-6220,6220
835,chr17,54906875,54906945,54906910,hyper,0.370540944703083,STXBP4,54968764,61854,61854
835,chr17,54906875,54906945,54906910,hyper,0.370540944703083,COX11,54968785,61875,61875
838,chr15,36921700,36921886,36921793,hyper,0.42381585512793,LOC145845,36886533,-35260,35260
838,chr15,36921700,36921886,36921793,hyper,0.42381585512793,MIR8063,36972901,51108,51108
839,chr2,184406983,184407106,184407044,hyper,0.492803813315898,MIR548AE1,184378974,-28070,28070
840,chr4,119532717,119532938,119532827,hyper,0.470161281775022,SEPTIN7P14,119454782,-78045,78045
840,chr4,119532717,119532938,119532827,hyper,0.470161281775022,GTF2IP12,119454628,-78199,78199
840,chr4,119532717,119532938,119532827,hyper,0.470161281775022,LOC107986192,119627789,94962,94962
840,chr4,119532717,119532938,119532827,hyper,0.470161281775022,PDE5A,119628804,95977,95977
843,chr7,148588798,148588907,148588852,hyper,0.456692650429493,C7orf33,148590765,1913,1913
844,chr5,114104927,114105109,114105018,hypo,-0.426468632745009,KCNN2,114055977,-49041,49041
845,chr16,55391504,55391685,55391594,hyper,0.343700781269969,IRX6,55324202,-67392,67392
845,chr16,55391504,55391685,55391594,hyper,0.343700781269969,MMP2-AS1,55462297,70703,70703
845,chr16,55391504,55391685,55391594,hyper,0.343700781269969,MMP2,55478829,87235,87235
846,chr7,604867,604962,604914,hyper,0.394792184739963,PRKAR1B-AS1,602844,-2070,2070
846,chr7,604867,604962,604914,hyper,0.394792184739963,PRKAR1B-AS2,561957,-42957,42957
846,chr7,604867,604962,604914,hyper,0.394792184739963,HRAT92,520390,-84524,84524
846,chr7,604867,604962,604914,hyper,0.394792184739963,PDGFA,519844,-85070,85070
847,chr13,51105097,51105405,51105251,hyper,0.332340752862827,GUCY1B2,51066157,-39094,39094
847,chr13,51105097,51105405,51105251,hyper,0.332340752862827,C13orf42,51172388,67137,67137
850,chr8,8459041,8459179,8459110,hypo,-0.339249441201551,PRAG1,8386439,-72671,72671
851,chr2,6674314,6674538,6674426,hypo,-0.429423567023654,MIR7515HG,6650519,-23907,23907
851,chr2,6674314,6674538,6674426,hypo,-0.429423567023654,MIR7515,6650372,-24054,24054
851,chr2,6674314,6674538,6674426,hypo,-0.429423567023654,LINC01246,6634706,-39720,39720
851,chr2,6674314,6674538,6674426,hypo,-0.429423567023654,LINC00487,6770311,95885,95885
852,chr2,213714794,213715005,213714899,hypo,-0.376444537489631,MIR4438,213758066,43167,43167
855,chr11,27460992,27461301,27461146,hyper,0.340526298624296,LGR4-AS1,27471730,10584,10584
855,chr11,27460992,27461301,27461146,hyper,0.340526298624296,LGR4,27472790,11644,11644
855,chr11,27460992,27461301,27461146,hyper,0.340526298624296,LIN7C,27506769,45623,45623
855,chr11,27460992,27461301,27461146,hyper,0.340526298624296,BDNF-AS,27506851,45705,45705
855,chr11,27460992,27461301,27461146,hyper,0.340526298624296,MIR8087,27515047,53901,53901
855,chr11,27460992,27461301,27461146,hyper,0.340526298624296,CCDC34,27363248,-97898,97898
856,chrX,12825892,12826092,12825992,hyper,0.479467679009854,PRPS2,12791354,-34638,34638
856,chrX,12825892,12826092,12825992,hyper,0.479467679009854,TLR7,12867071,41079,41079
856,chrX,12825892,12826092,12825992,hyper,0.479467679009854,TLR8,12906619,80627,80627
859,chr5,100789814,100790058,100789936,hyper,0.351836641655342,MIR548P,100816565,26629,26629
860,chr3,111074148,111074530,111074339,hyper,0.311635650648614,NECTIN3,111071815,-2524,2524
860,chr3,111074148,111074530,111074339,hyper,0.311635650648614,NECTIN3-AS1,111069959,-4380,4380
861,chr3,127384783,127384869,127384826,hyper,0.405479046332705,LINC02016,127390670,5844,5844
861,chr3,127384783,127384869,127384826,hyper,0.405479046332705,PRR20G,127288046,-96780,96780
862,chr4,122224502,122224621,122224561,hyper,0.363962191785391,KIAA1109,122152330,-72231,72231
863,chr17,56765958,56766030,56765994,hyper,0.294582850597888,C17orf67,56833920,67926,67926
863,chr17,56765958,56766030,56765994,hyper,0.294582850597888,DGKE,56834150,68156,68156
864,chr8,119673146,119673248,119673197,hyper,0.383202048234426,ENPP2,119673390,193,193
866,chr17,72392778,72392875,72392826,hyper,0.552130252370472,LINC02003,72342810,-50016,50016
867,chr1,160402669,160403116,160402892,hyper,0.37796237276736,VANGL2,160400563,-2329,2329
867,chr1,160402669,160403116,160402892,hyper,0.37796237276736,NHLH1,160367070,-35822,35822
867,chr1,160402669,160403116,160402892,hyper,0.37796237276736,NCSTN,160343382,-59510,59510
867,chr1,160402669,160403116,160402892,hyper,0.37796237276736,COPA,160343250,-59642,59642
867,chr1,160402669,160403116,160402892,hyper,0.37796237276736,SUMO1P3,160317264,-85628,85628
868,chr1,91846073,91846212,91846142,hypo,-0.189325148582677,TGFBR3,91906002,59860,59860
869,chr15,100471548,100471638,100471593,hypo,-0.409538585143963,CERS3,100544683,73090,73090
869,chr15,100471548,100471638,100471593,hypo,-0.409538585143963,LOC102723335,100558665,87072,87072
869,chr15,100471548,100471638,100471593,hypo,-0.409538585143963,PRKXP1,100559283,87690,87690
869,chr15,100471548,100471638,100471593,hypo,-0.409538585143963,CERS3-AS1,100372938,-98655,98655
870,chr11,82720766,82720852,82720809,hyper,0.39700632582146,FAM181B,82733864,13055,13055
871,chr14,56795505,56795621,56795563,hyper,0.415816530978309,OTX2,56810479,14916,14916
871,chr14,56795505,56795621,56795563,hyper,0.415816530978309,OTX2-AS1,56812005,16442,16442
872,chr9,88234470,88234633,88234551,hyper,0.478587776944415,SPATA31C2,88138481,-96070,96070
874,chr7,47507573,47507634,47507603,hyper,0.468174878092911,SNORD151,47464803,-42800,42800
874,chr7,47507573,47507634,47507603,hyper,0.468174878092911,TNS3,47582111,74508,74508
875,chr10,99994287,99994431,99994359,hyper,0.292114292327058,DNMBP,100009947,15588,15588
875,chr10,99994287,99994431,99994359,hyper,0.292114292327058,DNMBP-AS1,99927204,-67155,67155
875,chr10,99994287,99994431,99994359,hyper,0.292114292327058,CPN1,100081869,87510,87510
877,chr3,38634163,38634225,38634194,hyper,0.516583661044238,SCN5A,38649687,15493,15493
878,chr14,70576644,70577074,70576859,hypo,-0.306582654370728,MED6,70600690,23831,23831
878,chr14,70576644,70577074,70576859,hypo,-0.306582654370728,ADAM20,70535004,-41855,41855
878,chr14,70576644,70577074,70576859,hypo,-0.306582654370728,LOC101928075,70641298,64439,64439
878,chr14,70576644,70577074,70576859,hypo,-0.306582654370728,TTC9,70641915,65056,65056
878,chr14,70576644,70577074,70576859,hypo,-0.306582654370728,ADAM20P1,70483756,-93103,93103
879,chr2,152381257,152381362,152381309,hyper,0.39978528135988,FMNL2,152335173,-46136,46136
883,chr1,166210308,166210502,166210405,hypo,-0.527857069963725,FAM78B,166167001,-43404,43404
883,chr1,166210308,166210502,166210405,hypo,-0.527857069963725,MIR921,166154798,-55607,55607
884,chr6,8378593,8378795,8378694,hyper,0.404305028057311,SLC35B3,8435567,56873,56873
884,chr6,8378593,8378795,8378694,hyper,0.404305028057311,LOC100506207,8435622,56928,56928
886,chr6,151021771,151021879,151021825,hyper,0.312357830487347,MIR12131,151102674,80849,80849
887,chr7,155492094,155492228,155492161,hyper,0.386096974441943,EN2,155458128,-34033,34033
887,chr7,155492094,155492228,155492161,hyper,0.386096974441943,CNPY1,155570746,78585,78585
888,chr10,91435433,91435751,91435592,hyper,0.315946268274748,HECTD2,91409234,-26358,26358
889,chr11,31820716,31820820,31820768,hyper,0.423829438353944,PAX6,31817961,-2807,2807
889,chr11,31820716,31820820,31820768,hyper,0.423829438353944,PAX6-AS1,31816565,-4203,4203
889,chr11,31820716,31820820,31820768,hyper,0.423829438353944,PAUPAR,31826566,5798,5798
890,chr20,23065265,23065325,23065295,hyper,0.329185038593139,THBD,23049672,-15623,15623
890,chr20,23065265,23065325,23065295,hyper,0.329185038593139,CD93,23086324,21029,21029
890,chr20,23065265,23065325,23065295,hyper,0.329185038593139,SSTR4,23035311,-29984,29984
890,chr20,23065265,23065325,23065295,hyper,0.329185038593139,LINC00656,23132636,67341,67341
892,chr11,35205869,35206069,35205969,hyper,0.342376219562063,SNORD164,35162949,-43020,43020
892,chr11,35205869,35206069,35205969,hyper,0.342376219562063,CD44,35139170,-66799,66799
892,chr11,35205869,35206069,35205969,hyper,0.342376219562063,LOC100507144,35138032,-67937,67937
893,chr6,12582392,12582705,12582548,hyper,0.375791856630876,LINC02530,12585404,2856,2856
896,chr11,70365163,70365230,70365196,hyper,0.36779648140345,CTTN,70398505,33309,33309
896,chr11,70365163,70365230,70365196,hyper,0.36779648140345,MIR548K,70283954,-81242,81242
896,chr11,70365163,70365230,70365196,hyper,0.36779648140345,PPFIA1,70270689,-94507,94507
897,chr2,49111958,49112344,49112151,hyper,0.278671570304295,FSHR,49154515,42364,42364
897,chr2,49111958,49112344,49112151,hyper,0.278671570304295,MIR548BA,49059602,-52549,52549
898,chr6,167834270,167834337,167834303,hyper,0.413364285272532,AFDN-DT,167826796,-7507,7507
898,chr6,167834270,167834337,167834303,hyper,0.413364285272532,AFDN,167826563,-7740,7740
898,chr6,167834270,167834337,167834303,hyper,0.413364285272532,LINC01558,167796859,-37444,37444
898,chr6,167834270,167834337,167834303,hyper,0.413364285272532,LOC441179,167795528,-38775,38775
900,chr16,84045208,84045327,84045267,hypo,-0.488872237211431,SLC38A8,84042795,-2472,2472
900,chr16,84045208,84045327,84045267,hypo,-0.488872237211431,MBTPS1,84116942,71675,71675
900,chr16,84045208,84045327,84045267,hypo,-0.488872237211431,NECAB2,83968243,-77024,77024
900,chr16,84045208,84045327,84045267,hypo,-0.488872237211431,OSGIN1,83953239,-92028,92028
900,chr16,84045208,84045327,84045267,hypo,-0.488872237211431,HSDL1,84145195,99928,99928
903,chr2,28650195,28650390,28650292,hyper,0.27452603216167,LOC100505774,28736205,85913,85913
904,chr19,52935585,52935669,52935627,hypo,-0.432938855603698,ZNF321P,52942594,6967,6967
904,chr19,52935585,52935669,52935627,hypo,-0.432938855603698,ZNF888,52923428,-12199,12199
904,chr19,52935585,52935669,52935627,hypo,-0.432938855603698,ZNF816,52962881,27254,27254
904,chr19,52935585,52935669,52935627,hypo,-0.432938855603698,ZNF816-ZNF321P,52962911,27284,27284
904,chr19,52935585,52935669,52935627,hypo,-0.432938855603698,ZNF320,52897694,-37933,37933
904,chr19,52935585,52935669,52935627,hypo,-0.432938855603698,ZNF702P,52993531,57904,57904
904,chr19,52935585,52935669,52935627,hypo,-0.432938855603698,ZNF468,52857619,-78008,78008
904,chr19,52935585,52935669,52935627,hypo,-0.432938855603698,ERVV-1,53014090,78463,78463
905,chr7,139495484,139495655,139495569,hyper,0.489866429868724,KLRG2,139483673,-11896,11896
905,chr7,139495484,139495655,139495569,hyper,0.489866429868724,CLEC2L,139523684,28115,28115
905,chr7,139495484,139495655,139495569,hyper,0.489866429868724,LOC100129148,139427526,-68043,68043
906,chr19,56229595,56229677,56229636,hypo,-0.199152139716881,ZSCAN5C,56205913,-23723,23723
906,chr19,56229595,56229677,56229636,hypo,-0.199152139716881,ZSCAN5B,56197890,-31746,31746
906,chr19,56229595,56229677,56229636,hypo,-0.199152139716881,EDDM13,56272747,43111,43111
906,chr19,56229595,56229677,56229636,hypo,-0.199152139716881,GALP,56176007,-53629,53629
906,chr19,56229595,56229677,56229636,hypo,-0.199152139716881,ZNF444,56141286,-88350,88350
907,chr2,232975046,232975161,232975103,hypo,-0.323099346839548,LOC101928881,233012613,37510,37510
907,chr2,232975046,232975161,232975103,hypo,-0.323099346839548,NGEF,233013256,38153,38153
907,chr2,232975046,232975161,232975103,hypo,-0.323099346839548,NEU2,233032671,57568,57568
907,chr2,232975046,232975161,232975103,hypo,-0.323099346839548,INPP5D,233060341,85238,85238
909,chr20,62584502,62584634,62584568,hyper,0.525808488812891,MIR133A2,62564911,-19657,19657
909,chr20,62584502,62584634,62584568,hyper,0.525808488812891,MIR1-1,62554305,-30263,30263
909,chr20,62584502,62584634,62584568,hyper,0.525808488812891,MIR1-1HG-AS1,62551561,-33007,33007
909,chr20,62584502,62584634,62584568,hyper,0.525808488812891,MIR1-1HG,62550452,-34116,34116
909,chr20,62584502,62584634,62584568,hyper,0.525808488812891,SLCO4A1,62642502,57934,57934
909,chr20,62584502,62584634,62584568,hyper,0.525808488812891,SLCO4A1-AS1,62666621,82053,82053
910,chr16,86361636,86361766,86361701,hyper,0.465775848357816,LINC00917,86345679,-16022,16022
910,chr16,86361636,86361766,86361701,hyper,0.465775848357816,LINC02135,86286430,-75271,75271
910,chr16,86361636,86361766,86361701,hyper,0.465775848357816,LINC01081,86286247,-75454,75454
911,chr13,44270849,44270931,44270890,hyper,0.292235016444863,MIR8079,44196200,-74690,74690
913,chr10,35212543,35212602,35212572,hyper,0.0768193862907838,CCNY,35247024,34452,34452
913,chr10,35212543,35212602,35212572,hyper,0.0768193862907838,CREM,35126840,-85732,85732
916,chr12,4433966,4434059,4434012,hyper,0.409163445209629,FGF6,4445614,11602,11602
916,chr12,4433966,4434059,4434012,hyper,0.409163445209629,FGF23,4379712,-54300,54300
918,chr21,16212119,16212317,16212218,hypo,-0.521970024518106,SNORD74B,16284768,72550,72550
919,chr14,92487561,92487619,92487590,hyper,0.462270736886402,RIN3,92513780,26190,26190
921,chr1,217929328,217929421,217929374,hyper,0.513640392955526,LINC00210,217892899,-36475,36475
