dmr_id	chrom	start	end	length	n_cpgs	meanMethy1_DSSfit	meanMethy2_DSSfit	diff_Methy_DSSfit	areaStat	meanMethy_treatment	meanMethy_control	diff_Methy_fromCounts	beta_Clone16_KO	beta_Clone20_KO	beta_Clone21_KO	beta_SBP009_WT_1	beta_SBP009_WT_2	beta_SBP009_WT_3	dmr_type	feature_type	feature_gene	nearest_tss_gene	nearest_tss_distance
1	chr6	108174182	108176861	2680	133				-745.979145932789	0.693758539092801	0.102470812513482	0.591287726579319	0.828919112383679	0.752674368848952	0.499682136045772	0.104072398190045	0.093956043956044	0.109383995394358	hyper	intron	NR2E1	NR2E1	7499
2	chr2	63058511	63059711	1201	52				-340.351616240327	0.641625494684179	0.0352063919058066	0.606419102778372	0.618932038834951	0.74171270718232	0.564231738035265	0.0296523517382413	0.0359223300970874	0.0400444938820912	hyper	intergenic	""	OTX1	8282
3	chr5	2746409	2748322	1914	43				-278.842157908684	0.880850777965718	0.299592659708464	0.581258118257254	0.907294832826748	0.915004336513443	0.820253164556962	0.264401772525849	0.260174418604651	0.374201787994891	hyper	3UTR	IRX2	IRX2	4312
4	chr14	56803752	56804953	1202	35				-203.779518406701	0.737555987883565	0.13302247265113	0.604533515232435	0.809421841541756	0.831043956043956	0.572202166064982	0.12093023255814	0.120879120879121	0.157258064516129	hyper	exon	OTX2	OTX2	1315
5	chr14	69571988	69572323	336	41				-190.907834869695	0.849819841036092	0.261631914167493	0.588187926868599	0.892957746478873	0.904936014625229	0.751565762004175	0.258205689277899	0.199324324324324	0.327365728900256	hyper	exon	CCDC177	CCDC177	2716
6	chr16	79347087	79347893	807	28				-187.984863593896	0.711310309721069	0.129872942246236	0.581437367474834	0.602446483180428	0.717691342534504	0.813793103448276	0.120614035087719	0.129198966408269	0.139805825242718	hyper	intergenic	""	MAF	253247
7	chr14	56798663	56799584	922	33				-184.968794299172	0.618438500155764	0.0839324604153033	0.534506039740461	0.696296296296296	0.725864123957092	0.433155080213904	0.0807899461400359	0.0596330275229358	0.111374407582938	hyper	TTS	OTX2	OTX2	6544
8	chr10	484578	485159	582	34				-184.624913016759	0.752680010180504	0.209853231928189	0.542826778252315	0.667405764966741	0.86677367576244	0.723860589812333	0.137218045112782	0.182341650671785	0.31	hyper	intron	DIP2C	LOC101930421	-143695
9	chr5	158977536	158978928	1393	19				-166.874972127048	0.896722018951121	0.172324471710975	0.724397547240146	0.92	0.890909090909091	0.879256965944273	0.150306748466258	0.166666666666667	0.2	hyper	intron	EBF1	EBF1	119724
10	chr2	44929731	44930241	511	31				-152.096236356725	0.448497155354895	0.0452787302493569	0.403218425105538	0.392961876832845	0.555755395683453	0.396774193548387	0.0393120393120393	0.0652741514360313	0.03125	hyper	non-coding	LINC01833	LINC01833	8902
11	chr6	14754798	14755385	588	20				-148.429102338157	0.7692926908479	0.176517521668664	0.592775169179236	0.71474358974359	0.898617511520737	0.694516971279373	0.169811320754717	0.174468085106383	0.185273159144893	hyper	intergenic	""	LINC01108	-469637
12	chr14	69850163	69850585	423	28				-144.153955252512	0.599776910206358	0.10108022357673	0.498696686629628	0.687878787878788	0.611451942740286	0.5	0.171717171717172	0.0902255639097744	0.0412979351032448	hyper	intergenic	""	SMOC1	-29041
13	chr9	971200	971567	368	28				-139.953836783722	0.32359099404388	0.0277024056749096	0.295888588368971	0.365497076023392	0.346016646848989	0.259259259259259	0.0402476780185759	0.0218579234972678	0.0210016155088853	hyper	intergenic	""	DMRT3	-5271
14	chr1	50417720	50418459	740	25				-139.430233425504	0.601614399497859	0.129216803390117	0.472397596107742	0.611111111111111	0.695024077046549	0.498708010335917	0.139269406392694	0.130733944954128	0.117647058823529	hyper	3UTR	DMRTA2	DMRTA2	5354
15	chr2	44932582	44933093	512	27				-136.863115102724	0.596662019504107	0.135071691869447	0.461590327634661	0.528089887640449	0.74430823117338	0.517587939698493	0.215277777777778	0.0976863753213368	0.0922509225092251	hyper	non-coding	LINC01833	LINC01833	6051
16	chr8	119671772	119672693	922	21				-127.610993098611	0.847655746794137	0.238332207786307	0.60932353900783	0.926701570680628	0.876565295169946	0.739700374531835	0.254545454545455	0.191044776119403	0.269406392694064	hyper	intron	ENPP2	ENPP2	1158
17	chr7	155789846	155790233	388	23				-127.425633167192	0.814749150641554	0.267408508642923	0.547340641998632	0.693661971830986	0.89344262295082	0.857142857142857	0.259615384615385	0.28927680798005	0.253333333333333	hyper	intergenic	""	SHH	19124
18	chr21	42668311	42668839	529	22				-126.108560950626	0.688174163144709	0.134096936115251	0.554077227029458	0.696864111498258	0.808905380333952	0.558752997601919	0.166666666666667	0.104925053533191	0.130699088145897	hyper	intron	PDE9A	PDE9A	14824
19	chr11	70885839	70886404	566	22				-125.8180142071	0.778444630939536	0.237607049333111	0.540837581606425	0.686666666666667	0.799544419134396	0.849122807017544	0.240208877284595	0.294117647058824	0.178494623655914	hyper	intron	SHANK2	MIR3664	-13753
20	chr5	2749298	2749602	305	25				-119.250112686904	0.934238980958802	0.362075254912363	0.572163726046439	0.962085308056872	0.9447983014862	0.895833333333333	0.38479809976247	0.35625	0.345177664974619	hyper	exon	IRX2	IRX2	2227
21	chr10	14007967	14008720	754	22				-118.191635251055	0.676478178439187	0.134392999264868	0.542085179174319	0.818791946308725	0.622980251346499	0.587662337662338	0.16887417218543	0.0782608695652174	0.156043956043956	hyper	5UTR	FRMD4A	FRMD4A	207
22	chr12	131216991	131217474	484	23				-115.591501431106	0.707947335520421	0.138646701539783	0.569300633980638	0.775700934579439	0.824228028503563	0.523913043478261	0.122507122507123	0.164502164502165	0.128930817610063	hyper	intergenic	""	LINC01257	52222
23	chr17	78592195	78592684	490	19				-113.592803397709	0.790365311132345	0.194259232518052	0.596106078614293	0.783068783068783	0.904306220095694	0.683720930232558	0.195544554455446	0.176706827309237	0.210526315789474	hyper	intergenic	""	DNAH17	-15043
24	chr14	56812512	56813463	952	19				-110.642097056151	0.60384419782085	0.058508314846343	0.545335882974507	0.656521739130435	0.75103734439834	0.403973509933775	0.0641025641025641	0.0619718309859155	0.0494505494505495	hyper	promoter-TSS	OTX2-AS1	OTX2-AS1	-170
25	chr6	55873407	55875151	1745	13				-110.173309350508	0.939267326210649	0.342012962256958	0.597254363953692	0.949275362318841	0.933901918976546	0.934624697336562	0.367213114754098	0.36046511627907	0.298360655737705	hyper	intron	BMP5	BMP5	1311
26	chr4	137529587	137530431	845	17				-109.948768011639	0.699757356053337	0.1603308127283	0.539426543325036	0.781818181818182	0.715044247787611	0.602409638554217	0.162037037037037	0.110512129380054	0.20844327176781	hyper	exon	PCDH18	PCDH18	2485
27	chr20	17771263	17771909	647	17				-109.933868851935	0.71684566245635	0.175244687375793	0.541600975080556	0.711711711711712	0.847222222222222	0.591603053435115	0.185074626865672	0.162534435261708	0.178125	hyper	intergenic	""	BANF2	71621
28	chr1	34441413	34441986	574	19				-108.332107705777	0.72939336416925	0.196161352023312	0.533232012145938	0.760683760683761	0.746887966804979	0.680608365019011	0.164912280701754	0.20059880239521	0.222972972972973	hyper	intergenic	""	MIR552	227995
29	chr15	28777374	28777820	447	19				-107.920086102246	0.846338648389263	0.415976430976431	0.430362217412832	0.795321637426901	0.911816578483245	0.831877729257642	0.415	0.404040404040404	0.428888888888889	hyper	intergenic	""	LOC100289656	-10645
30	chr16	17013527	17014070	544	19				-104.992908857194	0.927595053475765	0.457657797782276	0.469937255693489	0.928571428571429	0.92962356792144	0.924590163934426	0.49238578680203	0.514018691588785	0.366568914956012	hyper	intergenic	""	LOC102723692	-120705
31	chr7	107386234	107386667	434	18				-102.959964758935	0.917675834655228	0.40195350358133	0.515722331073898	0.909448818897638	0.903153153153153	0.940425531914894	0.469090909090909	0.516129032258065	0.220640569395018	hyper	intron	COG5	GPR22	-83606
32	chr16	12526591	12526978	388	19				-95.4970162609009	0.747864669085146	0.24213540695132	0.505729262133826	0.847926267281106	0.665330661322645	0.730337078651685	0.361022364217252	0.195467422096317	0.16991643454039	hyper	intron	SNX29	MIR4718	-193536
33	chr2	106281710	106282475	766	16				-94.5077557033199	0.789115285060065	0.294642412869014	0.494472872191051	0.781376518218624	0.874493927125506	0.711475409836066	0.27891156462585	0.332288401253919	0.272727272727273	hyper	intergenic	""	ANAPC1P6	-87652
34	chr17	77163000	77163979	980	18				-92.8605941048655	0.705629800531061	0.228075394264506	0.477554406266555	0.752252252252252	0.731543624161074	0.633093525179856	0.247104247104247	0.214899713467049	0.222222222222222	hyper	intron	SEC14L1	SEC14L1	-21723
35	chr2	44952944	44953153	210	20				-90.7648680387297	0.547489534899892	0.0958894978937413	0.451600037006151	0.417391304347826	0.610619469026549	0.614457831325301	0.0943396226415094	0.148148148148148	0.0451807228915663	hyper	intergenic	""	SIX3-AS1	-11170
36	chr6	3340327	3340942	616	15				-89.8035147484273	0.748999661430665	0.286373392010051	0.462626269420614	0.794029850746269	0.794432548179872	0.658536585365854	0.318681318681319	0.311728395061728	0.228710462287105	hyper	intron	SLC22A23	SLC22A23	-16484
37	chr5	100774827	100775179	353	12				-89.2089223979748	0.882765558760743	0.267028713323315	0.615736845437429	0.839080459770115	0.883905013192612	0.925311203319502	0.247706422018349	0.233830845771144	0.319548872180451	hyper	intergenic	""	MIR548P	41562
38	chr22	49404816	49405175	360	15				-89.0423041034088	0.834140092779374	0.126693417147481	0.707446675631893	0.796992481203008	0.843205574912892	0.862222222222222	0.0679012345679012	0.120689655172414	0.191489361702128	hyper	intergenic	""	MIR3667	138471
39	chr1	6435145	6435628	484	17				-87.2799271594802	0.809158817086528	0.261798782792325	0.547360034294203	0.909090909090909	0.846385542168675	0.672	0.242553191489362	0.312796208530806	0.230046948356808	hyper	intron	ESPN	MIR4252	-5490
40	chr1	244118054	244118592	539	15				-87.0845828710172	0.526809136504785	0.063998162984095	0.46281097352069	0.426523297491039	0.681927710843373	0.471976401179941	0.0558139534883721	0.0903790087463557	0.0458015267175573	hyper	intergenic	""	ZBTB18	65119
41	chr4	167688516	167689108	593	14				-85.5935638609485	0.927317793984461	0.402909840283832	0.524407953700629	0.942857142857143	0.941798941798942	0.897297297297297	0.545045045045045	0.362903225806452	0.30078125	hyper	intergenic	""	ANXA10	-403724
42	chr2	63060100	63060773	674	15				-84.0541984252889	0.539344364247811	0.104203553570011	0.4351408106778	0.625994694960212	0.513026052104208	0.479012345679012	0.104	0.0989761092150171	0.109634551495017	hyper	intergenic	""	OTX1	9607
43	chr9	970434	970611	178	17				-82.1936640585539	0.449909818190959	0.0492152792332183	0.400694538957741	0.541871921182266	0.457627118644068	0.350230414746544	0.0295566502463054	0.0520231213872832	0.0660660660660661	hyper	intergenic	""	DMRT3	-6132
44	chr12	131604606	131605247	642	15				-81.9426590559154	0.612095069946727	0.168082105814852	0.444012964131875	0.631147540983607	0.65675057208238	0.548387096774194	0.140625	0.223270440251572	0.140350877192982	hyper	intergenic	""	LINC02414	43195
45	chr1	87284679	87285373	695	13				-81.7316181124299	0.868632236554904	0.441941584927583	0.426690651627321	0.882845188284519	0.926441351888668	0.796610169491525	0.480176211453745	0.457413249211357	0.388235294117647	hyper	intergenic	""	LMO4	-43853
46	chr8	1453967	1454355	389	14				-81.1154142585746	0.732036426812546	0.182615965896589	0.549420460915957	0.70995670995671	0.680597014925373	0.805555555555556	0.217877094972067	0.244343891402715	0.0856269113149847	hyper	intron	DLGAP2	LOC286083	-151554
47	chr2	44933301	44933690	390	16				-80.5293672544068	0.557973256703538	0.0941165175484454	0.463856739155092	0.460176991150443	0.664335664335664	0.549407114624506	0.101321585903084	0.14021164021164	0.0408163265306122	hyper	non-coding	LINC01833	LINC01833	5393
48	chr1	16796112	16796880	769	14				80.4470288790745	0.207674230295	0.74907096301101	-0.54139673271601	0.139830508474576	0.12	0.363192182410423	0.75984990619137	0.761384335154827	0.725978647686833	hypo	intergenic	""	MST1L	-32016
49	chrX	667003	667466	464	15				-79.9550750628276	0.480966830301946	0.0498458366319509	0.431120993669996	0.478764478764479	0.537128712871287	0.427007299270073	0.0526315789473684	0.0586080586080586	0.0382978723404255	hyper	intergenic	""	SHOX	42891
50	chr14	56797351	56797588	238	16				-79.6694262139561	0.610412599491517	0.0598664279427734	0.550546171548744	0.726141078838174	0.75990099009901	0.345195729537367	0.0373831775700935	0.0655737704918033	0.0766423357664234	hyper	intergenic	""	OTX2	8198
51	chr8	35794270	35795078	809	14				-79.454348857371	0.829889418319198	0.439229129267288	0.39066028905191	0.797297297297297	0.895910780669145	0.79646017699115	0.477777777777778	0.404129793510325	0.435779816513761	hyper	3UTR	UNC5D	LOC101929550	-84354
52	chr10	131350596	131350979	384	13				-78.0247826760659	0.626730200759327	0.10501455961203	0.521715641147297	0.660714285714286	0.73462783171521	0.484848484848485	0.102459016393443	0.0869565217391304	0.125628140703518	hyper	intergenic	""	TCERG1L	-39066
53	chrX	776561	777134	574	12				-77.7045990336446	0.878286952546703	0.349716989250723	0.52856996329598	0.875675675675676	0.928909952606635	0.830275229357798	0.317972350230415	0.390041493775934	0.341137123745819	hyper	intergenic	""	SHOX	152504
54	chr3	137509641	137509986	346	12				77.3434841160032	0.166645204317977	0.813466109054344	-0.646820904736367	0.118343195266272	0.0918727915194346	0.289719626168224	0.81025641025641	0.817307692307692	0.812834224598931	hypo	intergenic	""	SOX14	-254501
55	chr7	72918145	72918504	360	12				-77.1898753572816	0.861251160839334	0.276476252172651	0.584774908666684	0.790419161676647	0.923566878980892	0.869767441860465	0.264705882352941	0.219895287958115	0.344827586206897	hyper	intron	POM121	POM121	27698
56	chr16	14486896	14487205	310	13				-75.9862756127904	0.683584836216415	0.149035131433371	0.534549704783044	0.677272727272727	0.807692307692308	0.565789473684211	0.17283950617284	0.193069306930693	0.0811965811965812	hyper	intron	PARN	LINC02130	-116784
57	chr13	54572255	54572420	166	13				-74.0724082677319	0.967869903320723	0.505075499949656	0.462794403371067	1	0.985576923076923	0.918032786885246	0.512345679012346	0.624309392265193	0.378571428571429	hyper	intergenic	""	MIR1297	-260289
58	chrX	1292687	1292949	263	15				-73.7001507747905	0.530458616448478	0.0843640020110608	0.446094614437418	0.512820512820513	0.677611940298507	0.400943396226415	0.0901960784313725	0.0769230769230769	0.085972850678733	hyper	intron	CSF2RA	MIR3690	-1099
59	chr5	1428687	1429183	497	10				-72.8586369446557	0.753543281152934	0.117344416937892	0.636198864215042	0.813664596273292	0.841409691629956	0.605555555555556	0.152317880794702	0.102941176470588	0.0967741935483871	hyper	intron	SLC6A3	SLC6A3	16505
60	chr2	236040700	236040910	211	14				-71.9611040583158	0.933327830593293	0.407235681797085	0.526092148796207	0.922413793103448	0.98134328358209	0.89622641509434	0.447368421052632	0.481481481481482	0.292857142857143	hyper	exon	AGAP1	GBX2	127581
61	chr6	15266045	15267071	1027	13				-71.623602173515	0.686667484219087	0.246131691481367	0.44053579273772	0.772881355932204	0.73019801980198	0.556923076923077	0.205479452054795	0.221804511278196	0.311111111111111	hyper	intron	JARID2	JARID2	17704
62	chr12	76692363	76692719	357	13				-71.2369787362934	0.679910300146632	0.0795654234569252	0.600344876689707	0.69620253164557	0.854166666666667	0.48936170212766	0.0682926829268293	0.062780269058296	0.10762331838565	hyper	intergenic	""	ZDHHC17	-71573
63	chr16	78330458	78330808	351	14				-70.8027195663485	0.860014156322384	0.439357679357679	0.420656476964705	0.850678733031674	0.927710843373494	0.801652892561983	0.446153846153846	0.502222222222222	0.36969696969697	hyper	intron	WWOX	WWOX	230980
64	chr14	56796652	56797276	625	13				-70.464465781298	0.69254056063872	0.102637429515364	0.589903131123356	0.815950920245399	0.771771771771772	0.48989898989899	0.0787037037037037	0.122065727699531	0.107142857142857	hyper	intergenic	""	OTX2	8703
65	chr12	76421292	76423338	2047	13				68.6418056373408	0.325423483250514	0.729164026690252	-0.403740543439737	0.318302387267905	0.247295208655332	0.410672853828306	0.722991689750693	0.720238095238095	0.744262295081967	hypo	intron	OSBPL8	OSBPL8	970
66	chr1	175044549	175044864	316	13				-67.8443535410813	0.939169102455106	0.472861104501278	0.466307997953829	0.953781512605042	0.980842911877395	0.882882882882883	0.524691358024691	0.469767441860465	0.424124513618677	hyper	intergenic	""	MRPS14	-21251
67	chr9	91900444	91900682	239	14				-67.5828827651173	0.852872632715141	0.431512470888739	0.421360161826402	0.802325581395349	0.857558139534884	0.89873417721519	0.468965517241379	0.42483660130719	0.400735294117647	hyper	intron	ROR2	ROR2	49665
68	chr7	20336155	20336592	438	13				-67.2432892307828	0.963448291543913	0.623500761035008	0.339947530508906	0.975490196078431	0.986772486772487	0.928082191780822	0.56	0.666666666666667	0.643835616438356	hyper	intron	ITGB8	LOC101927811	-4611
69	chr21	31306604	31307077	474	13				-67.2341920217035	0.758091764309381	0.313331649347746	0.444760114961635	0.709090909090909	0.89119170984456	0.673992673992674	0.326760563380282	0.343537414965986	0.26969696969697	hyper	intron	TIAM1	TIAM1	37514
70	chr15	69548893	69549398	506	13				-66.8727675632886	0.709023344283844	0.178266285202701	0.530757059081143	0.609865470852018	0.886435331230284	0.630769230769231	0.171717171717172	0.115606936416185	0.247474747474748	hyper	intergenic	""	DRAIC	-12574
71	chr17	43591844	43592166	323	14				-66.6729072345642	0.794544344544345	0.360973170218871	0.433571174325473	0.724358974358974	0.823376623376623	0.835897435897436	0.383620689655172	0.446902654867257	0.252396166134185	hyper	intergenic	""	ETV4	-45665
72	chr16	18832807	18833156	350	11				66.2505923691754	0.58161132602622	0.958375601599014	-0.376764275572795	0.587121212121212	0.470212765957447	0.6875	0.975778546712803	0.951557093425606	0.947791164658635	hypo	exon	SMG1	ARL6IP1	-31432
73	chr16	48879689	48879968	280	10				-65.9080073380614	0.741840228539384	0.18814931872454	0.553690909814844	0.777251184834123	0.695417789757412	0.752851711026616	0.241666666666667	0.234285714285714	0.0884955752212389	hyper	intergenic	""	N4BP1	-269648
74	chr12	3990756	3991104	349	14				-65.5609106102694	0.713621110433191	0.181643229057022	0.531977881376169	0.625	0.788590604026846	0.727272727272727	0.222222222222222	0.185344827586207	0.137362637362637	hyper	intergenic	""	PARP11	-117482
75	chrX	2440968	2441316	349	12				-65.4364246167637	0.826691410558226	0.319072630485508	0.507618780072718	0.733812949640288	0.920679886685553	0.825581395348837	0.34070796460177	0.363636363636364	0.252873563218391	hyper	intron	DHRSX	ZBED1	59397
76	chrX	8196708	8197318	611	12				-64.9994516392996	0.846285434995112	0.272395987757235	0.573889447237878	0.772727272727273	0.944700460829493	0.821428571428571	0.230088495575221	0.258741258741259	0.328358208955224	hyper	intergenic	""	VCX2	-25746
77	chr6	137362921	137363496	576	13				-63.0079503998962	0.772658962456081	0.312820261180011	0.45983870127607	0.743016759776536	0.885964912280702	0.688995215311005	0.321888412017167	0.369047619047619	0.247524752475248	hyper	intergenic	""	OLIG3	131186
78	chr6	112879682	112880056	375	12				-62.4812897782213	0.887866157483179	0.30477512683395	0.583091030649228	0.872	0.932624113475177	0.858974358974359	0.340909090909091	0.355769230769231	0.217647058823529	hyper	intergenic	""	RFPL4B	532540
79	chr2	1456080	1456338	259	9				-61.8552170308762	0.878435493820109	0.332712867990585	0.545722625829525	0.917159763313609	0.876876876876877	0.841269841269841	0.270531400966184	0.353413654618474	0.374193548387097	hyper	exon	TPO	TPO	41802
80	chr13	101110585	101111216	632	12				-61.5265941232129	0.753284091066939	0.298433672794888	0.454850418272051	0.775	0.888361045130641	0.596491228070175	0.271889400921659	0.342560553633218	0.280851063829787	hyper	intron	NALCN	LINC00411	-166536
81	chr11	27469082	27469881	800	12				-61.435373418114	0.783754196267628	0.35026228776316	0.433491908504469	0.819672131147541	0.776649746192893	0.754940711462451	0.388646288209607	0.412140575079872	0.25	hyper	intron	LGR4	LGR4-AS1	-2249
82	chr2	3040797	3041073	277	11				-61.3659564286589	0.68850388471731	0.235718768907159	0.452785115810151	0.596385542168675	0.770408163265306	0.698717948717949	0.292079207920792	0.262135922330097	0.152941176470588	hyper	non-coding	LINC01250	LINC01250	85091
83	chr18	55458663	55459079	417	11				-60.7974469990987	0.577701814530778	0.111693164832178	0.4660086496986	0.677902621722847	0.626190476190476	0.429012345679012	0.0941704035874439	0.0727272727272727	0.168181818181818	hyper	intron	TCF4	TCF4-AS1	6339
84	chr18	78396913	78397531	619	12				-60.7460409942757	0.780425035983543	0.320086996670798	0.460338039312745	0.745762711864407	0.788405797101449	0.807106598984772	0.27906976744186	0.336363636363636	0.344827586206897	hyper	intergenic	""	LINC01029	-403495
85	chr13	20331898	20332434	537	12				-60.4349617915547	0.801336532074016	0.449938598911086	0.351397933162929	0.84070796460177	0.796178343949045	0.767123287671233	0.456869009584665	0.465863453815261	0.427083333333333	hyper	intergenic	""	GJB6	-99771
86	chr11	3576209	3576489	281	9				-60.379251118301	0.659410616596694	0.101586686446422	0.557823930150272	0.670588235294118	0.786516853932584	0.52112676056338	0.103960396039604	0.0814814814814815	0.119318181818182	hyper	intergenic	""	LOC101927708	-4362
87	chr5	172156681	172157068	388	11				-59.9504725366395	0.848943993859248	0.313262170204667	0.535681823654581	0.876623376623377	0.935593220338983	0.734615384615385	0.27027027027027	0.328502415458937	0.341013824884793	hyper	intron	STK10	STK10	31350
88	chr18	21244399	21244842	444	10				-59.74994724978	0.786375945559741	0.226582441910909	0.559793503648832	0.891304347826087	0.836244541484716	0.631578947368421	0.235521235521236	0.217948717948718	0.226277372262774	hyper	intron	GREB1L	GREB1L	2379
89	chr21	38744166	38744467	302	10				-59.3784942717343	0.760662826839816	0.141839967903703	0.618822858936113	0.689655172413793	0.900552486187845	0.691780821917808	0.170731707317073	0.109489051094891	0.145299145299145	hyper	non-coding	LINC00114	LINC00114	24658
90	chr13	106755348	106755798	451	12				-59.3723223930667	0.820929426551955	0.462237333144346	0.358692093407609	0.759433962264151	0.896457765667575	0.806896551724138	0.432432432432432	0.402877697841727	0.551401869158879	hyper	intergenic	""	LINC00443	101694
91	chr17	65403340	65403675	336	12				-58.6548309192417	0.823054600509903	0.218086084398374	0.604968516111529	0.844036697247707	0.924528301886792	0.70059880239521	0.320261437908497	0.1875	0.146496815286624	hyper	intergenic	""	LINC02563	-54033
92	chr14	56797658	56797922	265	12				-58.2482431241992	0.483566544075394	0.0478698033045859	0.435696740770808	0.539823008849558	0.596590909090909	0.314285714285714	0.0496894409937888	0.0340909090909091	0.0598290598290598	hyper	intergenic	""	OTX2	7877
93	chr12	132836437	132836549	113	11				-57.761727671122	0.93346463232328	0.367324561403509	0.566140070919772	0.941176470588235	0.918918918918919	0.940298507462687	0.460526315789474	0.245614035087719	0.395833333333333	hyper	3UTR	CHFR	GOLGA3	-7624
94	chr2	100045186	100045407	222	10				-57.6039899475161	0.835747513867961	0.261678234046655	0.574069279821306	0.845070422535211	0.835249042145594	0.826923076923077	0.318681318681319	0.309210526315789	0.157142857142857	hyper	intron	AFF3	AFF3	60287
95	chr5	172355106	172355355	250	11				-57.5359551740631	0.745397399466116	0.226655974463585	0.518741425002531	0.670886075949367	0.942857142857143	0.622448979591837	0.270967741935484	0.25748502994012	0.151515151515152	hyper	intron	SH3PXD2B	LOC100288254	69634
96	chr10	10870720	10870945	226	11				-57.5179798446257	0.366533553702165	0.0119741442443519	0.354559409457813	0.373983739837398	0.486486486486487	0.239130434782609	0.00490196078431373	0.00632911392405063	0.0246913580246914	hyper	intron	CELF2	CELF2	72108
97	chr8	7766717	7766938	222	12				-57.3366478567964	0.662732633574315	0.392227090693227	0.270505542881088	0.762065095398429	0.625586854460094	0.600545950864422	0.398710865561694	0.393162393162393	0.384808013355593	hyper	intergenic	""	FAM90A10P	-2756
98	chr15	57547162	57547501	340	11				-57.2360036883795	0.874976428959658	0.44818271652007	0.426793712439587	0.817610062893082	0.924603174603175	0.882716049382716	0.423529411764706	0.601769911504425	0.31924882629108	hyper	intron	CGNL1	GCOM1	-44572
99	chr18	40939537	40939817	281	12				57.1036286150499	0.260878091546696	0.935321970370616	-0.67444387882392	0.108527131782946	0.169642857142857	0.504464285714286	0.931506849315068	0.935779816513761	0.938679245283019	hypo	intergenic	""	KC6	581000
100	chrX	40836476	40837134	659	10				-56.8480257063008	0.934259243889117	0.380603045816028	0.553656198073089	0.92741935483871	0.932735426008969	0.942622950819672	0.386206896551724	0.369047619047619	0.38655462184874	hyper	intergenic	""	TNIP2P1	-3609
101	chr1	212513415	212513838	424	12				-56.6884761832156	0.822048761116341	0.314017210334576	0.508031550781765	0.653846153846154	0.946058091286307	0.866242038216561	0.341317365269461	0.335	0.265734265734266	hyper	intergenic	""	LINC01740	-32067
102	chr4	6016708	6017093	386	11				-56.5246269456223	0.841011119445107	0.438509303142005	0.402501816303102	0.844827586206897	0.842541436464089	0.835664335664336	0.530805687203792	0.4375	0.347222222222222	hyper	intron	C4orf50	C4orf50	1646
103	chr9	4622060	4622425	366	11				-55.804822621254	0.791930735702485	0.373090693966819	0.418840041735666	0.862068965517241	0.801223241590214	0.7125	0.294930875576037	0.454128440366972	0.370212765957447	hyper	intron	SPATA6L	SPATA6L	39981
104	chr12	115163618	115164186	569	11				55.7838592554532	0.483561359584751	0.87824697149382	-0.394685611909068	0.425837320574163	0.402469135802469	0.622377622377622	0.887323943661972	0.881516587677725	0.865900383141763	hypo	intergenic	""	TBX3	-479727
105	chr16	84286788	84287131	344	11				-55.6880123816744	0.83293614106384	0.375868983957219	0.457067157106621	0.795774647887324	0.808724832214765	0.894308943089431	0.426470588235294	0.363636363636364	0.3375	hyper	intergenic	""	WFDC1	-7918
106	chr17	68383522	68384018	497	11				-55.6120554804825	0.78024043143412	0.328206726336912	0.452033705097207	0.785276073619632	0.86646884272997	0.688976377952756	0.287179487179487	0.371859296482412	0.325581395348837	hyper	intron	ARSG	PRKAR1A	-29852
107	chr4	138672990	138673290	301	10				-55.3889685647878	0.749905534240205	0.256262509731718	0.493643024508487	0.7125	0.897872340425532	0.639344262295082	0.296969696969697	0.298165137614679	0.173652694610778	hyper	intergenic	""	LOC105377448	339506
108	chr7	41783266	41783688	423	9				-55.3210327491295	0.795684517879343	0.256874497815586	0.538810020063756	0.834532374100719	0.842293906810036	0.710227272727273	0.310734463276836	0.25609756097561	0.203791469194313	hyper	intergenic	""	INHBA	-80387
109	chr18	21240765	21241175	411	10				-55.1198166583047	0.755701070509871	0.234200826222818	0.521500244287053	0.846153846153846	0.737463126843658	0.68348623853211	0.289719626168224	0.217616580310881	0.195266272189349	hyper	intergenic	""	GREB1L	-1271
110	chr10	117132453	117132678	226	11				-55.02029684886	0.47889583320103	0.0644488912706648	0.414446941930365	0.472361809045226	0.63448275862069	0.329842931937173	0.0641711229946524	0.0595238095238095	0.0696517412935323	hyper	TTS	VAX1	VAX1	5705
111	chr3	62377356	62377425	70	12				-55.0037265988684	0.612046127473898	0.133898835838491	0.478147291635407	0.391304347826087	0.869565217391304	0.575268817204301	0.25625	0.128205128205128	0.0172413793103448	hyper	intergenic	""	FEZF2	-3840
112	chr8	1455727	1455940	214	11				-54.8692609063188	0.79672742716221	0.298649198874418	0.498078228287792	0.782051282051282	0.796536796536797	0.811594202898551	0.225130890052356	0.352380952380952	0.318435754189944	hyper	intron	DLGAP2	LOC286083	-153226
113	chr20	36248911	36249596	686	9				54.6008679791845	0.247631464736069	0.806855504726237	-0.559224039990168	0.09375	0.263005780346821	0.386138613861386	0.839449541284404	0.815899581589958	0.765217391304348	hypo	intron	AAR2	AAR2	12776
114	chr4	182767961	182768322	362	10				-54.1201554001608	0.808114763699427	0.389134857640894	0.418979906058532	0.798816568047337	0.874331550802139	0.751196172248804	0.397905759162304	0.395833333333333	0.373665480427046	hyper	intron	TENM3	DCTD	149112
115	chr4	31997737	31998454	718	8				-54.0000252648318	0.949875524932733	0.596228354568318	0.353647170364415	0.926086956521739	0.979949874686717	0.943589743589744	0.669642857142857	0.584905660377359	0.534136546184739	hyper	non-coding	LINC02506	LINC02506	717
116	chr13	52933235	52933583	349	10				-53.5746900808912	0.550455346650999	0.0950208159502082	0.455434530700791	0.648648648648649	0.6875	0.315217391304348	0.0909090909090909	0.0802919708029197	0.113861386138614	hyper	intergenic	""	PCDH8	-84769
117	chr16	5642175	5642610	436	10				53.4610372558782	0.199265186781056	0.83838222175259	-0.639117034971534	0.172661870503597	0.0561497326203209	0.368983957219251	0.839805825242718	0.865284974093264	0.810055865921788	hypo	intergenic	""	MIR8065	9926
118	chr6	27977536	27977803	268	8				-53.2721461206301	0.711455910114282	0.154149856698699	0.557306053415584	0.708860759493671	0.733840304182509	0.691666666666667	0.135593220338983	0.181818181818182	0.145038167938931	hyper	intergenic	""	OR2B6	20429
119	chr6	88006357	88006853	497	9				-53.0801585695128	0.856663331248697	0.289431988316448	0.567231342932249	0.788461538461538	0.936	0.845528455284553	0.344370860927152	0.392857142857143	0.131067961165049	hyper	intergenic	""	SPACA1	-41235
120	chr5	3518160	3518516	357	11				-52.2405353186346	0.69909670804702	0.235631095390744	0.463465612656276	0.86734693877551	0.633451957295374	0.596491228070175	0.212871287128713	0.274509803921569	0.219512195121951	hyper	non-coding	LINC01019	LINC01017	-14334
121	chr14	48561422	48562167	746	9				-52.240305117501	0.714895301851824	0.175478508811842	0.539416793039981	0.74025974025974	0.818840579710145	0.585585585585586	0.185185185185185	0.156565656565657	0.184684684684685	hyper	intergenic	""	LINC00648	-766780
122	chr22	47919041	47919385	345	10				52.0095175009798	0.125281107538261	0.547527204111009	-0.422246096572748	0.141891891891892	0.03515625	0.198795180722892	0.558823529411765	0.527272727272727	0.556485355648536	hypo	intergenic	""	LOC284930	287540
123	chr22	34428726	34428920	195	7				-51.8926708335965	0.714681831876268	0.141824991535974	0.572856840340294	0.688073394495413	0.810810810810811	0.645161290322581	0.104895104895105	0.158730158730159	0.161849710982659	hyper	intergenic	""	LARGE1	-505999
124	chr16	23051531	23051999	469	10				-51.8635910022002	0.686034431068678	0.17528430330933	0.510750127759348	0.7375	0.643835616438356	0.676767676767677	0.142131979695431	0.215116279069767	0.168604651162791	hyper	intergenic	""	USP31	97505
125	chr11	132590543	132590831	289	8				-51.5968829106702	0.837745904989247	0.354667898058818	0.483078006930429	0.843243243243243	0.832298136645963	0.837696335078534	0.447368421052632	0.292207792207792	0.324427480916031	hyper	intron	OPCML	NTM-IT	306386
126	chr3	172112284	172112739	456	8				-51.5295175638464	0.722502418964683	0.226336495804646	0.496165923160037	0.8125	0.765384615384615	0.589622641509434	0.182692307692308	0.200980392156863	0.295336787564767	hyper	exon	FNDC3B	FNDC3B	71981
127	chr8	48683148	48683324	177	11				-51.4459998039073	0.716341508732813	0.234848047306408	0.481493461426405	0.791304347826087	0.816053511705686	0.541666666666667	0.257309941520468	0.210970464135021	0.236263736263736	hyper	non-coding	LOC101929268	EFCAB1	52032
128	chr17	20870068	20870237	170	11				51.3783269165545	0.0850048656238255	0.3992265401601	-0.314221674536274	0.163265306122449	0.0383141762452107	0.0534351145038168	0.450261780104712	0.347417840375587	0.4	hypo	non-coding	CCDC144NL-AS1	CCDC144NL-AS1	1626
129	chr9	132403401	132404121	721	10				-51.1611810014642	0.915923750446572	0.516383830877491	0.399539919569081	0.928888888888889	0.935064935064935	0.883817427385892	0.604060913705584	0.558951965065502	0.386138613861386	hyper	intron	TTF1	TTF1	3079
130	chr1	18458654	18459063	410	9				-51.0120565980776	0.48298359178882	0.0618631294983672	0.421120462290453	0.459183673469388	0.611814345991561	0.377952755905512	0.0921052631578947	0.0443037974683544	0.0491803278688525	hyper	intergenic	""	KLHDC7A	-22071
131	chr16	25889081	25889378	298	10				-50.7544912492995	0.682965703011186	0.236481826367195	0.446483876643991	0.710059171597633	0.606217616580311	0.732620320855615	0.265822784810127	0.253658536585366	0.189964157706093	hyper	intron	HS3ST4	MIR548W	-136007
132	chr5	2744468	2745347	880	9				-50.7172140084144	0.875499855153686	0.496846011131725	0.378653844021961	0.886138613861386	0.891304347826087	0.849056603773585	0.506493506493507	0.506493506493507	0.477551020408163	hyper	TTS	IRX2	IRX2	6770
133	chr7	154452993	154453235	243	10				-50.5864283501795	0.842862407662656	0.425310182907161	0.417552224755496	0.901734104046243	0.805907172995781	0.820945945945946	0.41588785046729	0.420353982300885	0.439688715953307	hyper	intron	DPP6	DPP6	147956
134	chr6	3008962	3009311	350	10				-50.2231244625092	0.646810786644388	0.230513442361161	0.416297344283226	0.67741935483871	0.621301775147929	0.641711229946524	0.268595041322314	0.220779220779221	0.202166064981949	hyper	intron	NQO2	NQO2	8979
135	chr10	132329881	132330190	310	10				-49.8793584790081	0.727643797339209	0.215625154787675	0.512018642551534	0.794326241134752	0.825153374233129	0.563451776649746	0.280952380952381	0.221556886227545	0.144366197183099	hyper	TTS	STK32C	STK32C	1845
136	chr4	123338705	123339135	431	8				49.7077685145698	0.242907681752975	0.862296323144457	-0.619388641391482	0.100591715976331	0.20440251572327	0.423728813559322	0.865168539325843	0.881720430107527	0.84	hypo	intergenic	""	SPRY1	-57874
137	chr7	137304610	137305170	561	10				-49.6282075581666	0.487971038287468	0.135956050420032	0.352014987867435	0.407079646017699	0.612048192771084	0.44478527607362	0.148837209302326	0.11965811965812	0.139372822299652	hyper	intron	PTN	PTN	-36035
138	chr1	50418752	50418879	128	11				-49.504146939131	0.486943164362519	0.00491974763819424	0.482023416724325	0.428571428571429	0.5	0.532258064516129	0	0.00505050505050505	0.00970873786407767	hyper	exon	DMRTA2	DMRTA2	4628
139	chr12	125499454	125499863	410	9				-49.4023611881451	0.859737678855326	0.435315425509286	0.42442225334604	0.821621621621622	0.922297297297297	0.835294117647059	0.4739336492891	0.376884422110553	0.455128205128205	hyper	intron	TMEM132B	TMEM132B	-122793
140	chr4	157014880	157015201	322	9				-49.2962432660716	0.733972771024629	0.284712445777489	0.44926032524714	0.79746835443038	0.796923076923077	0.60752688172043	0.329268292682927	0.251184834123223	0.273684210526316	hyper	intergenic	""	PDGFC	-43241
141	chrX	40835363	40835719	357	8				-49.2706909744934	0.837355292994391	0.107795295295295	0.729559997699095	0.816326530612245	0.923809523809524	0.771929824561403	0.0625	0.152777777777778	0.108108108108108	hyper	intergenic	""	TNIP2P1	-2345
142	chr3	149186546	149186916	371	10				-49.0637397519568	0.604677494322399	0.110296673196356	0.494380821126043	0.74390243902439	0.668555240793201	0.401574803149606	0.0823529411764706	0.120331950207469	0.128205128205128	hyper	exon	CP	CP	35098
143	chr2	125983231	125983917	687	8				-48.7964497353986	0.900210238410802	0.474775253985691	0.425434984425111	0.897590361445783	0.91044776119403	0.892592592592593	0.463276836158192	0.486910994764398	0.474137931034483	hyper	intergenic	""	LINC01941	134411
144	chr9	114170631	114170889	259	9				-48.6358357054568	0.844693007698788	0.347330961504125	0.497362046194663	0.716763005780347	0.936363636363636	0.880952380952381	0.329341317365269	0.390070921985816	0.32258064516129	hyper	intron	COL27A1	COL27A1	15224
145	chr8	102108322	102108943	622	10				-48.5858210014472	0.654716989540153	0.282846729364389	0.371870260175764	0.612903225806452	0.658476658476659	0.692771084337349	0.233050847457627	0.323308270676692	0.292181069958848	hyper	intron	NCALD	NCALD	15702
146	chr3	143081875	143082044	170	7				-48.2880669487119	0.852026838432636	0.216324272827545	0.63570256560509	0.91304347826087	0.856	0.787037037037037	0.226190476190476	0.27906976744186	0.143712574850299	hyper	intergenic	""	CHST2	-37811
147	chr2	105081934	105082411	478	10				-48.1164898009084	0.810657585577067	0.44404962060983	0.366607964967237	0.721951219512195	0.873065015479876	0.836956521739131	0.50210970464135	0.491329479768786	0.338709677419355	hyper	intron	MRPS9	MRPS9-AS1	20772
148	chr1	230636904	230638056	1153	9				-48.0785423694493	0.735603587376637	0.244838873557454	0.490764713819183	0.787234042553192	0.771428571428571	0.648148148148148	0.256544502617801	0.207253886010363	0.270718232044199	hyper	intergenic	""	COG2	-5000
149	chr18	77042655	77042959	305	10				-47.9416032187574	0.622969030340895	0.240545043862579	0.382423986478315	0.68359375	0.629757785467128	0.555555555555556	0.216450216450216	0.270142180094787	0.235042735042735	hyper	intron	MBP	MBP	-25752
150	chr13	31351998	31352439	442	9				-47.5468602243956	0.728568127996303	0.18599691333522	0.542571214661084	0.7	0.899497487437186	0.586206896551724	0.187919463087248	0.197452229299363	0.172619047619048	hyper	intergenic	""	B3GLCT	152244
151	chr10	3822712	3823304	593	9				-47.5001733430561	0.916953727115778	0.541445917489201	0.375507809626577	0.920289855072464	0.944606413994169	0.885964912280702	0.643776824034335	0.485106382978723	0.495454545454546	hyper	intergenic	""	LINC02639	-10941
152	chr4	37649301	37649601	301	10				-47.1633241501322	0.748501396116785	0.232140350162952	0.516361045953833	0.55188679245283	0.899022801302932	0.794594594594595	0.247191011235955	0.252577319587629	0.196652719665272	hyper	exon	RELL1	RELL1	36925
153	chr18	76771385	76771895	511	9				47.0397246795607	0.220761177136389	0.727643173903265	-0.506881996766876	0.165	0.126315789473684	0.370967741935484	0.724867724867725	0.738255033557047	0.719806763285024	hypo	intergenic	""	ZNF236-DT	50655
154	chr21	31346359	31346707	349	10				-47.0037574983095	0.645245559038663	0.194504469860596	0.450741089178067	0.67816091954023	0.757575757575758	0.5	0.191082802547771	0.216374269005848	0.176056338028169	hyper	intron	TIAM1	TIAM1	-2179
155	chr1	207171703	207172022	320	7				-46.8398007450944	0.845566836013727	0.344449188189157	0.501117647824571	0.901554404145078	0.816964285714286	0.818181818181818	0.346456692913386	0.367741935483871	0.319148936170213	hyper	intergenic	""	C4BPA	67630
156	chr4	169220810	169221594	785	9				46.6372406861821	0.411149341304541	0.904940542846478	-0.493791201541937	0.280334728033473	0.360416666666667	0.592696629213483	0.921052631578947	0.921428571428571	0.872340425531915	hypo	intron	SH3RF1	SH3RF1	49754
157	chr2	209922065	209922402	338	9				-46.5993675074609	0.878938466360411	0.58143839726723	0.297500069093181	0.837837837837838	0.940677966101695	0.8582995951417	0.630522088353414	0.617241379310345	0.496551724137931	hyper	intron	UNC80	RPE	-80331
158	chr16	21527326	21527782	457	8				-46.3879915529619	0.666744708203748	0.255041490101251	0.411703218102497	0.54679802955665	0.73121387283237	0.722222222222222	0.315315315315315	0.247011952191235	0.202797202797203	hyper	intergenic	""	SLC7A5P2	-7110
159	chr10	130461309	130461683	375	8				-46.3721806234276	0.801969611861057	0.235072813227216	0.566896798633841	0.823529411764706	0.90295358649789	0.679425837320574	0.196078431372549	0.198795180722892	0.310344827586207	hyper	intergenic	""	GLRX3	325088
160	chr11	49225208	49225735	528	8				46.2249247076573	0.0671841071841072	0.420068616928567	-0.35288450974446	0.0512820512820513	0.0466666666666667	0.103603603603604	0.41340782122905	0.403940886699507	0.442857142857143	hypo	intergenic	""	FOLH1	-16869
161	chr18	10074676	10074941	266	9				-46.1498123625617	0.853802555355953	0.452957700159706	0.400844855196247	0.837837837837838	0.932307692307692	0.79126213592233	0.450549450549451	0.481927710843373	0.426395939086294	hyper	intergenic	""	VAPA	160793
162	chr3	70488064	70488246	183	8				-46.0660358300674	0.758694370763336	0.233196669553294	0.525497701210042	0.885057471264368	0.75	0.641025641025641	0.225806451612903	0.25503355704698	0.21875	hyper	intergenic	""	MDFIC2	-175517
163	chr22	34161394	34161773	380	9				45.6043088328159	0.1471435359334	0.60070047355959	-0.45355693762619	0.0640394088669951	0.0986301369863014	0.278761061946903	0.6	0.544642857142857	0.657458563535912	hypo	intergenic	""	LARGE1	-238759
164	chr2	66217107	66217567	461	8				-45.4270636512798	0.64485487318747	0.222679178566572	0.422175694620898	0.614285714285714	0.721476510067114	0.598802395209581	0.193333333333333	0.325581395348837	0.149122807017544	hyper	intergenic	""	MIR4778	140991
165	chr14	54650491	54651011	521	9				-45.361888538843	0.58916879484588	0.181746640199751	0.407422154646129	0.629807692307692	0.681388012618297	0.456310679611651	0.167630057803468	0.223404255319149	0.154205607476636	hyper	intron	SAMD4A	SAMD4A	83140
166	chr1	84719340	84719974	635	9				45.3067137962909	0.262121448662728	0.646762805178383	-0.384641356515655	0.254335260115607	0.18005540166205	0.351973684210526	0.601226993865031	0.682539682539683	0.656521739130435	hypo	intergenic	""	SSX2IP	-29189
167	chr9	20144407	20144748	342	8				-45.0168611968837	0.635500997731098	0.133217960669712	0.502283037061385	0.579439252336449	0.545454545454545	0.781609195402299	0.176829268292683	0.126050420168067	0.0967741935483871	hyper	intergenic	""	MIR4473	266661
168	chr21	39850998	39851362	365	8				-44.9839586808797	0.831850277218369	0.317156466171565	0.514693811046804	0.807339449541285	0.883333333333333	0.804878048780488	0.372727272727273	0.301369863013699	0.277372262773723	hyper	intergenic	""	PCP4	-16257
169	chr5	5616472	5616739	268	6				44.77133594513	0.284119614982053	0.843516830774629	-0.559397215792576	0.147540983606557	0.313513513513514	0.391304347826087	0.830409356725146	0.847682119205298	0.852459016393443	hypo	intergenic	""	ICE1	193929
170	chr4	8090619	8090962	344	9				-44.6971811791202	0.706676231468197	0.252664458175141	0.454011773293056	0.605882352941176	0.800813008130081	0.713333333333333	0.203007518796992	0.287128712871287	0.267857142857143	hyper	intron	ABLIM2	ABLIM2	-18802
171	chr17	42925369	42925678	310	7				-44.6537765337076	0.873454107464511	0.399422110033123	0.474031997431388	0.895424836601307	0.905660377358491	0.819277108433735	0.396103896103896	0.307317073170732	0.494845360824742	hyper	intergenic	""	G6PC	24725
172	chr11	61603372	61603459	88	10				44.4400699004932	0.186047321521299	0.741398874364561	-0.555351552843262	0.131147540983607	0.0804597701149425	0.346534653465347	0.740740740740741	0.764705882352941	0.71875	hypo	non-coding	LOC101927495	RPLP0P2	-11620
173	chr2	191093626	191093989	364	9				44.4380999200918	0.288469964734347	0.678562725144652	-0.390092760410305	0.28804347826087	0.215297450424929	0.362068965517241	0.672811059907834	0.735099337748344	0.627777777777778	hypo	intron	STAT4	STAT4	57187
174	chr17	34130690	34131189	500	9				-44.4125617548131	0.37990417194037	0.0659661958260422	0.313937976114327	0.366666666666667	0.453674121405751	0.319371727748691	0.0616438356164384	0.0867052023121387	0.0495495495495496	hyper	intron	ASIC2	ASIC2	25867
175	chr1	18588124	18588327	204	8				-44.3985535186351	0.716417860321405	0.276556827864738	0.439861032456667	0.635294117647059	0.783870967741935	0.730088495575221	0.293413173652695	0.255555555555556	0.280701754385965	hyper	intergenic	""	PAX7	-42620
176	chr21	29824685	29824958	274	8				-44.2854771671096	0.880958720146055	0.475289145111748	0.405669575034307	0.878980891719745	0.906752411575563	0.857142857142857	0.565934065934066	0.374384236453202	0.485549132947977	hyper	intron	GRIK1	GRIK1-AS1	76647
177	chr4	155248654	155249538	885	9				44.1700231555331	0.417971561331796	0.879637278884874	-0.461665717553078	0.270935960591133	0.404255319148936	0.578723404255319	0.887804878048781	0.864077669902913	0.887029288702929	hypo	intergenic	""	NPY2R	40461
178	chr3	86986043	86986941	899	8				-44.1656879877783	0.721659253916737	0.21906090174595	0.502598352170787	0.8	0.801418439716312	0.563559322033898	0.19634703196347	0.196261682242991	0.26457399103139	hyper	intron	VGLL3	VGLL3	4657
179	chr10	21499251	21499574	324	9				-43.8602852411689	0.508266562841888	0.151293699401501	0.356972863440387	0.588235294117647	0.525547445255475	0.411016949152542	0.138121546961326	0.0992647058823529	0.216494845360825	hyper	intergenic	""	MIR1915HG	-2152
180	chr10	3013373	3013887	515	7				-43.7771320099463	0.885930475012422	0.373017335434598	0.512913139577823	0.908450704225352	0.940092165898618	0.809248554913295	0.44	0.398230088495575	0.280821917808219	hyper	intergenic	""	LOC101927824	53303
181	chr3	111074765	111075218	454	7				-43.5696229136184	0.72971860742301	0.241132758910686	0.488585848512324	0.728323699421965	0.813291139240506	0.647540983606557	0.25531914893617	0.211981566820277	0.25609756097561	hyper	intron	NECTIN3	NECTIN3	3176
182	chr12	124040435	124040735	301	9				-43.4928370017347	0.864759709854091	0.548400691644872	0.316359018209219	0.92436974789916	0.913690476190476	0.756218905472637	0.525423728813559	0.598039215686275	0.521739130434783	hyper	intron	ZNF664-RFLNA	ZNF664-RFLNA	67371
183	chr17	6567940	6568136	197	9				-43.4609298811839	0.537200429897721	0.119489259626357	0.417711170271364	0.463636363636364	0.696113074204947	0.451851851851852	0.140845070422535	0.105263157894737	0.112359550561798	hyper	intergenic	""	PITPNM3	-11483
184	chr8	11226646	11226968	323	9				43.4144131249215	0.318195693195693	0.783838368574988	-0.465642675379295	0.252747252747253	0.303030303030303	0.398809523809524	0.834355828220859	0.764285714285714	0.752873563218391	hypo	intergenic	""	XKR6	-24974
185	chr7	40828784	40829037	254	8				-43.3912560154354	0.82491875274484	0.291809793050699	0.533108959694141	0.772727272727273	0.942028985507246	0.76	0.322368421052632	0.234042553191489	0.319018404907975	hyper	intron	SUGCT	LINC01450	151029
186	chr6	75156157	75156678	522	7				-43.2365906307943	0.921836123487441	0.52402755436545	0.397808569121991	0.936170212765957	0.898989898989899	0.930348258706468	0.554838709677419	0.50253807106599	0.514705882352941	hyper	exon	COL12A1	SNORD156	-27635
187	chr2	8162686	8162878	193	9				-43.113693000946	0.884857415697999	0.370048585225473	0.514808830472526	0.908045977011494	0.831632653061224	0.914893617021277	0.401639344262295	0.504424778761062	0.204081632653061	hyper	non-coding	LINC00299	LINC00299	165637
188	chr7	94395948	94396275	328	6				-43.0744036446899	0.861608205742817	0.238151128996199	0.623457076746617	0.876288659793815	0.79295154185022	0.915584415584416	0.283333333333333	0.276190476190476	0.154929577464789	hyper	intron	COL1A2	COL1A2	1217
189	chr3	86993732	86994151	420	8				-42.9251230379721	0.733593835900299	0.292392589672842	0.441201246227457	0.721854304635762	0.812260536398467	0.666666666666667	0.26046511627907	0.311627906976744	0.305084745762712	hyper	intergenic	""	VGLL3	-2792
190	chr6	166905087	166905406	320	8				-42.8438986504574	0.913112506314498	0.4448143151253	0.468298191189198	0.870967741935484	0.932885906040269	0.935483870967742	0.520661157024794	0.509433962264151	0.304347826086957	hyper	TTS	RPS6KA2-AS1	RPS6KA2-AS1	1549
191	chr17	73396957	73397085	129	9				-42.8134675430888	0.69664998735713	0.223769383980652	0.472880603376478	0.666666666666667	0.79295154185022	0.630331753554502	0.191666666666667	0.288732394366197	0.190909090909091	hyper	intron	SDK2	CDC42EP4	-85020
192	chr16	25819389	25819678	290	8				-42.7316638950812	0.627344553965348	0.160625388256967	0.466719165708381	0.780645161290323	0.570776255707763	0.530612244897959	0.126984126984127	0.164102564102564	0.190789473684211	hyper	intron	HS3ST4	HS3ST4	127575
193	chr16	47260631	47260810	180	9				-42.5680968999368	0.934973785686474	0.646433583432143	0.28854020225433	0.935064935064935	0.907090464547677	0.962765957446809	0.670391061452514	0.641791044776119	0.627118644067797	hyper	intron	ITFG1	ITFG1-AS1	116653
194	chr1	243508172	243508544	373	9				-42.3896917943427	0.784748713564773	0.29100884298199	0.493739870582783	0.822695035460993	0.791044776119403	0.740506329113924	0.273972602739726	0.314285714285714	0.28476821192053	hyper	intron	AKT3	MIR4677	162183
195	chr7	32068744	32069051	308	8				-42.3391002432308	0.765953038285084	0.337410649474177	0.428542388810907	0.738888888888889	0.881679389312977	0.677290836653386	0.316062176165803	0.315217391304348	0.380952380952381	hyper	intron	PDE1C	PDE1C	1510
196	chr9	124010534	124010817	284	8				-42.0257742676968	0.578523443702223	0.145690390851681	0.432833052850542	0.495327102803738	0.766169154228856	0.474074074074074	0.19047619047619	0.135483870967742	0.111111111111111	hyper	intergenic	""	LHX2	-1092
197	chr1	233885236	233885765	530	8				41.8788907095119	0.244405867300801	0.658165895819088	-0.413760028518287	0.161290322580645	0.211678832116788	0.360248447204969	0.705479452054795	0.622950819672131	0.646067415730337	hypo	intergenic	""	SLC35F3	-19175
198	chr21	37711107	37711292	186	9				-41.7790780734431	0.842448613452527	0.36471732907941	0.477731284373116	0.778947368421053	0.917073170731707	0.831325301204819	0.380952380952381	0.341614906832298	0.371584699453552	hyper	intron	KCNJ6	KCNJ6	205258
199	chr2	226797001	226797299	299	9				-41.7437945238966	0.860254083484574	0.416324327257919	0.443929756226655	0.741379310344828	0.93421052631579	0.905172413793103	0.49685534591195	0.353383458646617	0.39873417721519	hyper	exon	IRS1	IRS1	2670
200	chr5	152511105	152511501	397	6				-41.7142164885304	0.519004727083063	0.0875585440920648	0.431446182990998	0.626373626373626	0.470175438596491	0.46046511627907	0.074468085106383	0.075	0.113207547169811	hyper	intergenic	""	NMUR2	-106024
201	chr18	77825845	77826301	457	7				-41.6897502998945	0.848867993217989	0.433759018759019	0.41510897445897	0.848101265822785	0.908759124087591	0.78974358974359	0.371428571428571	0.445	0.484848484848485	hyper	intergenic	""	LINC01029	167654
202	chr9	124022760	124022848	89	9				-41.5751688806786	0.578176260269112	0.057510117538168	0.520666142730944	0.550724637681159	0.694915254237288	0.488888888888889	0.0707070707070707	0.032258064516129	0.0695652173913044	hyper	intron	LHX2	LHX2	11037
203	chr2	6448819	6449159	341	8				-41.4792934400854	0.518443340648732	0.0661935785055416	0.452249762143191	0.442748091603053	0.693227091633466	0.419354838709677	0.091304347826087	0.0546448087431694	0.0526315789473684	hyper	intergenic	""	LINC01247	-73567
204	chr9	38422798	38423463	666	8				-41.4681602074607	0.648827689398633	0.179865190942006	0.468962498456627	0.740458015267176	0.614678899082569	0.591346153846154	0.164179104477612	0.113636363636364	0.261780104712042	hyper	intron	IGFBPL1	IGFBPL1	1324
205	chr1	82843959	82844207	249	8				-41.3759751453447	0.886684175363421	0.451297016431946	0.435387158931474	0.82967032967033	0.943589743589744	0.886792452830189	0.491017964071856	0.43312101910828	0.429752066115702	hyper	intergenic	""	LINC01362	-59099
206	chr5	81167418	81167968	551	8				-41.3388585666636	0.766503587736465	0.293120565843788	0.473383021892676	0.8	0.821428571428571	0.678082191780822	0.282258064516129	0.348484848484849	0.248618784530387	hyper	intron	RASGRF2	CKMT2	-65626
207	chr8	127795772	127796039	268	8				-41.23477755998	0.509593954265901	0.095690997262137	0.413902957003764	0.548387096774194	0.585185185185185	0.395209580838323	0.0354609929078014	0.0402298850574713	0.211382113821138	hyper	promoter-TSS	MIR1204	MIR1204	-56
208	chr12	108804390	108804804	415	8				-41.199359866046	0.626346955238287	0.219707447670992	0.406639507567295	0.620689655172414	0.796812749003984	0.461538461538462	0.198473282442748	0.220338983050847	0.24031007751938	hyper	intron	SSH1	SSH1	22954
209	chr2	103254571	103254818	248	7				-41.1507260104733	0.706463413320116	0.232867494824017	0.473595918496099	0.72027972027972	0.801652892561983	0.597457627118644	0.192857142857143	0.277173913043478	0.228571428571429	hyper	intergenic	""	LINC01935	-270265
210	chr22	43263512	43263636	125	9				-41.1127610240993	0.713022462416503	0.220518457029248	0.492504005387255	0.563106796116505	0.782857142857143	0.793103448275862	0.201923076923077	0.222222222222222	0.237410071942446	hyper	intron	SCUBE1	SCUBE1-AS1	-12367
211	chr3	128999763	129000076	314	8				-40.9726231816896	0.55178695846745	0.158875461070867	0.392911497396584	0.484126984126984	0.674418604651163	0.496815286624204	0.118421052631579	0.164835164835165	0.193370165745856	hyper	intron	CFAP92	EFCC1	-1384
212	chr8	135657171	135657276	106	8				-40.9490064009893	0.88032153653704	0.29851603485393	0.58180550168311	0.918367346938776	0.958199356913183	0.764397905759162	0.354545454545455	0.404907975460123	0.136094674556213	hyper	intergenic	""	KHDRBS3	199768
213	chr5	146589990	146590184	195	9				-40.8700179019821	0.95422637427996	0.719795663715201	0.234430710564759	0.946107784431138	0.956175298804781	0.96039603960396	0.746606334841629	0.746113989637306	0.666666666666667	hyper	exon	PPP2R2B	GPR151	-73897
214	chr1	213661351	213661650	300	8				-40.8611445843106	0.604398442833158	0.186567262693554	0.417831180139604	0.48314606741573	0.758620689655172	0.571428571428571	0.189473684210526	0.209424083769634	0.160804020100503	hyper	intergenic	""	LINC00538	-263248
215	chr3	158058979	158059083	105	7				-40.8494141663969	0.760378959594934	0.211616161616162	0.548762797978773	0.875	0.717514124293785	0.688622754491018	0.234848484848485	0.2	0.2	hyper	intergenic	""	SHOX2	47132
216	chr9	111401056	111401351	296	7				-40.8292677377191	0.896654036983661	0.40569637622768	0.490957660755981	0.907692307692308	0.965065502183406	0.817204301075269	0.342391304347826	0.404109589041096	0.470588235294118	hyper	intron	ECPAS	OR2K2	-70979
217	chr11	3532491	3532993	503	6				-40.758102875241	0.764716551156134	0.154754940049058	0.609961611107076	0.820689655172414	0.845360824742268	0.628099173553719	0.188235294117647	0.162393162393162	0.113636363636364	hyper	non-coding	LOC101927708	LOC101927708	39245
218	chr2	226796004	226796212	209	8				-40.5298212573491	0.911376586376586	0.415286176776006	0.49609040960058	0.769230769230769	0.975	0.98989898989899	0.45	0.431372549019608	0.364485981308411	hyper	exon	IRS1	IRS1	3712
219	chr10	88500101	88500713	613	7				40.5107899352973	0.499589425138327	0.919171176354849	-0.419581751216522	0.476923076923077	0.392215568862275	0.62962962962963	0.940298507462687	0.915254237288136	0.901960784313725	hypo	intron	RNLS	RNLS	82911
220	chr3	143752332	143752706	375	7				40.4368658972187	0.394411873963967	0.913924038924039	-0.519512164960071	0.318181818181818	0.320675105485232	0.544378698224852	0.958041958041958	0.880952380952381	0.902777777777778	hypo	intron	SLC9A9	SLC9A9	95949
221	chr7	97887001	97887372	372	7				-40.3961392970092	0.913939817918598	0.447708043790993	0.466231774127605	0.857142857142857	0.946745562130177	0.937931034482759	0.488888888888889	0.459677419354839	0.394557823129252	hyper	intron	ASNS	ASNS	-14644
222	chr6	163341980	163342270	291	7				-40.3195944080788	0.723224536657373	0.223827756641628	0.499396780015744	0.619047619047619	0.830845771144279	0.71978021978022	0.263888888888889	0.216417910447761	0.191176470588235	hyper	non-coding	DKFZp451B082	DKFZp451B082	4908
223	chr19	7287691	7288083	393	8				-40.3142914035912	0.720707189756607	0.290692352764185	0.430014836992421	0.696551724137931	0.788321167883212	0.677248677248677	0.303225806451613	0.247422680412371	0.321428571428571	hyper	intron	INSR	INSR	6527
224	chr2	188978412	188979307	896	7				-40.2672862889909	0.558326846338881	0.146942998143494	0.411383848195387	0.586206896551724	0.634228187919463	0.454545454545455	0.14018691588785	0.154696132596685	0.145945945945946	hyper	promoter-TSS	MIR1245B	MIR1245B	-698
225	chr12	3116726	3116941	216	9				-40.1733792700166	0.731471007903239	0.25079883805374	0.480672169849499	0.595238095238095	0.864661654135338	0.734513274336283	0.287037037037037	0.177777777777778	0.287581699346405	hyper	intron	TSPAN9	TSPAN9	39455
226	chr1	18638904	18639282	379	6				40.1293726829447	0.0879497789136343	0.655114059228787	-0.567164280315153	0.0481927710843374	0.0656565656565657	0.15	0.603305785123967	0.662921348314607	0.699115044247788	hypo	intron	PAX7	PAX7	8248
227	chr8	71965941	71966175	235	7				40.0984547352973	0.452260976207996	0.882569872958258	-0.430308896750262	0.388888888888889	0.352	0.615894039735099	0.888	0.896551724137931	0.863157894736842	hypo	non-coding	MSC-AS1	TRPA1	109526
228	chr11	100221323	100221797	475	8				40.0955750767807	0.26633461389559	0.793542377895217	-0.527207763999627	0.285714285714286	0.115853658536585	0.397435897435897	0.763157894736842	0.806896551724138	0.81057268722467	hypo	intron	CNTN5	ARHGAP42	-465727
229	chr2	238763337	238763770	434	7				39.950058263819	0.319453294679335	0.779003840393497	-0.459550545714162	0.259493670886076	0.302040816326531	0.396825396825397	0.782051282051282	0.798657718120805	0.756302521008403	hypo	intergenic	""	LOC100287387	84354
230	chr13	106467248	106467561	314	7				-39.9499414384254	0.823571940052451	0.421877104377104	0.401694835675346	0.886178861788618	0.818181818181818	0.766355140186916	0.462222222222222	0.390909090909091	0.4125	hyper	intergenic	""	EFNB2	68258
231	chr3	194324073	194324161	89	9				-39.9196263204391	0.882398753894081	0.308193908193908	0.574204845700173	0.875	0.897196261682243	0.875	0.472972972972973	0.271428571428571	0.18018018018018	hyper	intergenic	""	LINC00887	-11313
232	chr3	172222548	172222815	268	8				-39.8823496468778	0.824234254250351	0.387394026182946	0.436840228067405	0.847328244274809	0.784883720930233	0.840490797546012	0.419161676646707	0.371951219512195	0.371069182389937	hyper	intron	FNDC3B	FNDC3B	182151
233	chr3	128563524	128563827	304	6				-39.7918483097608	0.677560831154466	0.132886274190622	0.544674556963844	0.632075471698113	0.7847533632287	0.615853658536585	0.168831168831169	0.101449275362319	0.128378378378378	hyper	intergenic	""	LINC01565	12411
234	chr15	26882628	26882796	169	8				-39.6326081041664	0.777755316754999	0.266643291257597	0.511112025497402	0.760416666666667	0.816546762589928	0.756302521008403	0.225806451612903	0.330645161290323	0.243478260869565	hyper	intron	GABRA5	GABRA5	15587
235	chr17	30271110	30271426	317	6				-39.6323584129697	0.914772429463446	0.480723720224851	0.434048709238596	0.884297520661157	0.938967136150235	0.921052631578947	0.520958083832335	0.484126984126984	0.437086092715232	hyper	intron	BLMH	BLMH	20676
236	chr18	63143369	63143582	214	8				-39.5515544370109	0.737395423576499	0.272869864399919	0.46452555917658	0.584070796460177	0.840236686390533	0.787878787878788	0.327868852459016	0.25	0.240740740740741	hyper	intron	BCL2	BCL2	176294
237	chr10	86065723	86066263	541	8				39.4073685573204	0.104779687102398	0.705339635854342	-0.600559948751944	0.0241935483870968	0.016260162601626	0.273885350318471	0.779411764705882	0.642857142857143	0.69375	hypo	intron	GRID1	MIR346	198795
238	chr6	1665970	1666223	254	8				-39.3859417580259	0.938944337249422	0.505800599809816	0.433143737439606	0.929292929292929	0.961864406779661	0.925675675675676	0.464516129032258	0.56989247311828	0.482993197278912	hyper	intron	GMDS	FOXC1	56182
239	chr10	127402828	127403136	309	7				-39.3399283739904	0.824240479246898	0.312179271708684	0.512061207538214	0.868421052631579	0.842105263157895	0.76219512195122	0.34453781512605	0.312	0.28	hyper	intron	DOCK1	NPS	-146326
240	chr10	131380211	131380485	275	7				39.306186328204	0.22954343526984	0.759460877857006	-0.529917442587166	0.0975609756097561	0.243243243243243	0.347826086956522	0.761194029850746	0.759124087591241	0.758064516129032	hypo	intergenic	""	TCERG1L	-68627
241	chr16	20016206	20016571	366	8				39.2074881105686	0.230983457463806	0.576699102101551	-0.345715644637746	0.240837696335079	0.149295774647887	0.302816901408451	0.569620253164557	0.545893719806763	0.614583333333333	hypo	intergenic	""	GPR139	57390
242	chr20	60455396	60455664	269	8				-39.1641674386305	0.399113576434423	0.0691988666113923	0.329914709823031	0.380681818181818	0.530944625407166	0.285714285714286	0.0526315789473684	0.0558659217877095	0.0990990990990991	hyper	intergenic	""	LOC101928048	17446
243	chr2	65278294	65278623	330	8				-38.9242499589026	0.80741532696929	0.37541380188439	0.432001525084899	0.911764705882353	0.723247232472325	0.787234042553192	0.363636363636364	0.392857142857143	0.369747899159664	hyper	intergenic	""	ACTR2	50628
244	chr7	16678732	16678992	261	7				-38.8369115274941	0.867061782552395	0.280312526979194	0.586749255573201	0.939597315436242	0.952727272727273	0.708860759493671	0.26	0.321678321678322	0.259259259259259	hyper	intron	BZW2	BZW2	17649
245	chr9	132434658	132434908	251	8				38.8094767056926	0.365034965034965	0.838262038215447	-0.473227073180482	0.327272727272727	0.215384615384615	0.552447552447552	0.868613138686131	0.808510638297872	0.837662337662338	hypo	intron	CFAP77	CFAP77	24573
246	chr2	150470076	150470337	262	8				-38.7609563495029	0.69524322699945	0.189230010820354	0.506013216179096	0.728070175438597	0.815286624203822	0.542372881355932	0.165178571428571	0.236994219653179	0.16551724137931	hyper	exon	RND3	RND3	17489
247	chr1	33898975	33899177	203	8				-38.6888501207035	0.76892369568886	0.305721377851024	0.463202317837836	0.81651376146789	0.845679012345679	0.644578313253012	0.310077519379845	0.307086614173228	0.3	hyper	intron	CSMD2	CSMD2-AS1	30121
248	chr2	169293957	169294208	252	8				-38.6358060234213	0.753731628173316	0.295717726655402	0.458013901517914	0.588709677419355	0.85	0.822485207100592	0.287878787878788	0.321167883211679	0.27810650887574	hyper	intron	LRP2	LRP2	68452
249	chr2	109700398	109700824	427	8				-38.6338485989254	0.598795134122312	0.230106506946751	0.368688627175561	0.510489510489511	0.719858156028369	0.566037735849057	0.212765957446809	0.208092485549133	0.269461077844311	hyper	intergenic	""	RGPD6	-59827
250	chr8	140057893	140058077	185	8				-38.5861108274024	0.697270885681451	0.263535353535354	0.433735532146097	0.63	0.847133757961784	0.614678899082569	0.227272727272727	0.25	0.313333333333333	hyper	intron	TRAPPC9	PEG13	42550
251	chr3	130200802	130201110	309	7				-38.5260538655869	0.809755743889713	0.297033044803746	0.512722699085968	0.758620689655172	0.844559585492228	0.826086956521739	0.333333333333333	0.388535031847134	0.169230769230769	hyper	intergenic	""	COL6A4P2	-11863
252	chr10	15868098	15868266	169	5				-38.5106297092916	0.681653258822566	0.108647204441996	0.57300605438057	0.71875	0.717514124293785	0.608695652173913	0.147058823529412	0.0736196319018405	0.105263157894737	hyper	intergenic	""	MINDY3	-7649
253	chr9	735015	735488	474	7				-38.3738978242454	0.88128626254072	0.481297366426677	0.399988896114043	0.826771653543307	0.913533834586466	0.903553299492386	0.53448275862069	0.56875	0.340659340659341	hyper	intron	KANK1	KANK1	28575
254	chr6	50846956	50847165	210	8				38.346609625169	0.0617155933687344	0.390202889479998	-0.328487296111263	0.0445859872611465	0.0238095238095238	0.116751269035533	0.388571428571429	0.318181818181818	0.463855421686747	hypo	3UTR	TFAP2B	TFAP2B	28190
255	chr13	78383218	78383902	685	6				-38.3093468770183	0.761281899878667	0.25363087806908	0.507651021809586	0.768115942028986	0.8014440433213	0.714285714285714	0.266666666666667	0.230337078651685	0.263888888888889	hyper	non-coding	OBI1-AS1	LOC780529	-212561
256	chr7	20794665	20794811	147	8				-38.2720827598728	0.428445423330366	0.0734345159764666	0.3550109073539	0.398148148148148	0.546762589928058	0.340425531914894	0.0619469026548673	0.0679611650485437	0.0903954802259887	hyper	intergenic	""	SP8	-7852
257	chr6	170184291	170184573	283	7				-38.2661726711014	0.840622528459246	0.344396450168853	0.496226078290394	0.903846153846154	0.866141732283465	0.75187969924812	0.295238095238095	0.345794392523364	0.392156862745098	hyper	intergenic	""	LOC102724511	23791
258	chr4	15148251	15148479	229	8				-38.2414130245751	0.79552066764343	0.347609819121447	0.447910848521983	0.747474747474748	0.850267379679144	0.788819875776398	0.4125	0.317829457364341	0.3125	hyper	non-coding	C1QTNF7-AS1	CPEB2	145885
259	chr4	20676868	20677191	324	7				-38.1827624606495	0.631433478817938	0.164234158660253	0.467199320157685	0.694214876033058	0.725225225225225	0.474860335195531	0.194444444444444	0.121387283236994	0.17687074829932	hyper	intergenic	""	PACRGL	-19252
260	chr8	61313889	61314099	211	8				-38.158394440898	0.802544050931148	0.377396767227276	0.425147283703872	0.83974358974359	0.922727272727273	0.645161290322581	0.271186440677966	0.428571428571429	0.432432432432432	hyper	intron	CLVS1	CLVS1	26025
261	chr7	20334652	20335664	1013	6				-38.0363883700963	0.878100599526104	0.400322632313571	0.477777967212533	0.89051094890511	0.92156862745098	0.822222222222222	0.386861313868613	0.408045977011494	0.406060606060606	hyper	intron	ITGB8	LOC101927811	-3396
262	chr18	77924441	77924717	277	8				-38.0186228161212	0.893615299622349	0.590613285350127	0.303002014272221	0.901162790697675	0.86890243902439	0.910780669144981	0.625641025641026	0.611111111111111	0.535087719298246	hyper	intergenic	""	LINC01029	69148
263	chrX	1077758	1077868	111	8				-37.9315426392616	0.571131260107638	0.175954022988506	0.395177237119132	0.393939393939394	0.752525252525253	0.566929133858268	0.152	0.189655172413793	0.186206896551724	hyper	intergenic	""	CRLF2	134836
264	chr16	8380124	8380552	429	7				37.8814436491053	0.0568786087975471	0.420267850841514	-0.363389242043967	0.0374331550802139	0.0528455284552846	0.0803571428571429	0.389830508474576	0.527777777777778	0.343195266272189	hypo	intergenic	""	TMEM114	209500
265	chr7	136137044	136137338	295	6				-37.8309623600438	0.81210157525947	0.358731327481328	0.453370247778143	0.801801801801802	0.888888888888889	0.745614035087719	0.324786324786325	0.427083333333333	0.324324324324324	hyper	intergenic	""	LUZP6	-159832
266	chr6	92208585	92208830	246	6				37.5806217507908	0.499035356110828	0.919550137782182	-0.420514781671354	0.351351351351351	0.520754716981132	0.625	0.909090909090909	0.917127071823204	0.932432432432432	hypo	intergenic	""	CASC6	-518279
267	chr3	11168548	11168657	110	8				-37.4009014119911	0.775123025123025	0.29423896499239	0.480884060130636	0.805555555555556	0.853146853146853	0.666666666666667	0.164383561643836	0.293333333333333	0.425	hyper	intron	HRH1	HRH1	14110
268	chr20	57088306	57088620	315	7				37.3937267244321	0.223216267859125	0.808721521609498	-0.585505253750373	0.16025641025641	0.11734693877551	0.392045454545455	0.838709677419355	0.786407766990291	0.801047120418848	hypo	intergenic	""	BMP7-AS1	-125232
269	chr20	61092338	61092497	160	7				-37.182997146763	0.394049957427031	0.0398317735576495	0.354218183869381	0.534391534391534	0.42741935483871	0.220338983050847	0.0373831775700935	0.0409356725146199	0.0411764705882353	hyper	intergenic	""	LINC01718	13354
270	chr14	55760932	55761224	293	8				-37.1673709907712	0.916415288696124	0.611399711399711	0.305015577296412	0.912	0.929411764705882	0.907834101382488	0.702380952380952	0.672727272727273	0.459090909090909	hyper	intergenic	""	RPL13AP3	-5166
271	chr3	190545860	190546166	307	7				-37.1290264980744	0.823630688417274	0.413398503032649	0.410232185384624	0.727272727272727	0.924107142857143	0.819512195121951	0.375	0.404878048780488	0.46031746031746	hyper	intron	IL1RAP	IL1RAP	31929
272	chr3	86979027	86980406	1380	6				-37.11314731509	0.887668712875221	0.46363481462795	0.424033898247271	0.948571428571429	0.900709219858156	0.813725490196078	0.457317073170732	0.479041916167665	0.454545454545455	hyper	intron	VGLL3	VGLL3	11433
273	chr6	79334847	79335555	709	6				37.0881873948879	0.107676604226878	0.783743758991284	-0.676067154764405	0.037037037037037	0.0467289719626168	0.239263803680982	0.8	0.787128712871287	0.764102564102564	hypo	intergenic	""	LCAL1	-21817
274	chr16	5287920	5288291	372	7				-36.6040252643554	0.732462665539589	0.252178062722397	0.480284602817192	0.67	0.798816568047337	0.728571428571429	0.28695652173913	0.272727272727273	0.196850393700787	hyper	intergenic	""	EEF2KMT	-190285
275	chr3	157631572	157631745	174	7				-36.3709638467427	0.629336248510855	0.257777863947161	0.371558384563694	0.60377358490566	0.64406779661017	0.640167364016736	0.211764705882353	0.280487804878049	0.281081081081081	hyper	intergenic	""	SLC66A1L	88347
276	chr16	73170925	73171008	84	8				-36.2593288884157	0.725682182985554	0.22973322973323	0.495948953252324	0.838095238095238	0.838951310861423	0.5	0.251748251748252	0.176767676767677	0.260683760683761	hyper	intergenic	""	ZFHX3	-26519
277	chr6	168280531	168280728	198	7				-36.1077594373347	0.897553324326537	0.470976665409823	0.426576658916715	0.923728813559322	0.864583333333333	0.904347826086956	0.485507246376812	0.485981308411215	0.441441441441441	hyper	intergenic	""	LOC101929420	37692
278	chr8	18556111	18556305	195	7				-36.1000149740078	0.929434250764526	0.507503432036036	0.42193081872849	0.958333333333333	0.963302752293578	0.866666666666667	0.537037037037037	0.472868217054264	0.512605042016807	hyper	exon	PSD3	NAT2	164927
279	chr10	49278734	49279140	407	5				36.0704974836979	0.298387745293305	0.867736113788745	-0.569348368495441	0.226415094339623	0.228070175438597	0.440677966101695	0.839285714285714	0.926315789473684	0.837606837606838	hypo	intergenic	""	C10orf71-AS1	19956
280	chr1	221788352	221788756	405	7				36.033961998926	0.229121863799283	0.682516560931235	-0.453394697131951	0.1	0.254032258064516	0.333333333333333	0.700729927007299	0.72316384180791	0.623655913978495	hypo	intergenic	""	DUSP10	-46378
281	chr4	4058997	4059368	372	7				-36.0104984093767	0.844467261053781	0.472653090814285	0.371814170239496	0.851612903225806	0.894117647058824	0.787671232876712	0.5234375	0.439024390243902	0.455497382198953	hyper	intergenic	""	FAM86EP	-103754
282	chr1	25567777	25567884	108	7				-35.9950722778825	0.811589290402506	0.290672236574507	0.520917053827999	0.797297297297297	0.905511811023622	0.731958762886598	0.373913043478261	0.212389380530973	0.285714285714286	hyper	3UTR	LDLRAP1	LDLRAP1	24225
283	chr1	66351434	66352374	941	6				-35.8562475784582	0.684793622072951	0.202960281548517	0.481833340524434	0.720338983050847	0.730593607305936	0.603448275862069	0.176	0.256410256410256	0.176470588235294	hyper	intron	PDE4B	PDE4B	-2630
284	chr3	174439465	174439761	297	7				35.6927104015911	0.185602896129212	0.666100656669607	-0.480497760540395	0.120300751879699	0.103174603174603	0.333333333333333	0.720670391061453	0.677631578947369	0.6	hypo	intergenic	""	NAALADL2	-419720
285	chr8	124143096	124143305	210	7				-35.5985289427621	0.770399178696122	0.342324396425237	0.428074782270885	0.769230769230769	0.847161572052402	0.694805194805195	0.374149659863946	0.344	0.308823529411765	hyper	non-coding	FER1L6-AS2	FER1L6-AS2	28322
286	chr17	59373103	59373534	432	7				-35.5670610136098	0.801311143952537	0.334857407239833	0.466453736712704	0.832	0.913705583756345	0.658227848101266	0.31055900621118	0.348101265822785	0.345911949685535	hyper	intron	YPEL2	MIR4729	7236
287	chr13	110371692	110371851	160	8				-35.529899988081	0.550430412042352	0.158154711118592	0.39227570092376	0.476923076923077	0.72636815920398	0.448	0.185714285714286	0.172185430463576	0.116564417177914	hyper	intron	COL4A2	MIR8073	30814
288	chr13	94859373	94859507	135	7				-35.5202581751818	0.561822150149415	0.124712643678161	0.437109506471254	0.438775510204082	0.701863354037267	0.544827586206897	0.128787878787879	0.124137931034483	0.121212121212121	hyper	non-coding	LOC101927284	LOC101927284	98500
289	chr6	121048335	121048872	538	7				-35.4888669498302	0.796010972968882	0.411909356659787	0.384101616309095	0.817073170731707	0.814345991561181	0.756613756613757	0.408163265306122	0.375757575757576	0.451807228915663	hyper	intergenic	""	TBC1D32	285877
290	chr6	155122705	155123394	690	7				-35.4532010762575	0.935153234670143	0.59383958310709	0.341313651563053	0.987654320987654	0.91304347826087	0.904761904761905	0.58955223880597	0.632911392405063	0.559055118110236	hyper	intron	TIAM2	TIAM2	16063
291	chr4	77367626	77368050	425	6				-35.2347883949464	0.746576979341837	0.300368662567941	0.446208316773896	0.753086419753086	0.765714285714286	0.72093023255814	0.3875	0.296551724137931	0.217054263565891	hyper	intergenic	""	CXCL13	-143914
292	chr8	384904	385127	224	6				35.1672216573413	0.105596523466488	0.65746151996152	-0.551864996495032	0.0598290598290598	0.091743119266055	0.165217391304348	0.622222222222222	0.741071428571429	0.609090909090909	hypo	intergenic	""	FAM87A	-1841
293	chr10	8614892	8615249	358	6				-35.0139093757575	0.828635798261966	0.373602737223246	0.45503306103872	0.775700934579439	0.945054945054945	0.765151515151515	0.385245901639344	0.354609929078014	0.380952380952381	hyper	intergenic	""	LOC105376398	-20679
294	chr1	81308056	81308506	451	6				-34.8581897689123	0.632029532646513	0.209671797824241	0.422357734822271	0.615942028985507	0.710526315789474	0.569620253164557	0.202453987730061	0.20353982300885	0.223021582733813	hyper	intron	ADGRL2	ADGRL2	1887
295	chr22	49370650	49370847	198	7				-34.7792321254138	0.546408933910703	0.126522077795628	0.419886856115074	0.643564356435644	0.432748538011696	0.562913907284768	0.12	0.115853658536585	0.143712574850299	hyper	intergenic	""	MIR3667	172718
296	chr17	36059638	36060019	382	6				-34.4755494225732	0.907485542468569	0.446535036778939	0.46095050568963	0.954022988505747	0.922279792746114	0.846153846153846	0.342857142857143	0.463414634146342	0.533333333333333	hyper	intergenic	""	CCL18	-4443
297	chr2	177711644	177712091	448	7				-34.4583276334773	0.792227045346324	0.389014238717236	0.403212806629088	0.782258064516129	0.815899581589958	0.778523489932886	0.407407407407407	0.421052631578947	0.338582677165354	hyper	exon	PDE11A	PDE11A-AS1	38546
298	chr5	14160175	14160466	292	6				-34.2529523032605	0.689388134934034	0.256729383518275	0.432658751415759	0.736486486486487	0.726235741444867	0.605442176870748	0.215827338129496	0.296296296296296	0.258064516129032	hyper	intron	TRIO	TRIO	16979
299	chr6	37542130	37542504	375	7				-34.1615930541629	0.765883792386525	0.351675884028825	0.414207908357699	0.748148148148148	0.822727272727273	0.726775956284153	0.372549019607843	0.383333333333333	0.299145299145299	hyper	intergenic	""	MIR4462	13105
300	chr1	245645968	245646218	251	7				-34.13937660015	0.917216117216117	0.509870556593399	0.407345560622718	0.928571428571429	0.923076923076923	0.9	0.5	0.532374100719425	0.497237569060774	hyper	intron	KIF26B	SMYD3	342458
301	chr14	81412671	81412908	238	5				-34.0655112127913	0.882402977139819	0.190886020081651	0.691516957058169	0.878787878787879	0.971428571428571	0.796992481203008	0.160377358490566	0.261904761904762	0.150375939849624	hyper	intron	STON2	STON2	14986
302	chr18	11850199	11850400	202	7				-33.9982971807216	0.45508137220466	0.115050855557185	0.340030516647475	0.330769230769231	0.584474885844749	0.45	0.0952380952380952	0.10126582278481	0.148648648648649	hyper	intron	GNAL	CHMP1B	-1113
303	chr18	463524	463701	178	7				-33.828409093128	0.58093603872428	0.228337434264486	0.352598604459794	0.507042253521127	0.618374558303887	0.617391304347826	0.229591836734694	0.214285714285714	0.24113475177305	hyper	intron	COLEC12	COLEC12	37089
304	chr6	137340779	137340883	105	4				-33.8122663760728	0.712763107218808	0.0931673899067824	0.619595717312026	0.797752808988764	0.628415300546448	0.712121212121212	0.137254901960784	0.0520833333333333	0.0901639344262295	hyper	intergenic	""	IFNGR1	-121446
305	chr20	23086490	23086602	113	7				-33.727745573277	0.549485940790289	0.0980830932516223	0.451402847538666	0.547008547008547	0.601449275362319	0.5	0.0754716981132076	0.102272727272727	0.116504854368932	hyper	promoter-TSS	CD93	CD93	-222
306	chr6	83429786	83430083	298	7				-33.6999509820723	0.718747958550738	0.315133464122228	0.403614494428509	0.677018633540373	0.757575757575758	0.721649484536083	0.317460317460317	0.313333333333333	0.314606741573034	hyper	intron	ME1	ME1	1117
307	chr14	20289646	20290110	465	6				-33.6515419551534	0.738671150958229	0.196942743268203	0.541728407690027	0.858823529411765	0.834254143646409	0.522935779816514	0.17037037037037	0.188976377952756	0.231481481481482	hyper	intron	TTC5	TTC5	16073
308	chr4	81784113	81784252	140	7				-33.6022943981871	0.729837138592709	0.288993560411056	0.440843578181653	0.605263157894737	0.896174863387978	0.688073394495413	0.293650793650794	0.197183098591549	0.376146788990826	hyper	intergenic	""	RASGEF1B	-312275
309	chr3	62377634	62377899	266	7				-33.4495899932146	0.628562435194786	0.171299997494573	0.457262437700213	0.558139534883721	0.802547770700637	0.525	0.16304347826087	0.182539682539683	0.168316831683168	hyper	intergenic	""	FEZF2	-4216
310	chr1	222892179	222892633	455	6				-33.4044041230085	0.882875620443243	0.462492699834472	0.420382920608771	0.865248226950355	0.929577464788732	0.853801169590643	0.439393939393939	0.47972972972973	0.468354430379747	hyper	intron	DISP1	DISP1	-36017
311	chr15	100663296	100663533	238	6				33.4014423831698	0.158609252587637	0.722424950128935	-0.563815697541299	0.0666666666666667	0.0298507462686567	0.379310344827586	0.736263736263736	0.741935483870968	0.689075630252101	hypo	intergenic	""	ASB7	60826
312	chr1	98387865	98388189	325	6				33.3727996862964	0.443555526842201	0.812605342062309	-0.369049815220108	0.401315789473684	0.365248226950355	0.564102564102564	0.837662337662338	0.80327868852459	0.796875	hypo	intergenic	""	LINC01776	177317
313	chr13	110392286	110392510	225	7				-33.3202472470055	0.867750876020596	0.470817856419261	0.396933019601335	0.909090909090909	0.953703703703704	0.740458015267176	0.523076923076923	0.477611940298507	0.411764705882353	hyper	intron	COL4A2	MIR8073	51441
314	chr8	18286829	18287055	227	7				33.27867967186	0.496995465083958	0.853840841892313	-0.356845376808355	0.39344262295082	0.422330097087379	0.675213675213675	0.852941176470588	0.849206349206349	0.859375	hypo	intergenic	""	NAT1	65275
315	chr9	126337865	126337964	100	7				-33.2679077401135	0.58526936026936	0.072036956093213	0.513232404176147	0.525252525252525	0.763888888888889	0.466666666666667	0.0842105263157895	0.0449438202247191	0.0869565217391304	hyper	intron	MVB12B	MVB12B	11086
316	chr10	21507688	21507940	253	7				-33.2531944350585	0.501191271613654	0.106701498704418	0.394489772909236	0.456521739130435	0.549356223175966	0.497695852534562	0.103703703703704	0.136690647482014	0.0797101449275362	hyper	intergenic	""	MIR1915HG	-10554
317	chr9	73160922	73161385	464	6				-33.2030587725646	0.762472278973929	0.420831386296899	0.34164089267703	0.785714285714286	0.808580858085809	0.693121693121693	0.441988950276243	0.427835051546392	0.392670157068063	hyper	intron	ANXA1	ANXA1	9289
318	chr2	165892710	165892813	104	6				-33.1596497744179	0.64619958054848	0.0531269543464665	0.593072626202014	0.632	0.836653386454183	0.469945355191257	0.0559440559440559	0.0363636363636364	0.0670731707317073	hyper	intron	TTC21B	LOC100506124	-20820
319	chr8	143895566	143895811	246	6				33.104767080147	0.537983361219558	0.919549369626022	-0.381566008406464	0.590909090909091	0.403409090909091	0.619631901840491	0.909677419354839	0.938356164383562	0.910614525139665	hypo	intergenic	""	EPPK1	-17221
320	chr3	75948507	75948670	164	4				-33.0146105956932	0.819364291772689	0.264885777450258	0.554478514322431	0.776	0.895833333333333	0.786259541984733	0.206521739130435	0.288135593220339	0.3	hyper	intergenic	""	ZNF717	-163039
321	chr3	168828223	168828480	258	5				-32.9587627518761	0.884592938186136	0.427844088365671	0.456748849820465	0.933333333333333	0.917525773195876	0.802919708029197	0.474820143884892	0.4375	0.371212121212121	hyper	non-coding	EGFEM1P	LINC02082	-73593
322	chr3	60330024	60330434	411	6				-32.9219091002682	0.909199522102748	0.495640397802004	0.413559124300744	0.888888888888889	0.935483870967742	0.903225806451613	0.514925373134328	0.503030303030303	0.468965517241379	hyper	intron	FHIT	FHIT	-249320
323	chr6	157097395	157097539	145	7				32.9095218017394	0.294722048929048	0.867174135815833	-0.572452086886785	0.253164556962025	0.148648648648649	0.482352941176471	0.928	0.899328859060403	0.774193548387097	hypo	intron	ARID1B	ARID1B	61041
324	chrX	40654801	40655011	211	7				-32.8998202104135	0.933283519797515	0.480904294586559	0.452379225210956	0.952380952380952	0.977099236641221	0.87037037037037	0.51685393258427	0.354430379746835	0.571428571428571	hyper	intron	MED14	CXorf38	-7345
325	chr17	77717996	77718286	291	6				32.8185667609578	0.114072517098172	0.718958729296769	-0.604886212198597	0.0802919708029197	0.0136986301369863	0.24822695035461	0.725	0.786206896551724	0.645669291338583	hypo	intergenic	""	LINC01987	10418
326	chr1	33667763	33667916	154	7				-32.8082324336867	0.805326280297548	0.334666844515584	0.470659435781964	0.780487804878049	0.832460732984293	0.803030303030303	0.36734693877551	0.300653594771242	0.336	hyper	intron	CSMD2	HMGB4	-192635
327	chr21	31583454	31583769	316	6				-32.7984035433946	0.536066023410939	0.153029735741761	0.383036287669178	0.63716814159292	0.580786026200873	0.390243902439024	0.133858267716535	0.159763313609467	0.165467625899281	hyper	intergenic	""	LOC150051	24379
328	chr5	9543252	9543457	206	7				-32.7772905555938	0.817823750308401	0.416618533833497	0.401205216474904	0.901234567901234	0.74031007751938	0.811926605504587	0.45933014354067	0.49112426035503	0.29940119760479	hyper	intron	SEMA5A	SEMA5A	2721
329	chr4	155674714	155674970	257	5				-32.776976925332	0.888237985272457	0.465768178616476	0.422469806655981	0.940298507462687	0.905138339920949	0.819277108433735	0.562091503267974	0.440476190476191	0.394736842105263	hyper	intron	GUCY1A1	GUCY1A1	7181
330	chr11	12441446	12441766	321	6				32.7351733873943	0.262004376620748	0.847127150912685	-0.585122774291937	0.13013698630137	0.206896551724138	0.448979591836735	0.89344262295082	0.851063829787234	0.796875	hypo	intron	PARVA	PARVA	64036
331	chr17	78081831	78082240	410	7				-32.6601121774078	0.81119667733841	0.430387794024158	0.380808883314252	0.740157480314961	0.858267716535433	0.835164835164835	0.398601398601399	0.429752066115702	0.462809917355372	hyper	intron	TNRC6C	TMC6	46720
332	chr6	137345828	137346109	282	6				-32.6176309720751	0.792310246564757	0.147598487804673	0.644711758760083	0.831775700934579	0.953488372093023	0.591666666666667	0.145299145299145	0.154639175257732	0.142857142857143	hyper	intergenic	""	IFNGR1	-126583
333	chr8	13095648	13096114	467	6				-32.5098751151039	0.642049430230473	0.224205075697374	0.417844354533099	0.662251655629139	0.742424242424242	0.521472392638037	0.1875	0.252032520325203	0.233082706766917	hyper	intron	DLC1	DLC1	20363
334	chr1	197606223	197606684	462	6				32.509274161308	0.503217648878461	0.897278794558759	-0.394061145680299	0.460122699386503	0.44106463878327	0.608465608465609	0.926470588235294	0.91156462585034	0.853801169590643	hypo	intron	DENND1B	DENND1B	169027
335	chr6	16768940	16769189	250	6				-32.4358969695201	0.794262901264744	0.308919815477554	0.48534308578719	0.877862595419847	0.862068965517241	0.642857142857143	0.358381502890173	0.289308176100629	0.27906976744186	hyper	intergenic	""	ATXN1	-7574
336	chr8	76460385	76460987	603	6				-32.4311155319751	0.815378731041382	0.404944634415437	0.410434096625944	0.783132530120482	0.893772893772894	0.769230769230769	0.465277777777778	0.357664233576642	0.391891891891892	hyper	non-coding	LINC01111	LINC01111	54033
337	chr11	71689278	71689368	91	6				-32.2715833646246	0.792486861384768	0.354776823779025	0.437710037605743	0.702479338842975	0.86046511627907	0.814516129032258	0.379310344827586	0.344594594594595	0.340425531914894	hyper	intergenic	""	KRTAP5-11	-106448
338	chr11	118471948	118472217	270	6				32.2500597139876	0.501365888900177	0.941567608827758	-0.440201719927581	0.388888888888889	0.409326424870466	0.705882352941177	0.971698113207547	0.927631578947368	0.925373134328358	hypo	exon	KMT2A	KMT2A	35591
339	chr14	49946842	49947051	210	6				32.1144590544202	0.0350464706095519	0.319873015873016	-0.284826545263464	0.0072992700729927	0.0150375939849624	0.0828025477707006	0.333333333333333	0.312	0.314285714285714	hypo	intergenic	""	MIR6076	-19452
340	chr1	25993355	25993469	115	7				-32.0522648964177	0.670137798709227	0.211037677923455	0.459100120785772	0.683673469387755	0.81025641025641	0.516483516483517	0.200956937799043	0.173652694610778	0.258503401360544	hyper	intron	PAFAH2	PAFAH2	4651
341	chr1	82426098	82426232	135	5				-31.9213593419353	0.893267393909375	0.358670426647347	0.534596967262028	0.91044776119403	0.889655172413793	0.879699248120301	0.393617021276596	0.36036036036036	0.322033898305085	hyper	intergenic	""	LINC01362	-477017
342	chr1	222970154	222970398	245	6				-31.7895628419865	0.525536897589111	0.1012436752258	0.42429322236331	0.491525423728814	0.638157894736842	0.446927374301676	0.142857142857143	0.125786163522013	0.0350877192982456	hyper	intron	DISP1	DISP1	41853
343	chr4	22373538	22373768	231	6				-31.6586565974793	0.612904013279953	0.209627161878374	0.403276851401579	0.473684210526316	0.727272727272727	0.637755102040816	0.232394366197183	0.257142857142857	0.139344262295082	hyper	intergenic	""	LOC100505912	-33987
344	chr18	25456738	25456893	156	6				-31.6437499154746	0.642460548575866	0.182894089535456	0.45956645904041	0.563025210084034	0.8	0.564356435643564	0.189542483660131	0.133333333333333	0.225806451612903	hyper	intergenic	""	ZNF521	-104649
345	chr21	32807941	32808094	154	5				31.6267795348045	0.383765954255864	0.92054394023389	-0.536777985978026	0.227848101265823	0.335820895522388	0.587628865979382	0.930555555555556	0.91304347826087	0.918032786885246	hypo	intron	C21orf62	C21orf62	5686
346	chr10	13085231	13085525	295	6				-31.3664156960527	0.644161335306616	0.264142175906882	0.380019159399735	0.619565217391304	0.719512195121951	0.593406593406593	0.265151515151515	0.247863247863248	0.279411764705882	hyper	intron	CCDC3	CCDC3	14611
347	chr1	184027945	184028183	239	5				31.3077517419345	0.659947292858643	0.965791148677821	-0.305843855819178	0.577319587628866	0.639810426540284	0.76271186440678	0.988888888888889	0.974522292993631	0.933962264150943	hypo	intron	COLGALT2	COLGALT2	9664
348	chr5	54664368	54664708	341	6				-31.2921337993695	0.889230377984667	0.433520762128766	0.455709615855901	0.945783132530121	0.958549222797927	0.763358778625954	0.487804878048781	0.430939226519337	0.381818181818182	hyper	non-coding	LOC102467080	LOC102467080	38786
349	chr3	56001257	56001590	334	4				31.2898788020666	0.394915396213771	0.909390466859931	-0.51447507064616	0.307086614173228	0.484042553191489	0.393617021276596	0.912621359223301	0.923076923076923	0.89247311827957	hypo	intron	ERC2	MIR3938	-148829
350	chr11	83896215	83896586	372	6				-31.1639915640687	0.870009761314109	0.553694593520175	0.316315167793934	0.888198757763975	0.905405405405405	0.816425120772947	0.565891472868217	0.6	0.495192307692308	hyper	intron	DLG2	DLG2	-171475
351	chr1	97304251	97304409	159	6				31.1460862371416	0.159696518367879	0.509737748419151	-0.350041230051272	0.0793650793650794	0.119148936170213	0.280575539568345	0.511111111111111	0.463414634146342	0.5546875	hypo	intron	DPYD	DPYD-AS1	208408
352	chr6	144840906	144841318	413	6				-31.1397137917269	0.802113289760349	0.380916486625675	0.421196803134674	0.794117647058824	0.884444444444445	0.727777777777778	0.338983050847458	0.37719298245614	0.426573426573427	hyper	intron	UTRN	UTRN	257965
353	chr18	9811082	9811186	105	6				-31.1373675886409	0.695886677109822	0.124110574374732	0.57177610273509	0.843373493975904	0.75609756097561	0.488188976377953	0.0973451327433628	0.126050420168067	0.148936170212766	hyper	intron	RAB31	TXNDC2	-74838
354	chr2	44926292	44926917	626	6				-31.1175026112684	0.781811973437644	0.274856746753321	0.506955226684323	0.851485148514852	0.862745098039216	0.631205673758865	0.297101449275362	0.226890756302521	0.300578034682081	hyper	non-coding	LINC01833	LINC01833	12284
355	chr16	27883583	27883802	220	4				30.9403604476783	0.154725523486135	0.820192738682205	-0.665467215196071	0.0526315789473684	0.148387096774194	0.263157894736842	0.815217391304348	0.8	0.845360824742268	hypo	intron	GSG1L	GSG1L	4465
356	chr19	30791376	30791606	231	6				-30.9128214782773	0.852200384285946	0.335509651789047	0.516690732496899	0.852941176470588	0.844155844155844	0.859504132231405	0.368421052631579	0.414893617021277	0.223214285714286	hyper	intergenic	""	LINC01791	-376018
357	chr1	59697295	59697677	383	6				-30.8974381264322	0.777427862080333	0.292068754613519	0.485359107466814	0.908396946564885	0.692307692307692	0.731578947368421	0.208	0.330275229357798	0.337931034482759	hyper	intron	FGGY	MIR4711	35810
358	chr3	141070659	141070869	211	6				-30.8825142028976	0.788022831798385	0.314342392883767	0.473680438914618	0.780487804878049	0.878378378378378	0.705202312138728	0.32258064516129	0.337837837837838	0.282608695652174	hyper	intron	SPSB4	SPSB4	19418
359	chr8	29778076	29778395	320	6				30.8627884009715	0.16450970550509	0.549148145805663	-0.384638440300573	0.132352941176471	0.145348837209302	0.215827338129496	0.536082474226804	0.607361963190184	0.504	hypo	non-coding	LINC02099	LINC02099	29927
360	chr5	94461295	94461668	374	5				-30.8583197188268	0.917152173913043	0.485970134773735	0.431182039139308	0.952	0.9625	0.836956521739131	0.528455284552846	0.517241379310345	0.412213740458015	hyper	intron	KIAA0825	KIAA0825	156644
361	chr22	44134104	44134322	219	6				-30.8168516578734	0.792155245664018	0.272046552481335	0.520108693182683	0.846153846153846	0.859259259259259	0.671052631578947	0.289855072463768	0.271739130434783	0.254545454545455	hyper	intron	PARVB	PARVG	-38742
362	chr5	158773619	158773936	318	5				30.7594810943065	0.51811666240615	0.927524250440917	-0.409407588034767	0.486238532110092	0.421052631578947	0.647058823529412	0.927083333333333	0.901785714285714	0.953703703703704	hypo	intron	EBF1	EBF1	324179
363	chr10	11708122	11708303	182	6				-30.7490200002992	0.812021010830912	0.394601096960444	0.417419913870469	0.826923076923077	0.861313868613139	0.747826086956522	0.434343434343434	0.471264367816092	0.278195488721805	hyper	intergenic	""	ECHDC3	-34169
364	chr5	159206133	159206282	150	6				30.5809420909044	0.268225117255155	0.658702697737889	-0.390477580482734	0.234042553191489	0.185606060606061	0.385026737967914	0.603448275862069	0.6375	0.735159817351598	hypo	intron	RNF145	RNF145	1441
365	chr2	16561441	16561556	116	6				-30.5472420965554	0.774585721526884	0.329486417721712	0.445099303805172	0.786407766990291	0.837349397590361	0.7	0.352272727272727	0.345588235294118	0.290598290598291	hyper	exon	CYRIA	CYRIA	104336
366	chr12	93972695	93973103	409	6				30.5447508621583	0.52838964710338	0.966552053816205	-0.438162406712825	0.413461538461538	0.436170212765957	0.735537190082645	0.961538461538461	0.982142857142857	0.955974842767296	hypo	intergenic	""	LOC105369911	-29293
367	chr4	123404859	123405606	748	6				30.5423225095446	0.390530481383691	0.777360648401372	-0.386830167017681	0.445859872611465	0.239543726235741	0.486187845303867	0.785714285714286	0.80672268907563	0.739644970414201	hypo	intergenic	""	SPRY1	5693
368	chr13	52932687	52932963	277	5				-30.5219316323759	0.797920701563211	0.298702317626198	0.499218383937013	0.811881188118812	0.874015748031496	0.707865168539326	0.333333333333333	0.232876712328767	0.329896907216495	hyper	intergenic	""	PCDH8	-84185
369	chr7	25385299	25385352	54	6				30.470947063726	0.262291350745363	0.906634106634107	-0.644342755888744	0.122448979591837	0.17351598173516	0.490909090909091	0.885714285714286	0.957264957264957	0.876923076923077	hypo	intergenic	""	NPVF	-156839
370	chr9	84863225	84863617	393	5				-30.460185538078	0.551788376916254	0.135280956218104	0.41650742069815	0.587412587412587	0.545893719806763	0.522058823529412	0.139705882352941	0.13013698630137	0.136	hyper	intron	NTRK2	NTRK2	157521
371	chr11	83665683	83665949	267	6				-30.4245354344389	0.785900834817481	0.41486137169064	0.371039463126841	0.802469135802469	0.859030837004405	0.69620253164557	0.442307692307692	0.326666666666667	0.475609756097561	hyper	intron	DLG2	DLG2	16472
372	chr15	95940593	95940764	172	6				-30.3935743924716	0.606029108599369	0.187396026297628	0.418633082301741	0.563380281690141	0.632258064516129	0.622448979591837	0.242105263157895	0.180952380952381	0.139130434782609	hyper	intergenic	""	LOC105369212	187163
373	chr2	74044601	74044727	127	6				-30.3786559583866	0.87645854233536	0.554552469135803	0.321906073199557	0.832214765100671	0.962765957446809	0.834394904458599	0.576388888888889	0.518518518518519	0.56875	hyper	intron	TET3	TET3	41973
374	chr18	40926639	40927069	431	6				30.3119804558916	0.333416331994645	0.802676374077112	-0.469260042082467	0.283333333333333	0.228915662650602	0.488	0.748427672955975	0.797101449275362	0.8625	hypo	intergenic	""	KC6	593823
375	chr18	42242935	42243176	242	6				-30.2860269554358	0.774788401192896	0.362448219215008	0.412340181977887	0.804054054054054	0.846153846153846	0.674157303370787	0.442748091603053	0.37593984962406	0.26865671641791	hyper	non-coding	LINC00907	LINC00907	56388
376	chr7	604552	604626	75	7				-30.2336440910741	0.623811301302903	0.173629274435726	0.450182026867177	0.595744680851064	0.766917293233083	0.508771929824562	0.17741935483871	0.135135135135135	0.208333333333333	hyper	intron	PRKAR1B	PRKAR1B-AS1	1192
377	chr3	96299933	96300515	583	6				-30.2037158529656	0.798402186252654	0.302118069067942	0.496284117184711	0.871794871794872	0.813131313131313	0.710280373831776	0.338582677165354	0.293577981651376	0.274193548387097	hyper	intergenic	""	MIR8060	-59739
378	chr2	64931808	64932047	240	6				30.1568857201658	0.448617123617124	0.911186750886205	-0.462569627269082	0.420454545454546	0.380952380952381	0.544444444444444	0.957746478873239	0.885057471264368	0.890756302521008	hypo	non-coding	LINC02245	LINC02245	520
379	chr3	161819606	161819660	55	6				-29.906150705174	0.876415114957601	0.328149313771168	0.548265801186434	0.943089430894309	0.956989247311828	0.729166666666667	0.361702127659575	0.316176470588235	0.306569343065693	hyper	intergenic	""	OTOL1	322826
380	chr1	239310645	239311251	607	6				-29.8760828808916	0.83953975595273	0.512813318368874	0.326726437583856	0.853448275862069	0.890977443609023	0.774193548387097	0.5	0.507575757575758	0.530864197530864	hyper	intergenic	""	CHRM3	-75619
381	chr7	93923360	93923519	160	5				-29.8637051223688	0.680118450219629	0.119847020933977	0.560271429285652	0.65	0.854922279792746	0.535433070866142	0.138888888888889	0.0956521739130435	0.125	hyper	intron	GNG11	GNG11	1705
382	chr9	86676056	86676290	235	6				29.7607702893116	0.639392109500805	0.968173714952065	-0.32878160545126	0.604166666666667	0.516908212560387	0.797101449275362	0.958762886597938	0.993055555555556	0.952702702702703	hypo	intergenic	""	GAS1	271333
383	chr8	71227489	71228183	695	6				-29.7465455126909	0.585362472446871	0.298475900035078	0.286886572411794	0.647058823529412	0.503623188405797	0.605405405405405	0.313253012048193	0.266666666666667	0.315508021390374	hyper	intron	EYA1	EYA1	128870
384	chr1	227429819	227430017	199	6				-29.6204693384144	0.797716153873789	0.335950212191895	0.461765941681895	0.81981981981982	0.889655172413793	0.683673469387755	0.327102803738318	0.282442748091603	0.398305084745763	hyper	intergenic	""	CDC42BPA	-111426
385	chr14	48565261	48565975	715	5				-29.5571588472511	0.890034149095188	0.529351849498979	0.360682299596209	0.893617021276596	0.932735426008969	0.84375	0.543103448275862	0.610169491525424	0.434782608695652	hyper	intergenic	""	LINC00648	-770604
386	chr13	50128660	50128779	120	6				-29.5287247446573	0.610268015985005	0.280086897380533	0.330181118604473	0.485148514851485	0.664804469273743	0.680851063829787	0.30379746835443	0.225352112676056	0.311111111111111	hyper	non-coding	DLEU1	DLEU2	-3178
387	chr12	105736108	105736292	185	6				-29.512678558543	0.914060093970861	0.515966911461122	0.398093182509739	0.891472868217054	0.942105263157895	0.908602150537634	0.511904761904762	0.550847457627119	0.485148514851485	hyper	non-coding	CASC18	CASC18	29427
388	chr5	107651439	107651638	200	6				-29.4289197381919	0.695920835629795	0.316887861902125	0.37903297372767	0.700854700854701	0.737226277372263	0.64968152866242	0.321917808219178	0.27536231884058	0.353383458646617	hyper	intron	EFNA5	EFNA5	19399
389	chr17	78824799	78824977	179	6				-29.4160341620143	0.871787342256164	0.515303263607926	0.356484078648238	0.926229508196721	0.88785046728972	0.801282051282051	0.588607594936709	0.509933774834437	0.447368421052632	hyper	intron	USP36	USP36	15926
390	chr2	136114498	136114633	136	6				-29.3840577613067	0.740699909133025	0.356923571647498	0.383776337485527	0.744897959183674	0.859315589353612	0.617886178861789	0.272727272727273	0.405405405405405	0.392638036809816	hyper	3UTR	CXCR4	CXCR4	1670
391	chr17	68564004	68564157	154	5				-29.3381975713568	0.849971740359115	0.357752139717789	0.492219600641326	0.872727272727273	0.823529411764706	0.853658536585366	0.340909090909091	0.419847328244275	0.3125	hyper	intron	FAM20A	FAM20A	-5653
392	chr9	88993690	88993975	286	6				-29.3339200747389	0.868754200149549	0.413672897412735	0.455081302736814	0.956043956043956	0.88953488372093	0.760683760683761	0.320512820512821	0.481481481481482	0.439024390243902	hyper	3UTR	C9orf47	S1PR3	2365
393	chr6	138560179	138560444	266	6				-29.2951871938917	0.69667914975225	0.322671156004489	0.37400799374776	0.63716814159292	0.740540540540541	0.712328767123288	0.284615384615385	0.342657342657343	0.340740740740741	hyper	intron	NHSL1	NHSL1	12258
394	chr2	231334476	231334742	267	6				-29.2922830055132	0.864484933435524	0.400440250789422	0.464044682646102	0.893203883495146	0.942675159235669	0.757575757575758	0.354545454545455	0.458715596330275	0.388059701492537	hyper	intron	ARMC9	MIR4777	-28098
395	chr5	84113164	84113908	745	6				29.2751235887744	0.134805501826778	0.515996059244297	-0.381190557417519	0.0303030303030303	0.154255319148936	0.219858156028369	0.503184713375796	0.513157894736842	0.531645569620253	hypo	intron	EDIL3	EDIL3	271331
396	chr13	87186956	87187340	385	6				-29.2272954111803	0.885827376992713	0.479086018692893	0.40674135829982	0.951456310679612	0.910994764397906	0.795031055900621	0.46875	0.406779661016949	0.561728395061729	hyper	intergenic	""	LINC00430	275229
397	chr9	31446184	31446362	179	5				-29.2188773769347	0.88388254820487	0.437693961131461	0.446188587073409	0.897959183673469	0.936170212765957	0.817518248175183	0.46031746031746	0.4296875	0.423076923076923	hyper	intergenic	""	LINC01243	-64783
398	chr17	37109961	37110193	233	6				29.2135659311698	0.287009219931627	0.881650428709252	-0.594641208777625	0.122448979591837	0.238578680203046	0.5	0.932432432432432	0.917647058823529	0.794871794871795	hypo	intron	ACACA	MIR2909	76333
399	chr5	130635824	130636185	362	5				-29.2053431632162	0.889641270153721	0.423888888888889	0.465752381264832	0.872549019607843	0.950920245398773	0.845454545454546	0.435897435897436	0.48	0.355769230769231	hyper	intergenic	""	HINT1	529252
400	chr3	179464866	179465042	177	6				-29.1821534082646	0.859992759760446	0.511873167642222	0.348119592118224	0.890625	0.883597883597884	0.805755395683453	0.424657534246575	0.644295302013423	0.466666666666667	hyper	intergenic	""	GNB4	-13484
401	chr6	89268907	89269148	242	6				-29.1676784827343	0.909145563395555	0.471136981871445	0.438008581524109	0.91588785046729	0.894117647058824	0.91743119266055	0.491525423728814	0.437037037037037	0.484848484848485	hyper	exon	GABRR2	GABRR1	-37739
402	chr9	38533597	38533774	178	5				-29.142974658584	0.776678668306247	0.239336580699059	0.537342087607188	0.814814814814815	0.900763358778626	0.614457831325301	0.205357142857143	0.233082706766917	0.279569892473118	hyper	intergenic	""	FAM95C	11687
403	chr11	125980567	125980731	165	6				-29.1359473332193	0.873029870945452	0.394977814974228	0.478052055971224	0.95049504950495	0.879120879120879	0.789473684210526	0.329411764705882	0.390243902439024	0.465277777777778	hyper	intron	CDON	VSIG10L2	34594
404	chr12	78951804	78951962	159	6				29.1241689251086	0.461259776355762	0.886550284771092	-0.425290508415329	0.305555555555556	0.507853403141361	0.57037037037037	0.914893617021277	0.897196261682243	0.847560975609756	hypo	intron	SYT1	SYT1	87110
405	chr2	26339714	26339977	264	5				29.0944490922772	0.423730361709901	0.873631047315258	-0.449900685605357	0.380434782608696	0.428571428571429	0.46218487394958	0.9	0.878787878787879	0.842105263157895	hypo	intron	ADGRF3	ADGRF3	5966
406	chr11	31821090	31821567	478	5				-29.0447439655076	0.75602983548657	0.34553316966973	0.410496665816839	0.815476190476191	0.716981132075472	0.735632183908046	0.409448818897638	0.317073170731707	0.310077519379845	hyper	non-coding	PAX6-AS1	PAX6	-3367
407	chr4	10102627	10102786	160	6				-29.0380023008332	0.781058199328295	0.350891079251294	0.430167120077	0.787878787878788	0.880597014925373	0.674698795180723	0.32258064516129	0.342592592592593	0.3875	hyper	intron	WDR1	WDR1	14093
408	chr9	120084950	120085300	351	5				-28.9737522382082	0.875293536027685	0.347999565153865	0.52729397087382	0.924731182795699	0.931034482758621	0.770114942528736	0.415841584158416	0.324786324786325	0.303370786516854	hyper	intergenic	""	LINC01613	150066
409	chr7	151731042	151731257	216	6				28.9725535290274	0.238991782450957	0.845263263867915	-0.606271481416958	0.126984126984127	0.119402985074627	0.470588235294118	0.857142857142857	0.86046511627907	0.818181818181818	hypo	intron	PRKAG2	PRKAG2	5114
410	chr5	102713799	102714012	214	6				-28.9434712855955	0.607323964887164	0.125229620062345	0.482094344824819	0.377952755905512	0.770334928229665	0.673684210526316	0.127388535031847	0.130653266331658	0.117647058823529	hyper	intergenic	""	PAM	-40877
411	chr5	54646372	54646479	108	6				-28.9273627375308	0.775288813750352	0.382475494163241	0.392813319587112	0.821428571428571	0.869822485207101	0.634615384615385	0.407079646017699	0.418032786885246	0.322314049586777	hyper	intergenic	""	LOC102467080	56899
412	chr9	5935227	5935514	288	5				-28.8965855897952	0.571614300210191	0.170310283984455	0.401304016225736	0.602739726027397	0.604166666666667	0.507936507936508	0.174603174603175	0.228346456692913	0.107981220657277	hyper	intron	KIAA2026	MLANA	44482
413	chr11	11733426	11733584	159	6				-28.8843137658273	0.834982174688057	0.381258957792034	0.453723216896024	0.818181818181818	0.786764705882353	0.9	0.44954128440367	0.360902255639098	0.333333333333333	hyper	intergenic	""	MIR8070	49717
414	chr1	242634921	242635194	274	6				-28.7832810564768	0.909262850997875	0.526955980542559	0.382306870455316	0.970149253731343	0.920318725099601	0.837320574162679	0.496350364963504	0.513089005235602	0.571428571428571	hyper	intergenic	""	PLD5	-110360
415	chr2	180987052	180987632	581	5				-28.6759553121373	0.849733723617652	0.462171612606395	0.387562111011257	0.9140625	0.897959183673469	0.737179487179487	0.478260869565217	0.44	0.468253968253968	hyper	intron	UBE2E3	UBE2E3	6219
416	chr9	963256	963410	155	6				28.6291126056969	0.486914721270549	0.900261216421335	-0.413346495150786	0.582822085889571	0.371428571428571	0.506493506493507	0.894736842105263	0.866197183098592	0.93984962406015	hypo	intron	DMRT1	DMRT3	-13321
417	chr20	21978098	21978368	271	5				-28.6180079089655	0.662234724744877	0.199211150133523	0.463023574611354	0.743801652892562	0.684931506849315	0.557971014492754	0.224719101123596	0.155172413793103	0.217741935483871	hyper	intergenic	""	LINC01432	-75856
418	chr2	4863568	4863793	226	4				-28.5908470779329	0.836919155998103	0.21291920179632	0.623999954201783	0.783783783783784	0.914473684210526	0.8125	0.239583333333333	0.102564102564103	0.296610169491525	hyper	intergenic	""	LINC01249	-207458
419	chr10	4023567	4023729	163	6				-28.5695112356314	0.837317772894474	0.462108777298651	0.375208995595823	0.75609756097561	0.905109489051095	0.850746268656716	0.537974683544304	0.417582417582418	0.430769230769231	hyper	intergenic	""	LOC101927964	-28077
420	chr5	18713258	18713444	187	5				-28.4858395453227	0.545166133875811	0.140921211649932	0.40424492222588	0.666666666666667	0.516129032258065	0.452702702702703	0.158730158730159	0.123188405797101	0.140845070422535	hyper	intergenic	""	LINC02223	906078
421	chr8	27595380	27595534	155	6				-28.3761701876126	0.820304916246524	0.426938064897931	0.393366851348593	0.852941176470588	0.867816091954023	0.740157480314961	0.467391304347826	0.387387387387387	0.42603550295858	hyper	intergenic	""	MIR6843	15294
422	chr3	79100509	79100790	282	5				28.3565766454324	0.410265832435959	0.775334836764551	-0.365069004328592	0.371951219512195	0.344827586206897	0.514018691588785	0.773913043478261	0.754545454545455	0.797546012269939	hypo	intron	ROBO1	ROBO1	-81190
423	chr7	66678926	66679266	341	6				-28.3519088595701	0.595649519562563	0.190097886224996	0.405551633337567	0.55952380952381	0.723076923076923	0.504347826086957	0.19811320754717	0.214285714285714	0.157894736842105	hyper	intron	RABGEF1	RABGEF1	-3069
424	chr2	180523812	180524215	404	6				-28.3518100632855	0.858113303158152	0.559581713554699	0.298531589603452	0.876543209876543	0.921146953405018	0.776649746192893	0.598726114649682	0.582781456953642	0.497237569060774	hyper	intergenic	""	SCHLAP1	-168090
425	chr1	100423876	100424117	242	6				-28.3169614813749	0.641474808141475	0.273938096686804	0.367536711454671	0.62037037037037	0.635135135135135	0.668918918918919	0.357142857142857	0.256578947368421	0.208092485549133	hyper	intron	CDC14A	CDC14A	71491
426	chr18	7289865	7290325	461	5				28.2973491645104	0.330701977760801	0.850456191908147	-0.519754214147345	0.284313725490196	0.207792207792208	0.5	0.822033898305085	0.890625	0.838709677419355	hypo	intergenic	""	LRRC30	58992
427	chr2	104656975	104657096	122	6				-28.285909008556	0.489024625784645	0.0909500713151156	0.39807455446953	0.541284403669725	0.415789473684211	0.51	0.0176991150442478	0.0989010989010989	0.15625	hyper	intergenic	""	LINC01114	100684
428	chr17	6903425	6903683	259	6				28.27240221445	0.253821451509313	0.65765541773755	-0.403833966228237	0.133333333333333	0.333333333333333	0.294797687861272	0.633333333333333	0.67515923566879	0.664473684210526	hypo	intergenic	""	ALOX12P2	9778
429	chr6	60737335	60737681	347	5				-28.2102367745915	0.782641430384582	0.374785762144961	0.407855668239621	0.755905511811024	0.866666666666667	0.725352112676056	0.439393939393939	0.34453781512605	0.340425531914894	hyper	intergenic	""	MTRNR2L9	-836621
430	chr21	21973420	21974237	818	6				-28.2090245646539	0.554502284831326	0.274238932579694	0.280263352251632	0.621621621621622	0.467811158798283	0.574074074074074	0.278481012658228	0.21830985915493	0.325925925925926	hyper	intergenic	""	LINC01687	124631
431	chr21	43591981	43592268	288	5				-28.0896341506453	0.899139392236737	0.503467711764093	0.395671680472645	0.938053097345133	0.902222222222222	0.857142857142857	0.469565217391304	0.558823529411765	0.482014388489209	hyper	intron	HSF2BP	MIR6070	17865
432	chr5	175248522	175248802	281	5				-28.0339864013067	0.700130302664413	0.202938279473326	0.497192023191087	0.719512195121951	0.787128712871287	0.59375	0.176470588235294	0.233870967741935	0.198473282442748	hyper	intergenic	""	DRD1	195520
433	chr13	22884075	22884163	89	6				-28.0177955763802	0.376909944515578	0.040438896183773	0.336471048331805	0.236363636363636	0.5	0.394366197183099	0.0594059405940594	0.027027027027027	0.0348837209302326	hyper	non-coding	LINC00621	BASP1P1	14062
434	chr6	138508060	138508335	276	6				-27.9909103438945	0.661226498052845	0.234836324723965	0.42639017332888	0.692307692307692	0.704545454545455	0.586826347305389	0.146067415730337	0.272727272727273	0.285714285714286	hyper	intron	NHSL1	NHSL1	-8703
435	chr6	124008025	124008299	275	4				-27.9842970386418	0.562803910954091	0.0976351383328127	0.465168772621278	0.544642857142857	0.60248447204969	0.541284403669725	0.0683760683760684	0.0697674418604651	0.154761904761905	hyper	intron	NKAIN2	NKAIN2	204298
436	chr10	36002801	36003014	214	6				-27.9798515805389	0.701380823332043	0.227757599850623	0.47362322348142	0.707317073170732	0.825396825396825	0.571428571428571	0.191919191919192	0.209302325581395	0.282051282051282	hyper	intergenic	""	PCAT5	224606
437	chr11	86713769	86713901	133	5				27.8899518142767	0.529247864338013	0.955571457564041	-0.426323593226028	0.394736842105263	0.513761467889908	0.679245283018868	0.931034482758621	0.966292134831461	0.969387755102041	hypo	intergenic	""	ME3	-41199
438	chr21	33101476	33101530	55	6				-27.8739432091436	0.407000639207172	0.0223788928608206	0.384621746346351	0.414634146341463	0.54320987654321	0.263157894736842	0.0192307692307692	0.0238095238095238	0.0240963855421687	hyper	intergenic	""	LOC101928107	22197
439	chr8	6420897	6421072	176	6				-27.866126871339	0.883111111111111	0.423551554828151	0.459559556282961	0.833333333333333	0.936	0.88	0.42	0.446808510638298	0.403846153846154	hyper	intron	MCPH1	MCPH1	13832
440	chr8	1468888	1469125	238	6				-27.864741009124	0.899616241756053	0.357864357864358	0.541751883891695	0.917808219178082	0.949579831932773	0.831460674157303	0.39047619047619	0.311688311688312	0.371428571428571	hyper	intron	DLGAP2	DLGAP2-AS1	152658
441	chr5	2588442	2588605	164	6				-27.8586908293842	0.912099423291382	0.61369714198489	0.298402281306492	0.912371134020619	0.932735426008969	0.89119170984456	0.603174603174603	0.64968152866242	0.588235294117647	hyper	intergenic	""	LSINCT5	-124067
442	chr21	32521007	32521136	130	6				27.8053888369813	0.35167251049604	0.79365180403808	-0.44197929354204	0.247058823529412	0.344322344322344	0.463636363636364	0.752066115702479	0.764227642276423	0.864661654135338	hypo	intergenic	""	TCP10L	64452
443	chr19	53658123	53658352	230	6				-27.7803045860358	0.737032799389779	0.253990365632157	0.483042433757622	0.736842105263158	0.789473684210526	0.684782608695652	0.208955223880597	0.206349206349206	0.346666666666667	hyper	intergenic	""	MIR512-2	-8435
444	chr1	76778975	76779391	417	5				27.7161076773483	0.307550219161739	0.715624632741803	-0.408074413580064	0.264705882352941	0.275132275132275	0.3828125	0.656716417910448	0.740157480314961	0.75	hypo	promoter-TSS	LINC02567	LINC02567	84
445	chr2	27809292	27809678	387	5				27.6615126118232	0.491832589697456	0.907756476239492	-0.415923886542037	0.373493975903614	0.475138121546961	0.626865671641791	0.905172413793103	0.9375	0.880597014925373	hypo	intron	RBKS	MRPL33	37767
446	chr8	143060640	143060771	132	6				-27.5594550130401	0.770070991359507	0.260111068265303	0.509959923094204	0.862745098039216	0.814814814814815	0.63265306122449	0.317567567567568	0.265486725663717	0.197278911564626	hyper	intergenic	""	LY6L	-19924
447	chr11	44421477	44421636	160	6				27.5508538985207	0.204149625056898	0.738528138528139	-0.534378513471241	0.169354838709677	0.0821917808219178	0.360902255639098	0.845454545454546	0.742857142857143	0.627272727272727	hypo	intergenic	""	ALX4	-111417
448	chr19	32824960	32825071	112	6				-27.5262215968944	0.641699803464509	0.188838357382098	0.452861446082412	0.615384615384615	0.78030303030303	0.529411764705882	0.204545454545455	0.217391304347826	0.144578313253012	hyper	intron	TDRD12	SLC7A9	44752
449	chr21	38503532	38503732	201	6				-27.5021973461156	0.571009015087963	0.211049146043918	0.359959869044045	0.540540540540541	0.716346153846154	0.456140350877193	0.184210526315789	0.210526315789474	0.23841059602649	hyper	intron	ERG	ERG	-5128
450	chrX	1923576	1923736	161	6				-27.4827579937738	0.497081775250406	0.158464342674869	0.338617432575537	0.507042253521127	0.611940298507463	0.372262773722628	0.105263157894737	0.11038961038961	0.25974025974026	hyper	intergenic	""	ASMT	308524
451	chr5	52078813	52079201	389	5				-27.4646407145773	0.583162109477899	0.205076830431479	0.37808527904642	0.578947368421053	0.702702702702703	0.467836257309942	0.208860759493671	0.232758620689655	0.173611111111111	hyper	intergenic	""	LINC02118	70977
452	chr12	123945425	123945505	81	6				-27.4617329185233	0.751941024679148	0.169151138716356	0.582789885962792	0.714285714285714	0.795774647887324	0.745762711864407	0.2	0.188405797101449	0.119047619047619	hyper	intron	CCDC92	CCDC92	26594
453	chr8	48682958	48683072	115	6				-27.4391300958262	0.668358360042389	0.306317750677507	0.362040609364883	0.807017543859649	0.704081632653061	0.493975903614458	0.32520325203252	0.28125	0.3125	hyper	non-coding	LOC101929268	EFCAB1	52253
454	chr6	88164570	88165198	629	5				-27.3698521094696	0.698622199512355	0.298439951998523	0.400182247513832	0.802919708029197	0.670995670995671	0.621951219512195	0.289855072463768	0.318840579710145	0.286624203821656	hyper	intron	CNR1	CNR1	1463
455	chr2	219966243	219966546	304	5				-27.3689078395482	0.908134346572262	0.517430500781823	0.390703845790439	0.890243902439024	0.957446808510638	0.876712328767123	0.568807339449541	0.442307692307692	0.541176470588235	hyper	intergenic	""	MIR4268	-59829
456	chr20	41728964	41729150	187	6				-27.3575460915504	0.718339685976446	0.331170551661098	0.387169134315348	0.754237288135593	0.736111111111111	0.664670658682635	0.407766990291262	0.246031746031746	0.339712918660287	hyper	intergenic	""	CHD6	-110680
457	chr16	8582126	8582424	299	5				-27.3085213321471	0.802617209913562	0.292385783265167	0.510231426648395	0.87037037037037	0.847826086956522	0.689655172413793	0.255102040816327	0.277227722772277	0.344827586206897	hyper	intron	TMEM114	TMEM114	7563
458	chr2	112078673	112078947	275	5				27.2681448988907	0.729905914181566	0.985572749093509	-0.255666834911943	0.831932773109244	0.62962962962963	0.728155339805825	0.981308411214953	0.975409836065574	1	hypo	intron	TMEM87B	TMEM87B	23542
459	chr18	53711080	53711587	508	4				-27.2569557688579	0.881888024538596	0.393123123123123	0.488764901415473	0.898305084745763	0.900584795321637	0.846774193548387	0.41	0.369369369369369	0.4	hyper	intergenic	""	LINC01917	-130274
460	chr14	26043899	26044151	253	5				-27.2405933332446	0.853560577340432	0.454365079365079	0.399195497975353	0.934579439252336	0.864197530864198	0.761904761904762	0.5	0.404761904761905	0.458333333333333	hyper	intergenic	""	NOVA1	509405
461	chr19	34870891	34871208	318	5				27.1763306971546	0.124824997858706	0.732531619324072	-0.607706621465367	0.0615384615384615	0.0561797752808989	0.256756756756757	0.714285714285714	0.615384615384615	0.867924528301887	hypo	intergenic	""	LINC00904	27894
462	chr5	171843605	171843753	149	6				27.1355833329299	0.564369114877589	0.973245825000211	-0.408876710122622	0.44	0.519774011299435	0.733333333333333	0.960526315789474	0.974025974025974	0.985185185185185	hypo	intergenic	""	SMIM23	57863
463	chr12	95156361	95156537	177	6				-27.1298413875766	0.764857037325134	0.352183454649507	0.412673582675627	0.689655172413793	0.77027027027027	0.834645669291339	0.355704697986577	0.363636363636364	0.337209302325581	hyper	intron	FGD6	FGD6	61018
464	chr2	129480055	129480239	185	6				-27.0600118658892	0.534555946791862	0.144459706959707	0.390096239832155	0.489583333333333	0.6	0.514084507042254	0.120879120879121	0.169642857142857	0.142857142857143	hyper	intergenic	""	LINC01854	-206256
465	chr16	89377131	89377206	76	5				-27.0455828803239	0.923833582706484	0.454602102102102	0.469231480604382	0.907407407407407	0.993589743589744	0.870503597122302	0.5375	0.52	0.306306306306306	hyper	intron	ANKRD11	LOC101927817	-53749
466	chr7	131218588	131218882	295	5				-26.9965446600575	0.672814098952442	0.231801118112508	0.441012980839934	0.637254901960784	0.778350515463918	0.602836879432624	0.162962962962963	0.218390804597701	0.31404958677686	hyper	intron	MKLN1	MKLN1	108642
467	chrX	33961911	33962360	450	5				-26.9920602129076	0.679313921341195	0.134884395158368	0.544429526182827	0.791044776119403	0.719424460431655	0.527472527472528	0.150684931506849	0.111111111111111	0.142857142857143	hyper	intergenic	""	FAM47A	170195
468	chr6	158301493	158301719	227	5				26.985915787988	0.244370229007634	0.657217588856007	-0.412847359848373	0.25	0.1625	0.320610687022901	0.674603174603175	0.711864406779661	0.585185185185185	hypo	intergenic	""	TULP4	-10858
469	chr1	56849757	56850004	248	6				26.9511739661539	0.120205474986261	0.484154182246844	-0.363948707260583	0.0886075949367089	0.0733333333333333	0.198675496688742	0.414634146341463	0.43298969072165	0.604838709677419	hypo	intergenic	""	C8A	-4916
470	chr10	104515006	104515169	164	4				26.950170179163	0.381007101917989	0.919568223812325	-0.538561121894336	0.254237288135593	0.478527607361963	0.41025641025641	0.908163265306122	0.951807228915663	0.89873417721519	hypo	intergenic	""	LINC02620	-34812
471	chr1	240686604	240686962	359	5				26.9214518648842	0.574464835924938	0.945478033157889	-0.371013197232952	0.466165413533835	0.543778801843318	0.713450292397661	0.955357142857143	0.924242424242424	0.956834532374101	hypo	intergenic	""	GREM2	-74628
472	chr1	206421660	206421779	120	5				26.9048812335804	0.584334791495917	0.958761646261646	-0.374426854765729	0.527027027027027	0.490683229813665	0.735294117647059	0.9375	0.972972972972973	0.965811965811966	hypo	intron	SRGAP2	IKBKE	-48756
473	chr5	155884145	155884384	240	5				26.8874428630369	0.218023308403979	0.726851851851852	-0.508828543447873	0.214285714285714	0.130841121495327	0.308943089430894	0.763888888888889	0.760416666666667	0.65625	hypo	intergenic	""	SGCD	-442899
474	chr12	108972215	108972445	231	5				-26.8636429963319	0.619581377235719	0.156876876876877	0.462704500358842	0.63953488372093	0.697841726618705	0.521367521367521	0.18018018018018	0.173333333333333	0.117117117117117	hyper	intron	SVOP	SVOP	48738
475	chr6	28001845	28001962	118	5				-26.7710507059789	0.810603979720014	0.289476120025796	0.521127859694218	0.829787234042553	0.828828828828829	0.77319587628866	0.237623762376238	0.390804597701149	0.24	hyper	intergenic	""	OR2B6	44663
476	chr1	76100942	76101469	528	5				-26.7637775670869	0.915400651861098	0.522222222222222	0.393178429638876	0.933823529411765	0.964102564102564	0.848275862068966	0.515151515151515	0.590476190476191	0.461038961038961	hyper	intron	ST6GALNAC3	ST6GALNAC3	26460
477	chr14	88149893	88150111	219	5				26.7530063775902	0.415515958618568	0.918728798203141	-0.503212839584573	0.307692307692308	0.351758793969849	0.587096774193548	0.952941176470588	0.898989898989899	0.904255319148936	hypo	intergenic	""	KCNK10	120909
478	chr6	145640148	145640531	384	5				-26.72451392359	0.941415548168555	0.522552012257895	0.41886353591066	0.930434782608696	0.950549450549451	0.943262411347518	0.554621848739496	0.491666666666667	0.521367521367521	hyper	intron	EPM2A	EPM2A	46538
479	chr15	100059269	100059358	90	5				-26.5828428525501	0.779633406991898	0.278980780430984	0.500652626560913	0.773584905660377	0.916666666666667	0.648648648648649	0.34	0.308823529411765	0.188118811881188	hyper	intron	ADAMTS17	LOC400464	252291
480	chr2	65088588	65088773	186	5				26.5814726246066	0.295868249629418	0.706778333029548	-0.41091008340013	0.28	0.300518134715026	0.307086614173228	0.71523178807947	0.623853211009174	0.78125	hypo	exon	RAB1A	CEP68	32265
481	chr10	13865908	13866038	131	5				-26.5763113439232	0.787661911219468	0.387265985205452	0.400395926014016	0.789473684210526	0.87603305785124	0.697478991596639	0.366013071895425	0.322916666666667	0.472868217054264	hyper	intron	FRMD4A	FRMD4A	105923
482	chr6	50840197	50840273	77	6				26.569717508978	0.114122119491247	0.482225899134747	-0.3681037796435	0.0384615384615385	0.0402684563758389	0.263636363636364	0.491525423728814	0.553191489361702	0.401960784313726	hypo	exon	TFAP2B	TFAP2B	21365
483	chr9	114054409	114054545	137	5				-26.5381218973215	0.929825738054055	0.470715558950853	0.459110179103202	0.929577464788732	0.978947368421053	0.880952380952381	0.5	0.470588235294118	0.441558441558442	hyper	3UTR	ZNF618	AMBP	23823
484	chr3	56633749	56633908	160	5				26.5309174296633	0.412278479958999	0.90623479375551	-0.493956313796511	0.443396226415094	0.317829457364341	0.475609756097561	0.88135593220339	0.917808219178082	0.919540229885057	hypo	exon	TASOR	TASOR	30218
485	chr20	1972100	1972370	271	5				26.512419451532	0.242701527328191	0.654636591478697	-0.411935064150506	0.246913580246914	0.149532710280374	0.331658291457286	0.685714285714286	0.609022556390977	0.669172932330827	hypo	non-coding	PDYN-AS1	PDYN	20571
486	chr17	31584074	31584243	170	5				-26.5112887987978	0.823549397462441	0.405737373737374	0.417812023725067	0.833333333333333	0.875776397515528	0.761538461538462	0.433333333333333	0.496	0.287878787878788	hyper	intergenic	""	MIR365B	8748
487	chr11	113062380	113062466	87	5				-26.4706188325071	0.842102460819038	0.415619075296495	0.426483385522544	0.834710743801653	0.905882352941176	0.785714285714286	0.47972972972973	0.438095238095238	0.329032258064516	hyper	intron	NCAM1	LOC101928847	-98963
488	chr11	40999125	40999575	451	5				-26.4398013673216	0.715083162451584	0.367002167114168	0.348080995337415	0.68421052631579	0.779220779220779	0.681818181818182	0.346456692913386	0.344827586206897	0.409722222222222	hyper	intron	LRRC4C	LRRC4C	460286
489	chr9	66198909	66199089	181	5				-26.4253378041973	0.820547116547923	0.273521134169757	0.547025982378166	0.85	0.797687861271676	0.813953488372093	0.157894736842105	0.369565217391304	0.293103448275862	hyper	intergenic	""	LOC642929	-34093
490	chr10	25820960	25821141	182	5				26.3899532308014	0.179077302562816	0.788453159041394	-0.609375856478578	0.0746268656716418	0.0928571428571429	0.369747899159664	0.817460317460317	0.8	0.747899159663866	hypo	intergenic	""	LOC101929073	112660
491	chr10	94251866	94252352	487	5				-26.3671169065506	0.865583186164543	0.377917102055033	0.48766608410951	0.942857142857143	0.907317073170732	0.746575342465753	0.363636363636364	0.35632183908046	0.413793103448276	hyper	intron	PLCE1	PLCE1-AS1	34961
492	chr2	188976652	188976966	315	5				-26.2827976284035	0.87905544237422	0.449470727401382	0.429584714972837	0.945054945054945	0.938864628820961	0.753246753246753	0.455696202531646	0.503105590062112	0.38961038961039	hyper	intron	COL3A1	MIR1245A	-1282
493	chr8	19871862	19872135	274	5				-26.2818466712328	0.805027235735365	0.405992246623841	0.399034989111523	0.754098360655738	0.891752577319588	0.769230769230769	0.411214953271028	0.354838709677419	0.451923076923077	hyper	intergenic	""	INTS10	54583
494	chr7	24569583	24570043	461	5				26.2203359090524	0.508041153284269	0.842421380004812	-0.334380226720543	0.475862068965517	0.458333333333333	0.589928057553957	0.840579710144928	0.821138211382114	0.865546218487395	hypo	intergenic	""	MPP6	-3638
495	chr3	335478	335660	183	5				26.2049081284682	0.277173233270794	0.688168217478562	-0.410994984207768	0.246153846153846	0.25	0.335365853658537	0.674603174603175	0.732758620689655	0.657142857142857	hypo	intron	CHL1	CHL1	15887
496	chr4	109088657	109088948	292	5				-26.184411028439	0.634509979647048	0.262096068914251	0.372413910732797	0.767241379310345	0.560869565217391	0.575418994413408	0.264462809917355	0.236111111111111	0.285714285714286	hyper	intron	COL25A1	COL25A1	213856
497	chr1	32031980	32032188	209	5				26.1073019709672	0.302579082359647	0.823456790123457	-0.52087770776381	0.140495867768595	0.267241379310345	0.5	0.77037037037037	0.89	0.81	hypo	intron	KHDRBS1	KHDRBS1	18217
498	chr5	38264056	38264325	270	5				-26.0746960991551	0.765976535541753	0.303583320120501	0.462393215421252	0.771739130434783	0.767857142857143	0.758333333333333	0.357142857142857	0.283018867924528	0.270588235294118	hyper	intron	EGFLAM	EGFLAM	5632
499	chr16	13102703	13102942	240	5				26.0667033826202	0.382411635379672	0.833885375890796	-0.451473740511124	0.37037037037037	0.311111111111111	0.465753424657534	0.865853658536585	0.833333333333333	0.802469135802469	hypo	intron	SHISA9	SHISA9	201225
500	chr4	185717449	185717525	77	6				-26.052600004953	0.957429032218948	0.66527050594243	0.292158526276518	0.972727272727273	0.96078431372549	0.938775510204082	0.734375	0.644670050761421	0.616766467065868	hyper	intron	SORBS2	SORBS2	58367
501	chr6	55871452	55872700	1249	4				-26.0292052915792	0.944651897256734	0.508650958650959	0.436000938605775	0.950413223140496	0.937759336099585	0.945783132530121	0.560810810810811	0.603603603603604	0.361538461538462	hyper	intron	BMP5	BMP5	3514
502	chr8	35503773	35504145	373	5				26.0123851032787	0.524483244597557	0.899569742426885	-0.375086497829328	0.425	0.519417475728155	0.629032258064516	0.9	0.918367346938776	0.88034188034188	hypo	intron	UNC5D	UNC5D	-40432
503	chr15	86645843	86646109	267	5				-25.9244852106153	0.585178003703316	0.139594890373222	0.445583113330094	0.612068965517241	0.714893617021277	0.428571428571429	0.125	0.115702479338843	0.178082191780822	hyper	intron	AGBL1	LOC105370954	-286903
504	chr10	113303631	113303894	264	5				-25.9075590796033	0.454971638304972	0.0919830557528876	0.362988582552084	0.366666666666667	0.563063063063063	0.435185185185185	0.0731707317073171	0.0970873786407767	0.105691056910569	hyper	intergenic	""	TCF7L2	174492
505	chr13	82412815	82413050	236	5				-25.8797650800592	0.861852938160189	0.45073971658939	0.411113221570799	0.836734693877551	0.964824120603015	0.784	0.419753086419753	0.469230769230769	0.463235294117647	hyper	intergenic	""	LINC00564	-1185949
506	chr13	80276936	80277269	334	5				25.787503249535	0.177884688812524	0.587913632505663	-0.410028943693139	0.16	0.177777777777778	0.195876288659794	0.64957264957265	0.598039215686275	0.516129032258065	hypo	intergenic	""	SPRY2	62557
507	chr7	67123513	67123818	306	5				-25.7745851083087	0.846459096459097	0.442689715479063	0.403769380980033	0.884615384615385	0.892857142857143	0.761904761904762	0.435643564356436	0.478632478632479	0.413793103448276	hyper	intron	TYW1	MIR4650-2	-9268
508	chr10	46052254	46052665	412	5				25.7355443122875	0.283833683560027	0.705065761749506	-0.42123207818948	0.238461538461538	0.238993710691824	0.374045801526718	0.654135338345865	0.761061946902655	0.7	hypo	intergenic	""	MSMB	-6190
509	chr12	43674729	43674902	174	5				-25.6741432824074	0.715992923103198	0.256349206349206	0.459643716753992	0.623655913978495	0.849624060150376	0.674698795180723	0.285714285714286	0.25	0.233333333333333	hyper	intergenic	""	PUS7L	83975
510	chr8	28589787	28590051	265	5				25.6603811835732	0.32808681523029	0.830537051444131	-0.502450236213841	0.213483146067416	0.236686390532544	0.534090909090909	0.831858407079646	0.9125	0.747252747252747	hypo	intergenic	""	MIR4288	-84737
511	chr8	65143180	65143457	278	5				-25.6465305858206	0.673780487804878	0.199896533482699	0.47388395432218	0.646341463414634	0.75	0.625	0.203125	0.153846153846154	0.242718446601942	hyper	intergenic	""	LINC00251	37022
512	chr11	60071542	60071799	258	5				25.6430808922137	0.415806816668886	0.921831395832294	-0.506024579163408	0.303571428571429	0.297297297297297	0.646551724137931	0.908496732026144	0.933333333333333	0.923664122137404	hypo	TTS	MS4A3	MS4A3	15006
513	chr11	112294973	112295375	403	5				25.6313665038761	0.461540592284818	0.850407095664766	-0.388866503379948	0.479591836734694	0.485029940119761	0.42	0.850393700787402	0.856	0.844827586206897	hypo	non-coding	LINC02762	LINC02762	24426
514	chr22	48257417	48257638	222	5				-25.5705784535104	0.571428571428571	0.11533374033374	0.456094831094831	0.5	0.657142857142857	0.557142857142857	0.111111111111111	0.125	0.10989010989011	hyper	intergenic	""	MIR3201	-16836
515	chr10	82020994	82021279	286	5				-25.5536407255944	0.819575506685364	0.414083719083584	0.40549178760178	0.771428571428571	0.874213836477987	0.813084112149533	0.398373983739837	0.481132075471698	0.362745098039216	hyper	intron	NRG3	NRG3	143450
516	chr4	139986156	139986369	214	5				-25.5216639140573	0.571722867775499	0.157478632478632	0.414244235296867	0.575757575757576	0.613095238095238	0.526315789473684	0.166666666666667	0.182692307692308	0.123076923076923	hyper	intron	MAML3	LOC101927516	-141752
517	chr2	165685482	165686269	788	4				-25.5029033098196	0.823656574523762	0.367016753069913	0.456639821453849	0.855421686746988	0.826815642458101	0.788732394366197	0.396694214876033	0.345132743362832	0.359223300970874	hyper	3UTR	CSRNP3	GALNT3	108372
518	chr13	92512959	92513130	172	5				-25.4840767112996	0.874008517154935	0.46605122096486	0.407957296190075	0.854545454545455	0.88785046728972	0.87962962962963	0.5	0.506849315068493	0.391304347826087	hyper	intron	GPC5	MIR548AS	22882
519	chr12	75116713	75116987	275	4				25.4628487276555	0.0837444258883859	0.524197901049475	-0.440453475161089	0.0306122448979592	0.0597014925373134	0.160919540229885	0.510869565217391	0.51	0.551724137931035	hypo	intron	KCNC2	KCNC2	92898
520	chr2	148953513	148953761	249	5				25.4355305093315	0.4167331667119	0.862508737520872	-0.445775570808972	0.336065573770492	0.36150234741784	0.552631578947369	0.947761194029851	0.860759493670886	0.779005524861879	hypo	intron	KIF5C	KIF5C	5763
521	chr7	93142959	93143206	248	5				-25.435196353949	0.919245363689808	0.502979633266665	0.416265730423143	0.961038961038961	0.883116883116883	0.91358024691358	0.557894736842105	0.565217391304348	0.385826771653543	hyper	intron	SAMD9L	SAMD9L	5303
522	chr3	668099	668350	252	5				25.3672536579924	0.54720450115187	0.861623164332524	-0.314418663180654	0.548611111111111	0.473684210526316	0.619318181818182	0.881081081081081	0.850340136054422	0.853448275862069	hypo	non-coding	LINC01266	LINC01266	76120
523	chr2	219722348	219722491	144	5				-25.3626290770335	0.836768931710615	0.342906979746972	0.493861951963643	0.776470588235294	0.90625	0.827586206896552	0.43859649122807	0.377358490566038	0.212765957446809	hyper	intergenic	""	SLC4A3	94790
524	chr5	83941106	83941245	140	4				-25.3562034204282	0.887768308080808	0.409811310560936	0.477956997519872	0.933333333333333	0.940909090909091	0.7890625	0.432432432432432	0.452173913043478	0.344827586206897	hyper	3UTR	EDIL3	HAPLN1	-220320
525	chr16	19901263	19901477	215	5				25.3009003641101	0.295331761085186	0.849619471213245	-0.554287710128059	0.164383561643836	0.238095238095238	0.483516483516484	0.774647887323944	0.84	0.93421052631579	hypo	intergenic	""	GPRC5B	-15736
526	chr7	71390216	71390346	131	5				25.2960055455486	0.44949494949495	0.906957745511962	-0.457462796017013	0.306666666666667	0.36	0.681818181818182	0.948717948717949	0.844444444444445	0.927710843373494	hypo	intron	GALNT17	MIR3914-1	-82511
527	chr12	131605381	131605512	132	5				-25.2141765170538	0.816886816886817	0.316808025535796	0.500078791351021	0.888888888888889	0.895104895104895	0.666666666666667	0.26	0.313953488372093	0.376470588235294	hyper	intergenic	""	LINC02414	42675
528	chr8	5500241	5500589	349	5				-25.1967380387928	0.828047820658959	0.260104214248253	0.567943606410706	0.789855072463768	0.958333333333333	0.735955056179775	0.289473684210526	0.294117647058824	0.19672131147541	hyper	intergenic	""	CSMD1	-505501
529	chr3	86783827	86784084	258	5				-25.0851481000874	0.803063021068642	0.466774119890935	0.336288901177707	0.804511278195489	0.806020066889632	0.798657718120805	0.492307692307692	0.481927710843373	0.426086956521739	hyper	intergenic	""	VGLL3	207194
530	chr8	138224386	138224523	138	5				-25.0441646967809	0.859236047710827	0.455318396277133	0.403917651433694	0.7734375	0.938679245283019	0.865591397849462	0.521276595744681	0.463235294117647	0.381443298969072	hyper	intron	FAM135B	LOC401478	-140909
531	chr2	105584254	105584610	357	5				-25.0427615244854	0.821269296740995	0.456831610849468	0.364437685891527	0.845454545454546	0.863636363636364	0.754716981132076	0.471153846153846	0.484375	0.414965986394558	hyper	intergenic	""	LOC285000	26127
532	chr9	113502018	113502586	569	5				-25.0394423657069	0.725170672691135	0.279385964912281	0.445784707778854	0.73134328358209	0.790322580645161	0.653846153846154	0.25	0.325	0.263157894736842	hyper	intron	RGS3	RGS3	796
533	chr4	98801172	98801416	245	5				24.9791019249904	0.390201428027478	0.880235613187558	-0.49003418516008	0.270588235294118	0.373134328358209	0.526881720430108	0.911111111111111	0.903508771929825	0.826086956521739	hypo	intergenic	""	EIF4E	127839
534	chr12	15329095	15329360	266	5				-24.9439112578415	0.893678918821234	0.596015368697976	0.297663550123258	0.945945945945946	0.926267281105991	0.808823529411765	0.596899224806202	0.571428571428571	0.619718309859155	hyper	intron	PTPRO	PTPRO	6720
535	chr10	127849829	127850072	244	5				24.9090034281558	0.29120022277917	0.881288838534693	-0.590088615755523	0.1	0.218045112781955	0.555555555555556	0.958904109589041	0.842857142857143	0.842105263157895	hypo	intergenic	""	CLRN3	42991
536	chr3	120573784	120573874	91	5				-24.8920764966438	0.74782347274026	0.256980025699832	0.490843447040427	0.681159420289855	0.87378640776699	0.688524590163934	0.202898550724638	0.284090909090909	0.283950617283951	hyper	intergenic	""	NDUFB4	-22506
537	chrX	476388	476447	60	5				-24.8538911281005	0.71872266884966	0.210621595892442	0.508101072957218	0.774647887323944	0.836065573770492	0.545454545454545	0.207547169811321	0.193548387096774	0.230769230769231	hyper	intergenic	""	PPP2R3B	-89510
538	chr5	158979492	158979596	105	4				-24.8469087823611	0.771711899966855	0.232384673571181	0.539327226395674	0.87012987012987	0.806451612903226	0.63855421686747	0.234042553191489	0.290697674418605	0.172413793103448	hyper	intron	EBF1	EBF1	118412
539	chr20	14915231	14915508	278	5				24.8269060836649	0.54328718666954	0.862381704271347	-0.319094517601808	0.604166666666667	0.510989010989011	0.514705882352941	0.85981308411215	0.917808219178082	0.80952380952381	hypo	intron	MACROD2	MACROD2-AS1	14149
540	chr2	120610040	120610114	75	5				-24.8114931813161	0.778838357623623	0.328992248062016	0.449846109561607	0.797101449275362	0.8203125	0.719101123595506	0.406976744186047	0.3	0.28	hyper	intergenic	""	GLI2	-125790
541	chr18	68818276	68818664	389	5				-24.7561080194933	0.914543942577031	0.595413742770418	0.319130199806612	0.8828125	0.919642857142857	0.941176470588235	0.539823008849558	0.639751552795031	0.606666666666667	hyper	intron	CCDC102B	CCDC102B	20391
542	chr1	61156399	61156774	376	5				24.714928043196	0.284945428520308	0.63024516159174	-0.345299733071432	0.243478260869565	0.253333333333333	0.358024691358025	0.651851851851852	0.596026490066225	0.642857142857143	hypo	intron	NFIA	NFIA	74026
543	chr13	53507864	53507989	126	4				-24.7093967269688	0.54808564215821	0.046204523107178	0.501881119051032	0.515151515151515	0.683453237410072	0.445652173913043	0.06	0.0619469026548673	0.0166666666666667	hyper	intergenic	""	LINC00558	-307492
544	chr16	56777664	56777797	134	5				24.7081385782639	0.321619974412443	0.872613576272241	-0.550993601859798	0.321428571428571	0.177914110429448	0.46551724137931	0.978723404255319	0.8671875	0.771929824561403	hypo	intron	NUP93	NUP93	-4098
545	chr13	109672824	109673048	225	5				24.6510216417639	0.560045836516425	0.938204994239477	-0.378159157723052	0.431818181818182	0.557142857142857	0.691176470588235	0.942528735632184	0.939393939393939	0.932692307692308	hypo	intergenic	""	LINC00676	-55337
546	chr2	9961387	9961472	86	5				-24.6441543005646	0.889322713394398	0.601255141820673	0.288067571573726	0.888	0.919753086419753	0.860215053763441	0.598591549295775	0.655555555555556	0.549618320610687	hyper	exon	GRHL1	GRHL1	9737
547	chr17	67700193	67700397	205	5				24.6406334965216	0.310884233870156	0.841266086115143	-0.530381852244987	0.373831775700935	0.139240506329114	0.41958041958042	0.848	0.858490566037736	0.817307692307692	hypo	intergenic	""	NOL11	-17537
548	chr7	5270912	5271051	140	4				24.5804434338713	0.170917384993631	0.809876543209877	-0.638959158216245	0.0967741935483871	0.0826446280991736	0.333333333333333	0.796296296296296	0.8	0.833333333333333	hypo	intergenic	""	SLC29A4	-11961
549	chr13	75173760	75173901	142	5				-24.5681656311802	0.426250109275286	0.0744875680542176	0.351762541221069	0.505376344086022	0.541666666666667	0.231707317073171	0.0804597701149425	0.0683760683760684	0.0746268656716418	hyper	intergenic	""	CTAGE11P	66551
550	chr17	15591991	15592247	257	5				24.5400136578981	0.42766117148392	0.86858743497399	-0.440926263490069	0.405405405405405	0.347457627118644	0.530120481927711	0.911764705882353	0.846938775510204	0.847058823529412	hypo	intron	CDRT1	CDRT1	27585
551	chr5	36717589	36717935	347	5				24.5338848048854	0.286560851175162	0.828708133971292	-0.54214728279613	0.273684210526316	0.135294117647059	0.450704225352113	0.854545454545455	0.850877192982456	0.780701754385965	hypo	intergenic	""	SLC1A3	111157
552	chr9	79764142	79764313	172	5				24.5059988074356	0.416547835725918	0.879208951340099	-0.462661115614181	0.547945205479452	0.218181818181818	0.483516483516484	0.857142857142857	0.885245901639344	0.895238095238095	hypo	intergenic	""	LINC01507	-60302
553	chr13	23382037	23382223	187	5				24.4941513972696	0.0466823540466784	0.336361388697837	-0.289679034651159	0.0379746835443038	0.0283018867924528	0.0737704918032787	0.292929292929293	0.401869158878505	0.314285714285714	hypo	intron	SACS	SACS	-6622
554	chr19	34557425	34557589	165	5				24.4926572176526	0.249889621965645	0.7345565273056	-0.484666905339954	0.135802469135802	0.190789473684211	0.423076923076923	0.725663716814159	0.720430107526882	0.757575757575758	hypo	intergenic	""	ZNF807P	-12121
555	chr5	68068472	68068632	161	5				24.4862612453893	0.308389450056117	0.666014841184493	-0.357625391128376	0.259259259259259	0.2	0.465909090909091	0.623762376237624	0.685393258426966	0.688888888888889	hypo	intergenic	""	LINC02219	-121323
556	chr2	63993576	63993774	199	5				24.4741562469553	0.248193887646802	0.683608386834193	-0.435414499187391	0.176470588235294	0.191964285714286	0.376146788990826	0.709677419354839	0.753846153846154	0.587301587301587	hypo	intron	VPS54	VPS54	25753
557	chr1	64634071	64634228	158	5				-24.4667849299832	0.743640321125701	0.34661925331239	0.397021067813311	0.679012345679012	0.881578947368421	0.67032967032967	0.27906976744186	0.414634146341463	0.346153846153846	hyper	exon	CACHD1	MIR4794	54303
558	chr8	140663015	140663212	198	5				-24.4499436349723	0.893120032845538	0.565046594626747	0.328073438218791	0.926229508196721	0.906976744186047	0.846153846153846	0.534090909090909	0.687022900763359	0.474025974025974	hyper	intron	PTK2	AGO2	-27480
559	chr6	163250308	163250555	248	5				-24.3813935553788	0.869307781037639	0.544087522551329	0.32522025848631	0.910714285714286	0.919431279620853	0.777777777777778	0.464285714285714	0.527131782945737	0.640845070422535	hyper	intron	PACRG	PACRG-AS3	-58429
560	chr5	2607758	2607916	159	5				-24.3657555006059	0.907267720306514	0.588526082740342	0.318741637566172	0.948275862068965	0.911458333333333	0.862068965517241	0.624113475177305	0.592592592592593	0.548872180451128	hyper	intergenic	""	LSINCT5	-104753
561	chr8	40900272	40900592	321	4				-24.3599439218717	0.89383538596137	0.451444361082915	0.442391024878455	0.858974358974359	0.976377952755906	0.846153846153846	0.481927710843373	0.483516483516484	0.388888888888889	hyper	intergenic	""	ZMAT4	-2606
562	chr6	163341105	163341368	264	5				-24.3282083478785	0.654719053868346	0.251470939966515	0.40324811390183	0.626865671641791	0.703703703703704	0.633587786259542	0.230088495575221	0.2	0.324324324324324	hyper	non-coding	DKFZp451B082	DKFZp451B082	5797
563	chr6	151375052	151375170	119	5				-24.327323465879	0.609929078014184	0.123597571099884	0.486331506914301	0.617021276595745	0.712765957446809	0.5	0.119565217391304	0.0384615384615385	0.212765957446809	hyper	intron	ZBTB2	ZBTB2	16448
564	chr8	94418573	94418723	151	5				-24.3171092634328	0.910963903513224	0.625227429575256	0.285736473937969	0.929203539823009	0.93801652892562	0.865671641791045	0.615942028985507	0.616883116883117	0.642857142857143	hyper	intron	RAD54B	RAD54B	18296
565	chr2	130195426	130195527	102	4				-24.3169803756529	0.828620031532653	0.31583678722156	0.512783244311093	0.782051282051282	0.907692307692308	0.796116504854369	0.213592233009709	0.344444444444444	0.389473684210526	hyper	intron	TUBA3E	TUBA3E	2963
566	chr5	18944921	18945130	210	5				-24.2830731002571	0.708513708513709	0.371730335555024	0.336783372958685	0.7	0.795238095238095	0.63030303030303	0.43609022556391	0.348066298342541	0.331034482758621	hyper	intergenic	""	CDH18	941247
567	chr8	91831782	91832202	421	4				24.2497573581058	0.0764491550876527	0.437937737817786	-0.361488582730133	0.0648148148148148	0.028169014084507	0.136363636363636	0.409836065573771	0.432432432432432	0.471544715447155	hypo	intergenic	""	RUNX1T1	185688
568	chr8	95499052	95499429	378	5				24.2482293691821	0.529494644123465	0.871432761138644	-0.341938117015179	0.5	0.441048034934498	0.647435897435897	0.919117647058824	0.831932773109244	0.863247863247863	hypo	non-coding	C8orf37-AS1	C8orf37	-230039
569	chr5	133360816	133360914	99	5				24.2156514854902	0.434118728067987	0.866494566621802	-0.432375838553815	0.312977099236641	0.375	0.61437908496732	0.882882882882883	0.89908256880734	0.817518248175183	hypo	intron	FSTL4	MIR1289-2	66841
570	chr3	182482837	182483103	267	5				24.175158200948	0.270790873777859	0.658792716952018	-0.388001843174159	0.192660550458716	0.247619047619048	0.372093023255814	0.633802816901409	0.594827586206897	0.747747747747748	hypo	non-coding	LINC01994	LINC01994	3392
571	chr10	100816742	100816950	209	5				24.1724642512848	0.184292562767578	0.682185937040306	-0.497893374272728	0.0517241379310345	0.127659574468085	0.373493975903614	0.636363636363636	0.660194174757282	0.75	hypo	intron	PAX2	PAX2	71265
572	chr1	181491136	181491287	152	4				-24.1642479847489	0.691878568338586	0.154405837681897	0.537472730656689	0.716981132075472	0.685185185185185	0.673469387755102	0.166666666666667	0.17283950617284	0.123711340206186	hyper	intron	CACNA1E	CACNA1E	7695
573	chr2	102893401	102893662	262	5				24.1515807317354	0.525726647263728	0.934665187207794	-0.408938539944066	0.32824427480916	0.553571428571429	0.695364238410596	0.958904109589041	0.950354609929078	0.894736842105263	hypo	non-coding	LINC01796	LINC01796	2191
574	chr1	231986812	231987098	287	5				-24.1362609906701	0.602379102379102	0.177535014005602	0.4248440883735	0.683760683760684	0.551948051948052	0.571428571428571	0.0857142857142857	0.226890756302521	0.22	hyper	intron	DISC1	DISC1-IT1	61122
575	chr2	44930713	44930979	267	5				-24.0994086615632	0.379856202254655	0.0698485823076812	0.310007619946974	0.40495867768595	0.38	0.354609929078014	0.0656934306569343	0.0404040404040404	0.103448275862069	hyper	TTS	LINC01833	LINC01833	8042
576	chr16	71067445	71067695	251	4				-24.0910105173977	0.877922210947066	0.361607640049003	0.516314570898062	0.901639344262295	0.925675675675676	0.806451612903226	0.375	0.356164383561644	0.353658536585366	hyper	intron	HYDIN	HYDIN	163152
577	chr1	229707379	229707752	374	4				-24.0050655635011	0.648949556229637	0.136857310592016	0.512092245637621	0.662790697674419	0.733333333333333	0.550724637681159	0.145833333333333	0.103448275862069	0.161290322580645	hyper	intergenic	""	URB2	81319
578	chr2	39515693	39516044	352	5				-23.968001097924	0.743547245504692	0.308925058838102	0.43462218666659	0.686868686868687	0.75177304964539	0.792	0.304347826086957	0.272	0.35042735042735	hyper	non-coding	MAP4K3-DT	MAP4K3-DT	78453
579	chr2	44333404	44333601	198	5				23.9678303629751	0.600476190476191	0.919227455027074	-0.318751264550884	0.483333333333333	0.571428571428571	0.746666666666667	0.918032786885246	0.921739130434783	0.917910447761194	hypo	intron	PREPL	PREPL	26247
580	chr8	74825501	74825621	121	4				-23.9658862399074	0.896214474365386	0.564445047326219	0.331769427039167	0.876543209876543	0.946428571428571	0.865671641791045	0.608247422680412	0.618421052631579	0.466666666666667	hyper	intron	PI15	PI15	1028
581	chr7	53022702	53023039	338	5				23.9521493750459	0.439786756453423	0.791715587303677	-0.351928830850254	0.314814814814815	0.454545454545455	0.55	0.798611111111111	0.811475409836066	0.765060240963855	hypo	intergenic	""	POM121L12	-12762
582	chr12	123945202	123945334	133	5				-23.9286435657104	0.862727283432173	0.499213217938631	0.363514065493542	0.816091954022989	0.89051094890511	0.881578947368421	0.707317073170732	0.5	0.290322580645161	hyper	intron	CCDC92	CCDC92	26791
583	chr7	31935519	31935757	239	5				-23.9173994437412	0.546167333958032	0.146203200483092	0.39996413347494	0.615384615384615	0.612403100775194	0.410714285714286	0.166666666666667	0.1328125	0.139130434782609	hyper	intron	PDE1C	PDE1C	134769
584	chr7	116193500	116193739	240	5				23.8694566998849	0.621823914749779	0.905715000569734	-0.283891085819955	0.572254335260116	0.628787878787879	0.664429530201342	0.900621118012422	0.934579439252336	0.881944444444445	hypo	intergenic	""	TES	-16919
585	chr15	101128454	101128709	256	5				23.8573174703789	0.18323396567299	0.632119107451176	-0.448885141778186	0.11	0.138888888888889	0.300813008130081	0.661290322580645	0.621621621621622	0.613445378151261	hypo	intergenic	""	CHSY1	123467
586	chr10	104420144	104420378	235	5				23.8535337856804	0.348268142215537	0.774111422303457	-0.425843280087919	0.171171171171171	0.393013100436681	0.48062015503876	0.815533980582524	0.727272727272727	0.779527559055118	hypo	intron	CFAP58	LINC02620	60014
587	chr4	40672637	40672819	183	5				23.8462503639818	0.127719378573109	0.56312734082397	-0.435407962250861	0.104651162790698	0.108695652173913	0.169811320754717	0.62	0.575	0.49438202247191	hypo	intergenic	""	RBM47	-42134
588	chr12	104599427	104599598	172	5				-23.8380950717715	0.927106405419658	0.62025025396041	0.306856151459249	0.966666666666667	0.898989898989899	0.91566265060241	0.597222222222222	0.605633802816901	0.657894736842105	hyper	intron	CHST11	MIR3922	7880
589	chr9	89021974	89022125	152	5				-23.804843367082	0.725931677018634	0.339905029427501	0.386026647591132	0.791666666666667	0.690476190476191	0.695652173913044	0.39	0.370786516853933	0.258928571428571	hyper	intron	SHC3	S1PR3	30582
590	chr20	17282417	17282745	329	4				23.7848497739164	0.356470465706892	0.868939794312929	-0.512469328606036	0.304347826086957	0.283582089552239	0.481481481481482	0.873015873015873	0.868131868131868	0.865671641791045	hypo	intron	PCSK2	PCSK2	55542
591	chr10	9499229	9499470	242	4				-23.7795711907935	0.874046022029491	0.462330623306233	0.411715398723258	0.915254237288136	0.908496732026144	0.798387096774194	0.5	0.533333333333333	0.353658536585366	hyper	intergenic	""	LOC101928272	-203756
592	chr14	70458640	70458976	337	5				-23.7629019651319	0.867730496453901	0.493061840120664	0.374668656333237	0.916666666666667	0.886524822695036	0.8	0.617647058823529	0.461538461538462	0.4	hyper	exon	ADAM21	ADAM21	6635
593	chr2	16252384	16252465	82	5				-23.7532368188324	0.795621823704656	0.238441127694859	0.557180696009797	0.789473684210526	0.955882352941176	0.641509433962264	0.28	0.26865671641791	0.166666666666667	hyper	intergenic	""	GACAT3	201998
594	chr12	118881328	118881574	247	4				-23.7151712312684	0.943937621832359	0.577884839175162	0.366052782657197	0.944444444444444	0.947368421052632	0.94	0.621212121212121	0.628571428571429	0.483870967741936	hyper	intergenic	""	LINC02439	-47915
595	chr3	172749388	172749537	150	5				23.7117647209391	0.0969647046086855	0.525085015994107	-0.428120311385421	0.108910891089109	0.0102040816326531	0.171779141104294	0.561904761904762	0.495867768595041	0.517482517482518	hypo	intergenic	""	ECT2	-1222
596	chr12	60993247	60993373	127	4				23.7061651689464	0.36192913519026	0.828042328042328	-0.466113192852068	0.222222222222222	0.348101265822785	0.515463917525773	0.888888888888889	0.840336134453782	0.754901960784314	hypo	intergenic	""	TAFA2	1199529
597	chr1	87956293	87956519	227	4				23.702328994124	0.377353806691216	0.904086449551394	-0.526732642860178	0.258426966292135	0.364705882352941	0.508928571428571	0.925233644859813	0.918604651162791	0.868421052631579	hypo	intergenic	""	LINC01364	-584751
598	chr1	76154650	76154886	237	5				23.6913996699608	0.326140075761723	0.77391583840182	-0.447775762640096	0.284313725490196	0.244565217391304	0.44954128440367	0.841269841269841	0.788888888888889	0.691588785046729	hypo	intron	ST6GALNAC3	ST6GALNAC3	80023
599	chr11	35180139	35180309	171	5				-23.6813547010319	0.797106306910229	0.355884014974924	0.441222291935305	0.653846153846154	0.941176470588235	0.796296296296296	0.386363636363636	0.322314049586777	0.358974358974359	hyper	intron	CD44	SNORD164	17275
600	chr8	2195358	2195614	257	5				-23.6782955967835	0.835603572287767	0.512868997022003	0.322734575265764	0.880503144654088	0.847619047619048	0.778688524590164	0.542857142857143	0.462962962962963	0.532786885245902	hyper	intergenic	""	MIR7160	118898
601	chr4	4939665	4939912	248	5				-23.6663297125573	0.815910197356102	0.377148282956164	0.438761914399939	0.869565217391304	0.883720930232558	0.694444444444445	0.4	0.337078651685393	0.394366197183099	hyper	non-coding	LOC101928306	LOC101928306	18981
602	chr11	107678525	107678699	175	5				-23.6583873530315	0.592337409726509	0.220032532532533	0.372304877193977	0.594202898550725	0.639705882352941	0.543103448275862	0.256944444444444	0.25	0.153153153153153	hyper	intergenic	""	SLN	33444
603	chr6	138543860	138544113	254	5				-23.6529735581787	0.66761114651761	0.318522766328	0.34908838018961	0.746376811594203	0.674757281553398	0.581699346405229	0.309352517985612	0.253623188405797	0.392592592592593	hyper	intron	NHSL1	NHSL1	28583
604	chr5	7070609	7070759	151	4				-23.6481124338918	0.680817245817246	0.160270564682329	0.520546681134917	0.594594594594595	0.822857142857143	0.625	0.152777777777778	0.171171171171171	0.156862745098039	hyper	intergenic	""	MIR4454	198670
605	chr8	71591517	71591900	384	5				-23.6329397677991	0.744614916286149	0.424592018211991	0.320022898074159	0.768	0.746666666666667	0.719178082191781	0.405405405405405	0.446601941747573	0.421768707482993	hyper	intergenic	""	EYA1	-43614
606	chr9	85262699	85262886	188	4				-23.6144297267791	0.856497043261749	0.515812744848862	0.340684298412887	0.841666666666667	0.912698412698413	0.815126050420168	0.541984732824428	0.557692307692308	0.447761194029851	hyper	intergenic	""	AGTPBP1	479162
607	chr3	69613307	69613587	281	5				23.612754841264	0.553307816177382	0.938728632478633	-0.385420816301251	0.403846153846154	0.51207729468599	0.744	0.947916666666667	0.930769230769231	0.9375	hypo	intergenic	""	MITF	-126016
608	chr7	103522047	103522120	74	5				-23.6074974100951	0.521229072209465	0.14701500880827	0.374214063401195	0.494117647058824	0.662162162162162	0.407407407407407	0.111111111111111	0.126050420168067	0.203883495145631	hyper	exon	RELN	SLC26A5	-75876
609	chr6	31087193	31087302	110	5				-23.5549581214834	0.607853828192023	0.250033740143058	0.357820088048965	0.66304347826087	0.680203045685279	0.480314960629921	0.256637168141593	0.310924369747899	0.182539682539683	hyper	intergenic	""	C6orf15	25328
610	chr8	24351356	24351543	188	5				-23.553518928344	0.505314040821007	0.159100280389246	0.34621376043176	0.53125	0.60233918128655	0.382352941176471	0.212765957446809	0.125	0.13953488372093	hyper	intron	ADAM28	ADAMDEC1	-32835
611	chr10	88789617	88789883	267	5				-23.4961532249826	0.41845407959741	0.115975036433026	0.302479043164384	0.317647058823529	0.522222222222222	0.415492957746479	0.107594936708861	0.109489051094891	0.130841121495327	hyper	intergenic	""	LIPM	-12979
612	chr4	86387100	86387273	174	5				-23.434949286018	0.807136360969313	0.419816749129558	0.387319611839755	0.847826086956522	0.794736842105263	0.778846153846154	0.42156862745098	0.426666666666667	0.411214953271028	hyper	intron	MAPK10	MAPK10	-16319
613	chr9	118594440	118594510	71	4				23.4161642261815	0.477398183276255	0.903621683493376	-0.42622350021712	0.438202247191011	0.352201257861635	0.641791044776119	0.942528735632184	0.883720930232558	0.884615384615385	hypo	intergenic	""	LINC02578	-85195
614	chr19	13452827	13452879	53	5				23.4071964131042	0.377020309899519	0.868812126935697	-0.491791817036178	0.116279069767442	0.432692307692308	0.582089552238806	0.905263157894737	0.804347826086957	0.896825396825397	hypo	intron	CACNA1A	CACNA1A	53626
615	chr2	44930528	44930652	125	5				-23.3934686603631	0.328180421728809	0.0525206053818098	0.275659816346999	0.285714285714286	0.380645161290323	0.318181818181818	0.00943396226415094	0.0547945205479452	0.0933333333333333	hyper	TTS	LINC01833	LINC01833	8298
616	chr13	44820697	44820879	183	5				23.3923755364903	0.664649136871359	0.980648506907753	-0.315999370036394	0.638888888888889	0.564935064935065	0.790123456790123	0.983333333333333	0.970588235294118	0.988023952095808	hypo	intergenic	""	LINC00330	-11158
617	chr12	130101125	130101306	182	5				-23.3789743343025	0.380035011234657	0.090568924171008	0.289466087063649	0.37719298245614	0.432203389830509	0.330708661417323	0.0862068965517242	0.0775862068965517	0.107913669064748	hyper	intergenic	""	LINC02419	29881
618	chr4	144587652	144587794	143	4				-23.2686897765162	0.794376968061179	0.276657329598506	0.517719638462673	0.807017543859649	0.868421052631579	0.707692307692308	0.261904761904762	0.282352941176471	0.285714285714286	hyper	intergenic	""	HHIP-AS1	58296
619	chr16	86912406	86912539	134	4				-23.2499281615136	0.687195697693478	0.102969077448983	0.584226620244496	0.696629213483146	0.840764331210191	0.524193548387097	0.100840336134454	0.102803738317757	0.105263157894737	hyper	intergenic	""	LINC02181	-145311
620	chr10	10198861	10199065	205	4				-23.2480587682865	0.762706279947659	0.271670168499979	0.49103611144768	0.836363636363636	0.731034482758621	0.720720720720721	0.222222222222222	0.229885057471264	0.362903225806452	hyper	intergenic	""	LINC02670	140242
621	chr2	194346974	194347079	106	4				-23.2453558369581	0.794765058341217	0.280330578512397	0.514434479828821	0.707142857142857	0.927152317880795	0.75	0.25	0.28099173553719	0.31	hyper	non-coding	LINC01821	LINC01821	2758
622	chr9	72049075	72049128	54	5				-23.2343993847861	0.894423825975852	0.595804414883362	0.29861941109249	0.947368421052632	0.863354037267081	0.872549019607843	0.789473684210526	0.56043956043956	0.4375	hyper	intergenic	""	C9orf57	11512
623	chr20	10522537	10522774	238	5				-23.2293199660812	0.856858762799357	0.414501755790162	0.442357007009195	0.833333333333333	0.891089108910891	0.846153846153846	0.389830508474576	0.402061855670103	0.451612903225806	hyper	intron	SLX4IP	SLX4IP	87351
624	chr1	145616728	145616885	158	5				-23.2076065039062	0.890190082564576	0.479396830550732	0.410793252013845	0.891891891891892	0.946902654867257	0.831775700934579	0.43010752688172	0.590361445783133	0.417721518987342	hyper	intron	GPR89A	GPR89A	8819
625	chr14	101062148	101062233	86	5				-23.1962760405565	0.396704999592203	0.0948618948618949	0.301843104730308	0.344262295081967	0.278688524590164	0.567164179104478	0.0923076923076923	0.135135135135135	0.0571428571428571	hyper	TTS	MIR377	MIR377	141
626	chr2	103241608	103241879	272	4				23.12626817962	0.321189120809614	0.761531506141525	-0.440342385331911	0.376470588235294	0.167741935483871	0.419354838709677	0.723684210526316	0.783132530120482	0.777777777777778	hypo	intergenic	""	LINC01935	-257314
627	chr16	23674213	23674268	56	5				23.0621489380812	0.380675526024363	0.783292483660131	-0.402616957635768	0.285714285714286	0.321428571428571	0.534883720930233	0.864583333333333	0.764705882352941	0.720588235294118	hypo	TTS	DCTN5	PLK1	-4648
628	chr10	21169411	21169985	575	5				-23.0342920197477	0.499405654315699	0.0783587109398887	0.421046943375811	0.325	0.664596273291926	0.508620689655172	0.130434782608696	0.0666666666666667	0.0379746835443038	hyper	intron	NEBL	NEBL	3281
629	chr8	40901293	40901525	233	4				-23.0079071282979	0.781249498170217	0.305353749580093	0.475895748590124	0.854838709677419	0.815642458100559	0.673267326732673	0.301204819277108	0.337078651685393	0.277777777777778	hyper	intergenic	""	ZMAT4	-3583
630	chr9	91900288	91900364	77	5				-22.9758598018731	0.773075583420411	0.262019604266732	0.51105597915368	0.758620689655172	0.712121212121212	0.848484848484848	0.184210526315789	0.224489795918367	0.377358490566038	hyper	intron	ROR2	ROR2	49902
631	chr1	66356214	66356539	326	5				-22.9335590088203	0.611841602608898	0.253036195661706	0.358805406947192	0.761006289308176	0.556	0.518518518518519	0.298342541436464	0.253623188405797	0.207142857142857	hyper	intron	PDE4B	PDE4B	1842
632	chr5	167575468	167575775	308	5				-22.9131723055316	0.837622114625599	0.459023335961915	0.378598778663684	0.878048780487805	0.846938775510204	0.787878787878788	0.5	0.451327433628319	0.425742574257426	hyper	intron	TENM2	TENM2	1963
633	chr5	58924425	58924654	230	5				22.8646377449239	0.141926456328783	0.52570958054829	-0.383783124219507	0.134146341463415	0.0596330275229358	0.232	0.564516129032258	0.612612612612613	0.4	hypo	intergenic	""	PDE4D	75359
634	chr16	19239563	19239706	144	5				22.8582931992476	0.491380853643337	0.95023121237955	-0.458850358736213	0.403225806451613	0.486301369863014	0.584615384615385	0.971014492753623	0.970588235294118	0.909090909090909	hypo	intron	SYT17	CLEC19A	-46096
635	chr2	128970897	128970994	98	5				-22.8548039447128	0.453667832481392	0.0911789652247668	0.362488867256625	0.472222222222222	0.564971751412429	0.323809523809524	0.119047619047619	0.106870229007634	0.0476190476190476	hyper	intergenic	""	LOC101927881	106346
636	chr8	80658478	80658789	312	4				-22.8479249944097	0.473021114676791	0.0991818033055146	0.373839311371277	0.532110091743119	0.481012658227848	0.405940594059406	0.0927835051546392	0.0714285714285714	0.133333333333333	hyper	intron	ZNF704	ZBTB10	172408
637	chr9	111828227	111828352	126	4				-22.8425123677154	0.823806765523633	0.251009160068312	0.572797605455321	0.8375	0.923076923076923	0.710843373493976	0.345132743362832	0.25	0.157894736842105	hyper	intergenic	""	SHOC1	-33352
638	chr2	175609176	175609364	189	5				-22.8409178635999	0.832459831204941	0.523277255484084	0.309182575720857	0.863157894736842	0.851612903225806	0.782608695652174	0.53	0.593023255813954	0.446808510638298	hyper	intergenic	""	LNPK	392997
639	chr13	110287543	110287680	138	5				-22.8377302348358	0.867723453017571	0.482260513633063	0.385462939384508	0.886363636363636	0.928571428571429	0.788235294117647	0.611764705882353	0.409090909090909	0.425925925925926	hyper	intron	COL4A1	COL4A1	19546
640	chr16	7828579	7828910	332	4				-22.7919513895972	0.836380916516484	0.405183390875005	0.43119752564148	0.771428571428571	0.929203539823009	0.808510638297872	0.465753424657534	0.341463414634146	0.408333333333333	hyper	intergenic	""	RBFOX1	495900
641	chr3	47294980	47295227	248	5				22.7696999539113	0.377684639218861	0.886358086358086	-0.508673447139226	0.213483146067416	0.330097087378641	0.589473684210526	0.956043956043956	0.9	0.803030303030303	hypo	intron	KLHL18	KLHL18	12160
642	chr4	116011030	116011207	178	4				-22.7382327885605	0.538515278537148	0.160748462064252	0.377766816472897	0.56989247311828	0.610169491525424	0.435483870967742	0.157894736842105	0.160714285714286	0.163636363636364	hyper	intergenic	""	MIR1973	-288606
643	chr3	155648412	155648578	167	5				-22.6850445925739	0.54624102034241	0.199111007211296	0.347130013131114	0.536	0.584474885844749	0.518248175182482	0.181818181818182	0.147540983606557	0.26797385620915	hyper	intron	PLCH1	PLCH1	27848
644	chr3	16443624	16443679	56	5				22.6769911891769	0.744428029241703	0.981894977681494	-0.237466948439792	0.818181818181818	0.566265060240964	0.848837209302326	0.986013986013986	0.97752808988764	0.982142857142857	hypo	intron	RFTN1	RFTN1	70048
645	chr3	1463194	1463770	577	4				-22.6379285376905	0.753458959341312	0.215546963638567	0.537911995702746	0.771428571428571	0.855614973262032	0.633333333333333	0.213740458015267	0.19047619047619	0.242424242424242	hyper	intergenic	""	CNTN6	370459
646	chr16	5159641	5159789	149	4				22.5897293061138	0.104348681621409	0.47931362349967	-0.374964941878261	0.0892857142857143	0.075	0.148760330578512	0.577777777777778	0.441558441558442	0.418604651162791	hypo	intergenic	""	EEF2KMT	-61895
647	chr5	107668522	107668741	220	4				-22.5853472392992	0.557891584306679	0.0736787022501308	0.484212882056548	0.764150943396226	0.476190476190476	0.433333333333333	0.0659340659340659	0.0666666666666667	0.0884353741496599	hyper	intron	EFNA5	EFNA5	2306
648	chr5	9442892	9443185	294	4				-22.5831295823074	0.770908508330869	0.292012557072798	0.478895951258071	0.825	0.855072463768116	0.63265306122449	0.298701298701299	0.324324324324324	0.253012048192771	hyper	intron	SEMA5A	SEMA5A-AS1	-68294
649	chr3	168214103	168214239	137	4				-22.5772384180892	0.845059880239521	0.41995147327946	0.425108406960061	0.769230769230769	0.910179640718563	0.855769230769231	0.453488372093023	0.461538461538462	0.344827586206897	hyper	intergenic	""	EGFEM1P	-35350
650	chr3	139229252	139229353	102	5				-22.5531053187699	0.793981086664013	0.39571181731517	0.398269269348843	0.82051282051282	0.797202797202797	0.764227642276423	0.436893203883495	0.447916666666667	0.302325581395349	hyper	intergenic	""	PISRT1	4220
651	chr3	43388267	43388479	213	4				-22.5314495999772	0.783666154633897	0.301417004048583	0.482249150585314	0.714285714285714	0.862903225806452	0.773809523809524	0.315789473684211	0.338461538461539	0.25	hyper	intron	ANO10	SNRK-AS1	-36411
652	chr5	135112063	135112469	407	5				22.514187200721	0.300229666587471	0.744320928966411	-0.44409126237894	0.173913043478261	0.333333333333333	0.39344262295082	0.792682926829268	0.701149425287356	0.739130434782609	hypo	non-coding	C5orf66	C5orf66-AS1	-72219
653	chr1	205449151	205449294	144	4				22.4816272233627	0.497568523430592	0.928822605965463	-0.431254082534871	0.396551724137931	0.538461538461538	0.557692307692308	0.938775510204082	0.94	0.907692307692308	hypo	promoter-TSS	MIR135B	MIR135B	-824
654	chr7	110295827	110295966	140	4				-22.4652724584037	0.82317519082225	0.440060282377226	0.383114908445024	0.806818181818182	0.919117647058824	0.743589743589744	0.430379746835443	0.494117647058824	0.39568345323741	hyper	intergenic	""	EIF3IP1	-335683
655	chr13	77675642	77675842	201	5				-22.446759412679	0.911308185665168	0.627227936250862	0.284080249414306	0.927083333333333	0.92964824120603	0.87719298245614	0.654676258992806	0.638297872340426	0.588709677419355	hyper	intergenic	""	LOC100129307	-12939
656	chr1	205082498	205082653	156	4				22.4108816126139	0.245351816340358	0.878812349034737	-0.633460532694379	0.0566037735849057	0.222929936305732	0.456521739130435	0.886075949367089	0.854838709677419	0.895522388059702	hypo	TTS	TMEM81	TMEM81	1885
657	chr1	13733480	13733719	240	4				-22.3915731695091	0.799587985114301	0.368124888173197	0.431463096941104	0.727272727272727	0.908333333333333	0.763157894736842	0.4	0.358695652173913	0.345679012345679	hyper	intron	PRDM2	PRDM2	-15815
658	chr15	58053468	58053979	512	4				22.3547257023713	0.470124401076298	0.897711711292561	-0.427587310216263	0.367816091954023	0.423913043478261	0.61864406779661	0.910112359550562	0.904761904761905	0.878260869565217	hypo	intron	ALDH1A2	LOC283665	-11501
659	chr17	59297010	59297135	126	4				22.3537521506502	0.526145786613397	0.923394053460599	-0.397248266847202	0.561643835616438	0.376344086021505	0.640449438202247	0.935185185185185	0.905172413793103	0.929824561403509	hypo	intergenic	""	YPEL2	-34582
660	chr8	73490178	73490283	106	5				-22.3405554492279	0.505542754736303	0.119713930348259	0.385828824388044	0.660714285714286	0.52258064516129	0.333333333333333	0.171641791044776	0.0625	0.125	hyper	intron	STAU2	STAU2-AS1	70157
661	chr4	44842701	44842908	208	4				-22.3401839442515	0.731651917311328	0.225065830721003	0.506586086590325	0.704225352112676	0.837837837837838	0.652892561983471	0.281818181818182	0.241379310344828	0.152	hyper	intergenic	""	GNPDA2	-116170
662	chr17	59194429	59194603	175	4				22.2817229453559	0.615276994987786	0.960041560067607	-0.344764565079821	0.488188976377953	0.687830687830688	0.669811320754717	0.966292134831461	0.951807228915663	0.962025316455696	hypo	intron	PRR11	SMG8	-15493
663	chr12	104599255	104599370	116	5				-22.2659553536561	0.918165667332889	0.504191714718031	0.413973952614859	0.93421052631579	0.93421052631579	0.886075949367089	0.596491228070175	0.454545454545455	0.461538461538462	hyper	intron	CHST11	MIR3922	7680
664	chr19	52176536	52176613	78	5				-22.2506163042429	0.964496855801204	0.576922757957241	0.387574097843963	0.934782608695652	0.989010989010989	0.96969696969697	0.585858585858586	0.619047619047619	0.525862068965517	hyper	intergenic	""	ZNF836	-4953
665	chr1	55032914	55033126	213	4				22.2309665666583	0.172128851540616	0.68523510032944	-0.513106248788824	0.0735294117647059	0.166666666666667	0.276190476190476	0.75	0.654761904761905	0.650943396226415	hypo	intergenic	""	PCSK9	-6527
666	chr6	154042039	154042231	193	4				22.2176457583603	0.268448832192874	0.673934170988824	-0.40548533879595	0.155339805825243	0.213836477987421	0.436170212765957	0.689320388349515	0.741573033707865	0.590909090909091	hypo	intron	OPRM1	OPRM1	2725
667	chr15	91635304	91635558	255	4				-22.1881300561363	0.688110403397028	0.294114516815666	0.393995886581361	0.675	0.764331210191083	0.625	0.275862068965517	0.231481481481482	0.375	hyper	intergenic	""	CRAT37	172093
668	chr8	53511038	53511366	329	4				-22.0305750733414	0.800975738962982	0.38650957459007	0.414466164372912	0.808823529411765	0.871212121212121	0.72289156626506	0.388888888888889	0.407894736842105	0.362745098039216	hyper	TTS	LOC100507516	LOC100507516	12763
669	chr6	165126144	165126311	168	4				-22.005486099626	0.642142159234279	0.234582302344763	0.407559856889517	0.641509433962264	0.715686274509804	0.569230769230769	0.295652173913044	0.253623188405797	0.154471544715447	hyper	intergenic	""	C6orf118	183378
670	chr6	69642089	69642392	304	4				21.9105146030386	0.484194835116546	0.861070721771479	-0.376875886654933	0.41747572815534	0.409302325581395	0.625806451612903	0.863157894736842	0.825688073394496	0.894366197183099	hypo	intergenic	""	LMBRD1	154226
671	chr2	1306196	1306274	79	4				-21.8489985716906	0.865079365079365	0.334438250655037	0.530641114424328	0.928571428571429	0.860215053763441	0.806451612903226	0.414634146341463	0.342105263157895	0.246575342465753	hyper	intron	SNTG2	TPO	-107225
672	chr8	90452400	90452755	356	4				-21.8369949720504	0.579531465539168	0.172515672935841	0.407015792603327	0.652631578947369	0.671328671328671	0.414634146341463	0.161764705882353	0.193877551020408	0.161904761904762	hyper	intergenic	""	LINC01030	153486
673	chr1	171143012	171143263	252	4				21.836572953452	0.223357457073932	0.895319091148287	-0.671961634074355	0.0493827160493827	0.220689655172414	0.4	0.948717948717949	0.905660377358491	0.831578947368421	hypo	non-coding	FMO6P	FMO6P	5398
674	chr9	8155760	8156088	329	4				-21.7351844307329	0.482523616734143	0.122887593475829	0.359636023258314	0.567307692307692	0.505263157894737	0.375	0.0810810810810811	0.111111111111111	0.176470588235294	hyper	intergenic	""	DMAC1	-356146
675	chr22	34753914	34754193	280	4				21.7237788920299	0.360191464351915	0.885279173704221	-0.525087709352306	0.275	0.280821917808219	0.524752475247525	0.967032967032967	0.882352941176471	0.806451612903226	hypo	intergenic	""	LINC02885	243863
676	chr4	147492891	147493007	117	4				-21.6766387351918	0.713668021241654	0.227299977036301	0.486368044205353	0.709677419354839	0.815384615384615	0.615942028985507	0.263157894736842	0.216494845360825	0.202247191011236	hyper	intron	EDNRA	EDNRA	11853
677	chr2	44616027	44616323	297	4				-21.6187134178894	0.494033159822634	0.0965684741532247	0.397464685669409	0.430769230769231	0.609022556390977	0.442307692307692	0.0930232558139535	0.073394495412844	0.123287671232877	hyper	intron	CAMKMT	CAMKMT	254229
678	chr7	92504744	92504990	247	4				-21.6057173727249	0.88711535484341	0.551993132678792	0.335122222164618	0.897959183673469	0.957831325301205	0.805555555555556	0.543859649122807	0.515789473684211	0.596330275229358	hyper	exon	PEX1	PEX1	23653
679	chr12	105622435	105622836	402	4				21.5909918179949	0.261300309597523	0.81484221128356	-0.553541901686036	0.136842105263158	0.196078431372549	0.450980392156863	0.776595744680851	0.858407079646018	0.80952380952381	hypo	intergenic	""	CASC18	-81567
680	chr2	186408717	186409006	290	4				21.5836506880556	0.636086409524686	0.957048474724216	-0.32096206519953	0.611764705882353	0.528888888888889	0.767605633802817	0.953271028037383	0.945652173913043	0.972222222222222	hypo	intergenic	""	ZC3H15	-77398
681	chr15	79770065	79770298	234	4				21.567758248002	0.355022236119797	0.848943205620091	-0.493920969500294	0.291666666666667	0.252032520325203	0.521367521367521	0.843373493975904	0.860759493670886	0.842696629213483	hypo	intergenic	""	MTHFS	126816
682	chr3	177131017	177131194	178	4				-21.5134497685338	0.874380162268172	0.412115740065178	0.462264422202994	0.913978494623656	0.943396226415094	0.765765765765766	0.415730337078652	0.366071428571429	0.454545454545455	hyper	intron	TBL1XR1	TBL1XR1	65373
683	chr2	126402086	126402343	258	4				-21.5060996709775	0.773078529657477	0.390295546079128	0.382782983578349	0.789473684210526	0.833333333333333	0.696428571428571	0.417910447761194	0.3625	0.39047619047619	hyper	intergenic	""	GYPC	-253720
684	chr1	213892214	213892428	215	4				21.4947473978237	0.0937478934951129	0.710404537990745	-0.616656644495632	0	0.0290697674418605	0.252173913043478	0.689655172413793	0.714285714285714	0.727272727272727	hypo	non-coding	PROX1-AS1	LINC00538	-32427
685	chr11	105153525	105153689	165	4				-21.459831654616	0.660920383411581	0.16014586014586	0.500774523265721	0.633802816901409	0.895833333333333	0.453125	0.142857142857143	0.161904761904762	0.175675675675676	hyper	intergenic	""	CARD18	-13838
686	chr4	89198130	89198404	275	4				21.4303347302233	0.354273504273504	0.913619614512472	-0.559346110238967	0.285714285714286	0.262820512820513	0.514285714285714	0.938775510204082	0.9375	0.864583333333333	hypo	intergenic	""	TIGD2	86735
687	chr6	62013678	62013824	147	4				-21.416315445097	0.510185185185185	0.0914048392921632	0.418780345893022	0.388888888888889	0.625	0.516666666666667	0.128205128205128	0.0333333333333333	0.112676056338028	hyper	intron	KHDRBS2	KHDRBS2	272474
688	chr1	176437097	176437211	115	4				-21.4022983232654	0.752335597026219	0.259030608614327	0.493304988411892	0.803921568627451	0.842465753424658	0.610619469026549	0.202127659574468	0.278260869565217	0.296703296703297	hyper	intergenic	""	PAPPA2	-26020
689	chr2	180985281	180985943	663	4				-21.3882303140506	0.545441059459751	0.07975577938031	0.465685280079441	0.649350649350649	0.575757575757576	0.411214953271028	0.0555555555555556	0.074468085106383	0.109243697478992	hyper	intron	UBE2E3	UBE2E3	4489
690	chr6	104576028	104576251	224	4				-21.3628100179976	0.872903725921347	0.509907978945596	0.362995746975752	0.792682926829268	0.903614457831325	0.922413793103448	0.477064220183486	0.471264367816092	0.581395348837209	hyper	intergenic	""	HACE1	283407
691	chr15	98127673	98127913	241	4				-21.3175205847546	0.534425863991081	0.0905398408368033	0.443886023154278	0.521739130434783	0.62	0.461538461538462	0.120481927710843	0.112676056338028	0.0384615384615385	hyper	intergenic	""	LINC01582	-39040
692	chr4	185783630	185783828	199	4				-21.2764458502491	0.757936507936508	0.337109416091571	0.420827091844937	0.666666666666667	0.857142857142857	0.75	0.372549019607843	0.382022471910112	0.256756756756757	hyper	intron	SORBS2	SORBS2	-7875
693	chr9	700399	700561	163	4				21.2628755015901	0.485746423083111	0.875555555555556	-0.389809132472445	0.424528301886792	0.519553072625698	0.513157894736842	0.9	0.9	0.826666666666667	hypo	intron	KANK1	KANK1	-6196
694	chr13	105196189	105196376	188	4				-21.2576882457647	0.536056890223557	0.127279155679798	0.408777734543759	0.481481481481482	0.689189189189189	0.4375	0.156862745098039	0.108695652173913	0.116279069767442	hyper	intergenic	""	DAOA	-269584
695	chr11	46952332	46952503	172	4				21.2535323486955	0.61021711366539	0.942683242683243	-0.332466129017853	0.586206896551724	0.5	0.744444444444445	0.954545454545455	0.94017094017094	0.933333333333333	hypo	intron	C11orf49	C11orf49	15657
696	chr5	17918251	17918789	539	4				-21.2391588627141	0.757889074437576	0.435706095975514	0.322182978462062	0.775862068965517	0.808411214953271	0.689393939393939	0.41304347826087	0.403508771929825	0.490566037735849	hyper	non-coding	LINC02223	LINC02223	111247
697	chr5	101364589	101364688	100	4				-21.2097985350479	0.420870357712463	0.0745661329930993	0.346304224719364	0.441558441558442	0.421052631578947	0.4	0.0449438202247191	0.054945054945055	0.123809523809524	hyper	intergenic	""	ST8SIA4	-461356
698	chr8	109229268	109229676	409	4				21.2030492570822	0.269804971245139	0.63362174766814	-0.363816776423001	0.157894736842105	0.288557213930348	0.362962962962963	0.642857142857143	0.65979381443299	0.598214285714286	hypo	intergenic	""	NUDCD1	100461
699	chr4	178595815	178596089	275	4				-21.1902354030921	0.740729594163247	0.209632034632035	0.531097559531212	0.813953488372093	0.82	0.588235294117647	0.233333333333333	0.193181818181818	0.202380952380952	hyper	intergenic	""	LINC01099	-688016
700	chr6	130632741	130632897	157	4				-21.1640567900379	0.767902822920429	0.355500323699274	0.412402499221155	0.769230769230769	0.802083333333333	0.732394366197183	0.406015037593985	0.323529411764706	0.33695652173913	hyper	intergenic	""	SMLR1	-194586
701	chr5	78103364	78103499	136	4				-21.1618469690402	0.379580111765571	0.066864344162862	0.312715767602709	0.427083333333333	0.331491712707182	0.380165289256198	0.0625	0.0708661417322835	0.0672268907563025	hyper	intron	AP3B1	LOC101929154	145185
702	chr8	71760605	71760865	261	4				21.1214459200932	0.50998823004926	0.939035342182385	-0.429047112133125	0.449438202247191	0.410071942446043	0.670454545454545	0.948051948051948	0.88659793814433	0.982456140350877	hypo	intergenic	""	MSC-AS1	-82387
703	chr14	47468210	47468350	141	4				21.0991207020849	0.35414536045813	0.810923242082662	-0.456777881624533	0.235294117647059	0.323076923076923	0.504065040650406	0.833333333333333	0.740740740740741	0.858695652173913	hypo	intron	MDGA2	MDGA2	-125034
704	chr6	84263647	84263804	158	4				-21.0750119363681	0.790867264780308	0.297212839094656	0.493654425685652	0.777777777777778	0.904347826086956	0.690476190476191	0.294117647058824	0.343283582089552	0.254237288135593	hyper	intergenic	""	CEP162	-36082
705	chr11	92524648	92524834	187	4				-21.0687385426152	0.800710042249525	0.391675304351361	0.409034737898164	0.797979797979798	0.868613138686131	0.735537190082645	0.40952380952381	0.441558441558442	0.323943661971831	hyper	exon	FAT3	FAT3	299924
706	chr19	47004366	47004423	58	4				-21.0374842189116	0.690343365431309	0.252152263251042	0.438191102180267	0.576271186440678	0.777777777777778	0.716981132075472	0.351351351351351	0.235294117647059	0.169811320754717	hyper	3UTR	ARHGAP35	NPAS1	-15442
707	chr5	6115872	6115935	64	4				-21.0102026024222	0.921149246138693	0.501817309643734	0.41933193649496	0.969230769230769	0.891304347826087	0.902912621359223	0.380952380952381	0.540229885057471	0.584269662921348	hyper	intergenic	""	LINC02145	221389
708	chr2	196726055	196726522	468	4				20.9971753364371	0.52005622342701	0.933154534763722	-0.413098311336712	0.466666666666667	0.475524475524476	0.617977528089888	0.911764705882353	0.953488372093023	0.93421052631579	hypo	intron	CCDC150	CCDC150	12751
709	chr8	125439886	125440087	202	4				20.96141406894	0.200681457929502	0.76335908100614	-0.562677623076638	0.0731707317073171	0.151515151515152	0.377358490566038	0.694117647058824	0.777777777777778	0.818181818181818	hypo	intergenic	""	TRIB1	7778
710	chr16	79137299	79137546	248	4				-20.9581227007928	0.689556037468751	0.238318994648109	0.451237042820642	0.726190476190476	0.729032258064516	0.613445378151261	0.265822784810127	0.246753246753247	0.202380952380952	hyper	intron	WWOX	MAF	463315
711	chr5	144751841	144751993	153	4				-20.9050520581424	0.904053712958756	0.485026737967915	0.419026974990842	0.901408450704225	0.929032258064516	0.881720430107527	0.522222222222222	0.549019607843137	0.383838383838384	hyper	intergenic	""	KCTD16	546527
712	chr2	129712111	129712270	160	4				-20.8247478953118	0.762408241574908	0.267119974020982	0.495288267553926	0.729166666666667	0.814814814814815	0.743243243243243	0.191780821917808	0.30188679245283	0.307692307692308	hyper	intergenic	""	LINC02572	165301
713	chr1	4911091	4911254	164	4				-20.8132212873541	0.732070194849099	0.242989953516269	0.48908024133283	0.764705882352941	0.772413793103448	0.659090909090909	0.243589743589744	0.263157894736842	0.222222222222222	hyper	intergenic	""	AJAP1	256564
714	chr5	95401622	95402630	1009	4				-20.7930268237512	0.93922876564386	0.52215430858055	0.41707445706331	0.977777777777778	0.930817610062893	0.909090909090909	0.526881720430108	0.51685393258427	0.522727272727273	hyper	intron	FAM81B	FAM81B	10761
715	chr7	155507942	155508207	266	4				20.7860100174747	0.133480669245045	0.477001334642794	-0.343520665397749	0.129032258064516	0.0757575757575758	0.195652173913043	0.450819672131148	0.451612903225806	0.528571428571429	hypo	intron	CNPY1	CNPY1	1800
716	chr1	61957580	61957903	324	4				-20.7408534801367	0.771804264111956	0.396903882325877	0.374900381786079	0.714285714285714	0.810650887573965	0.79047619047619	0.377777777777778	0.434782608695652	0.378151260504202	hyper	intron	PATJ	MIR12132	111667
717	chr15	61635162	61635586	425	4				20.7046223241185	0.495657757125647	0.871962871962872	-0.376305114837225	0.46969696969697	0.402597402597403	0.614678899082569	0.863636363636364	0.833333333333333	0.918918918918919	hypo	intergenic	""	LINC02349	-94543
718	chr1	244766929	244767241	313	4				20.6989053162425	0.205089368467189	0.803687580490105	-0.598598212022916	0.0660377358490566	0.196629213483146	0.352601156069364	0.861702127659575	0.843478260869565	0.705882352941177	hypo	intergenic	""	COX20	-68220
719	chr2	109549149	109549535	387	4				-20.6812344093876	0.499358196620422	0.0860420881271107	0.413316108493311	0.647887323943662	0.333333333333333	0.51685393258427	0.134831460674157	0.0202020202020202	0.103092783505155	hyper	intron	SEPTIN10	SEPTIN10	64325
720	chr7	117226225	117226400	176	4				-20.6811663473227	0.884006607887205	0.525652841781874	0.358353766105331	0.891891891891892	0.902985074626866	0.857142857142857	0.528571428571429	0.548387096774194	0.5	hyper	intron	ST7	ST7-OT3	43632
721	chr21	15407609	15407780	172	4				-20.6584136632491	0.793635514811986	0.408449176772158	0.385186338039827	0.701298701298701	0.852941176470588	0.826666666666667	0.369565217391304	0.447619047619048	0.408163265306122	hyper	intergenic	""	USP25	-322239
722	chr20	33278285	33278375	91	4				20.6512746320271	0.20817885630828	0.821733821733822	-0.613554965425542	0.115942028985507	0.131782945736434	0.376811594202899	0.824175824175824	0.833333333333333	0.807692307692308	hypo	intergenic	""	BPIFB1	-4883
723	chr2	150586958	150587595	638	4				-20.6491931769999	0.689365074907244	0.288210044478991	0.401155030428252	0.705128205128205	0.77710843373494	0.585858585858586	0.279569892473118	0.265060240963855	0.32	hyper	intergenic	""	LINC01920	-15055
724	chr14	95656783	95657002	220	4				-20.6157361475916	0.893740799623152	0.493945024246258	0.399795775376895	0.905405405405405	0.844444444444445	0.931372549019608	0.572916666666667	0.441176470588235	0.467741935483871	hyper	non-coding	TCL6	TCL6	4796
725	chr14	71482401	71482594	194	4				20.6000150557659	0.663847117794486	0.945644599303136	-0.28179748150865	0.583333333333333	0.616541353383459	0.791666666666667	0.952380952380952	0.933333333333333	0.951219512195122	hypo	intron	SIPA1L1	LOC145474	-5363
726	chr5	93821104	93821273	170	4				-20.5750139138168	0.909477800782149	0.629702494152622	0.279775306629527	0.934782608695652	0.904761904761905	0.888888888888889	0.641025641025641	0.630434782608696	0.617647058823529	hyper	intron	FAM172A	POU5F2	-79588
727	chr11	103468330	103468664	335	4				-20.5128711756704	0.801778642973611	0.46664174144234	0.335136901531272	0.75	0.91005291005291	0.745283018867925	0.508474576271186	0.457627118644068	0.433823529411765	hyper	intron	DYNC2H1	DYNC2H1	359072
728	chr3	35759996	35760207	212	4				-20.4733819557306	0.736316405735067	0.245348532494759	0.490967873240308	0.842696629213483	0.804347826086957	0.561904761904762	0.264150943396226	0.302083333333333	0.169811320754717	hyper	intron	ARPP21	MIR128-2	15626
729	chr4	45588216	45588407	192	4				-20.4337956636429	0.60634401059933	0.236392950678665	0.369951059920665	0.48936170212766	0.686813186813187	0.642857142857143	0.22972972972973	0.23469387755102	0.244755244755245	hyper	intergenic	""	GABRG1	535743
730	chr8	124197866	124197971	106	4				-20.432043559926	0.674347826086957	0.203551076403546	0.470796749683411	0.65	0.71304347826087	0.66	0.130434782608696	0.2375	0.242718446601942	hyper	non-coding	LOC101927588	FER1L6-AS2	-26396
731	chr13	72473433	72473743	311	4				-20.4247467585954	0.802627257799672	0.447204421869369	0.355422835930302	0.828571428571429	0.866666666666667	0.71264367816092	0.477064220183486	0.469387755102041	0.395161290322581	hyper	intergenic	""	MZT1	254041
732	chr6	112202819	112202909	91	4				-20.4247168142106	0.716243677457988	0.269443476577623	0.446800200880365	0.644736842105263	0.876543209876543	0.627450980392157	0.226666666666667	0.276785714285714	0.304878048780488	hyper	intron	LAMA4	LAMA4-AS1	-33731
733	chr11	107172718	107173033	316	4				-20.3618496000119	0.675128077236857	0.193602693602694	0.481525383634163	0.572815533980583	0.845161290322581	0.607407407407407	0.209090909090909	0.2	0.171717171717172	hyper	intergenic	""	GUCY1A2	-154399
734	chr5	2112091	2112147	57	4				20.3529943787598	0.17283950617284	0.886312100597815	-0.713472594424975	0.0185185185185185	0	0.5	0.877551020408163	0.924242424242424	0.857142857142857	hypo	intergenic	""	LOC100506858	200082
735	chr14	64623691	64623822	132	4				20.3361523801542	0.402869709423895	0.897813476126729	-0.494943766702834	0.333333333333333	0.278260869565217	0.597014925373134	0.91566265060241	0.925925925925926	0.851851851851852	hypo	intergenic	""	PPP1R36	73796
736	chr8	97190836	97190953	118	4				-20.3118286077907	0.823020102406345	0.434723171565277	0.388296930841068	0.813953488372093	0.880597014925373	0.774509803921569	0.428571428571429	0.421052631578947	0.454545454545455	hyper	non-coding	LOC101927066	TSPYL5	87034
737	chr5	107380725	107380856	132	4				-20.2913128962463	0.814911746804626	0.316270816270816	0.498640930533809	0.641509433962264	0.9	0.903225806451613	0.297297297297297	0.378787878787879	0.272727272727273	hyper	3UTR	EFNA5	EFNA5	290147
738	chr11	123257581	123257800	220	4				-20.2635159534403	0.949252946702451	0.666511867905057	0.282741078797395	0.938775510204082	0.970930232558139	0.938053097345133	0.670588235294118	0.644736842105263	0.68421052631579	hyper	intergenic	""	CLMP	-62442
739	chr10	24770501	24770760	260	4				-20.2573822809266	0.803710458912406	0.307961995125575	0.495748463786831	0.798076923076923	0.932203389830508	0.680851063829787	0.285714285714286	0.319587628865979	0.31858407079646	hyper	intergenic	""	ARHGAP21	-46743
740	chr20	22367055	22367324	270	4				-20.2511466193394	0.698292745519132	0.23577694235589	0.462515803163243	0.783783783783784	0.724137931034483	0.586956521739131	0.289473684210526	0.142857142857143	0.275	hyper	intergenic	""	LOC284788	53454
741	chr21	16134096	16134339	244	4				20.2301776067195	0.374598930481283	0.784124261482752	-0.409525331001469	0.258823529411765	0.409090909090909	0.455882352941176	0.745454545454546	0.833333333333333	0.773584905660377	hypo	non-coding	MIR99AHG	MIR99AHG	-47180
742	chr6	168280305	168280466	162	4				-20.2241009826203	0.897921527957826	0.463138463138463	0.434783064819362	0.948275862068965	0.802631578947369	0.942857142857143	0.46031746031746	0.513513513513514	0.415584415584416	hyper	intergenic	""	LOC101929420	37448
743	chr3	84132649	84133102	454	4				20.2009820282756	0.38049202972418	0.829303101569881	-0.448811071845701	0.394495412844037	0.236111111111111	0.510869565217391	0.854368932038835	0.847826086956522	0.785714285714286	hypo	intergenic	""	LINC00971	736700
744	chr17	14078618	14078688	71	4				-20.198046022503	0.919071460612571	0.553436458215803	0.365635002396769	0.91304347826087	0.97029702970297	0.873873873873874	0.651162790697675	0.434343434343434	0.574803149606299	hyper	intron	COX10	COX10	9150
745	chr3	171194516	171194600	85	4				20.192329390884	0.483121356650768	0.948307213180631	-0.465185856529862	0.445945945945946	0.344594594594595	0.658823529411765	0.974683544303798	0.941666666666667	0.928571428571429	hypo	exon	TNIK	MIR569	-87799
746	chr4	53956090	53956322	233	4				-20.1847599909678	0.735924003350774	0.267860101480791	0.468063901869983	0.741935483870968	0.87962962962963	0.586206896551724	0.298850574712644	0.275	0.22972972972973	hyper	intergenic	""	RPL21P44	31076
747	chr20	17025214	17025279	66	4				-20.1772497908268	0.821709080882026	0.44508702022276	0.376622060659266	0.786885245901639	0.894736842105263	0.783505154639175	0.544554455445545	0.397849462365591	0.392857142857143	hyper	intergenic	""	PCSK2	-200860
748	chrX	32373966	32374125	160	4				20.1664499086752	0.269903681224436	0.918094248984632	-0.648190567760196	0.113207547169811	0.127272727272727	0.569230769230769	0.925373134328358	0.902439024390244	0.926470588235294	hypo	intron	DMD	DMD	38183
749	chr1	74365748	74366073	326	4				20.1407771276557	0.62848144253009	0.930952554757212	-0.302471112227122	0.604395604395604	0.522012578616352	0.759036144578313	0.912621359223301	0.921052631578947	0.959183673469388	hypo	intron	FPGT-TNNI3K	TNNI3K	130524
750	chr5	88089991	88090140	150	4				-20.1265905024255	0.628659731386428	0.196386785532222	0.432272945854206	0.486486486486487	0.736842105263158	0.662650602409639	0.223529411764706	0.221052631578947	0.144578313253012	hyper	intergenic	""	TMEM161B	178780
751	chr5	66440154	66440314	161	4				-20.1083540600127	0.663873626373626	0.261177203353202	0.402696423020424	0.736263736263736	0.692857142857143	0.5625	0.188679245283019	0.280898876404494	0.313953488372093	hyper	intergenic	""	LINC02229	71370
752	chr12	109444354	109444483	130	4				-20.0976025654448	0.815761533152838	0.32190990990991	0.493851623242928	0.91025641025641	0.84472049689441	0.692307692307692	0.336	0.4	0.22972972972973	hyper	intron	MYO1H	KCTD10	32882
753	chr13	97744060	97744452	393	4				-20.0926041417038	0.835435454447399	0.348755658344699	0.4866797961027	0.828947368421053	0.930232558139535	0.747126436781609	0.273972602739726	0.447619047619048	0.324675324675325	hyper	intergenic	""	IPO5	-209418
754	chr4	54409599	54409717	119	4				-20.0709510188845	0.611460305075113	0.174151096284993	0.43730920879012	0.610169491525424	0.753623188405797	0.470588235294118	0.0963855421686747	0.154639175257732	0.271428571428571	hyper	intergenic	""	LINC02283	76767
755	chr13	107198423	107198642	220	4				20.0549337269797	0.241893727187845	0.80883221800205	-0.566938490814205	0.0595238095238095	0.304812834224599	0.361344537815126	0.833333333333333	0.824742268041237	0.768421052631579	hypo	intron	FAM155A	SNORD31B	122431
756	chr5	27702664	27702840	177	4				20.0468725240462	0.29274157504246	0.675638101444553	-0.382896526402093	0.190909090909091	0.333333333333333	0.353982300884956	0.727272727272727	0.67741935483871	0.622222222222222	hypo	intergenic	""	PURPL	230461
757	chr10	7997707	7997901	195	4				20.0204524255414	0.524454238217026	0.908825519872032	-0.384371281655006	0.564705882352941	0.39375	0.614906832298137	0.902777777777778	0.937984496124031	0.885714285714286	hypo	intron	TAF3	GATA3-AS1	54687
758	chr15	38736820	38737054	235	4				-20.0003121781116	0.486031327088616	0.125033117811347	0.360998209277269	0.513157894736842	0.555555555555556	0.389380530973451	0.12621359223301	0.122448979591837	0.126436781609195	hyper	intergenic	""	LINC02694	40340
759	chr7	148400173	148400281	109	4				-19.9913807723675	0.904841649578492	0.449021189396582	0.45582046018191	0.95	0.868421052631579	0.896103896103896	0.34375	0.524590163934426	0.478723404255319	hyper	intron	CNTNAP2	C7orf33	-190538
760	chr3	146626465	146626623	159	4				-19.9601245890119	0.906481922188728	0.487985114300904	0.418496807887825	0.909090909090909	0.921465968586387	0.888888888888889	0.522727272727273	0.557894736842105	0.383333333333333	hyper	intergenic	""	PLSCR5	-20328
761	chr10	49082430	49082607	178	4				-19.9369282813479	0.899746561163884	0.529234372712634	0.370512188451251	0.863636363636364	0.984251968503937	0.851351351351351	0.576086956521739	0.488888888888889	0.522727272727273	hyper	intron	VSTM4	VSTM4	33004
762	chr3	8313839	8313963	125	4				-19.9253887861532	0.576469375253968	0.137473525578364	0.438995849675604	0.557377049180328	0.613207547169811	0.558823529411765	0.102272727272727	0.0520833333333333	0.258064516129032	hyper	non-coding	LMCD1-AS1	LMCD1-AS1	187757
763	chr12	104656629	104656736	108	4				-19.8987938393554	0.787261838697743	0.43866679091728	0.348595047780463	0.59375	0.915094339622642	0.852941176470588	0.530612244897959	0.452054794520548	0.333333333333333	hyper	intron	CHST11	MIR3922	65050
764	chr3	40593665	40593879	215	4				19.889007514064	0.3794398528968	0.744808745210692	-0.365368892313892	0.462365591397849	0.291338582677165	0.384615384615385	0.686956521739131	0.761061946902655	0.786407766990291	hypo	intergenic	""	ZNF621	68813
765	chrX	86771656	86771785	130	4				-19.8721637269999	0.760647514819882	0.257447057447058	0.503200457372824	0.9	0.847058823529412	0.534883720930233	0.242857142857143	0.272727272727273	0.256756756756757	hyper	intron	DACH2	DACH2	508753
766	chr18	11849873	11850148	276	4				-19.8445634773769	0.607391674618565	0.10975935828877	0.497632316329795	0.549019607843137	0.73469387755102	0.538461538461538	0.145454545454545	0.0588235294117647	0.125	hyper	intron	GNAL	CHMP1B	-1402
767	chr2	57598583	57598830	248	4				-19.8334841454957	0.782591319356025	0.314509501797637	0.468081817558388	0.767857142857143	0.862745098039216	0.717171717171717	0.338983050847458	0.35	0.254545454545455	hyper	intergenic	""	VRK2	-308944
768	chr3	68286819	68287004	186	4				-19.8303184080553	0.835349470560738	0.362675659578578	0.47267381098216	0.803030303030303	0.914285714285714	0.788732394366197	0.326086956521739	0.383561643835616	0.378378378378378	hyper	intron	TAFA1	LOC105377146	-213725
769	chr4	158524246	158524459	214	4				19.8262286870728	0.465441148205808	0.837461773700306	-0.372020625494498	0.439024390243902	0.340277777777778	0.617021276595745	0.862385321100918	0.85	0.8	hypo	intron	RXFP1	RXFP1	2471
770	chr17	70104775	70104848	74	4				-19.8185771682816	0.590189037057977	0.206390708540974	0.383798328517003	0.611940298507463	0.580645161290323	0.577981651376147	0.186440677966102	0.223776223776224	0.208955223880597	hyper	promoter-TSS	KCNJ16	KCNJ16	-33
771	chr14	32761409	32761751	343	4				19.8153448997929	0.225600325600326	0.657460975394656	-0.43186064979433	0.0888888888888889	0.230769230769231	0.357142857142857	0.646551724137931	0.682352941176471	0.643478260869565	hypo	intron	AKAP6	NPAS3	-177298
772	chr18	55166438	55166549	112	4				19.8070424812026	0.304532224532225	0.88578722002635	-0.581254995494126	0.24	0.135135135135135	0.538461538461538	0.895833333333333	0.91304347826087	0.848484848484848	hypo	intergenic	""	LINC01929	-42187
773	chr2	224958253	224958373	121	4				19.7945370723036	0.390498825792943	0.843193321230126	-0.452694495437183	0.373737373737374	0.254901960784314	0.542857142857143	0.891566265060241	0.863013698630137	0.775	hypo	intron	DOCK10	DOCK10	-11264
774	chr14	25350010	25350134	125	4				-19.7879130503674	0.877374019722028	0.536974789915966	0.340399229806062	0.867924528301887	0.919753086419753	0.844444444444445	0.632352941176471	0.45	0.528571428571429	hyper	intergenic	""	STXBP6	-299775
775	chr3	161524279	161524576	298	4				19.7741997349573	0.457174392935982	0.949713304366595	-0.492538911430613	0.477777777777778	0.271523178807947	0.622222222222222	0.929203539823009	0.963414634146341	0.956521739130435	hypo	intergenic	""	OTOL1	27620
776	chr5	34510153	34510301	149	4				-19.774079680383	0.661059431132424	0.209629554633098	0.451429876499326	0.769230769230769	0.605839416058394	0.608108108108108	0.19047619047619	0.305882352941177	0.132530120481928	hyper	intergenic	""	RAI14	-146100
777	chr18	62604887	62605161	275	4				-19.7611996797646	0.803345038903808	0.389495798319328	0.41384924058448	0.78	0.864077669902913	0.765957446808511	0.371428571428571	0.397058823529412	0.4	hyper	intergenic	""	ZCCHC2	82000
778	chr2	39922647	39922877	231	4				-19.7597421441414	0.76934770591487	0.378510378510379	0.390837327404492	0.835820895522388	0.797619047619048	0.674603174603175	0.380952380952381	0.373626373626374	0.380952380952381	hyper	non-coding	SLC8A1-AS1	SLC8A1-AS1	5129
779	chr6	163809533	163809609	77	4				-19.7589275119423	0.681574431574432	0.324772937515768	0.356801494058663	0.702380952380952	0.675675675675676	0.666666666666667	0.340425531914894	0.329545454545455	0.304347826086957	hyper	intergenic	""	LOC102724152	-138087
780	chr1	20711918	20712026	109	4				-19.7506118202564	0.828044965786901	0.345284015245442	0.482760950541459	0.903225806451613	0.840909090909091	0.74	0.279411764705882	0.428571428571429	0.327868852459016	hyper	intron	KIF17	KIF17	6035
781	chr5	51574009	51574216	208	4				19.7267814508113	0.209402679438201	0.564472991700038	-0.355070312261837	0.213592233009709	0.16304347826087	0.251572327044025	0.526717557251908	0.587155963302752	0.579545454545455	hypo	intergenic	""	ISL1	190665
782	chr6	55671671	55672566	896	4				-19.7128559364222	0.835592046241724	0.522828019115855	0.31276402712587	0.8	0.847715736040609	0.859060402684564	0.636363636363636	0.495145631067961	0.436974789915966	hyper	intergenic	""	HMGCLL1	-92904
783	chr6	136193469	136193575	107	4				-19.7076304552495	0.880564155486756	0.494711711693711	0.385852443793045	0.929411764705882	0.878947368421053	0.833333333333333	0.546511627906977	0.495145631067961	0.442477876106195	hyper	3UTR	PDE7B	MTFR2	56789
784	chr3	31319730	31319909	180	4				19.6995603373257	0.20645699666207	0.863193716852253	-0.656736720190184	0.25	0.0849673202614379	0.284403669724771	0.792207792207792	0.951219512195122	0.846153846153846	hypo	intergenic	""	MIR466	-158032
785	chr19	13605550	13605655	106	4				19.6359632708717	0.349687286496275	0.728458049886621	-0.378770763390346	0.348314606741573	0.252747252747253	0.448	0.744897959183674	0.690476190476191	0.75	hypo	intergenic	""	CACNA1A	-99123
786	chr16	48968674	48968900	227	4				-19.631184781898	0.77097366809553	0.347150072150072	0.423823595945458	0.858695652173913	0.75	0.704225352112676	0.329545454545455	0.416666666666667	0.295238095238095	hyper	intergenic	""	CBLN1	313051
787	chr6	137430886	137431265	380	4				-19.6148850407214	0.776416666666667	0.391281512605042	0.385135154061625	0.78125	0.848	0.7	0.397058823529412	0.380952380952381	0.395833333333333	hyper	intergenic	""	OLIG3	63319
788	chr8	67587043	67587138	96	4				19.5822216376637	0.66721388552691	0.952634680880384	-0.285420795353474	0.570093457943925	0.639240506329114	0.792307692307692	0.96078431372549	0.9453125	0.951807228915663	hypo	intron	CPA6	CPA6	159270
789	chr5	123755757	123756088	332	4				-19.5559268937833	0.417391559857313	0.125427141677817	0.291964418179496	0.40952380952381	0.486486486486487	0.356164383561644	0.112244897959184	0.149532710280374	0.114503816793893	hyper	intergenic	""	CSNK1G3	210506
790	chr4	142352027	142352214	188	4				19.5390661273038	0.239534187469731	0.636004608418402	-0.396470420948671	0.292035398230089	0.186567164179104	0.24	0.646153846153846	0.64367816091954	0.618181818181818	hypo	intron	INPP4B	INPP4B	-46176
791	chr5	162948869	162948985	117	4				-19.5363991295119	0.700143817530246	0.337612658057573	0.362531159472672	0.8125	0.640449438202247	0.647482014388489	0.380952380952381	0.288135593220339	0.34375	hyper	intergenic	""	CCNG1	-488643
792	chr16	7233670	7233896	227	4				-19.5240066624293	0.655304209578129	0.23700786271809	0.418296346860039	0.67948717948718	0.76056338028169	0.525862068965517	0.239669421487603	0.229166666666667	0.2421875	hyper	intron	RBFOX1	RBFOX1	-99061
793	chr12	112602695	112602784	90	4				19.5112422234884	0.334011518798939	0.75062555647662	-0.416614037677682	0.274509803921569	0.247524752475248	0.48	0.696428571428571	0.797872340425532	0.757575757575758	hypo	intron	RPH3A	RPH3A	27504
794	chr6	50840506	50840668	163	4				19.4996662981163	0.101731656411459	0.540803872053872	-0.439072215642413	0.0574712643678161	0.0538461538461539	0.193877551020408	0.572916666666667	0.527272727272727	0.522222222222222	hypo	intron	TFAP2B	TFAP2B	21717
795	chr21	15359356	15359451	96	4				-19.497677912731	0.808786279097414	0.35727769770648	0.451508581390934	0.808988764044944	0.879781420765027	0.73758865248227	0.46875	0.405063291139241	0.198019801980198	hyper	intergenic	""	NRIP1	-294403
796	chr1	208045085	208045151	67	4				19.476593347601	0.341769820218096	0.882296918767507	-0.540527098549411	0.230769230769231	0.252873563218391	0.541666666666667	0.941176470588235	0.885714285714286	0.82	hypo	exon	PLXNA2	LINC02767	86128
797	chr9	30917048	30917196	149	4				-19.4528876500218	0.801943683374083	0.438104483131365	0.363839200242718	0.783018867924528	0.89171974522293	0.73109243697479	0.473214285714286	0.518518518518519	0.32258064516129	hyper	intergenic	""	LINC01243	464368
798	chr5	76867042	76867245	204	4				-19.4402660479133	0.723496894611908	0.299139628860991	0.424357265750917	0.788235294117647	0.777777777777778	0.604477611940299	0.269230769230769	0.350877192982456	0.277310924369748	hyper	intron	S100Z	S100Z	17130
799	chr22	44595821	44595925	105	4				-19.4018623327468	0.638897066726482	0.081499266373216	0.557397800353266	0.717948717948718	0.440677966101695	0.758064516129032	0.0204081632653061	0.176470588235294	0.0476190476190476	hyper	intergenic	""	LINC00207	26534
800	chr13	112956525	112956620	96	4				-19.3993540233811	0.792984496124031	0.395279985868221	0.39770451025581	0.813953488372093	0.875	0.69	0.369369369369369	0.44	0.376470588235294	hyper	intergenic	""	MCF2L-AS1	12066
801	chr15	55982194	55982409	216	4				-19.3813365427888	0.79655708612995	0.486128303369683	0.310428782760268	0.693181818181818	0.864321608040201	0.832167832167832	0.388888888888889	0.538461538461538	0.531034482758621	hyper	intron	NEDD4	NEDD4	11311
802	chr9	126520116	126520179	64	4				-19.3638139473118	0.822804138135149	0.373737373737374	0.449066764397775	0.594594594594595	0.914634146341463	0.959183673469388	0.5	0.363636363636364	0.257575757575758	hyper	intergenic	""	LMX1B	-93780
803	chr3	73073339	73073698	360	4				19.3635051203916	0.422451039773874	0.941655874989208	-0.519204835215334	0.415384615384615	0.251968503937008	0.6	0.96969696969697	0.962962962962963	0.892307692307692	hypo	intergenic	""	EBLN2	11860
804	chr3	165502252	165502382	131	4				19.3428491207242	0.450920898541467	0.859597961910635	-0.408677063369168	0.435483870967742	0.336633663366337	0.580645161290323	0.914285714285714	0.898550724637681	0.765957446808511	hypo	non-coding	LINC01322	LINC01322	295358
805	chr3	78366561	78366774	214	4				-19.3247887458351	0.836314275391975	0.471941821339412	0.364372454052563	0.842105263157895	0.907801418439716	0.759036144578313	0.5	0.445945945945946	0.469879518072289	hyper	intergenic	""	LINC02077	-317704
806	chr8	74825268	74825345	78	4				-19.3169229743731	0.691373237055968	0.245957866837725	0.445415370218242	0.740740740740741	0.867469879518072	0.465909090909091	0.223880597014925	0.289855072463768	0.224137931034483	hyper	exon	PI15	PI15	773
807	chr9	975544	975626	83	4				-19.2936090643483	0.531640811049874	0.0515182814283417	0.480122529621533	0.507246376811594	0.612676056338028	0.475	0.0481927710843374	0.072463768115942	0.0338983050847458	hyper	intergenic	""	DMRT3	-1069
808	chr2	149125041	149125259	219	4				19.2863875403712	0.65925352088157	0.951876625789669	-0.2926231049081	0.661764705882353	0.637096774193548	0.678899082568807	0.961538461538461	0.923076923076923	0.971014492753623	hypo	intron	LYPD6B	LYPD6B	6977
809	chr12	23599323	23599489	167	4				-19.2810538312988	0.959463055423195	0.68292364612089	0.276539409302305	0.936708860759494	0.994871794871795	0.946808510638298	0.675925925925926	0.662921348314607	0.709923664122137	hyper	intron	SOX5	SOX5	-14820
810	chr20	25864766	25864853	88	4				-19.2721073892058	0.797818468625922	0.265497525308748	0.532320943317174	0.73469387755102	0.840579710144928	0.818181818181818	0.276595744680851	0.282608695652174	0.23728813559322	hyper	intergenic	""	LOC101926935	-10788
811	chr6	131129782	131130031	250	4				-19.2283015346914	0.432771054883266	0.0729705738935476	0.359800480989719	0.481481481481482	0.5	0.316831683168317	0.0198019801980198	0.0677966101694915	0.131313131313131	hyper	intergenic	""	AKAP7	-5560
812	chr5	72495572	72495676	105	4				-19.2208874898367	0.827546296296296	0.424218006826703	0.403328289469594	0.822222222222222	0.9	0.760416666666667	0.469565217391304	0.445945945945946	0.357142857142857	hyper	intron	ZNF366	ZNF366	11786
813	chr5	174234385	174234442	58	4				-19.2164736459093	0.77390873015873	0.291463017269469	0.482445712889261	0.78125	0.933333333333333	0.607142857142857	0.17741935483871	0.333333333333333	0.363636363636364	hyper	intergenic	""	LINC01411	-101940
814	chr3	71104117	71104175	59	4				-19.2159951779877	0.899110073528678	0.58442946713067	0.314680606398009	0.945945945945946	0.941860465116279	0.80952380952381	0.652173913043478	0.590476190476191	0.51063829787234	hyper	intron	FOXP1	FOXP1	26440
815	chr19	50781009	50781165	157	4				-19.2080110200917	0.49339611104317	0.0989420985128904	0.39445401253028	0.544117647058824	0.557692307692308	0.378378378378378	0.046875	0.0804597701149425	0.169491525423729	hyper	intergenic	""	LOC105372440	5073
816	chr12	75041418	75041781	364	4				-19.1715387043134	0.756404944946345	0.387152829104049	0.369252115842296	0.767676767676768	0.831325301204819	0.670212765957447	0.373983739837398	0.373333333333333	0.414141414141414	hyper	3UTR	KCNC2	KCNC2	168149
817	chr6	29798059	29798285	227	4				19.1584275709655	0.435223887533008	0.856928450392503	-0.421704562859495	0.440860215053763	0.381294964028777	0.483516483516484	0.825396825396825	0.839506172839506	0.905882352941176	hypo	TTS	HLA-V	HCG4	-5099
818	chr13	52894617	52894856	240	4				-19.1579734968329	0.446414015321256	0.126885212166111	0.319528803155145	0.466666666666667	0.543307086614173	0.329268292682927	0.134831460674157	0.175824175824176	0.07	hyper	intergenic	""	PCDH8	-46096
819	chr21	19993303	19993464	162	4				-19.1356115568042	0.680498827396892	0.354331072620158	0.326167754776734	0.663793103448276	0.765027322404372	0.612676056338028	0.300884955752212	0.385185185185185	0.376923076923077	hyper	intergenic	""	LINC01683	-93628
820	chr17	70641692	70642111	420	4				-19.1101146902799	0.879475283954567	0.486746321495741	0.392728962458827	0.936170212765957	0.942857142857143	0.759398496240602	0.473282442748092	0.486956521739131	0.5	hyper	intergenic	""	KCNJ2	472370
821	chr3	150549742	150549944	203	4				-19.0965586921422	0.871932788051209	0.547296277807861	0.324636510243348	0.837837837837838	0.93421052631579	0.84375	0.528089887640449	0.590361445783133	0.5234375	hyper	intron	EIF2A	EIF2A	3057
822	chr13	65725003	65725187	185	4				-19.0816291225386	0.835080048279474	0.481799981799982	0.353280066479493	0.764705882352941	0.902439024390244	0.838095238095238	0.450450450450451	0.439393939393939	0.555555555555556	hyper	intergenic	""	LINC01052	-140951
823	chr7	45191082	45191319	238	4				-19.0770120592484	0.74872036193118	0.367228821491504	0.381491540439676	0.696428571428571	0.825242718446602	0.724489795918367	0.404761904761905	0.396039603960396	0.300884955752212	hyper	intergenic	""	RAMP3	33410
824	chr19	54224118	54224223	106	4				-19.0749643137302	0.689506172839506	0.273672185314071	0.415833987525435	0.75	0.651851851851852	0.666666666666667	0.357798165137615	0.229885057471264	0.233333333333333	hyper	intergenic	""	LILRB3	-1163
825	chr20	30731845	30732078	234	4				-19.074176683795	0.600109275837431	0.137971665610099	0.462137610227332	0.628571428571429	0.699029126213592	0.472727272727273	0.107142857142857	0.10958904109589	0.197183098591549	hyper	intergenic	""	MLLT10P1	-328499
826	chr21	20399365	20399500	136	4				19.0649596103694	0.591307202166081	0.903340229599995	-0.312033027433913	0.524271844660194	0.593023255813954	0.656626506024096	0.918367346938776	0.923728813559322	0.867924528301887	hypo	intergenic	""	LINC02573	-140747
827	chr18	54416441	54416986	546	4				19.057160994765	0.237786445183957	0.624821791488458	-0.387035346304501	0.149425287356322	0.203389830508475	0.360544217687075	0.676767676767677	0.648148148148148	0.54954954954955	hypo	intergenic	""	C18orf54	58797
828	chr3	63766836	63767268	433	4				-19.04210296449	0.801240632708457	0.490723045070871	0.310517587637586	0.840425531914894	0.803680981595092	0.759615384615385	0.532608695652174	0.5	0.43956043956044	hyper	intergenic	""	C3orf49	-52246
829	chr13	114130405	114130549	145	4				-19.0413509947047	0.665840477605184	0.202492314448836	0.463348163156347	0.688888888888889	0.779220779220779	0.529411764705882	0.152173913043478	0.163636363636364	0.291666666666667	hyper	intron	RASA3	RASA3	2146
830	chr9	1320175	1320414	240	4				-19.0303221297102	0.848320734427913	0.330418856505813	0.5179018779221	0.946666666666667	0.900621118012422	0.697674418604651	0.395604395604396	0.4	0.195652173913043	hyper	intergenic	""	DMRT2	268808
831	chr16	7344788	7344917	130	4				-19.0056757846038	0.950287088015283	0.492509719405003	0.457777368610279	0.984126984126984	0.952941176470588	0.913793103448276	0.609375	0.431372549019608	0.436781609195402	hyper	intron	RBFOX1	RBFOX1	12008
832	chr18	68595501	68595643	143	4				-19.0004281807076	0.898473980309423	0.598099990241129	0.300373990068294	0.875	0.953333333333333	0.867088607594937	0.603174603174603	0.627906976744186	0.563218390804598	hyper	intergenic	""	TMX3	119536
833	chr3	24770453	24770537	85	4				-18.9993245411809	0.549149327375134	0.169101048554064	0.38004827882107	0.556818181818182	0.630952380952381	0.459677419354839	0.243478260869565	0.120967741935484	0.142857142857143	hyper	intergenic	""	RARB	-58827
834	chr5	80625028	80625225	198	4				18.9671720879308	0.59465975047214	0.956146951123047	-0.361487200650907	0.716049382716049	0.422360248447205	0.645569620253165	0.941860465116279	0.938775510204082	0.987804878048781	hypo	intergenic	""	LINC01337	-2602
835	chr20	24359408	24359594	187	4				-18.9668053246408	0.694197358863526	0.246580704949989	0.447616653913537	0.645161290322581	0.80952380952381	0.627906976744186	0.315789473684211	0.194444444444444	0.229508196721311	hyper	intergenic	""	SYNDIG1	-109697
836	chr17	54906875	54906945	71	4				-18.9623299539742	0.939817913980053	0.569276969276969	0.370540944703083	0.973333333333333	0.91588785046729	0.930232558139535	0.702702702702703	0.666666666666667	0.338461538461539	hyper	intron	TOM1L1	TOM1L1	6059
837	chr12	43289504	43289603	100	4				18.9416263780853	0.323427146154419	0.756976467574294	-0.433549321419875	0.405405405405405	0.214876033057851	0.35	0.78125	0.782608695652174	0.707070707070707	hypo	intergenic	""	LINC02461	134239
838	chr10	34169638	34169790	153	4				-18.9340924804749	0.853856807511737	0.501294305057746	0.352562502453991	0.845070422535211	0.904	0.8125	0.509259259259259	0.494623655913979	0.5	hyper	intron	PARD3	LINC00838	-397034
839	chr15	36921700	36921886	187	4				-18.9335165586599	0.703926082899476	0.280110227771546	0.42381585512793	0.777777777777778	0.737226277372263	0.596774193548387	0.287128712871287	0.310344827586207	0.242857142857143	hyper	intron	MEIS2	LOC145845	-35260
840	chr2	184406983	184407106	124	4				-18.8821008774038	0.664727475253791	0.171923661937893	0.492803813315898	0.681818181818182	0.834586466165414	0.477777777777778	0.1125	0.134453781512605	0.268817204301075	hyper	intergenic	""	MIR548AE1	28070
841	chr4	119532717	119532938	222	4				-18.8480475160211	0.812771427344292	0.34261014556927	0.470161281775022	0.904761904761905	0.864321608040201	0.669230769230769	0.448275862068966	0.366071428571429	0.213483146067416	hyper	intron	PDE5A	SEPTIN7P14	78045
842	chr1	233094864	233095111	248	4				18.8444245040964	0.600828431453168	0.938127090301003	-0.337298658847836	0.477272727272727	0.577639751552795	0.747572815533981	0.991304347826087	0.923076923076923	0.9	hypo	intron	PCNX2	NTPCR	144146
843	chr15	46764859	46765029	171	4				-18.8424869773516	0.863866661255192	0.51004016064257	0.353826500612621	0.888	0.858638743455497	0.844961240310077	0.5	0.530120481927711	0.5	hyper	intergenic	""	SEMA6D	-419144
844	chr7	148588798	148588907	110	4				-18.8250705591622	0.613037037037037	0.156344386607544	0.456692650429493	0.644444444444445	0.648	0.546666666666667	0.196428571428571	0.131578947368421	0.141025641025641	hyper	intergenic	""	C7orf33	-1913
845	chr5	114104927	114105109	183	4				18.8048566584222	0.294136008040355	0.720604640785364	-0.426468632745009	0.202380952380952	0.221311475409836	0.458715596330275	0.759036144578313	0.666666666666667	0.736111111111111	hypo	intron	KCNN2	KCNN2	49041
846	chr16	55391504	55391685	182	4				-18.801705054905	0.510170865131357	0.166470083861388	0.343700781269969	0.294117647058824	0.669230769230769	0.567164179104478	0.130434782608696	0.218181818181818	0.150793650793651	hyper	intergenic	""	IRX6	67392
847	chr7	604867	604962	96	4				-18.7830900362092	0.939734299516908	0.544942114776945	0.394792184739963	0.958333333333333	0.927536231884058	0.933333333333333	0.558823529411765	0.586206896551724	0.489795918367347	hyper	intron	PRKAR1B	PRKAR1B-AS1	1517
848	chr13	51105097	51105405	309	4				-18.7768049164959	0.871215277031469	0.538874524168642	0.332340752862827	0.816901408450704	0.928057553956835	0.868686868686869	0.511904761904762	0.516483516483517	0.588235294117647	hyper	intron	C13orf42	C13orf42	5977
849	chr4	163611371	163611689	319	4				-18.7638354339372	0.827135018194759	0.486009611846686	0.341125406348073	0.848484848484848	0.86046511627907	0.772455089820359	0.439252336448598	0.480314960629921	0.538461538461538	hyper	intron	MARCHF1	MARCHF1	2004
850	chr10	47174140	47174375	236	4				-18.7546557401078	0.815594625500286	0.362866762866763	0.452727862633523	0.872727272727273	0.849056603773585	0.725	0.466666666666667	0.38961038961039	0.232323232323232	hyper	intergenic	""	GDF10	-125939
851	chr8	8459041	8459179	139	4				18.7265113207101	0.607514433839991	0.946763875041542	-0.339249441201551	0.670731707317073	0.443478260869565	0.708333333333333	0.970588235294118	0.932203389830508	0.9375	hypo	intergenic	""	PRAG1	-72671
852	chr2	6674314	6674538	225	4				18.7224125532219	0.0941118935837246	0.523535460607378	-0.429423567023654	0.028169014084507	0.116666666666667	0.1375	0.452054794520548	0.587301587301587	0.53125	hypo	intergenic	""	MIR7515HG	-23907
853	chr2	213714794	213715005	212	4				18.7211034248312	0.440091479046386	0.816536016536017	-0.376444537489631	0.391752577319588	0.363636363636364	0.564885496183206	0.828828828828829	0.863636363636364	0.757142857142857	hypo	intron	SPAG16	MIR4438	-43167
854	chr2	125070931	125071445	515	4				18.7147847593121	0.503253861148598	0.869345398222874	-0.366091537074276	0.476923076923077	0.418803418803419	0.614035087719298	0.885057471264368	0.882978723404255	0.84	hypo	intergenic	""	CNTNAP5	1045902
855	chr17	71824716	71824883	168	4				-18.7097308941791	0.610350029971779	0.16590450294566	0.44444552702612	0.728395061728395	0.623931623931624	0.478723404255319	0.172043010752688	0.222222222222222	0.103448275862069	hyper	intergenic	""	ROCR	201180
856	chr11	27460992	27461301	310	4				-18.7081964246342	0.631670619415676	0.29114432079138	0.340526298624296	0.553191489361702	0.738372093023256	0.603448275862069	0.294117647058824	0.264	0.315315315315315	hyper	intron	LGR4	LGR4-AS1	-10584
857	chrX	12825892	12826092	201	4				-18.7020718452987	0.715805109922757	0.236337430912903	0.479467679009854	0.735294117647059	0.866666666666667	0.545454545454545	0.229166666666667	0.320754716981132	0.159090909090909	hyper	intergenic	""	PRPS2	34581
858	chr18	61529295	61529465	171	4				-18.6871311475499	0.777800290010528	0.412509499924001	0.365290790086527	0.8	0.832369942196532	0.701030927835052	0.476744186046512	0.466666666666667	0.294117647058824	hyper	intron	CDH20	CDH20	195951
859	chr7	9938871	9939116	246	4				-18.6761687356003	0.351058498828173	0.067519489933283	0.28353900889489	0.28125	0.507462686567164	0.264462809917355	0.0476190476190476	0.0603448275862069	0.0945945945945946	hyper	intergenic	""	PER3P1	304724
860	chr5	100789814	100790058	245	4				-18.6752051748113	0.563864230468645	0.212027588813303	0.351836641655342	0.49	0.682795698924731	0.518796992481203	0.2125	0.188888888888889	0.23469387755102	hyper	intergenic	""	MIR548P	26629
861	chr3	111074148	111074530	383	4				-18.6654427210475	0.697451435616941	0.385815784968327	0.311635650648614	0.744186046511628	0.751269035532995	0.596899224806202	0.4	0.401515151515151	0.355932203389831	hyper	intron	NECTIN3	NECTIN3	2524
862	chr3	127384783	127384869	87	4				-18.6573446564661	0.729752970606629	0.324273924273924	0.405479046332705	0.692307692307692	0.875	0.621951219512195	0.384615384615385	0.290909090909091	0.297297297297297	hyper	non-coding	LINC02016	LINC02016	5844
863	chr4	122224502	122224621	120	4				-18.6562984219154	0.559577849051533	0.195615657266143	0.363962191785391	0.486842105263158	0.724358974358974	0.467532467532468	0.2	0.202380952380952	0.184466019417476	hyper	exon	KIAA1109	KIAA1109	53959
864	chr17	56765958	56766030	73	4				-18.6420168166993	0.677315583330621	0.382732732732733	0.294582850597888	0.606060606060606	0.846938775510204	0.578947368421053	0.433333333333333	0.364864864864865	0.35	hyper	intergenic	""	C17orf67	67926
865	chr8	119673146	119673248	103	4				-18.6287390824357	0.401405357927097	0.0182033096926714	0.383202048234426	0.696969696969697	0.333333333333333	0.173913043478261	0.0212765957446809	0	0.0333333333333333	hyper	intron	ENPP2	ENPP2	193
866	chr6	1885528	1885677	150	4				-18.625706792936	0.527933177933178	0.230184771379486	0.297748406553693	0.480769230769231	0.503030303030303	0.6	0.271604938271605	0.213592233009709	0.205357142857143	hyper	intron	GMDS	FOXC1	275688
867	chr17	72392778	72392875	98	4				-18.6105914698278	0.844660417241062	0.29253016487059	0.552130252370472	0.777777777777778	0.967741935483871	0.788461538461538	0.272727272727273	0.319148936170213	0.285714285714286	hyper	intergenic	""	LINC02003	50016
868	chr1	160402669	160403116	448	4				-18.6051746512942	0.829510971055089	0.451548598287729	0.37796237276736	0.78125	0.92156862745098	0.785714285714286	0.482142857142857	0.45945945945946	0.41304347826087	hyper	intron	VANGL2	VANGL2	2329
869	chr1	91846073	91846212	140	4				18.5756861003099	0.0156853999405293	0.205010548523207	-0.189325148582677	0.0131578947368421	0	0.0338983050847458	0.20253164556962	0.1625	0.25	hypo	intron	TGFBR3	TGFBR3	40009
870	chr15	100471548	100471638	91	4				18.563836950394	0.496020773900958	0.905559359044921	-0.409538585143963	0.419354838709677	0.340136054421769	0.728571428571429	0.898876404494382	0.962962962962963	0.854838709677419	hypo	intron	CERS3	CERS3	57357
871	chr11	82720766	82720852	87	4				-18.5587382116001	0.577878804767554	0.180872478946094	0.39700632582146	0.637931034482759	0.729508196721312	0.366197183098592	0.176470588235294	0.234567901234568	0.131578947368421	hyper	intergenic	""	FAM181B	13055
872	chr14	56795505	56795621	117	4				-18.5453522556644	0.728942669411825	0.313126138433516	0.415816530978309	0.65625	0.759493670886076	0.771084337349398	0.34375	0.262295081967213	0.333333333333333	hyper	intergenic	""	OTX2	10104
873	chr9	88234470	88234633	164	4				-18.5410613978935	0.862983201781016	0.384395424836601	0.478587776944415	0.885245901639344	0.851851851851852	0.851851851851852	0.4375	0.42156862745098	0.294117647058824	hyper	intergenic	""	SPATA31C2	-96070
874	chr15	61619964	61620186	223	4				-18.5218890683273	0.546215074723847	0.218545022488186	0.32767005223566	0.5	0.546052631578947	0.592592592592593	0.119266055045872	0.210526315789474	0.325842696629214	hyper	intergenic	""	LINC02349	-109842
875	chr7	47507573	47507634	62	4				-18.5200838049091	0.752947507865541	0.28477262977263	0.468174878092911	0.745454545454546	0.69672131147541	0.816666666666667	0.27027027027027	0.410714285714286	0.173333333333333	hyper	intron	TNS3	SNORD151	-42800
876	chr10	99994287	99994431	145	4				-18.5025872109232	0.81951381951382	0.527399527186761	0.292114292327058	0.769230769230769	0.909090909090909	0.78021978021978	0.61	0.546666666666667	0.425531914893617	hyper	intron	DNMBP	DNMBP	15588
877	chr10	8758072	8758283	212	4				18.5005342350676	0.178914922189831	0.50464692334611	-0.32573200115628	0.145299145299145	0.20704845814978	0.184397163120567	0.462962962962963	0.522522522522523	0.528455284552846	hypo	intergenic	""	LINC02676	-139811
878	chr3	38634163	38634225	63	4				-18.4979550995718	0.663860686120079	0.147277025075841	0.516583661044238	0.641791044776119	0.781609195402299	0.568181818181818	0.0845070422535211	0.236842105263158	0.120481927710843	hyper	intron	SCN5A	SCN5A	15493
879	chr14	70576644	70577074	431	4				18.4966659291013	0.640985838779956	0.947568493150685	-0.306582654370728	0.675	0.493055555555556	0.754901960784314	0.96	0.945205479452055	0.9375	hypo	intergenic	""	MED6	23796
880	chr2	152381257	152381362	106	4				-18.4928342393133	0.499174326903757	0.0993890455438776	0.39978528135988	0.421875	0.670886075949367	0.404761904761905	0.15	0.0638297872340426	0.0843373493975904	hyper	intron	FMNL2	FMNL2	46136
881	chr11	97038782	97039072	291	4				18.4921247629912	0.191930171277997	0.594570242733103	-0.402640071455105	0.151515151515152	0.157608695652174	0.266666666666667	0.54945054945055	0.621052631578947	0.613207547169811	hypo	intergenic	""	LINC02737	530503
882	chr2	125837647	125837914	268	4				-18.4859999273205	0.874048696260354	0.422914563122481	0.451134133137874	0.85	0.960264900662252	0.811881188118812	0.492307692307692	0.393258426966292	0.383177570093458	hyper	intergenic	""	LINC01941	280205
883	chr2	198990432	198990666	235	4				18.4851221195265	0.481365185286754	0.941334031280734	-0.45996884599398	0.296296296296296	0.476470588235294	0.671328671328671	0.936708860759494	0.97	0.917293233082707	hypo	intergenic	""	SATB2	467390
884	chr1	166210308	166210502	195	4				18.4732535165748	0.3680707698099	0.895927839773626	-0.527857069963725	0.36	0.198757763975155	0.545454545454545	0.91044776119403	0.933962264150943	0.843373493975904	hypo	intergenic	""	FAM78B	-43404
885	chr6	8378593	8378795	203	4				-18.4670483029409	0.9071425429916	0.502837514934289	0.404305028057311	0.953846153846154	0.909090909090909	0.858490566037736	0.347222222222222	0.612903225806452	0.548387096774194	hyper	intergenic	""	SLC35B3	56851
886	chr6	49175553	49175672	120	4				-18.4620796905261	0.890323453136684	0.3755408035943	0.514782649542384	0.986301369863014	0.928571428571429	0.75609756097561	0.439655172413793	0.406593406593407	0.280373831775701	hyper	intergenic	""	MMUT	287641
887	chr6	151021771	151021879	109	4				-18.4546782366357	0.872194409678765	0.559836579191418	0.312357830487347	0.870588235294118	0.898936170212766	0.847058823529412	0.591397849462366	0.615384615384615	0.472727272727273	hyper	intron	MTHFD1L	MTHFD1L	14818
888	chr7	155492094	155492228	135	4				-18.4493753545001	0.689905913978495	0.303808939536552	0.386096974441943	0.870967741935484	0.71875	0.48	0.388059701492537	0.283783783783784	0.239583333333333	hyper	intergenic	""	CNPY1	17713
889	chr10	91435433	91435751	319	4				-18.4490421575398	0.953493356316886	0.637547088042138	0.315946268274748	0.980392156862745	0.968	0.912087912087912	0.611111111111111	0.727272727272727	0.574257425742574	hyper	intron	HECTD2	HECTD2	25249
890	chr11	31820716	31820820	105	4				-18.4431084646134	0.635237514979412	0.211408076625468	0.423829438353944	0.796610169491525	0.422535211267606	0.686567164179104	0.239130434782609	0.158730158730159	0.236363636363636	hyper	non-coding	PAX6-AS1	PAX6	-2807
891	chr20	23065265	23065325	61	4				-18.4395363598833	0.421716739944634	0.0925317013514958	0.329185038593139	0.5375	0.314606741573034	0.41304347826087	0.112359550561798	0.100719424460432	0.0645161290322581	hyper	intergenic	""	THBD	-15623
892	chr10	128453762	128453961	200	4				-18.4181578865645	0.747991967871486	0.389653784219002	0.358338183652484	0.879518072289157	0.75	0.614457831325301	0.425	0.422222222222222	0.321739130434783	hyper	intergenic	""	LINC01163	167912
893	chr11	35205869	35206069	201	4				-18.407289099919	0.7506209860677	0.408244766505636	0.342376219562063	0.62962962962963	0.845637583892617	0.776595744680851	0.477777777777778	0.33695652173913	0.41	hyper	intron	CD44	SNORD164	43020
894	chr6	12582392	12582705	314	4				-18.3965300575977	0.728764786693589	0.352972930062713	0.375791856630876	0.782051282051282	0.792592592592593	0.611650485436893	0.384615384615385	0.368421052631579	0.305882352941177	hyper	TTS	LINC02530	LINC02530	2856
895	chr6	126091267	126091328	62	4				-18.3949512707343	0.91033382425135	0.423569023569024	0.486764800682327	0.9	0.938144329896907	0.892857142857143	0.488888888888889	0.418181818181818	0.363636363636364	hyper	intergenic	""	TRMT11	104758
896	chr16	61681810	61681926	117	4				18.3825116672706	0.169219417404535	0.686400462962963	-0.517181045558428	0.136363636363636	0.0350877192982456	0.336206896551724	0.6953125	0.725	0.638888888888889	hypo	intron	CDH8	CDH8	354570
897	chr11	70365163	70365230	68	4				-18.377238512558	0.937456324248777	0.569659842845327	0.36779648140345	0.962264150943396	0.944444444444444	0.905660377358491	0.576923076923077	0.572916666666667	0.559139784946237	hyper	intron	PPFIA1	CTTN	-33309
898	chr2	49111958	49112344	387	4				-18.3502697322378	0.867737089762338	0.589065519458043	0.278671570304295	0.870588235294118	0.917808219178082	0.814814814814815	0.53968253968254	0.592	0.635514018691589	hyper	intron	FSHR	FSHR	42364
899	chr6	167834270	167834337	68	4				-18.3498072352321	0.717143317371758	0.303779032099226	0.413364285272532	0.861538461538462	0.631067961165049	0.658823529411765	0.269230769230769	0.343137254901961	0.298969072164948	hyper	intron	AFDN	AFDN	6669
900	chr15	88118242	88118312	71	4				-18.349755894436	0.792737208481789	0.380965840264879	0.41177136821691	0.767123287671233	0.915966386554622	0.695121951219512	0.357142857142857	0.310344827586207	0.475409836065574	hyper	intron	NTRK3	NTRK3	87697
901	chr16	84045208	84045327	120	4				18.3313584475482	0.186956915519896	0.675829152731327	-0.488872237211431	0.157894736842105	0.0786516853932584	0.324324324324324	0.653846153846154	0.717391304347826	0.65625	hypo	intergenic	""	SLC38A8	-2472
902	chr6	148422246	148422388	143	4				18.3244411984109	0.371193371405512	0.910163597663598	-0.538970226258086	0.241379310344828	0.269461077844311	0.602739726027397	0.9375	0.901098901098901	0.891891891891892	hypo	intron	SASH1	SASH1	79480
903	chr20	61439780	61439862	83	4				-18.3140388676911	0.850151516892889	0.444113148110286	0.406038368782603	0.82051282051282	0.969072164948454	0.760869565217391	0.305555555555556	0.534246575342466	0.492537313432836	hyper	intron	CDH4	CDH4	-59599
904	chr2	28650195	28650390	196	4				-18.3090948559326	0.959938928289992	0.685412896128323	0.27452603216167	0.9375	0.964539007092199	0.977777777777778	0.666666666666667	0.637096774193548	0.752475247524752	hyper	intergenic	""	PLB1	83936
905	chr19	52935585	52935669	85	4				18.2993327498119	0.521216233415546	0.954155089019245	-0.432938855603698	0.256756756756757	0.657407407407407	0.649484536082474	0.963414634146341	0.975	0.924050632911392	hypo	intron	ZNF816-ZNF321P	ZNF321P	6967
906	chr7	139495484	139495655	172	4				-18.2704691025683	0.590367499282228	0.100501069413504	0.489866429868724	0.558139534883721	0.694444444444445	0.518518518518519	0.0975609756097561	0.0491803278688525	0.154761904761905	hyper	intergenic	""	KLRG2	-11896
907	chr19	56229595	56229677	83	4				18.2513732432018	0.761294689150272	0.960446828867153	-0.199152139716881	0.772727272727273	0.712707182320442	0.798449612403101	0.956896551724138	0.955056179775281	0.969387755102041	hypo	intron	ZSCAN5A	ZSCAN5A	763
908	chr2	232975046	232975161	116	4				18.2506458177182	0.546755778334726	0.869855125174274	-0.323099346839548	0.555555555555556	0.456140350877193	0.628571428571429	0.861702127659575	0.888888888888889	0.858974358974359	hypo	intron	NGEF	LOC101928881	-37510
909	chr6	164150469	164150520	52	4				18.2310003170217	0.103639502368316	0.460325444213684	-0.356685941845368	0.0338983050847458	0.075	0.202020202020202	0.515625	0.407407407407407	0.457943925233645	hypo	intergenic	""	LOC102724152	-479010
910	chr20	62584502	62584634	133	4				-18.2010838875234	0.838984674329502	0.313176185516611	0.525808488812891	0.8	0.958333333333333	0.758620689655172	0.319148936170213	0.38961038961039	0.230769230769231	hyper	intergenic	""	MIR133A2	19657
911	chr16	86361636	86361766	131	4				-18.1953224144375	0.712866712866713	0.247090864508897	0.465775848357816	0.769230769230769	0.666666666666667	0.702702702702703	0.19672131147541	0.2625	0.282051282051282	hyper	intergenic	""	LINC00917	-16022
912	chr13	44270849	44270931	83	4				-18.150480121179	0.704950270747208	0.412715254302344	0.292235016444863	0.616279069767442	0.804878048780488	0.693693693693694	0.329113924050633	0.526315789473684	0.382716049382716	hyper	intergenic	""	MIR8079	-74690
913	chr8	29627175	29627366	192	4				-18.1452523505861	0.924365645788431	0.679396603333648	0.244969042454783	0.921739130434783	0.922279792746114	0.929078014184397	0.697183098591549	0.69	0.651006711409396	hyper	intergenic	""	LINC00589	120839
914	chr10	35212543	35212602	60	4				-18.1450408938428	0.978018072900802	0.901198686610018	0.0768193862907838	1	0.985074626865672	0.948979591836735	0.90625	0.929577464788732	0.867768595041322	hyper	3UTR	CREM	CREM	16671
915	chr8	16859193	16859279	87	4				-18.1364486935817	0.809951889179213	0.478488450008817	0.331463439170396	0.808510638297872	0.871345029239766	0.75	0.544	0.504672897196262	0.386792452830189	hyper	intergenic	""	FGF20	143109
916	chr4	19193331	19193479	149	4				-18.1277148531851	0.945238095238095	0.657396624108581	0.287841471129515	0.966666666666667	0.928571428571429	0.940476190476191	0.695652173913044	0.578125	0.698412698412698	hyper	intergenic	""	SLIT2	-1058499
917	chr12	4433966	4434059	94	4				-18.126529855134	0.507914970601538	0.0987515253919084	0.409163445209629	0.432835820895522	0.674242424242424	0.416666666666667	0.132075471698113	0.119402985074627	0.0447761194029851	hyper	TTS	FGF6	FGF6	11602
918	chr12	115994602	115994825	224	4				18.1185388140124	0.551215326858271	0.923607252818483	-0.372391925960212	0.354430379746835	0.635036496350365	0.664179104477612	0.9375	0.917355371900826	0.915966386554622	hypo	intron	MED13L	MIR620	153941
919	chr21	16212119	16212317	199	4				18.1094282296726	0.0831315235048588	0.605101548022965	-0.521970024518106	0.00869565217391304	0.0279329608938548	0.212765957446809	0.617391304347826	0.574257425742574	0.623655913978495	hypo	non-coding	MIR99AHG	MIR99AHG	17840
920	chr14	92487561	92487619	59	4				-18.026947279538	0.649839106944224	0.187568370057822	0.462270736886402	0.709677419354839	0.705357142857143	0.53448275862069	0.164556962025316	0.148148148148148	0.25	hyper	intron	SLC24A4	RIN3	-26190
921	chr2	50067018	50067150	133	4				-18.0129229209619	0.61296034638044	0.226637603398167	0.386322742982273	0.743362831858407	0.585714285714286	0.509803921568627	0.23943661971831	0.25	0.19047619047619	hyper	intron	NRXN1	NRXN1	-92881
922	chr1	217929328	217929421	94	4				-17.8801488994593	0.567610062893082	0.0539696699375558	0.513640392955526	0.452830188679245	0.75	0.5	0	0.135593220338983	0.0263157894736842	hyper	intergenic	""	LINC00210	36475
