caller	length_bp
paper-DSS (Supp Table 5)	2351
paper-DSS (Supp Table 5)	1221
paper-DSS (Supp Table 5)	1877
paper-DSS (Supp Table 5)	1384
paper-DSS (Supp Table 5)	1221
paper-DSS (Supp Table 5)	1033
paper-DSS (Supp Table 5)	806
paper-DSS (Supp Table 5)	581
paper-DSS (Supp Table 5)	605
paper-DSS (Supp Table 5)	1392
paper-DSS (Supp Table 5)	587
paper-DSS (Supp Table 5)	472
paper-DSS (Supp Table 5)	422
paper-DSS (Supp Table 5)	367
paper-DSS (Supp Table 5)	739
paper-DSS (Supp Table 5)	496
paper-DSS (Supp Table 5)	297
paper-DSS (Supp Table 5)	387
paper-DSS (Supp Table 5)	565
paper-DSS (Supp Table 5)	753
paper-DSS (Supp Table 5)	500
paper-DSS (Supp Table 5)	402
paper-DSS (Supp Table 5)	179
paper-DSS (Supp Table 5)	1744
paper-DSS (Supp Table 5)	573
paper-DSS (Supp Table 5)	446
paper-DSS (Supp Table 5)	543
paper-DSS (Supp Table 5)	646
paper-DSS (Supp Table 5)	844
paper-DSS (Supp Table 5)	433
paper-DSS (Supp Table 5)	387
paper-DSS (Supp Table 5)	728
paper-DSS (Supp Table 5)	354
paper-DSS (Supp Table 5)	905
paper-DSS (Supp Table 5)	765
paper-DSS (Supp Table 5)	213
paper-DSS (Supp Table 5)	705
paper-DSS (Supp Table 5)	209
paper-DSS (Supp Table 5)	352
paper-DSS (Supp Table 5)	615
paper-DSS (Supp Table 5)	483
paper-DSS (Supp Table 5)	389
paper-DSS (Supp Table 5)	359
paper-DSS (Supp Table 5)	592
paper-DSS (Supp Table 5)	434
paper-DSS (Supp Table 5)	484
paper-DSS (Supp Table 5)	177
paper-DSS (Supp Table 5)	266
paper-DSS (Supp Table 5)	694
paper-DSS (Supp Table 5)	873
paper-DSS (Supp Table 5)	383
paper-DSS (Supp Table 5)	573
paper-DSS (Supp Table 5)	793
paper-DSS (Supp Table 5)	359
paper-DSS (Supp Table 5)	345
paper-DSS (Supp Table 5)	357
paper-DSS (Supp Table 5)	1026
paper-DSS (Supp Table 5)	413
paper-DSS (Supp Table 5)	760
paper-DSS (Supp Table 5)	119
paper-DSS (Supp Table 5)	350
paper-DSS (Supp Table 5)	262
paper-DSS (Supp Table 5)	484
paper-DSS (Supp Table 5)	393
paper-DSS (Supp Table 5)	238
paper-DSS (Supp Table 5)	356
paper-DSS (Supp Table 5)	309
paper-DSS (Supp Table 5)	505
paper-DSS (Supp Table 5)	322
paper-DSS (Supp Table 5)	610
paper-DSS (Supp Table 5)	279
paper-DSS (Supp Table 5)	348
paper-DSS (Supp Table 5)	496
paper-DSS (Supp Table 5)	551
paper-DSS (Supp Table 5)	168
paper-DSS (Supp Table 5)	851
paper-DSS (Supp Table 5)	799
paper-DSS (Supp Table 5)	258
paper-DSS (Supp Table 5)	387
paper-DSS (Supp Table 5)	2265
paper-DSS (Supp Table 5)	324
paper-DSS (Supp Table 5)	276
paper-DSS (Supp Table 5)	280
paper-DSS (Supp Table 5)	456
paper-DSS (Supp Table 5)	150
paper-DSS (Supp Table 5)	618
paper-DSS (Supp Table 5)	416
paper-DSS (Supp Table 5)	536
paper-DSS (Supp Table 5)	456
paper-DSS (Supp Table 5)	450
paper-DSS (Supp Table 5)	221
paper-DSS (Supp Table 5)	483
paper-DSS (Supp Table 5)	557
paper-DSS (Supp Table 5)	339
paper-DSS (Supp Table 5)	221
paper-DSS (Supp Table 5)	149
paper-DSS (Supp Table 5)	568
paper-DSS (Supp Table 5)	365
paper-DSS (Supp Table 5)	387
paper-DSS (Supp Table 5)	343
paper-DSS (Supp Table 5)	521
paper-DSS (Supp Table 5)	284
paper-DSS (Supp Table 5)	300
paper-DSS (Supp Table 5)	685
paper-DSS (Supp Table 5)	410
paper-DSS (Supp Table 5)	496
paper-DSS (Supp Table 5)	422
paper-DSS (Supp Table 5)	214
paper-DSS (Supp Table 5)	435
paper-DSS (Supp Table 5)	361
paper-DSS (Supp Table 5)	552
paper-DSS (Supp Table 5)	674
paper-DSS (Supp Table 5)	267
paper-DSS (Supp Table 5)	717
paper-DSS (Supp Table 5)	99
paper-DSS (Supp Table 5)	252
paper-DSS (Supp Table 5)	720
paper-DSS (Supp Table 5)	538
paper-DSS (Supp Table 5)	667
paper-DSS (Supp Table 5)	370
paper-DSS (Supp Table 5)	468
paper-DSS (Supp Table 5)	288
paper-DSS (Supp Table 5)	215
paper-DSS (Supp Table 5)	194
paper-DSS (Supp Table 5)	267
paper-DSS (Supp Table 5)	879
paper-DSS (Supp Table 5)	392
paper-DSS (Supp Table 5)	242
paper-DSS (Supp Table 5)	91
paper-DSS (Supp Table 5)	349
paper-DSS (Supp Table 5)	409
paper-DSS (Supp Table 5)	568
paper-DSS (Supp Table 5)	686
paper-DSS (Supp Table 5)	621
paper-DSS (Supp Table 5)	169
paper-DSS (Supp Table 5)	608
paper-DSS (Supp Table 5)	363
paper-DSS (Supp Table 5)	592
paper-DSS (Supp Table 5)	409
paper-DSS (Supp Table 5)	477
paper-DSS (Supp Table 5)	304
paper-DSS (Supp Table 5)	1152
paper-DSS (Supp Table 5)	560
paper-DSS (Supp Table 5)	446
paper-DSS (Supp Table 5)	319
paper-DSS (Supp Table 5)	337
paper-DSS (Supp Table 5)	159
paper-DSS (Supp Table 5)	527
paper-DSS (Supp Table 5)	279
paper-DSS (Supp Table 5)	182
paper-DSS (Supp Table 5)	685
paper-DSS (Supp Table 5)	147
paper-DSS (Supp Table 5)	349
paper-DSS (Supp Table 5)	460
paper-DSS (Supp Table 5)	200
paper-DSS (Supp Table 5)	244
paper-DSS (Supp Table 5)	364
paper-DSS (Supp Table 5)	341
paper-DSS (Supp Table 5)	520
paper-DSS (Supp Table 5)	343
paper-DSS (Supp Table 5)	189
paper-DSS (Supp Table 5)	57
paper-DSS (Supp Table 5)	309
paper-DSS (Supp Table 5)	203
paper-DSS (Supp Table 5)	327
paper-DSS (Supp Table 5)	273
paper-DSS (Supp Table 5)	117
paper-DSS (Supp Table 5)	511
paper-DSS (Supp Table 5)	196
paper-DSS (Supp Table 5)	265
paper-DSS (Supp Table 5)	289
paper-DSS (Supp Table 5)	521
paper-DSS (Supp Table 5)	179
paper-DSS (Supp Table 5)	206
paper-DSS (Supp Table 5)	128
paper-DSS (Supp Table 5)	372
paper-DSS (Supp Table 5)	665
paper-DSS (Supp Table 5)	258
paper-DSS (Supp Table 5)	283
paper-DSS (Supp Table 5)	379
paper-DSS (Supp Table 5)	185
paper-DSS (Supp Table 5)	456
paper-DSS (Supp Table 5)	289
paper-DSS (Supp Table 5)	168
paper-DSS (Supp Table 5)	329
paper-DSS (Supp Table 5)	307
paper-DSS (Supp Table 5)	450
paper-DSS (Supp Table 5)	127
paper-DSS (Supp Table 5)	208
paper-DSS (Supp Table 5)	550
paper-DSS (Supp Table 5)	340
paper-DSS (Supp Table 5)	267
paper-DSS (Supp Table 5)	247
paper-DSS (Supp Table 5)	419
paper-DSS (Supp Table 5)	371
paper-DSS (Supp Table 5)	161
paper-DSS (Supp Table 5)	319
paper-DSS (Supp Table 5)	194
paper-DSS (Supp Table 5)	104
paper-DSS (Supp Table 5)	95
paper-DSS (Supp Table 5)	365
paper-DSS (Supp Table 5)	267
paper-DSS (Supp Table 5)	609
paper-DSS (Supp Table 5)	236
paper-DSS (Supp Table 5)	895
paper-DSS (Supp Table 5)	392
paper-DSS (Supp Table 5)	290
paper-DSS (Supp Table 5)	225
paper-DSS (Supp Table 5)	341
paper-DSS (Supp Table 5)	308
paper-DSS (Supp Table 5)	313
paper-DSS (Supp Table 5)	70
paper-DSS (Supp Table 5)	267
paper-DSS (Supp Table 5)	374
paper-DSS (Supp Table 5)	303
paper-DSS (Supp Table 5)	473
paper-DSS (Supp Table 5)	168
paper-DSS (Supp Table 5)	253
paper-DSS (Supp Table 5)	243
paper-DSS (Supp Table 5)	898
paper-DSS (Supp Table 5)	433
paper-DSS (Supp Table 5)	1118
paper-DSS (Supp Table 5)	154
paper-DSS (Supp Table 5)	202
paper-DSS (Supp Table 5)	307
paper-DSS (Supp Table 5)	168
paper-DSS (Supp Table 5)	209
paper-DSS (Supp Table 5)	260
paper-DSS (Supp Table 5)	299
paper-DSS (Supp Table 5)	228
paper-DSS (Supp Table 5)	276
paper-DSS (Supp Table 5)	708
paper-DSS (Supp Table 5)	358
paper-DSS (Supp Table 5)	141
paper-DSS (Supp Table 5)	514
paper-DSS (Supp Table 5)	308
paper-DSS (Supp Table 5)	316
paper-DSS (Supp Table 5)	109
paper-DSS (Supp Table 5)	208
paper-DSS (Supp Table 5)	404
paper-DSS (Supp Table 5)	294
paper-DSS (Supp Table 5)	466
paper-DSS (Supp Table 5)	435
paper-DSS (Supp Table 5)	184
paper-DSS (Supp Table 5)	382
paper-DSS (Supp Table 5)	428
paper-DSS (Supp Table 5)	107
paper-DSS (Supp Table 5)	253
paper-DSS (Supp Table 5)	528
paper-DSS (Supp Table 5)	63
paper-DSS (Supp Table 5)	173
paper-DSS (Supp Table 5)	612
paper-DSS (Supp Table 5)	406
paper-DSS (Supp Table 5)	197
paper-DSS (Supp Table 5)	314
paper-DSS (Supp Table 5)	371
paper-DSS (Supp Table 5)	323
paper-DSS (Supp Table 5)	118
paper-DSS (Supp Table 5)	537
paper-DSS (Supp Table 5)	369
paper-DSS (Supp Table 5)	290
paper-DSS (Supp Table 5)	424
paper-DSS (Supp Table 5)	431
paper-DSS (Supp Table 5)	209
paper-DSS (Supp Table 5)	223
paper-DSS (Supp Table 5)	274
paper-DSS (Supp Table 5)	149
paper-DSS (Supp Table 5)	145
paper-DSS (Supp Table 5)	197
paper-DSS (Supp Table 5)	374
paper-DSS (Supp Table 5)	85
paper-DSS (Supp Table 5)	381
paper-DSS (Supp Table 5)	447
paper-DSS (Supp Table 5)	450
paper-DSS (Supp Table 5)	268
paper-DSS (Supp Table 5)	291
paper-DSS (Supp Table 5)	250
paper-DSS (Supp Table 5)	295
paper-DSS (Supp Table 5)	306
paper-DSS (Supp Table 5)	868
paper-DSS (Supp Table 5)	249
paper-DSS (Supp Table 5)	54
paper-DSS (Supp Table 5)	177
paper-DSS (Supp Table 5)	103
paper-DSS (Supp Table 5)	297
paper-DSS (Supp Table 5)	224
paper-DSS (Supp Table 5)	324
paper-DSS (Supp Table 5)	374
paper-DSS (Supp Table 5)	257
paper-DSS (Supp Table 5)	252
paper-DSS (Supp Table 5)	67
paper-DSS (Supp Table 5)	104
paper-DSS (Supp Table 5)	245
paper-DSS (Supp Table 5)	245
paper-DSS (Supp Table 5)	256
paper-DSS (Supp Table 5)	870
paper-DSS (Supp Table 5)	602
paper-DSS (Supp Table 5)	410
paper-DSS (Supp Table 5)	355
paper-DSS (Supp Table 5)	333
paper-DSS (Supp Table 5)	153
paper-DSS (Supp Table 5)	210
paper-DSS (Supp Table 5)	340
paper-DSS (Supp Table 5)	156
paper-DSS (Supp Table 5)	163
paper-DSS (Supp Table 5)	241
paper-DSS (Supp Table 5)	320
paper-DSS (Supp Table 5)	409
paper-DSS (Supp Table 5)	71
paper-DSS (Supp Table 5)	210
paper-DSS (Supp Table 5)	463
paper-DSS (Supp Table 5)	90
paper-DSS (Supp Table 5)	132
paper-DSS (Supp Table 5)	582
paper-DSS (Supp Table 5)	160
paper-DSS (Supp Table 5)	264
paper-DSS (Supp Table 5)	134
paper-DSS (Supp Table 5)	135
paper-DSS (Supp Table 5)	134
paper-DSS (Supp Table 5)	412
paper-DSS (Supp Table 5)	81
paper-DSS (Supp Table 5)	255
paper-DSS (Supp Table 5)	161
paper-DSS (Supp Table 5)	371
paper-DSS (Supp Table 5)	144
paper-DSS (Supp Table 5)	362
paper-DSS (Supp Table 5)	230
paper-DSS (Supp Table 5)	287
paper-DSS (Supp Table 5)	317
paper-DSS (Supp Table 5)	181
paper-DSS (Supp Table 5)	74
paper-DSS (Supp Table 5)	115
paper-DSS (Supp Table 5)	392
paper-DSS (Supp Table 5)	311
paper-DSS (Supp Table 5)	466
paper-DSS (Supp Table 5)	171
paper-DSS (Supp Table 5)	502
paper-DSS (Supp Table 5)	580
paper-DSS (Supp Table 5)	162
paper-DSS (Supp Table 5)	104
paper-DSS (Supp Table 5)	294
paper-DSS (Supp Table 5)	276
paper-DSS (Supp Table 5)	408
paper-DSS (Supp Table 5)	336
paper-DSS (Supp Table 5)	694
paper-DSS (Supp Table 5)	133
paper-DSS (Supp Table 5)	241
paper-DSS (Supp Table 5)	201
paper-DSS (Supp Table 5)	121
paper-DSS (Supp Table 5)	403
paper-DSS (Supp Table 5)	284
paper-DSS (Supp Table 5)	119
paper-DSS (Supp Table 5)	184
paper-DSS (Supp Table 5)	199
paper-DSS (Supp Table 5)	178
paper-DSS (Supp Table 5)	153
paper-DSS (Supp Table 5)	265
paper-DSS (Supp Table 5)	513
paper-DSS (Supp Table 5)	249
paper-DSS (Supp Table 5)	178
paper-DSS (Supp Table 5)	361
paper-DSS (Supp Table 5)	176
paper-DSS (Supp Table 5)	231
paper-DSS (Supp Table 5)	266
paper-DSS (Supp Table 5)	75
paper-DSS (Supp Table 5)	263
paper-DSS (Supp Table 5)	250
paper-DSS (Supp Table 5)	159
paper-DSS (Supp Table 5)	198
paper-DSS (Supp Table 5)	269
paper-DSS (Supp Table 5)	158
paper-DSS (Supp Table 5)	164
paper-DSS (Supp Table 5)	475
paper-DSS (Supp Table 5)	270
paper-DSS (Supp Table 5)	203
paper-DSS (Supp Table 5)	384
paper-DSS (Supp Table 5)	222
paper-DSS (Supp Table 5)	270
paper-DSS (Supp Table 5)	143
paper-DSS (Supp Table 5)	273
paper-DSS (Supp Table 5)	234
paper-DSS (Supp Table 5)	247
paper-DSS (Supp Table 5)	213
paper-DSS (Supp Table 5)	287
paper-DSS (Supp Table 5)	154
paper-DSS (Supp Table 5)	158
paper-DSS (Supp Table 5)	541
paper-DSS (Supp Table 5)	817
paper-DSS (Supp Table 5)	299
paper-DSS (Supp Table 5)	241
paper-DSS (Supp Table 5)	209
paper-DSS (Supp Table 5)	430
paper-DSS (Supp Table 5)	348
paper-DSS (Supp Table 5)	78
paper-DSS (Supp Table 5)	269
paper-DSS (Supp Table 5)	121
paper-DSS (Supp Table 5)	346
paper-DSS (Supp Table 5)	88
paper-DSS (Supp Table 5)	275
paper-DSS (Supp Table 5)	628
paper-DSS (Supp Table 5)	274
paper-DSS (Supp Table 5)	230
paper-DSS (Supp Table 5)	353
paper-DSS (Supp Table 5)	54
paper-DSS (Supp Table 5)	175
paper-DSS (Supp Table 5)	163
paper-DSS (Supp Table 5)	1248
paper-DSS (Supp Table 5)	54
paper-DSS (Supp Table 5)	388
paper-DSS (Supp Table 5)	229
paper-DSS (Supp Table 5)	471
paper-DSS (Supp Table 5)	416
paper-DSS (Supp Table 5)	210
paper-DSS (Supp Table 5)	280
paper-DSS (Supp Table 5)	186
paper-DSS (Supp Table 5)	111
paper-DSS (Supp Table 5)	162
paper-DSS (Supp Table 5)	80
paper-DSS (Supp Table 5)	527
paper-DSS (Supp Table 5)	114
paper-DSS (Supp Table 5)	386
paper-DSS (Supp Table 5)	303
paper-DSS (Supp Table 5)	186
paper-DSS (Supp Table 5)	207
paper-DSS (Supp Table 5)	219
paper-DSS (Supp Table 5)	507
paper-DSS (Supp Table 5)	160
paper-DSS (Supp Table 5)	122
paper-DSS (Supp Table 5)	248
paper-DSS (Supp Table 5)	176
paper-DSS (Supp Table 5)	184
paper-DSS (Supp Table 5)	75
paper-DSS (Supp Table 5)	81
paper-DSS (Supp Table 5)	412
paper-DSS (Supp Table 5)	132
paper-DSS (Supp Table 5)	230
paper-DSS (Supp Table 5)	150
paper-DSS (Supp Table 5)	117
paper-DSS (Supp Table 5)	383
paper-DSS (Supp Table 5)	449
paper-DSS (Supp Table 5)	185
paper-DSS (Supp Table 5)	180
paper-DSS (Supp Table 5)	136
paper-DSS (Supp Table 5)	159
paper-DSS (Supp Table 5)	169
paper-DSS (Supp Table 5)	86
paper-DSS (Supp Table 5)	273
paper-DSS (Supp Table 5)	114
paper-DSS (Supp Table 5)	460
paper-DSS (Supp Table 5)	182
paper-DSS (Supp Table 5)	269
paper-DSS (Supp Table 5)	239
paper-DSS (Supp Table 5)	257
paper-DSS (Supp Table 5)	177
paper-DSS (Supp Table 5)	372
paper-DSS (Supp Table 5)	263
paper-DSS (Supp Table 5)	214
paper-DSS (Supp Table 5)	333
paper-DSS (Supp Table 5)	173
paper-DSS (Supp Table 5)	235
paper-DSS (Supp Table 5)	411
paper-DSS (Supp Table 5)	137
paper-DSS (Supp Table 5)	125
paper-DSS (Supp Table 5)	486
paper-DSS (Supp Table 5)	277
paper-DSS (Supp Table 5)	402
paper-DSS (Supp Table 5)	189
paper-DSS (Supp Table 5)	159
paper-DSS (Supp Table 5)	213
paper-DSS (Supp Table 5)	305
paper-DSS (Supp Table 5)	236
paper-DSS (Supp Table 5)	274
paper-DSS (Supp Table 5)	241
paper-DSS (Supp Table 5)	251
paper-DSS (Supp Table 5)	111
paper-DSS (Supp Table 5)	130
paper-DSS (Supp Table 5)	226
paper-DSS (Supp Table 5)	95
paper-DSS (Supp Table 5)	257
paper-DSS (Supp Table 5)	356
paper-DSS (Supp Table 5)	568
paper-DSS (Supp Table 5)	377
paper-DSS (Supp Table 5)	163
paper-DSS (Supp Table 5)	239
paper-DSS (Supp Table 5)	281
paper-DSS (Supp Table 5)	285
paper-DSS (Supp Table 5)	277
paper-DSS (Supp Table 5)	74
paper-DSS (Supp Table 5)	149
paper-DSS (Supp Table 5)	375
paper-DSS (Supp Table 5)	253
paper-DSS (Supp Table 5)	249
paper-DSS (Supp Table 5)	325
paper-DSS (Supp Table 5)	85
paper-DSS (Supp Table 5)	291
paper-DSS (Supp Table 5)	131
paper-DSS (Supp Table 5)	247
paper-DSS (Supp Table 5)	652
paper-DSS (Supp Table 5)	256
paper-DSS (Supp Table 5)	186
paper-DSS (Supp Table 5)	164
paper-DSS (Supp Table 5)	225
paper-DSS (Supp Table 5)	140
paper-DSS (Supp Table 5)	158
paper-DSS (Supp Table 5)	320
paper-DSS (Supp Table 5)	286
paper-DSS (Supp Table 5)	261
paper-DSS (Supp Table 5)	263
paper-DSS (Supp Table 5)	150
paper-DSS (Supp Table 5)	101
paper-DSS (Supp Table 5)	241
paper-DSS (Supp Table 5)	224
paper-DSS (Supp Table 5)	208
paper-DSS (Supp Table 5)	216
paper-DSS (Supp Table 5)	787
paper-DSS (Supp Table 5)	331
paper-DSS (Supp Table 5)	151
paper-DSS (Supp Table 5)	104
paper-DSS (Supp Table 5)	160
paper-DSS (Supp Table 5)	185
paper-DSS (Supp Table 5)	141
paper-DSS (Supp Table 5)	266
paper-DSS (Supp Table 5)	124
paper-DSS (Supp Table 5)	210
paper-DSS (Supp Table 5)	373
paper-DSS (Supp Table 5)	123
paper-DSS (Supp Table 5)	351
paper-DSS (Supp Table 5)	68
paper-DSS (Supp Table 5)	443
paper-DSS (Supp Table 5)	147
paper-DSS (Supp Table 5)	139
paper-DSS (Supp Table 5)	132
paper-DSS (Supp Table 5)	214
paper-DSS (Supp Table 5)	392
paper-DSS (Supp Table 5)	182
paper-DSS (Supp Table 5)	171
paper-DSS (Supp Table 5)	270
paper-DSS (Supp Table 5)	151
paper-DSS (Supp Table 5)	204
paper-DSS (Supp Table 5)	246
paper-DSS (Supp Table 5)	241
paper-DSS (Supp Table 5)	63
paper-DSS (Supp Table 5)	76
paper-DSS (Supp Table 5)	253
paper-DSS (Supp Table 5)	243
paper-DSS (Supp Table 5)	109
paper-DSS (Supp Table 5)	209
paper-DSS (Supp Table 5)	162
paper-DSS (Supp Table 5)	383
paper-DSS (Supp Table 5)	279
paper-DSS (Supp Table 5)	237
paper-DSS (Supp Table 5)	315
paper-DSS (Supp Table 5)	109
paper-DSS (Supp Table 5)	187
paper-DSS (Supp Table 5)	335
paper-DSS (Supp Table 5)	401
paper-DSS (Supp Table 5)	293
paper-DSS (Supp Table 5)	346
paper-DSS (Supp Table 5)	65
paper-DSS (Supp Table 5)	255
paper-DSS (Supp Table 5)	108
paper-DSS (Supp Table 5)	152
paper-DSS (Supp Table 5)	93
paper-DSS (Supp Table 5)	406
paper-DSS (Supp Table 5)	237
paper-DSS (Supp Table 5)	157
paper-DSS (Supp Table 5)	66
paper-DSS (Supp Table 5)	125
paper-DSS (Supp Table 5)	291
paper-DSS (Supp Table 5)	179
paper-DSS (Supp Table 5)	262
paper-DSS (Supp Table 5)	142
paper-DSS (Supp Table 5)	232
paper-DSS (Supp Table 5)	328
paper-DSS (Supp Table 5)	198
paper-DSS (Supp Table 5)	296
paper-DSS (Supp Table 5)	143
paper-DSS (Supp Table 5)	188
paper-DSS (Supp Table 5)	137
paper-DSS (Supp Table 5)	171
paper-DSS (Supp Table 5)	78
paper-DSS (Supp Table 5)	177
paper-DSS (Supp Table 5)	135
paper-DSS (Supp Table 5)	263
paper-DSS (Supp Table 5)	166
paper-DSS (Supp Table 5)	88
paper-DSS (Supp Table 5)	95
paper-DSS (Supp Table 5)	254
paper-DSS (Supp Table 5)	475
paper-DSS (Supp Table 5)	250
paper-DSS (Supp Table 5)	136
paper-DSS (Supp Table 5)	101
paper-DSS (Supp Table 5)	143
paper-DSS (Supp Table 5)	139
paper-DSS (Supp Table 5)	200
paper-DSS (Supp Table 5)	155
paper-DSS (Supp Table 5)	105
paper-DSS (Supp Table 5)	748
paper-DSS (Supp Table 5)	115
paper-DSS (Supp Table 5)	77
paper-DSS (Supp Table 5)	511
paper-DSS (Supp Table 5)	312
paper-DSS (Supp Table 5)	303
paper-DSS (Supp Table 5)	259
paper-DSS (Supp Table 5)	212
paper-DSS (Supp Table 5)	139
paper-DSS (Supp Table 5)	167
paper-DSS (Supp Table 5)	72
paper-DSS (Supp Table 5)	224
paper-DSS (Supp Table 5)	239
paper-DSS (Supp Table 5)	116
paper-DSS (Supp Table 5)	87
paper-DSS (Supp Table 5)	120
paper-DSS (Supp Table 5)	277
paper-DSS (Supp Table 5)	265
paper-DSS (Supp Table 5)	206
paper-DSS (Supp Table 5)	311
paper-DSS (Supp Table 5)	240
paper-DSS (Supp Table 5)	219
paper-DSS (Supp Table 5)	167
paper-DSS (Supp Table 5)	245
paper-DSS (Supp Table 5)	214
paper-DSS (Supp Table 5)	198
paper-DSS (Supp Table 5)	162
paper-DSS (Supp Table 5)	99
paper-DSS (Supp Table 5)	173
paper-DSS (Supp Table 5)	255
paper-DSS (Supp Table 5)	65
paper-DSS (Supp Table 5)	156
paper-DSS (Supp Table 5)	135
paper-DSS (Supp Table 5)	408
paper-DSS (Supp Table 5)	408
paper-DSS (Supp Table 5)	186
paper-DSS (Supp Table 5)	148
paper-DSS (Supp Table 5)	204
paper-DSS (Supp Table 5)	152
paper-DSS (Supp Table 5)	133
paper-DSS (Supp Table 5)	392
paper-DSS (Supp Table 5)	159
paper-DSS (Supp Table 5)	209
paper-DSS (Supp Table 5)	211
paper-DSS (Supp Table 5)	323
paper-DSS (Supp Table 5)	196
paper-DSS (Supp Table 5)	175
paper-DSS (Supp Table 5)	124
paper-DSS (Supp Table 5)	92
paper-DSS (Supp Table 5)	219
paper-DSS (Supp Table 5)	111
paper-DSS (Supp Table 5)	169
paper-DSS (Supp Table 5)	201
paper-DSS (Supp Table 5)	538
paper-DSS (Supp Table 5)	331
paper-DSS (Supp Table 5)	129
paper-DSS (Supp Table 5)	125
paper-DSS (Supp Table 5)	191
paper-DSS (Supp Table 5)	105
paper-DSS (Supp Table 5)	267
paper-DSS (Supp Table 5)	247
paper-DSS (Supp Table 5)	228
paper-DSS (Supp Table 5)	420
paper-DSS (Supp Table 5)	117
paper-DSS (Supp Table 5)	207
paper-DSS (Supp Table 5)	219
paper-DSS (Supp Table 5)	70
paper-DSS (Supp Table 5)	251
paper-DSS (Supp Table 5)	324
paper-DSS (Supp Table 5)	219
paper-DSS (Supp Table 5)	287
paper-DSS (Supp Table 5)	149
paper-DSS (Supp Table 5)	211
paper-DSS (Supp Table 5)	225
paper-DSS (Supp Table 5)	129
paper-DSS (Supp Table 5)	133
paper-DSS (Supp Table 5)	105
paper-DSS (Supp Table 5)	165
paper-DSS (Supp Table 5)	104
paper-DSS (Supp Table 5)	234
paper-DSS (Supp Table 5)	108
paper-DSS (Supp Table 5)	213
paper-DSS (Supp Table 5)	158
paper-DSS (Supp Table 5)	328
paper-DSS (Supp Table 5)	177
paper-DSS (Supp Table 5)	304
paper-DSS (Supp Table 5)	203
paper-DSS (Supp Table 5)	73
paper-DSS (Supp Table 5)	139
paper-DSS (Supp Table 5)	120
paper-DSS (Supp Table 5)	166
paper-DSS (Supp Table 5)	447
paper-DSS (Supp Table 5)	104
paper-DSS (Supp Table 5)	148
paper-DSS (Supp Table 5)	342
paper-DSS (Supp Table 5)	76
paper-DSS (Supp Table 5)	341
paper-DSS (Supp Table 5)	108
paper-DSS (Supp Table 5)	207
paper-DSS (Supp Table 5)	89
paper-DSS (Supp Table 5)	106
paper-DSS (Supp Table 5)	209
paper-DSS (Supp Table 5)	895
paper-DSS (Supp Table 5)	212
paper-DSS (Supp Table 5)	125
paper-DSS (Supp Table 5)	146
paper-DSS (Supp Table 5)	226
paper-DSS (Supp Table 5)	379
paper-DSS (Supp Table 5)	105
paper-DSS (Supp Table 5)	187
paper-DSS (Supp Table 5)	89
paper-DSS (Supp Table 5)	392
paper-DSS (Supp Table 5)	655
paper-DSS (Supp Table 5)	215
paper-DSS (Supp Table 5)	65
paper-DSS (Supp Table 5)	100
paper-DSS (Supp Table 5)	82
paper-DSS (Supp Table 5)	232
paper-DSS (Supp Table 5)	62
paper-DSS (Supp Table 5)	78
paper-DSS (Supp Table 5)	82
paper-DSS (Supp Table 5)	87
paper-DSS (Supp Table 5)	79
paper-DSS (Supp Table 5)	327
paper-DSS (Supp Table 5)	239
paper-DSS (Supp Table 5)	82
paper-DSS (Supp Table 5)	58
paper-DSS (Supp Table 5)	156
paper-DSS (Supp Table 5)	233
paper-DSS (Supp Table 5)	110
paper-DSS (Supp Table 5)	226
paper-DSS (Supp Table 5)	239
paper-DSS (Supp Table 5)	56
paper-DSS (Supp Table 5)	166
paper-DSS (Supp Table 5)	177
paper-DSS (Supp Table 5)	70
paper-DSS (Supp Table 5)	135
paper-DSS (Supp Table 5)	91
paper-DSS (Supp Table 5)	228
paper-DSS (Supp Table 5)	129
paper-DSS (Supp Table 5)	84
paper-DSS (Supp Table 5)	174
paper-DSS (Supp Table 5)	186
paper-DSS (Supp Table 5)	96
paper-DSS (Supp Table 5)	78
paper-DSS (Supp Table 5)	99
paper-DSS (Supp Table 5)	152
paper-DSS (Supp Table 5)	186
paper-DSS (Supp Table 5)	217
paper-DSS (Supp Table 5)	161
paper-DSS (Supp Table 5)	157
paper-DSS (Supp Table 5)	65
paper-DSS (Supp Table 5)	109
paper-DSS (Supp Table 5)	95
paper-DSS (Supp Table 5)	318
paper-DSS (Supp Table 5)	122
paper-DSS (Supp Table 5)	134
paper-DSS (Supp Table 5)	331
paper-DSS (Supp Table 5)	58
paper-DSS (Supp Table 5)	247
paper-DSS (Supp Table 5)	147
paper-DSS (Supp Table 5)	81
paper-DSS (Supp Table 5)	192
paper-DSS (Supp Table 5)	194
paper-DSS (Supp Table 5)	162
paper-DSS (Supp Table 5)	213
paper-DSS (Supp Table 5)	67
paper-DSS (Supp Table 5)	149
paper-DSS (Supp Table 5)	197
paper-DSS (Supp Table 5)	309
paper-DSS (Supp Table 5)	176
paper-DSS (Supp Table 5)	86
paper-DSS (Supp Table 5)	90
paper-DSS (Supp Table 5)	174
paper-DSS (Supp Table 5)	103
paper-DSS (Supp Table 5)	116
paper-DSS (Supp Table 5)	163
paper-DSS (Supp Table 5)	61
paper-DSS (Supp Table 5)	116
paper-DSS (Supp Table 5)	153
paper-DSS (Supp Table 5)	211
paper-DSS (Supp Table 5)	270
paper-DSS (Supp Table 5)	108
paper-DSS (Supp Table 5)	200
paper-DSS (Supp Table 5)	100
paper-DSS (Supp Table 5)	59
paper-DSS (Supp Table 5)	239
paper-DSS (Supp Table 5)	325
paper-DSS (Supp Table 5)	199
paper-DSS (Supp Table 5)	61
paper-DSS (Supp Table 5)	132
paper-DSS (Supp Table 5)	67
paper-DSS (Supp Table 5)	64
paper-DSS (Supp Table 5)	195
paper-DSS (Supp Table 5)	74
paper-DSS (Supp Table 5)	223
paper-DSS (Supp Table 5)	82
paper-DSS (Supp Table 5)	115
paper-DSS (Supp Table 5)	174
paper-DSS (Supp Table 5)	51
paper-DSS (Supp Table 5)	130
paper-DSS (Supp Table 5)	132
paper-DSS (Supp Table 5)	82
paper-DSS (Supp Table 5)	175
paper-DSS (Supp Table 5)	87
paper-DSS (Supp Table 5)	86
paper-DSS (Supp Table 5)	148
paper-DSS (Supp Table 5)	125
paper-DSS (Supp Table 5)	168
paper-DSS (Supp Table 5)	230
paper-DSS (Supp Table 5)	85
paper-DSS (Supp Table 5)	58
paper-DSS (Supp Table 5)	280
paper-DSS (Supp Table 5)	246
paper-DSS (Supp Table 5)	59
paper-DSS (Supp Table 5)	51
methylKit-tile	499
methylKit-tile	499
methylKit-tile	499
methylKit-tile	499
methylKit-tile	499
methylKit-tile	499
methylKit-tile	499
methylKit-tile	499
methylKit-tile	499
methylKit-tile	499
methylKit-tile	499
methylKit-tile	499
methylKit-tile	499
methylKit-tile	499
methylKit-tile	499
methylKit-tile	499
methylKit-tile	499
methylKit-tile	499
methylKit-tile	499
methylKit-tile	499
methylKit-tile	499
methylKit-tile	499
methylKit-tile	499
methylKit-tile	499
methylKit-tile	499
methylKit-tile	499
methylKit-tile	499
methylKit-tile	499
methylKit-tile	499
methylKit-tile	499
methylKit-tile	499
methylKit-tile	499
methylKit-tile	499
methylKit-tile	499
methylKit-tile	499
methylKit-tile	499
methylKit-tile	499
methylKit-tile	499
methylKit-tile	499
methylKit-tile	499
methylKit-tile	499
methylKit-tile	499
methylKit-tile	499
methylKit-tile	499
methylKit-tile	499
methylKit-tile	499
methylKit-tile	499
methylKit-tile	499
methylKit-tile	499
methylKit-tile	499
methylKit-tile	499
methylKit-tile	499
methylKit-tile	499
methylKit-tile	499
methylKit-tile	499
methylKit-tile	499
methylKit-tile	499
methylKit-tile	499
methylKit-tile	499
methylKit-tile	499
methylKit-tile	499
methylKit-tile	499
methylKit-tile	499
methylKit-tile	499
methylKit-tile	499
methylKit-tile	499
methylKit-tile	499
methylKit-tile	499
methylKit-tile	499
methylKit-tile	499
methylKit-tile	499
methylKit-tile	499
methylKit-tile	499
methylKit-tile	499
methylKit-tile	499
methylKit-tile	499
methylKit-tile	499
methylKit-tile	499
methylKit-tile	499
methylKit-tile	499
methylKit-tile	499
methylKit-tile	499
methylKit-tile	499
methylKit-tile	499
methylKit-tile	499
methylKit-tile	499
methylKit-tile	499
methylKit-tile	499
methylKit-tile	499
methylKit-tile	499
methylKit-tile	499
methylKit-tile	499
methylKit-tile	499
methylKit-tile	499
methylKit-tile	499
methylKit-tile	499
methylKit-tile	499
methylKit-tile	499
methylKit-tile	499
methylKit-tile	499
methylKit-tile	499
methylKit-tile	499
methylKit-tile	499
methylKit-tile	499
methylKit-tile	499
methylKit-tile	499
methylKit-tile	499
methylKit-tile	499
methylKit-tile	499
methylKit-tile	499
methylKit-tile	499
methylKit-tile	499
methylKit-tile	499
methylKit-tile	499
methylKit-tile	499
methylKit-tile	499
methylKit-tile	499
methylKit-tile	499
methylKit-tile	499
methylKit-tile	499
methylKit-tile	499
methylKit-tile	499
methylKit-tile	499
methylKit-tile	499
methylKit-tile	499
methylKit-tile	499
methylKit-tile	499
methylKit-tile	499
methylKit-tile	499
methylKit-tile	499
methylKit-tile	499
methylKit-tile	499
methylKit-tile	499
methylKit-tile	499
methylKit-tile	499
methylKit-tile	499
methylKit-tile	499
methylKit-tile	499
methylKit-tile	499
methylKit-tile	499
methylKit-tile	499
methylKit-tile	499
methylKit-tile	499
methylKit-tile	499
methylKit-tile	499
methylKit-tile	499
methylKit-tile	499
methylKit-tile	499
methylKit-tile	499
methylKit-tile	499
methylKit-tile	499
methylKit-tile	499
methylKit-tile	499
methylKit-tile	499
methylKit-tile	499
methylKit-tile	499
methylKit-tile	499
methylKit-tile	499
methylKit-tile	499
methylKit-tile	499
methylKit-tile	499
methylKit-tile	499
methylKit-tile	499
methylKit-tile	499
methylKit-tile	499
methylKit-tile	499
methylKit-tile	499
methylKit-tile	499
methylKit-tile	499
methylKit-tile	499
methylKit-tile	499
methylKit-tile	499
methylKit-tile	499
methylKit-tile	499
methylKit-tile	499
methylKit-tile	499
methylKit-tile	499
methylKit-tile	499
methylKit-tile	499
methylKit-tile	499
methylKit-tile	499
methylKit-tile	499
methylKit-tile	499
methylKit-tile	499
methylKit-tile	499
methylKit-tile	499
methylKit-tile	499
methylKit-tile	499
methylKit-tile	499
methylKit-tile	499
methylKit-tile	499
methylKit-tile	499
methylKit-tile	499
methylKit-tile	499
methylKit-tile	499
methylKit-tile	499
methylKit-tile	499
methylKit-tile	499
methylKit-tile	499
methylKit-tile	499
methylKit-tile	499
methylKit-tile	499
methylKit-tile	499
methylKit-tile	499
methylKit-tile	499
methylKit-tile	499
methylKit-tile	499
methylKit-tile	499
methylKit-tile	499
methylKit-tile	499
methylKit-tile	499
methylKit-tile	499
methylKit-tile	499
methylKit-tile	499
methylKit-tile	499
methylKit-tile	499
methylKit-tile	499
methylKit-tile	499
methylKit-tile	499
methylKit-tile	499
methylKit-tile	499
methylKit-tile	499
methylKit-tile	499
methylKit-tile	499
methylKit-tile	499
methylKit-tile	499
methylKit-tile	499
methylKit-tile	499
methylKit-tile	499
methylKit-tile	499
methylKit-tile	499
methylKit-tile	499
methylKit-tile	499
methylKit-tile	499
methylKit-tile	499
methylKit-tile	499
methylKit-tile	499
methylKit-tile	499
methylKit-tile	499
methylKit-tile	499
methylKit-tile	499
methylKit-tile	499
methylKit-tile	499
methylKit-tile	499
methylKit-tile	499
methylKit-tile	499
methylKit-tile	499
methylKit-tile	499
methylKit-tile	499
methylKit-tile	499
methylKit-tile	499
methylKit-tile	499
methylKit-tile	499
methylKit-tile	499
methylKit-tile	499
methylKit-tile	499
methylKit-tile	499
methylKit-tile	499
methylKit-tile	499
methylKit-tile	499
methylKit-tile	499
methylKit-tile	499
methylKit-tile	499
methylKit-tile	499
methylKit-tile	499
methylKit-tile	499
methylKit-tile	499
methylKit-tile	499
methylKit-tile	499
methylKit-tile	499
methylKit-tile	499
methylKit-tile	499
methylKit-tile	499
methylKit-tile	499
methylKit-tile	499
methylKit-tile	499
methylKit-tile	499
methylKit-tile	499
methylKit-tile	499
methylKit-tile	499
methylKit-tile	499
methylKit-tile	499
methylKit-tile	499
methylKit-tile	499
methylKit-tile	499
methylKit-tile	499
methylKit-tile	499
methylKit-tile	499
methylKit-tile	499
methylKit-tile	499
methylKit-tile	499
methylKit-tile	499
methylKit-tile	499
methylKit-tile	499
methylKit-tile	499
methylKit-tile	499
methylKit-tile	499
methylKit-tile	499
methylKit-tile	499
methylKit-tile	499
methylKit-tile	499
methylKit-tile	499
methylKit-tile	499
methylKit-tile	499
methylKit-tile	499
methylKit-tile	499
methylKit-tile	499
methylKit-tile	499
methylKit-tile	499
methylKit-tile	499
methylKit-tile	499
methylKit-tile	499
methylKit-tile	499
methylKit-tile	499
methylKit-tile	499
methylKit-tile	499
methylKit-tile	499
methylKit-tile	499
methylKit-tile	499
methylKit-tile	499
methylKit-tile	499
methylKit-tile	499
methylKit-tile	499
methylKit-tile	499
methylKit-tile	499
methylKit-tile	499
methylKit-tile	499
methylKit-tile	499
methylKit-tile	499
methylKit-tile	499
methylKit-tile	499
methylKit-tile	499
methylKit-tile	499
methylKit-tile	499
methylKit-tile	499
methylKit-tile	499
methylKit-tile	499
methylKit-tile	499
methylKit-tile	499
methylKit-tile	499
methylKit-tile	499
methylKit-tile	499
methylKit-tile	499
methylKit-tile	499
methylKit-tile	499
methylKit-tile	499
methylKit-tile	499
methylKit-tile	499
methylKit-tile	499
methylKit-tile	499
methylKit-tile	499
methylKit-tile	499
methylKit-tile	499
methylKit-tile	499
methylKit-tile	499
methylKit-tile	499
methylKit-tile	499
methylKit-tile	499
methylKit-tile	499
methylKit-tile	499
methylKit-tile	499
methylKit-tile	499
methylKit-tile	499
methylKit-tile	499
methylKit-tile	499
methylKit-tile	499
methylKit-tile	499
methylKit-tile	499
methylKit-tile	499
methylKit-tile	499
methylKit-tile	499
methylKit-tile	499
methylKit-tile	499
methylKit-tile	499
methylKit-tile	499
methylKit-tile	499
methylKit-tile	499
methylKit-tile	499
methylKit-tile	499
methylKit-tile	499
methylKit-tile	499
methylKit-tile	499
methylKit-tile	499
methylKit-tile	499
methylKit-tile	499
methylKit-tile	499
methylKit-tile	499
methylKit-tile	499
methylKit-tile	499
methylKit-tile	499
methylKit-tile	499
methylKit-tile	499
methylKit-tile	499
methylKit-tile	499
methylKit-tile	499
methylKit-tile	499
methylKit-tile	499
methylKit-tile	499
methylKit-tile	499
methylKit-tile	499
methylKit-tile	499
methylKit-tile	499
methylKit-tile	499
methylKit-tile	499
methylKit-tile	499
methylKit-tile	499
methylKit-tile	499
methylKit-tile	499
methylKit-tile	499
methylKit-tile	499
methylKit-tile	499
methylKit-tile	499
methylKit-tile	499
methylKit-tile	499
methylKit-tile	499
methylKit-tile	499
methylKit-tile	499
methylKit-tile	499
methylKit-tile	499
methylKit-tile	499
methylKit-tile	499
methylKit-tile	499
methylKit-tile	499
methylKit-tile	499
methylKit-tile	499
methylKit-tile	499
methylKit-tile	499
methylKit-tile	499
methylKit-tile	499
methylKit-tile	499
methylKit-tile	499
methylKit-tile	499
methylKit-tile	499
methylKit-tile	499
methylKit-tile	499
methylKit-tile	499
methylKit-tile	499
methylKit-tile	499
methylKit-tile	499
methylKit-tile	499
methylKit-tile	499
methylKit-tile	499
methylKit-tile	499
methylKit-tile	499
methylKit-tile	499
methylKit-tile	499
methylKit-tile	499
methylKit-tile	499
methylKit-tile	499
methylKit-tile	499
methylKit-tile	499
methylKit-tile	499
methylKit-tile	499
methylKit-tile	499
methylKit-tile	499
methylKit-tile	499
methylKit-tile	499
methylKit-tile	499
methylKit-tile	499
methylKit-tile	499
methylKit-tile	499
methylKit-tile	499
methylKit-tile	499
methylKit-tile	499
methylKit-tile	499
methylKit-tile	499
methylKit-tile	499
methylKit-tile	499
methylKit-tile	499
methylKit-tile	499
methylKit-tile	499
methylKit-tile	499
methylKit-tile	499
methylKit-tile	499
methylKit-tile	499
methylKit-tile	499
methylKit-tile	499
methylKit-tile	499
methylKit-tile	499
methylKit-tile	499
methylKit-tile	499
methylKit-tile	499
methylKit-tile	499
methylKit-tile	499
methylKit-tile	499
methylKit-tile	499
methylKit-tile	499
methylKit-tile	499
methylKit-tile	499
methylKit-tile	499
methylKit-tile	499
methylKit-tile	499
methylKit-tile	499
methylKit-tile	499
methylKit-tile	499
methylKit-tile	499
methylKit-tile	499
methylKit-tile	499
methylKit-tile	499
methylKit-tile	499
methylKit-tile	499
methylKit-tile	499
methylKit-tile	499
methylKit-tile	499
methylKit-tile	499
methylKit-tile	499
methylKit-tile	499
methylKit-tile	499
methylKit-tile	499
methylKit-tile	499
methylKit-tile	499
methylKit-tile	499
methylKit-tile	499
methylKit-tile	499
methylKit-tile	499
methylKit-tile	499
methylKit-tile	499
methylKit-tile	499
methylKit-tile	499
methylKit-tile	499
methylKit-tile	499
methylKit-tile	499
methylKit-tile	499
methylKit-tile	499
methylKit-tile	499
methylKit-tile	499
methylKit-tile	499
methylKit-tile	499
methylKit-tile	499
methylKit-tile	499
methylKit-tile	499
methylKit-tile	499
methylKit-tile	499
methylKit-tile	499
methylKit-tile	499
methylKit-tile	499
methylKit-tile	499
methylKit-tile	499
methylKit-tile	499
methylKit-tile	499
methylKit-tile	499
methylKit-tile	499
methylKit-tile	499
methylKit-tile	499
methylKit-tile	499
methylKit-tile	499
methylKit-tile	499
methylKit-tile	499
methylKit-tile	499
methylKit-tile	499
methylKit-tile	499
methylKit-tile	499
methylKit-tile	499
methylKit-tile	499
methylKit-tile	499
methylKit-tile	499
methylKit-tile	499
methylKit-tile	499
methylKit-tile	499
methylKit-tile	499
methylKit-tile	499
methylKit-tile	499
methylKit-tile	499
methylKit-tile	499
methylKit-tile	499
methylKit-tile	499
methylKit-tile	499
methylKit-tile	499
methylKit-tile	499
methylKit-tile	499
methylKit-tile	499
methylKit-tile	499
methylKit-tile	499
methylKit-tile	499
methylKit-tile	499
methylKit-tile	499
methylKit-tile	499
methylKit-tile	499
methylKit-tile	499
methylKit-tile	499
methylKit-tile	499
methylKit-tile	499
methylKit-tile	499
methylKit-tile	499
methylKit-tile	499
methylKit-tile	499
methylKit-tile	499
methylKit-tile	499
methylKit-tile	499
methylKit-tile	499
methylKit-tile	499
methylKit-tile	499
methylKit-tile	499
methylKit-tile	499
methylKit-tile	499
methylKit-tile	499
methylKit-tile	499
methylKit-tile	499
methylKit-tile	499
methylKit-tile	499
methylKit-tile	499
methylKit-tile	499
methylKit-tile	499
methylKit-tile	499
methylKit-tile	499
methylKit-tile	499
methylKit-tile	499
methylKit-tile	499
methylKit-tile	499
methylKit-tile	499
methylKit-tile	499
methylKit-tile	499
methylKit-tile	499
methylKit-tile	499
methylKit-tile	499
methylKit-tile	499
methylKit-tile	499
methylKit-tile	499
methylKit-tile	499
methylKit-tile	499
methylKit-tile	499
methylKit-tile	499
methylKit-tile	499
methylKit-tile	499
methylKit-tile	499
methylKit-tile	499
methylKit-tile	499
methylKit-tile	499
methylKit-tile	499
methylKit-tile	499
methylKit-tile	499
methylKit-tile	499
methylKit-tile	499
methylKit-tile	499
methylKit-tile	499
methylKit-tile	499
methylKit-tile	499
methylKit-tile	499
methylKit-tile	499
methylKit-tile	499
methylKit-tile	499
methylKit-tile	499
methylKit-tile	499
methylKit-tile	499
methylKit-tile	499
methylKit-tile	499
methylKit-tile	499
methylKit-tile	499
methylKit-tile	499
methylKit-tile	499
methylKit-tile	499
methylKit-tile	499
methylKit-tile	499
methylKit-tile	499
methylKit-tile	499
methylKit-tile	499
methylKit-tile	499
methylKit-tile	499
methylKit-tile	499
methylKit-tile	499
methylKit-tile	499
methylKit-tile	499
methylKit-tile	499
methylKit-tile	499
methylKit-tile	499
methylKit-tile	499
methylKit-tile	499
methylKit-tile	499
methylKit-tile	499
methylKit-tile	499
methylKit-tile	499
methylKit-tile	499
methylKit-tile	499
methylKit-tile	499
methylKit-tile	499
methylKit-tile	499
methylKit-tile	499
methylKit-tile	499
methylKit-tile	499
methylKit-tile	499
methylKit-tile	499
methylKit-tile	499
methylKit-tile	499
methylKit-tile	499
methylKit-tile	499
methylKit-tile	499
methylKit-tile	499
methylKit-tile	499
methylKit-tile	499
methylKit-tile	499
methylKit-tile	499
methylKit-tile	499
methylKit-tile	499
methylKit-tile	499
methylKit-tile	499
methylKit-tile	499
methylKit-tile	499
methylKit-tile	499
methylKit-tile	499
methylKit-tile	499
methylKit-tile	499
methylKit-tile	499
methylKit-tile	499
methylKit-tile	499
methylKit-tile	499
methylKit-tile	499
methylKit-tile	499
methylKit-tile	499
methylKit-tile	499
methylKit-tile	499
methylKit-tile	499
methylKit-tile	499
methylKit-tile	499
methylKit-tile	499
methylKit-tile	499
methylKit-tile	499
methylKit-tile	499
methylKit-tile	499
methylKit-tile	499
methylKit-tile	499
methylKit-tile	499
methylKit-tile	499
methylKit-tile	499
methylKit-tile	499
methylKit-tile	499
methylKit-tile	499
methylKit-tile	499
methylKit-tile	499
methylKit-tile	499
methylKit-tile	499
methylKit-tile	499
methylKit-tile	499
methylKit-tile	499
methylKit-tile	499
methylKit-tile	499
methylKit-tile	499
methylKit-tile	499
methylKit-tile	499
methylKit-tile	499
methylKit-tile	499
methylKit-tile	499
methylKit-tile	499
methylKit-tile	499
methylKit-tile	499
methylKit-tile	499
methylKit-tile	499
methylKit-tile	499
methylKit-tile	499
methylKit-tile	499
methylKit-tile	499
methylKit-tile	499
methylKit-tile	499
methylKit-tile	499
methylKit-tile	499
methylKit-tile	499
methylKit-tile	499
methylKit-tile	499
methylKit-tile	499
methylKit-tile	499
methylKit-tile	499
methylKit-tile	499
methylKit-tile	499
methylKit-tile	499
methylKit-tile	499
methylKit-tile	499
methylKit-tile	499
methylKit-tile	499
methylKit-tile	499
methylKit-tile	499
methylKit-tile	499
methylKit-tile	499
methylKit-tile	499
methylKit-tile	499
methylKit-tile	499
methylKit-tile	499
methylKit-tile	499
methylKit-tile	499
methylKit-tile	499
methylKit-tile	499
methylKit-tile	499
methylKit-tile	499
methylKit-tile	499
methylKit-tile	499
methylKit-tile	499
methylKit-tile	499
methylKit-tile	499
methylKit-tile	499
methylKit-tile	499
methylKit-tile	499
methylKit-tile	499
methylKit-tile	499
methylKit-tile	499
methylKit-tile	499
methylKit-tile	499
methylKit-tile	499
methylKit-tile	499
methylKit-tile	499
methylKit-tile	499
methylKit-tile	499
methylKit-tile	499
methylKit-tile	499
methylKit-tile	499
methylKit-tile	499
methylKit-tile	499
methylKit-tile	499
methylKit-tile	499
methylKit-tile	499
methylKit-tile	499
methylKit-tile	499
methylKit-tile	499
methylKit-tile	499
methylKit-tile	499
methylKit-tile	499
methylKit-tile	499
methylKit-tile	499
methylKit-tile	499
methylKit-tile	499
methylKit-tile	499
methylKit-tile	499
methylKit-tile	499
methylKit-tile	499
methylKit-tile	499
methylKit-tile	499
methylKit-tile	499
methylKit-tile	499
methylKit-tile	499
methylKit-tile	499
methylKit-tile	499
methylKit-tile	499
methylKit-tile	499
methylKit-tile	499
methylKit-tile	499
methylKit-tile	499
methylKit-tile	499
methylKit-tile	499
methylKit-tile	499
methylKit-tile	499
methylKit-tile	499
methylKit-tile	499
methylKit-tile	499
methylKit-tile	499
methylKit-tile	499
methylKit-tile	499
methylKit-tile	499
methylKit-tile	499
methylKit-tile	499
methylKit-tile	499
methylKit-tile	499
methylKit-tile	499
methylKit-tile	499
methylKit-tile	499
methylKit-tile	499
methylKit-tile	499
methylKit-tile	499
methylKit-tile	499
methylKit-tile	499
methylKit-tile	499
methylKit-tile	499
methylKit-tile	499
methylKit-tile	499
methylKit-tile	499
methylKit-tile	499
methylKit-tile	499
methylKit-tile	499
methylKit-tile	499
methylKit-tile	499
methylKit-tile	499
methylKit-tile	499
methylKit-tile	499
methylKit-tile	499
methylKit-tile	499
methylKit-tile	499
methylKit-tile	499
methylKit-tile	499
methylKit-tile	499
methylKit-tile	499
methylKit-tile	499
methylKit-tile	499
methylKit-tile	499
methylKit-tile	499
methylKit-tile	499
methylKit-tile	499
methylKit-tile	499
methylKit-tile	499
methylKit-tile	499
methylKit-tile	499
methylKit-tile	499
methylKit-tile	499
methylKit-tile	499
methylKit-tile	499
methylKit-tile	499
methylKit-tile	499
methylKit-tile	499
methylKit-tile	499
methylKit-tile	499
methylKit-tile	499
methylKit-tile	499
methylKit-tile	499
methylKit-tile	499
methylKit-tile	499
methylKit-tile	499
methylKit-tile	499
methylKit-tile	499
methylKit-tile	499
methylKit-tile	499
methylKit-tile	499
methylKit-tile	499
methylKit-tile	499
methylKit-tile	499
methylKit-tile	499
methylKit-tile	499
methylKit-tile	499
methylKit-tile	499
methylKit-tile	499
methylKit-tile	499
methylKit-tile	499
methylKit-tile	499
methylKit-tile	499
methylKit-tile	499
methylKit-tile	499
methylKit-tile	499
methylKit-tile	499
methylKit-tile	499
methylKit-tile	499
methylKit-tile	499
methylKit-tile	499
methylKit-tile	499
methylKit-tile	499
methylKit-tile	499
methylKit-tile	499
methylKit-tile	499
methylKit-tile	499
methylKit-tile	499
methylKit-tile	499
methylKit-tile	499
methylKit-tile	499
methylKit-tile	499
methylKit-tile	499
methylKit-tile	499
methylKit-tile	499
methylKit-tile	499
methylKit-tile	499
methylKit-tile	499
methylKit-tile	499
methylKit-tile	499
methylKit-tile	499
methylKit-tile	499
methylKit-tile	499
methylKit-tile	499
methylKit-tile	499
methylKit-tile	499
methylKit-tile	499
methylKit-tile	499
methylKit-tile	499
methylKit-tile	499
methylKit-tile	499
methylKit-tile	499
methylKit-tile	499
methylKit-tile	499
methylKit-tile	499
methylKit-tile	499
methylKit-tile	499
methylKit-tile	499
methylKit-tile	499
methylKit-tile	499
methylKit-tile	499
methylKit-tile	499
methylKit-tile	499
methylKit-tile	499
methylKit-tile	499
methylKit-tile	499
methylKit-tile	499
methylKit-tile	499
methylKit-tile	499
methylKit-tile	499
methylKit-tile	499
methylKit-tile	499
methylKit-tile	499
methylKit-tile	499
methylKit-tile	499
methylKit-tile	499
methylKit-tile	499
methylKit-tile	499
methylKit-tile	499
methylKit-tile	499
methylKit-tile	499
methylKit-tile	499
methylKit-tile	499
methylKit-tile	499
methylKit-tile	499
methylKit-tile	499
methylKit-tile	499
methylKit-tile	499
methylKit-tile	499
methylKit-tile	499
methylKit-tile	499
methylKit-tile	499
methylKit-tile	499
methylKit-tile	499
methylKit-tile	499
methylKit-tile	499
methylKit-tile	499
methylKit-tile	499
methylKit-tile	499
methylKit-tile	499
methylKit-tile	499
methylKit-tile	499
methylKit-tile	499
methylKit-tile	499
methylKit-tile	499
methylKit-tile	499
methylKit-tile	499
methylKit-tile	499
methylKit-tile	499
methylKit-tile	499
methylKit-tile	499
methylKit-tile	499
methylKit-tile	499
methylKit-tile	499
methylKit-tile	499
methylKit-tile	499
methylKit-tile	499
methylKit-tile	499
methylKit-tile	499
methylKit-tile	499
methylKit-tile	499
methylKit-tile	499
methylKit-tile	499
methylKit-tile	499
methylKit-tile	499
methylKit-tile	499
methylKit-tile	499
methylKit-tile	499
methylKit-tile	499
methylKit-tile	499
methylKit-tile	499
methylKit-tile	499
methylKit-tile	499
methylKit-tile	499
methylKit-tile	499
methylKit-tile	499
methylKit-tile	499
methylKit-tile	499
methylKit-tile	499
methylKit-tile	499
methylKit-tile	499
methylKit-tile	499
methylKit-tile	499
methylKit-tile	499
methylKit-tile	499
methylKit-tile	499
methylKit-tile	499
methylKit-tile	499
methylKit-tile	499
methylKit-tile	499
methylKit-tile	499
methylKit-tile	499
methylKit-tile	499
methylKit-tile	499
methylKit-tile	499
methylKit-tile	499
methylKit-tile	499
methylKit-tile	499
methylKit-tile	499
methylKit-tile	499
methylKit-tile	499
methylKit-tile	499
methylKit-tile	499
methylKit-tile	499
methylKit-tile	499
methylKit-tile	499
methylKit-tile	499
methylKit-tile	499
methylKit-tile	499
methylKit-tile	499
methylKit-tile	499
methylKit-tile	499
methylKit-tile	499
methylKit-tile	499
methylKit-tile	499
methylKit-tile	499
methylKit-tile	499
methylKit-tile	499
methylKit-tile	499
methylKit-tile	499
methylKit-tile	499
methylKit-tile	499
methylKit-tile	499
methylKit-tile	499
methylKit-tile	499
methylKit-tile	499
methylKit-tile	499
methylKit-tile	499
methylKit-tile	499
methylKit-tile	499
methylKit-tile	499
methylKit-tile	499
methylKit-tile	499
methylKit-tile	499
methylKit-tile	499
methylKit-tile	499
methylKit-tile	499
methylKit-tile	499
methylKit-tile	499
methylKit-tile	499
methylKit-tile	499
methylKit-tile	499
methylKit-tile	499
methylKit-tile	499
methylKit-tile	499
methylKit-tile	499
methylKit-tile	499
methylKit-tile	499
methylKit-tile	499
methylKit-tile	499
methylKit-tile	499
methylKit-tile	499
methylKit-tile	499
methylKit-tile	499
methylKit-tile	499
methylKit-tile	499
methylKit-tile	499
methylKit-tile	499
methylKit-tile	499
methylKit-tile	499
methylKit-tile	499
methylKit-tile	499
methylKit-tile	499
methylKit-tile	499
methylKit-tile	499
methylKit-tile	499
methylKit-tile	499
methylKit-tile	499
methylKit-tile	499
methylKit-tile	499
methylKit-tile	499
methylKit-tile	499
methylKit-tile	499
methylKit-tile	499
methylKit-tile	499
methylKit-tile	499
methylKit-tile	499
methylKit-tile	499
methylKit-tile	499
methylKit-tile	499
methylKit-tile	499
methylKit-tile	499
methylKit-tile	499
methylKit-tile	499
methylKit-tile	499
methylKit-tile	499
methylKit-tile	499
methylKit-tile	499
methylKit-tile	499
methylKit-tile	499
methylKit-tile	499
methylKit-tile	499
methylKit-tile	499
methylKit-tile	499
methylKit-tile	499
methylKit-tile	499
methylKit-tile	499
methylKit-tile	499
methylKit-tile	499
methylKit-tile	499
methylKit-tile	499
methylKit-tile	499
methylKit-tile	499
methylKit-tile	499
methylKit-tile	499
methylKit-tile	499
methylKit-tile	499
methylKit-tile	499
methylKit-tile	499
methylKit-tile	499
methylKit-tile	499
methylKit-tile	499
methylKit-tile	499
methylKit-tile	499
methylKit-tile	499
methylKit-tile	499
methylKit-tile	499
methylKit-tile	499
methylKit-tile	499
methylKit-tile	499
methylKit-tile	499
methylKit-tile	499
methylKit-tile	499
methylKit-tile	499
methylKit-tile	499
methylKit-tile	499
methylKit-tile	499
methylKit-tile	499
methylKit-tile	499
methylKit-tile	499
methylKit-tile	499
methylKit-tile	499
methylKit-tile	499
methylKit-tile	499
methylKit-tile	499
methylKit-tile	499
methylKit-tile	499
methylKit-tile	499
methylKit-tile	499
methylKit-tile	499
methylKit-tile	499
methylKit-tile	499
methylKit-tile	499
methylKit-tile	499
methylKit-tile	499
methylKit-tile	499
methylKit-tile	499
methylKit-tile	499
methylKit-tile	499
methylKit-tile	499
methylKit-tile	499
methylKit-tile	499
methylKit-tile	499
methylKit-tile	499
methylKit-tile	499
methylKit-tile	499
methylKit-tile	499
methylKit-tile	499
methylKit-tile	499
methylKit-tile	499
methylKit-tile	499
methylKit-tile	499
methylKit-tile	499
methylKit-tile	499
methylKit-tile	499
methylKit-tile	499
methylKit-tile	499
methylKit-tile	499
methylKit-tile	499
methylKit-tile	499
methylKit-tile	499
methylKit-tile	499
methylKit-tile	499
methylKit-tile	499
methylKit-tile	499
methylKit-tile	499
methylKit-tile	499
methylKit-tile	499
methylKit-tile	499
methylKit-tile	499
methylKit-tile	499
methylKit-tile	499
methylKit-tile	499
methylKit-tile	499
methylKit-tile	499
methylKit-tile	499
methylKit-tile	499
methylKit-tile	499
methylKit-tile	499
methylKit-tile	499
methylKit-tile	499
methylKit-tile	499
methylKit-tile	499
methylKit-tile	499
methylKit-tile	499
methylKit-tile	499
methylKit-tile	499
methylKit-tile	499
methylKit-tile	499
methylKit-tile	499
methylKit-tile	499
methylKit-tile	499
methylKit-tile	499
methylKit-tile	499
methylKit-tile	499
methylKit-tile	499
methylKit-tile	499
methylKit-tile	499
methylKit-tile	499
methylKit-tile	499
methylKit-tile	499
methylKit-tile	499
methylKit-tile	499
methylKit-tile	499
methylKit-tile	499
methylKit-tile	499
methylKit-tile	499
methylKit-tile	499
methylKit-tile	499
methylKit-tile	499
methylKit-tile	499
methylKit-tile	499
methylKit-tile	499
methylKit-tile	499
methylKit-tile	499
methylKit-tile	499
methylKit-tile	499
methylKit-tile	499
methylKit-tile	499
methylKit-tile	499
methylKit-tile	499
methylKit-tile	499
methylKit-tile	499
methylKit-tile	499
methylKit-tile	499
methylKit-tile	499
methylKit-tile	499
methylKit-tile	499
methylKit-tile	499
methylKit-tile	499
methylKit-tile	499
methylKit-tile	499
methylKit-tile	499
methylKit-tile	499
methylKit-tile	499
methylKit-tile	499
methylKit-tile	499
methylKit-tile	499
methylKit-tile	499
methylKit-tile	499
methylKit-tile	499
methylKit-tile	499
methylKit-tile	499
methylKit-tile	499
methylKit-tile	499
methylKit-tile	499
methylKit-tile	499
methylKit-tile	499
methylKit-tile	499
methylKit-tile	499
methylKit-tile	499
methylKit-tile	499
methylKit-tile	499
methylKit-tile	499
methylKit-tile	499
methylKit-tile	499
methylKit-tile	499
methylKit-tile	499
methylKit-tile	499
methylKit-tile	499
methylKit-tile	499
methylKit-tile	499
methylKit-tile	499
methylKit-tile	499
methylKit-tile	499
methylKit-tile	499
methylKit-tile	499
methylKit-tile	499
methylKit-tile	499
methylKit-tile	499
methylKit-tile	499
methylKit-tile	499
methylKit-tile	499
methylKit-tile	499
methylKit-tile	499
methylKit-tile	499
methylKit-tile	499
methylKit-tile	499
methylKit-tile	499
methylKit-tile	499
methylKit-tile	499
methylKit-tile	499
methylKit-tile	499
methylKit-tile	499
methylKit-tile	499
methylKit-tile	499
methylKit-tile	499
methylKit-tile	499
methylKit-tile	499
methylKit-tile	499
methylKit-tile	499
methylKit-tile	499
methylKit-tile	499
methylKit-tile	499
methylKit-tile	499
methylKit-tile	499
methylKit-tile	499
methylKit-tile	499
methylKit-tile	499
methylKit-tile	499
methylKit-tile	499
methylKit-tile	499
methylKit-tile	499
methylKit-tile	499
methylKit-tile	499
methylKit-tile	499
methylKit-tile	499
methylKit-tile	499
methylKit-tile	499
methylKit-tile	499
methylKit-tile	499
methylKit-tile	499
methylKit-tile	499
methylKit-tile	499
methylKit-tile	499
methylKit-tile	499
methylKit-tile	499
methylKit-tile	499
methylKit-tile	499
methylKit-tile	499
methylKit-tile	499
methylKit-tile	499
methylKit-tile	499
methylKit-tile	499
methylKit-tile	499
methylKit-tile	499
methylKit-tile	499
methylKit-tile	499
methylKit-tile	499
methylKit-tile	499
methylKit-tile	499
methylKit-tile	499
methylKit-tile	499
methylKit-tile	499
methylKit-tile	499
methylKit-tile	499
methylKit-tile	499
methylKit-tile	499
methylKit-tile	499
methylKit-tile	499
methylKit-tile	499
methylKit-tile	499
methylKit-tile	499
methylKit-tile	499
methylKit-tile	499
methylKit-tile	499
methylKit-tile	499
methylKit-tile	499
methylKit-tile	499
methylKit-tile	499
methylKit-tile	499
methylKit-tile	499
methylKit-tile	499
methylKit-tile	499
methylKit-tile	499
methylKit-tile	499
methylKit-tile	499
methylKit-tile	499
methylKit-tile	499
methylKit-tile	499
methylKit-tile	499
methylKit-tile	499
methylKit-tile	499
methylKit-tile	499
methylKit-tile	499
methylKit-tile	499
methylKit-tile	499
methylKit-tile	499
methylKit-tile	499
methylKit-tile	499
methylKit-tile	499
methylKit-tile	499
methylKit-tile	499
methylKit-tile	499
methylKit-tile	499
methylKit-tile	499
methylKit-tile	499
methylKit-tile	499
methylKit-tile	499
methylKit-tile	499
methylKit-tile	499
methylKit-tile	499
methylKit-tile	499
methylKit-tile	499
methylKit-tile	499
methylKit-tile	499
methylKit-tile	499
methylKit-tile	499
methylKit-tile	499
methylKit-tile	499
methylKit-tile	499
methylKit-tile	499
methylKit-tile	499
methylKit-tile	499
methylKit-tile	499
methylKit-tile	499
methylKit-tile	499
methylKit-tile	499
methylKit-tile	499
methylKit-tile	499
methylKit-tile	499
methylKit-tile	499
methylKit-tile	499
methylKit-tile	499
methylKit-tile	499
methylKit-tile	499
methylKit-tile	499
methylKit-tile	499
methylKit-tile	499
methylKit-tile	499
methylKit-tile	499
methylKit-tile	499
methylKit-tile	499
methylKit-tile	499
methylKit-tile	499
methylKit-tile	499
methylKit-tile	499
methylKit-tile	499
methylKit-tile	499
methylKit-tile	499
methylKit-tile	499
methylKit-tile	499
methylKit-tile	499
methylKit-tile	499
methylKit-tile	499
methylKit-tile	499
methylKit-tile	499
methylKit-tile	499
methylKit-tile	499
methylKit-tile	499
methylKit-tile	499
methylKit-tile	499
methylKit-tile	499
methylKit-tile	499
methylKit-tile	499
methylKit-tile	499
methylKit-tile	499
methylKit-tile	499
methylKit-tile	499
methylKit-tile	499
methylKit-tile	499
methylKit-tile	499
methylKit-tile	499
methylKit-tile	499
methylKit-tile	499
methylKit-tile	499
methylKit-tile	499
methylKit-tile	499
methylKit-tile	499
methylKit-tile	499
methylKit-tile	499
methylKit-tile	499
methylKit-tile	499
methylKit-tile	499
methylKit-tile	499
methylKit-tile	499
methylKit-tile	499
methylKit-tile	499
methylKit-tile	499
methylKit-tile	499
methylKit-tile	499
methylKit-tile	499
methylKit-tile	499
methylKit-tile	499
methylKit-tile	499
methylKit-tile	499
methylKit-tile	499
methylKit-tile	499
methylKit-tile	499
methylKit-tile	499
methylKit-tile	499
methylKit-tile	499
methylKit-tile	499
methylKit-tile	499
methylKit-tile	499
methylKit-tile	499
methylKit-tile	499
methylKit-tile	499
methylKit-tile	499
methylKit-tile	499
methylKit-tile	499
methylKit-tile	499
methylKit-tile	499
methylKit-tile	499
methylKit-tile	499
methylKit-tile	499
methylKit-tile	499
methylKit-tile	499
methylKit-tile	499
methylKit-tile	499
methylKit-tile	499
methylKit-tile	499
methylKit-tile	499
methylKit-tile	499
methylKit-tile	499
methylKit-tile	499
methylKit-tile	499
methylKit-tile	499
methylKit-tile	499
methylKit-tile	499
methylKit-tile	499
methylKit-tile	499
methylKit-tile	499
methylKit-tile	499
methylKit-tile	499
methylKit-tile	499
methylKit-tile	499
methylKit-tile	499
methylKit-tile	499
methylKit-tile	499
methylKit-tile	499
methylKit-tile	499
methylKit-tile	499
methylKit-tile	499
methylKit-tile	499
methylKit-tile	499
methylKit-tile	499
methylKit-tile	499
methylKit-tile	499
methylKit-tile	499
methylKit-tile	499
methylKit-tile	499
methylKit-tile	499
methylKit-tile	499
methylKit-tile	499
methylKit-tile	499
methylKit-tile	499
methylKit-tile	499
methylKit-tile	499
methylKit-tile	499
methylKit-tile	499
methylKit-tile	499
methylKit-tile	499
methylKit-tile	499
methylKit-tile	499
methylKit-tile	499
methylKit-tile	499
methylKit-tile	499
methylKit-tile	499
methylKit-tile	499
methylKit-tile	499
methylKit-tile	499
methylKit-tile	499
methylKit-tile	499
methylKit-tile	499
methylKit-tile	499
methylKit-tile	499
methylKit-tile	499
methylKit-tile	499
methylKit-tile	499
methylKit-tile	499
methylKit-tile	499
methylKit-tile	499
methylKit-tile	499
methylKit-tile	499
methylKit-tile	499
methylKit-tile	499
methylKit-tile	499
methylKit-tile	499
methylKit-tile	499
methylKit-tile	499
methylKit-tile	499
methylKit-tile	499
methylKit-tile	499
methylKit-tile	499
methylKit-tile	499
methylKit-tile	499
methylKit-tile	499
methylKit-tile	499
methylKit-tile	499
methylKit-tile	499
methylKit-tile	499
methylKit-tile	499
methylKit-tile	499
methylKit-tile	499
methylKit-tile	499
methylKit-tile	499
methylKit-tile	499
methylKit-tile	499
methylKit-tile	499
methylKit-tile	499
methylKit-tile	499
methylKit-tile	499
methylKit-tile	499
methylKit-tile	499
methylKit-tile	499
methylKit-tile	499
methylKit-tile	499
methylKit-tile	499
methylKit-tile	499
methylKit-tile	499
methylKit-tile	499
methylKit-tile	499
methylKit-tile	499
methylKit-tile	499
methylKit-tile	499
methylKit-tile	499
methylKit-tile	499
methylKit-tile	499
methylKit-tile	499
methylKit-tile	499
methylKit-tile	499
methylKit-tile	499
methylKit-tile	499
methylKit-tile	499
methylKit-tile	499
methylKit-tile	499
methylKit-tile	499
methylKit-tile	499
methylKit-tile	499
methylKit-tile	499
methylKit-tile	499
methylKit-tile	499
methylKit-tile	499
methylKit-tile	499
methylKit-tile	499
methylKit-tile	499
methylKit-tile	499
methylKit-tile	499
methylKit-tile	499
methylKit-tile	499
methylKit-tile	499
methylKit-tile	499
methylKit-tile	499
methylKit-tile	499
methylKit-tile	499
methylKit-tile	499
methylKit-tile	499
methylKit-tile	499
methylKit-tile	499
methylKit-tile	499
methylKit-tile	499
methylKit-tile	499
methylKit-tile	499
methylKit-tile	499
methylKit-tile	499
methylKit-tile	499
methylKit-tile	499
methylKit-tile	499
methylKit-tile	499
methylKit-tile	499
methylKit-tile	499
methylKit-tile	499
methylKit-tile	499
methylKit-tile	499
methylKit-tile	499
methylKit-tile	499
methylKit-tile	499
methylKit-tile	499
methylKit-tile	499
methylKit-tile	499
methylKit-tile	499
methylKit-tile	499
methylKit-tile	499
methylKit-tile	499
methylKit-tile	499
methylKit-tile	499
methylKit-tile	499
methylKit-tile	499
methylKit-tile	499
methylKit-tile	499
methylKit-tile	499
methylKit-tile	499
methylKit-tile	499
methylKit-tile	499
methylKit-tile	499
methylKit-tile	499
methylKit-tile	499
methylKit-tile	499
methylKit-tile	499
methylKit-tile	499
methylKit-tile	499
methylKit-tile	499
methylKit-tile	499
methylKit-tile	499
methylKit-tile	499
methylKit-tile	499
methylKit-tile	499
methylKit-tile	499
methylKit-tile	499
methylKit-tile	499
methylKit-tile	499
methylKit-tile	499
methylKit-tile	499
methylKit-tile	499
methylKit-tile	499
methylKit-tile	499
methylKit-tile	499
methylKit-tile	499
methylKit-tile	499
methylKit-tile	499
methylKit-tile	499
methylKit-tile	499
methylKit-tile	499
methylKit-tile	499
methylKit-tile	499
methylKit-tile	499
methylKit-tile	499
methylKit-tile	499
methylKit-tile	499
methylKit-tile	499
methylKit-tile	499
methylKit-tile	499
methylKit-tile	499
methylKit-tile	499
methylKit-tile	499
methylKit-tile	499
methylKit-tile	499
methylKit-tile	499
methylKit-tile	499
methylKit-tile	499
methylKit-tile	499
methylKit-tile	499
methylKit-tile	499
methylKit-tile	499
methylKit-tile	499
methylKit-tile	499
methylKit-tile	499
methylKit-tile	499
methylKit-tile	499
methylKit-tile	499
methylKit-tile	499
methylKit-tile	499
methylKit-tile	499
methylKit-tile	499
methylKit-tile	499
methylKit-tile	499
methylKit-tile	499
methylKit-tile	499
methylKit-tile	499
methylKit-tile	499
methylKit-tile	499
methylKit-tile	499
methylKit-tile	499
methylKit-tile	499
methylKit-tile	499
methylKit-tile	499
methylKit-tile	499
methylKit-tile	499
methylKit-tile	499
methylKit-tile	499
methylKit-tile	499
methylKit-tile	499
methylKit-tile	499
methylKit-tile	499
methylKit-tile	499
methylKit-tile	499
methylKit-tile	499
methylKit-tile	499
methylKit-tile	499
methylKit-tile	499
methylKit-tile	499
methylKit-tile	499
methylKit-tile	499
methylKit-tile	499
methylKit-tile	499
methylKit-tile	499
methylKit-tile	499
methylKit-tile	499
methylKit-tile	499
methylKit-tile	499
methylKit-tile	499
methylKit-tile	499
methylKit-tile	499
methylKit-tile	499
methylKit-tile	499
methylKit-tile	499
methylKit-tile	499
methylKit-tile	499
methylKit-tile	499
methylKit-tile	499
methylKit-tile	499
methylKit-tile	499
methylKit-tile	499
methylKit-tile	499
methylKit-tile	499
methylKit-tile	499
methylKit-tile	499
methylKit-tile	499
methylKit-tile	499
methylKit-tile	499
methylKit-tile	499
methylKit-tile	499
methylKit-tile	499
methylKit-tile	499
methylKit-tile	499
methylKit-tile	499
methylKit-tile	499
methylKit-tile	499
methylKit-tile	499
methylKit-tile	499
methylKit-tile	499
methylKit-tile	499
methylKit-tile	499
methylKit-tile	499
methylKit-tile	499
methylKit-tile	499
methylKit-tile	499
methylKit-tile	499
methylKit-tile	499
methylKit-tile	499
methylKit-tile	499
methylKit-tile	499
methylKit-tile	499
methylKit-tile	499
methylKit-tile	499
methylKit-tile	499
methylKit-tile	499
methylKit-tile	499
methylKit-tile	499
methylKit-tile	499
methylKit-tile	499
methylKit-tile	499
methylKit-tile	499
methylKit-tile	499
methylKit-tile	499
methylKit-tile	499
methylKit-tile	499
methylKit-tile	499
methylKit-tile	499
methylKit-tile	499
methylKit-tile	499
methylKit-tile	499
methylKit-tile	499
methylKit-tile	499
methylKit-tile	499
methylKit-tile	499
methylKit-tile	499
methylKit-tile	499
methylKit-tile	499
methylKit-tile	499
methylKit-tile	499
methylKit-tile	499
methylKit-tile	499
methylKit-tile	499
methylKit-tile	499
methylKit-tile	499
methylKit-tile	499
methylKit-tile	499
methylKit-tile	499
methylKit-tile	499
methylKit-tile	499
methylKit-tile	499
methylKit-tile	499
methylKit-tile	499
methylKit-tile	499
methylKit-tile	499
methylKit-tile	499
methylKit-tile	499
methylKit-tile	499
methylKit-tile	499
methylKit-tile	499
methylKit-tile	499
methylKit-tile	499
methylKit-tile	499
methylKit-tile	499
methylKit-tile	499
methylKit-tile	499
methylKit-tile	499
methylKit-tile	499
methylKit-tile	499
methylKit-tile	499
methylKit-tile	499
methylKit-tile	499
methylKit-tile	499
methylKit-tile	499
methylKit-tile	499
methylKit-tile	499
methylKit-tile	499
methylKit-tile	499
methylKit-tile	499
methylKit-tile	499
methylKit-tile	499
methylKit-tile	499
methylKit-tile	499
methylKit-tile	499
methylKit-tile	499
methylKit-tile	499
methylKit-tile	499
methylKit-tile	499
methylKit-tile	499
methylKit-tile	499
methylKit-tile	499
methylKit-tile	499
methylKit-tile	499
methylKit-tile	499
methylKit-tile	499
methylKit-tile	499
methylKit-tile	499
methylKit-tile	499
methylKit-tile	499
methylKit-tile	499
methylKit-tile	499
methylKit-tile	499
methylKit-tile	499
methylKit-tile	499
methylKit-tile	499
methylKit-tile	499
methylKit-tile	499
methylKit-tile	499
methylKit-tile	499
methylKit-tile	499
methylKit-tile	499
methylKit-tile	499
methylKit-tile	499
methylKit-tile	499
methylKit-tile	499
methylKit-tile	499
methylKit-tile	499
methylKit-tile	499
methylKit-tile	499
methylKit-tile	499
methylKit-tile	499
methylKit-tile	499
methylKit-tile	499
methylKit-tile	499
methylKit-tile	499
methylKit-tile	499
methylKit-tile	499
methylKit-tile	499
methylKit-tile	499
methylKit-tile	499
methylKit-tile	499
methylKit-tile	499
methylKit-tile	499
methylKit-tile	499
methylKit-tile	499
methylKit-tile	499
methylKit-tile	499
methylKit-tile	499
methylKit-tile	499
methylKit-tile	499
methylKit-tile	499
methylKit-tile	499
methylKit-tile	499
methylKit-tile	499
methylKit-tile	499
methylKit-tile	499
methylKit-tile	499
methylKit-tile	499
methylKit-tile	499
methylKit-tile	499
methylKit-tile	499
methylKit-tile	499
methylKit-tile	499
methylKit-tile	499
methylKit-tile	499
methylKit-tile	499
methylKit-tile	499
methylKit-tile	499
methylKit-tile	499
methylKit-tile	499
methylKit-tile	499
methylKit-tile	499
methylKit-tile	499
methylKit-tile	499
methylKit-tile	499
methylKit-tile	499
methylKit-tile	499
methylKit-tile	499
methylKit-tile	499
methylKit-tile	499
methylKit-tile	499
methylKit-tile	499
methylKit-tile	499
methylKit-tile	499
methylKit-tile	499
methylKit-tile	499
methylKit-tile	499
methylKit-tile	499
methylKit-tile	499
methylKit-tile	499
methylKit-tile	499
methylKit-tile	499
methylKit-tile	499
methylKit-tile	499
methylKit-tile	499
methylKit-tile	499
methylKit-tile	499
methylKit-tile	499
methylKit-tile	499
methylKit-tile	499
methylKit-tile	499
methylKit-tile	499
methylKit-tile	499
methylKit-tile	499
methylKit-tile	499
methylKit-tile	499
methylKit-tile	499
methylKit-tile	499
methylKit-tile	499
methylKit-tile	499
methylKit-tile	499
methylKit-tile	499
methylKit-tile	499
methylKit-tile	499
methylKit-tile	499
methylKit-tile	499
methylKit-tile	499
methylKit-tile	499
methylKit-tile	499
methylKit-tile	499
methylKit-tile	499
methylKit-tile	499
methylKit-tile	499
methylKit-tile	499
methylKit-tile	499
methylKit-tile	499
methylKit-tile	499
methylKit-tile	499
methylKit-tile	499
methylKit-tile	499
methylKit-tile	499
methylKit-tile	499
methylKit-tile	499
methylKit-tile	499
methylKit-tile	499
methylKit-tile	499
methylKit-tile	499
methylKit-tile	499
methylKit-tile	499
methylKit-tile	499
methylKit-tile	499
methylKit-tile	499
methylKit-tile	499
methylKit-tile	499
methylKit-tile	499
methylKit-tile	499
methylKit-tile	499
methylKit-tile	499
methylKit-tile	499
methylKit-tile	499
methylKit-tile	499
methylKit-tile	499
methylKit-tile	499
methylKit-tile	499
methylKit-tile	499
methylKit-tile	499
methylKit-tile	499
methylKit-tile	499
methylKit-tile	499
methylKit-tile	499
methylKit-tile	499
methylKit-tile	499
methylKit-tile	499
methylKit-tile	499
methylKit-tile	499
methylKit-tile	499
methylKit-tile	499
methylKit-tile	499
methylKit-tile	499
methylKit-tile	499
methylKit-tile	499
methylKit-tile	499
methylKit-tile	499
methylKit-tile	499
methylKit-tile	499
methylKit-tile	499
methylKit-tile	499
methylKit-tile	499
methylKit-tile	499
methylKit-tile	499
methylKit-tile	499
methylKit-tile	499
methylKit-tile	499
methylKit-tile	499
methylKit-tile	499
methylKit-tile	499
methylKit-tile	499
methylKit-tile	499
methylKit-tile	499
methylKit-tile	499
methylKit-tile	499
methylKit-tile	499
methylKit-tile	499
methylKit-tile	499
methylKit-tile	499
methylKit-tile	499
methylKit-tile	499
methylKit-tile	499
methylKit-tile	499
methylKit-tile	499
methylKit-tile	499
methylKit-tile	499
methylKit-tile	499
methylKit-tile	499
methylKit-tile	499
methylKit-tile	499
methylKit-tile	499
methylKit-tile	499
methylKit-tile	499
methylKit-tile	499
methylKit-tile	499
methylKit-tile	499
methylKit-tile	499
methylKit-tile	499
methylKit-tile	499
methylKit-tile	499
methylKit-tile	499
methylKit-tile	499
methylKit-tile	499
methylKit-tile	499
methylKit-tile	499
methylKit-tile	499
methylKit-tile	499
methylKit-tile	499
methylKit-tile	499
methylKit-tile	499
methylKit-tile	499
methylKit-tile	499
methylKit-tile	499
methylKit-tile	499
methylKit-tile	499
methylKit-tile	499
methylKit-tile	499
methylKit-tile	499
methylKit-tile	499
methylKit-tile	499
methylKit-tile	499
methylKit-tile	499
methylKit-tile	499
methylKit-tile	499
methylKit-tile	499
methylKit-tile	499
methylKit-tile	499
methylKit-tile	499
methylKit-tile	499
methylKit-tile	499
methylKit-tile	499
methylKit-tile	499
methylKit-tile	499
methylKit-tile	499
methylKit-tile	499
methylKit-tile	499
methylKit-tile	499
methylKit-tile	499
methylKit-tile	499
methylKit-tile	499
methylKit-tile	499
methylKit-tile	499
methylKit-tile	499
methylKit-tile	499
methylKit-tile	499
methylKit-tile	499
methylKit-tile	499
methylKit-tile	499
methylKit-tile	499
methylKit-tile	499
methylKit-tile	499
methylKit-tile	499
methylKit-tile	499
methylKit-tile	499
methylKit-tile	499
methylKit-tile	499
methylKit-tile	499
methylKit-tile	499
methylKit-tile	499
methylKit-tile	499
methylKit-tile	499
methylKit-tile	499
methylKit-tile	499
methylKit-tile	499
methylKit-tile	499
methylKit-tile	499
methylKit-tile	499
methylKit-tile	499
methylKit-tile	499
methylKit-tile	499
methylKit-tile	499
methylKit-tile	499
methylKit-tile	499
methylKit-tile	499
methylKit-tile	499
methylKit-tile	499
methylKit-tile	499
methylKit-tile	499
methylKit-tile	499
methylKit-tile	499
methylKit-tile	499
methylKit-tile	499
methylKit-tile	499
methylKit-tile	499
methylKit-tile	499
methylKit-tile	499
methylKit-tile	499
methylKit-tile	499
methylKit-tile	499
methylKit-tile	499
methylKit-tile	499
methylKit-tile	499
methylKit-tile	499
methylKit-tile	499
methylKit-tile	499
methylKit-tile	499
methylKit-tile	499
methylKit-tile	499
methylKit-tile	499
methylKit-tile	499
methylKit-tile	499
methylKit-tile	499
methylKit-tile	499
methylKit-tile	499
methylKit-tile	499
methylKit-tile	499
methylKit-tile	499
methylKit-tile	499
methylKit-tile	499
methylKit-tile	499
methylKit-tile	499
methylKit-tile	499
methylKit-tile	499
methylKit-tile	499
methylKit-tile	499
methylKit-tile	499
methylKit-tile	499
methylKit-tile	499
methylKit-tile	499
methylKit-tile	499
methylKit-tile	499
methylKit-tile	499
methylKit-tile	499
methylKit-tile	499
methylKit-tile	499
methylKit-tile	499
methylKit-tile	499
methylKit-tile	499
methylKit-tile	499
methylKit-tile	499
methylKit-tile	499
methylKit-tile	499
methylKit-tile	499
methylKit-tile	499
methylKit-tile	499
methylKit-tile	499
methylKit-tile	499
methylKit-tile	499
methylKit-tile	499
methylKit-tile	499
methylKit-tile	499
methylKit-tile	499
methylKit-tile	499
methylKit-tile	499
methylKit-tile	499
methylKit-tile	499
methylKit-tile	499
methylKit-tile	499
methylKit-tile	499
methylKit-tile	499
methylKit-tile	499
methylKit-tile	499
methylKit-tile	499
methylKit-tile	499
methylKit-tile	499
methylKit-tile	499
methylKit-tile	499
methylKit-tile	499
methylKit-tile	499
methylKit-tile	499
methylKit-tile	499
methylKit-tile	499
methylKit-tile	499
methylKit-tile	499
methylKit-tile	499
methylKit-tile	499
methylKit-tile	499
methylKit-tile	499
methylKit-tile	499
methylKit-tile	499
methylKit-tile	499
methylKit-tile	499
methylKit-tile	499
methylKit-tile	499
methylKit-tile	499
methylKit-tile	499
methylKit-tile	499
methylKit-tile	499
methylKit-tile	499
methylKit-tile	499
methylKit-tile	499
methylKit-tile	499
methylKit-tile	499
methylKit-tile	499
methylKit-tile	499
methylKit-tile	499
methylKit-tile	499
methylKit-tile	499
methylKit-tile	499
methylKit-tile	499
methylKit-tile	499
methylKit-tile	499
methylKit-tile	499
methylKit-tile	499
methylKit-tile	499
methylKit-tile	499
methylKit-tile	499
methylKit-tile	499
methylKit-tile	499
methylKit-tile	499
methylKit-tile	499
methylKit-tile	499
methylKit-tile	499
methylKit-tile	499
methylKit-tile	499
methylKit-tile	499
methylKit-tile	499
methylKit-tile	499
methylKit-tile	499
methylKit-tile	499
methylKit-tile	499
methylKit-tile	499
methylKit-tile	499
methylKit-tile	499
methylKit-tile	499
methylKit-tile	499
methylKit-tile	499
methylKit-tile	499
methylKit-tile	499
methylKit-tile	499
methylKit-tile	499
methylKit-tile	499
methylKit-tile	499
methylKit-tile	499
methylKit-tile	499
methylKit-tile	499
methylKit-tile	499
methylKit-tile	499
methylKit-tile	499
methylKit-tile	499
methylKit-tile	499
methylKit-tile	499
methylKit-tile	499
methylKit-tile	499
methylKit-tile	499
methylKit-tile	499
methylKit-tile	499
methylKit-tile	499
methylKit-tile	499
methylKit-tile	499
methylKit-tile	499
methylKit-tile	499
methylKit-tile	499
methylKit-tile	499
methylKit-tile	499
methylKit-tile	499
methylKit-tile	499
methylKit-tile	499
methylKit-tile	499
methylKit-tile	499
methylKit-tile	499
methylKit-tile	499
methylKit-tile	499
methylKit-tile	499
methylKit-tile	499
methylKit-tile	499
methylKit-tile	499
methylKit-tile	499
methylKit-tile	499
methylKit-tile	499
methylKit-tile	499
methylKit-tile	499
methylKit-tile	499
methylKit-tile	499
methylKit-tile	499
methylKit-tile	499
methylKit-tile	499
methylKit-tile	499
methylKit-tile	499
methylKit-tile	499
methylKit-tile	499
methylKit-tile	499
methylKit-tile	499
methylKit-tile	499
methylKit-tile	499
methylKit-tile	499
methylKit-tile	499
methylKit-tile	499
methylKit-tile	499
methylKit-tile	499
methylKit-tile	499
methylKit-tile	499
methylKit-tile	499
methylKit-tile	499
methylKit-tile	499
methylKit-tile	499
methylKit-tile	499
methylKit-tile	499
methylKit-tile	499
methylKit-tile	499
methylKit-tile	499
methylKit-tile	499
methylKit-tile	499
methylKit-tile	499
methylKit-tile	499
methylKit-tile	499
methylKit-tile	499
methylKit-tile	499
methylKit-tile	499
methylKit-tile	499
methylKit-tile	499
methylKit-tile	499
methylKit-tile	499
methylKit-tile	499
methylKit-tile	499
methylKit-tile	499
methylKit-tile	499
methylKit-tile	499
methylKit-tile	499
methylKit-tile	499
methylKit-tile	499
methylKit-tile	499
methylKit-tile	499
methylKit-tile	499
methylKit-tile	499
methylKit-tile	499
methylKit-tile	499
methylKit-tile	499
methylKit-tile	499
methylKit-tile	499
methylKit-tile	499
methylKit-tile	499
methylKit-tile	499
methylKit-tile	499
methylKit-tile	499
methylKit-tile	499
methylKit-tile	499
methylKit-tile	499
methylKit-tile	499
methylKit-tile	499
methylKit-tile	499
methylKit-tile	499
methylKit-tile	499
methylKit-tile	499
methylKit-tile	499
methylKit-tile	499
methylKit-tile	499
methylKit-tile	499
methylKit-tile	499
methylKit-tile	499
methylKit-tile	499
methylKit-tile	499
methylKit-tile	499
methylKit-tile	499
methylKit-tile	499
methylKit-tile	499
methylKit-tile	499
methylKit-tile	499
methylKit-tile	499
methylKit-tile	499
methylKit-tile	499
methylKit-tile	499
methylKit-tile	499
methylKit-tile	499
methylKit-tile	499
methylKit-tile	499
methylKit-tile	499
methylKit-tile	499
methylKit-tile	499
methylKit-tile	499
methylKit-tile	499
methylKit-tile	499
methylKit-tile	499
methylKit-tile	499
methylKit-tile	499
methylKit-tile	499
methylKit-tile	499
methylKit-tile	499
methylKit-tile	499
methylKit-tile	499
methylKit-tile	499
methylKit-tile	499
methylKit-tile	499
methylKit-tile	499
methylKit-tile	499
methylKit-tile	499
methylKit-tile	499
methylKit-tile	499
methylKit-tile	499
methylKit-tile	499
methylKit-tile	499
methylKit-tile	499
methylKit-tile	499
methylKit-tile	499
methylKit-tile	499
methylKit-tile	499
methylKit-tile	499
methylKit-tile	499
methylKit-tile	499
methylKit-tile	499
methylKit-tile	499
methylKit-tile	499
methylKit-tile	499
methylKit-tile	499
methylKit-tile	499
methylKit-tile	499
methylKit-tile	499
methylKit-tile	499
methylKit-tile	499
methylKit-tile	499
methylKit-tile	499
methylKit-tile	499
methylKit-tile	499
methylKit-tile	499
methylKit-tile	499
methylKit-tile	499
methylKit-tile	499
methylKit-tile	499
methylKit-tile	499
methylKit-tile	499
methylKit-tile	499
methylKit-tile	499
methylKit-tile	499
methylKit-tile	499
methylKit-tile	499
methylKit-tile	499
methylKit-tile	499
methylKit-tile	499
methylKit-tile	499
methylKit-tile	499
methylKit-tile	499
methylKit-tile	499
methylKit-tile	499
methylKit-tile	499
methylKit-tile	499
methylKit-tile	499
methylKit-tile	499
methylKit-tile	499
methylKit-tile	499
methylKit-tile	499
methylKit-tile	499
methylKit-tile	499
methylKit-tile	499
methylKit-tile	499
methylKit-tile	499
methylKit-tile	499
methylKit-tile	499
methylKit-tile	499
methylKit-tile	499
methylKit-tile	499
methylKit-tile	499
methylKit-tile	499
methylKit-tile	499
methylKit-tile	499
methylKit-tile	499
methylKit-tile	499
methylKit-tile	499
methylKit-tile	499
methylKit-tile	499
methylKit-tile	499
methylKit-tile	499
methylKit-tile	499
methylKit-tile	499
methylKit-tile	499
methylKit-tile	499
methylKit-tile	499
methylKit-tile	499
methylKit-tile	499
methylKit-tile	499
methylKit-tile	499
methylKit-tile	499
methylKit-tile	499
methylKit-tile	499
methylKit-tile	499
methylKit-tile	499
methylKit-tile	499
methylKit-tile	499
methylKit-tile	499
methylKit-tile	499
methylKit-tile	499
methylKit-tile	499
methylKit-tile	499
methylKit-tile	499
methylKit-tile	499
methylKit-tile	499
methylKit-tile	499
methylKit-tile	499
methylKit-tile	499
methylKit-tile	499
methylKit-tile	499
methylKit-tile	499
methylKit-tile	499
methylKit-tile	499
methylKit-tile	499
methylKit-tile	499
methylKit-tile	499
methylKit-tile	499
methylKit-tile	499
epykit-tile	500
epykit-tile	500
epykit-tile	500
epykit-tile	500
epykit-tile	500
epykit-tile	500
epykit-tile	500
epykit-tile	500
epykit-tile	500
epykit-tile	500
epykit-tile	500
epykit-tile	500
epykit-tile	500
epykit-tile	500
epykit-tile	500
epykit-tile	500
epykit-tile	500
epykit-tile	500
epykit-tile	500
epykit-tile	500
epykit-tile	500
epykit-tile	500
epykit-tile	500
epykit-tile	500
epykit-tile	500
epykit-tile	500
epykit-tile	500
epykit-tile	500
epykit-tile	500
epykit-tile	500
epykit-tile	500
epykit-tile	500
epykit-tile	500
epykit-tile	500
epykit-tile	500
epykit-tile	500
epykit-tile	500
epykit-tile	500
epykit-tile	500
epykit-tile	500
epykit-tile	500
epykit-tile	500
epykit-tile	500
epykit-tile	500
epykit-tile	500
epykit-tile	500
epykit-tile	500
epykit-tile	500
epykit-tile	500
epykit-tile	500
epykit-tile	500
epykit-tile	500
epykit-tile	500
epykit-tile	500
epykit-tile	500
epykit-tile	500
epykit-tile	500
epykit-tile	500
epykit-tile	500
epykit-tile	500
epykit-tile	500
epykit-tile	500
epykit-tile	500
epykit-tile	500
epykit-tile	500
epykit-tile	500
epykit-tile	500
epykit-tile	500
epykit-tile	500
epykit-tile	500
epykit-tile	500
epykit-tile	500
epykit-tile	500
epykit-tile	500
epykit-tile	500
epykit-tile	500
epykit-tile	500
epykit-tile	500
epykit-tile	500
epykit-tile	500
epykit-tile	500
epykit-tile	500
epykit-tile	500
epykit-tile	500
epykit-tile	500
epykit-tile	500
epykit-tile	500
epykit-tile	500
epykit-tile	500
epykit-tile	500
epykit-tile	500
epykit-tile	500
epykit-tile	500
epykit-tile	500
epykit-tile	500
epykit-tile	500
epykit-tile	500
epykit-tile	500
epykit-tile	500
epykit-tile	500
epykit-tile	500
epykit-tile	500
epykit-tile	500
epykit-tile	500
epykit-tile	500
epykit-tile	500
epykit-tile	500
epykit-tile	500
epykit-tile	500
epykit-tile	500
epykit-tile	500
epykit-tile	500
epykit-tile	500
epykit-tile	500
epykit-tile	500
epykit-tile	500
epykit-tile	500
epykit-tile	500
epykit-tile	500
epykit-tile	500
epykit-tile	500
epykit-tile	500
epykit-tile	500
epykit-tile	500
epykit-tile	500
epykit-tile	500
epykit-tile	500
epykit-tile	500
epykit-tile	500
epykit-tile	500
epykit-tile	500
epykit-tile	500
epykit-tile	500
epykit-tile	500
epykit-tile	500
epykit-tile	500
epykit-tile	500
epykit-tile	500
epykit-tile	500
epykit-tile	500
epykit-tile	500
epykit-tile	500
epykit-tile	500
epykit-tile	500
epykit-tile	500
epykit-tile	500
epykit-tile	500
epykit-tile	500
epykit-tile	500
epykit-tile	500
epykit-tile	500
epykit-tile	500
epykit-tile	500
epykit-tile	500
epykit-tile	500
epykit-tile	500
epykit-tile	500
epykit-tile	500
epykit-tile	500
epykit-tile	500
epykit-tile	500
epykit-tile	500
epykit-tile	500
epykit-tile	500
epykit-tile	500
epykit-tile	500
epykit-tile	500
epykit-tile	500
epykit-tile	500
epykit-tile	500
epykit-tile	500
epykit-tile	500
epykit-tile	500
epykit-tile	500
epykit-tile	500
epykit-tile	500
epykit-tile	500
epykit-tile	500
epykit-tile	500
epykit-tile	500
epykit-tile	500
epykit-tile	500
epykit-tile	500
epykit-tile	500
epykit-tile	500
epykit-tile	500
epykit-tile	500
epykit-tile	500
epykit-tile	500
epykit-tile	500
epykit-tile	500
epykit-tile	500
epykit-tile	500
epykit-tile	500
epykit-tile	500
epykit-tile	500
epykit-tile	500
epykit-tile	500
epykit-tile	500
epykit-tile	500
epykit-tile	500
epykit-tile	500
epykit-tile	500
epykit-tile	500
epykit-tile	500
epykit-tile	500
epykit-tile	500
epykit-tile	500
epykit-tile	500
epykit-tile	500
epykit-tile	500
epykit-tile	500
epykit-tile	500
epykit-tile	500
epykit-tile	500
epykit-tile	500
epykit-tile	500
epykit-tile	500
epykit-tile	500
epykit-tile	500
epykit-tile	500
epykit-tile	500
epykit-tile	500
epykit-tile	500
epykit-tile	500
epykit-tile	500
epykit-tile	500
epykit-tile	500
epykit-tile	500
epykit-tile	500
epykit-tile	500
epykit-tile	500
epykit-tile	500
epykit-tile	500
epykit-tile	500
epykit-tile	500
epykit-tile	500
epykit-tile	500
epykit-tile	500
epykit-tile	500
epykit-tile	500
epykit-tile	500
epykit-tile	500
epykit-tile	500
epykit-tile	500
epykit-tile	500
epykit-tile	500
epykit-tile	500
epykit-tile	500
epykit-tile	500
epykit-tile	500
epykit-tile	500
epykit-tile	500
epykit-tile	500
epykit-tile	500
epykit-tile	500
epykit-tile	500
epykit-tile	500
epykit-tile	500
epykit-tile	500
epykit-tile	500
epykit-tile	500
epykit-tile	500
epykit-tile	500
epykit-tile	500
epykit-tile	500
epykit-tile	500
epykit-tile	500
epykit-tile	500
epykit-tile	500
epykit-tile	500
epykit-tile	500
epykit-tile	500
epykit-tile	500
epykit-tile	500
epykit-tile	500
epykit-tile	500
epykit-tile	500
epykit-tile	500
epykit-tile	500
epykit-tile	500
epykit-tile	500
epykit-tile	500
epykit-tile	500
epykit-tile	500
epykit-tile	500
epykit-tile	500
epykit-tile	500
epykit-tile	500
epykit-tile	500
epykit-tile	500
epykit-tile	500
epykit-tile	500
epykit-tile	500
epykit-tile	500
epykit-tile	500
epykit-tile	500
epykit-tile	500
epykit-tile	500
epykit-tile	500
epykit-tile	500
epykit-tile	500
epykit-tile	500
epykit-tile	500
epykit-tile	500
epykit-tile	500
epykit-tile	500
epykit-tile	500
epykit-tile	500
epykit-tile	500
epykit-tile	500
epykit-tile	500
epykit-tile	500
epykit-tile	500
epykit-tile	500
epykit-tile	500
epykit-tile	500
epykit-tile	500
epykit-tile	500
epykit-tile	500
epykit-tile	500
epykit-tile	500
epykit-tile	500
epykit-tile	500
epykit-tile	500
epykit-tile	500
epykit-tile	500
epykit-tile	500
epykit-tile	500
epykit-tile	500
epykit-tile	500
epykit-tile	500
epykit-tile	500
epykit-tile	500
epykit-tile	500
epykit-tile	500
epykit-tile	500
epykit-tile	500
epykit-tile	500
epykit-tile	500
epykit-tile	500
epykit-tile	500
epykit-tile	500
epykit-tile	500
epykit-tile	500
epykit-tile	500
epykit-tile	500
epykit-tile	500
epykit-tile	500
epykit-tile	500
epykit-tile	500
epykit-tile	500
epykit-tile	500
epykit-tile	500
epykit-tile	500
epykit-tile	500
epykit-tile	500
epykit-tile	500
epykit-tile	500
epykit-tile	500
epykit-tile	500
epykit-tile	500
epykit-tile	500
epykit-tile	500
epykit-tile	500
epykit-tile	500
epykit-tile	500
epykit-tile	500
epykit-tile	500
epykit-tile	500
epykit-tile	500
epykit-tile	500
epykit-tile	500
epykit-tile	500
epykit-tile	500
epykit-tile	500
epykit-tile	500
epykit-tile	500
epykit-tile	500
epykit-tile	500
epykit-tile	500
epykit-tile	500
epykit-tile	500
epykit-tile	500
epykit-tile	500
epykit-tile	500
epykit-tile	500
epykit-tile	500
epykit-tile	500
epykit-tile	500
epykit-tile	500
epykit-tile	500
epykit-tile	500
epykit-tile	500
epykit-tile	500
epykit-tile	500
epykit-tile	500
epykit-tile	500
epykit-tile	500
epykit-tile	500
epykit-tile	500
epykit-tile	500
epykit-tile	500
epykit-tile	500
epykit-tile	500
epykit-tile	500
epykit-tile	500
epykit-tile	500
epykit-tile	500
epykit-tile	500
epykit-tile	500
epykit-tile	500
epykit-tile	500
epykit-tile	500
epykit-tile	500
epykit-tile	500
epykit-tile	500
epykit-tile	500
epykit-tile	500
epykit-tile	500
epykit-tile	500
epykit-tile	500
epykit-tile	500
epykit-tile	500
epykit-tile	500
epykit-tile	500
epykit-tile	500
epykit-tile	500
epykit-tile	500
epykit-tile	500
epykit-tile	500
epykit-tile	500
epykit-tile	500
epykit-tile	500
epykit-tile	500
epykit-tile	500
epykit-tile	500
epykit-tile	500
epykit-tile	500
epykit-tile	500
epykit-tile	500
epykit-tile	500
epykit-tile	500
epykit-tile	500
epykit-tile	500
epykit-tile	500
epykit-tile	500
epykit-tile	500
epykit-tile	500
epykit-tile	500
epykit-tile	500
epykit-tile	500
epykit-tile	500
epykit-tile	500
epykit-tile	500
epykit-tile	500
epykit-tile	500
epykit-tile	500
epykit-tile	500
epykit-tile	500
epykit-tile	500
epykit-tile	500
epykit-tile	500
epykit-tile	500
epykit-tile	500
epykit-tile	500
epykit-tile	500
epykit-tile	500
epykit-tile	500
epykit-tile	500
epykit-tile	500
epykit-tile	500
epykit-tile	500
epykit-tile	500
epykit-tile	500
epykit-tile	500
epykit-tile	500
epykit-tile	500
epykit-tile	500
epykit-tile	500
epykit-tile	500
epykit-tile	500
epykit-tile	500
epykit-tile	500
epykit-tile	500
epykit-tile	500
epykit-tile	500
epykit-tile	500
epykit-tile	500
epykit-tile	500
epykit-tile	500
epykit-tile	500
epykit-tile	500
epykit-tile	500
epykit-tile	500
epykit-tile	500
epykit-tile	500
epykit-tile	500
epykit-tile	500
epykit-tile	500
epykit-tile	500
epykit-tile	500
epykit-tile	500
epykit-tile	500
epykit-tile	500
epykit-tile	500
epykit-tile	500
epykit-tile	500
epykit-tile	500
epykit-tile	500
epykit-tile	500
epykit-tile	500
epykit-tile	500
epykit-tile	500
epykit-tile	500
epykit-tile	500
epykit-tile	500
epykit-tile	500
epykit-tile	500
epykit-tile	500
epykit-tile	500
epykit-tile	500
epykit-tile	500
epykit-tile	500
epykit-tile	500
epykit-tile	500
epykit-tile	500
epykit-tile	500
epykit-tile	500
epykit-tile	500
epykit-tile	500
epykit-tile	500
epykit-tile	500
epykit-tile	500
epykit-tile	500
epykit-tile	500
epykit-tile	500
epykit-tile	500
epykit-tile	500
epykit-tile	500
epykit-tile	500
epykit-tile	500
epykit-tile	500
epykit-tile	500
epykit-tile	500
epykit-tile	500
epykit-tile	500
epykit-tile	500
epykit-tile	500
epykit-tile	500
epykit-tile	500
epykit-tile	500
epykit-tile	500
epykit-tile	500
epykit-tile	500
epykit-tile	500
epykit-tile	500
epykit-tile	500
epykit-tile	500
epykit-tile	500
epykit-tile	500
epykit-tile	500
epykit-tile	500
epykit-tile	500
epykit-tile	500
epykit-tile	500
epykit-tile	500
epykit-tile	500
epykit-tile	500
epykit-tile	500
epykit-tile	500
epykit-tile	500
epykit-tile	500
epykit-tile	500
epykit-tile	500
epykit-tile	500
epykit-tile	500
epykit-tile	500
epykit-tile	500
epykit-tile	500
epykit-tile	500
epykit-tile	500
epykit-tile	500
epykit-tile	500
epykit-tile	500
epykit-tile	500
epykit-tile	500
epykit-tile	500
epykit-tile	500
epykit-tile	500
epykit-tile	500
epykit-tile	500
epykit-tile	500
epykit-tile	500
epykit-tile	500
epykit-tile	500
epykit-tile	500
epykit-tile	500
epykit-tile	500
epykit-tile	500
epykit-tile	500
epykit-tile	500
epykit-tile	500
epykit-tile	500
epykit-tile	500
epykit-tile	500
epykit-tile	500
epykit-tile	500
epykit-tile	500
epykit-tile	500
epykit-tile	500
epykit-tile	500
epykit-tile	500
epykit-tile	500
epykit-tile	500
epykit-tile	500
epykit-tile	500
epykit-tile	500
epykit-tile	500
epykit-tile	500
epykit-tile	500
epykit-tile	500
epykit-tile	500
epykit-tile	500
epykit-tile	500
epykit-tile	500
epykit-tile	500
epykit-tile	500
epykit-tile	500
epykit-tile	500
epykit-tile	500
epykit-tile	500
epykit-tile	500
epykit-tile	500
epykit-tile	500
epykit-tile	500
epykit-tile	500
epykit-tile	500
epykit-tile	500
epykit-tile	500
epykit-tile	500
epykit-tile	500
epykit-tile	500
epykit-tile	500
epykit-tile	500
epykit-tile	500
epykit-tile	500
epykit-tile	500
epykit-tile	500
epykit-tile	500
epykit-tile	500
epykit-tile	500
epykit-tile	500
epykit-tile	500
epykit-tile	500
epykit-tile	500
epykit-tile	500
epykit-tile	500
epykit-tile	500
epykit-tile	500
epykit-tile	500
epykit-tile	500
epykit-tile	500
epykit-tile	500
epykit-tile	500
epykit-tile	500
epykit-tile	500
epykit-tile	500
epykit-tile	500
epykit-tile	500
epykit-tile	500
epykit-tile	500
epykit-tile	500
epykit-tile	500
epykit-tile	500
epykit-tile	500
epykit-tile	500
epykit-tile	500
epykit-tile	500
epykit-tile	500
epykit-tile	500
epykit-tile	500
epykit-tile	500
epykit-tile	500
epykit-tile	500
epykit-tile	500
epykit-tile	500
epykit-tile	500
epykit-tile	500
epykit-tile	500
epykit-tile	500
epykit-tile	500
epykit-tile	500
epykit-tile	500
epykit-tile	500
epykit-tile	500
epykit-tile	500
epykit-tile	500
epykit-tile	500
epykit-tile	500
epykit-tile	500
epykit-tile	500
epykit-tile	500
epykit-tile	500
epykit-tile	500
epykit-tile	500
epykit-tile	500
epykit-tile	500
epykit-tile	500
epykit-tile	500
epykit-tile	500
epykit-tile	500
epykit-tile	500
epykit-tile	500
epykit-tile	500
epykit-tile	500
epykit-tile	500
epykit-tile	500
epykit-tile	500
epykit-tile	500
epykit-tile	500
epykit-tile	500
epykit-tile	500
epykit-tile	500
epykit-tile	500
epykit-tile	500
epykit-tile	500
epykit-tile	500
epykit-tile	500
epykit-tile	500
epykit-tile	500
epykit-tile	500
epykit-tile	500
epykit-tile	500
epykit-tile	500
epykit-tile	500
epykit-tile	500
epykit-tile	500
epykit-tile	500
epykit-tile	500
epykit-tile	500
epykit-tile	500
epykit-tile	500
epykit-tile	500
epykit-tile	500
epykit-tile	500
epykit-tile	500
epykit-tile	500
epykit-tile	500
epykit-tile	500
epykit-tile	500
epykit-tile	500
epykit-tile	500
epykit-tile	500
epykit-tile	500
epykit-tile	500
epykit-tile	500
epykit-tile	500
epykit-tile	500
epykit-tile	500
epykit-tile	500
epykit-tile	500
epykit-tile	500
epykit-tile	500
epykit-tile	500
epykit-tile	500
epykit-tile	500
epykit-tile	500
epykit-tile	500
epykit-tile	500
epykit-tile	500
epykit-tile	500
epykit-tile	500
epykit-tile	500
epykit-tile	500
epykit-tile	500
epykit-tile	500
epykit-tile	500
epykit-tile	500
epykit-tile	500
epykit-tile	500
epykit-tile	500
epykit-tile	500
epykit-tile	500
epykit-tile	500
epykit-tile	500
epykit-tile	500
epykit-tile	500
epykit-tile	500
epykit-tile	500
epykit-tile	500
epykit-tile	500
epykit-tile	500
epykit-tile	500
epykit-tile	500
epykit-tile	500
epykit-tile	500
epykit-tile	500
epykit-tile	500
epykit-tile	500
epykit-tile	500
epykit-tile	500
epykit-tile	500
epykit-tile	500
epykit-tile	500
epykit-tile	500
epykit-tile	500
epykit-tile	500
epykit-tile	500
epykit-tile	500
epykit-tile	500
epykit-tile	500
epykit-tile	500
epykit-tile	500
epykit-tile	500
epykit-tile	500
epykit-tile	500
epykit-tile	500
epykit-tile	500
epykit-tile	500
epykit-tile	500
epykit-tile	500
epykit-tile	500
epykit-tile	500
epykit-tile	500
epykit-tile	500
epykit-tile	500
epykit-tile	500
epykit-tile	500
epykit-tile	500
epykit-tile	500
epykit-tile	500
epykit-tile	500
epykit-tile	500
epykit-tile	500
epykit-tile	500
epykit-tile	500
epykit-tile	500
epykit-tile	500
epykit-tile	500
epykit-tile	500
epykit-tile	500
epykit-tile	500
epykit-tile	500
epykit-tile	500
epykit-tile	500
epykit-tile	500
epykit-tile	500
epykit-tile	500
epykit-tile	500
epykit-tile	500
epykit-tile	500
epykit-tile	500
epykit-tile	500
epykit-tile	500
epykit-tile	500
epykit-tile	500
epykit-tile	500
epykit-tile	500
epykit-tile	500
epykit-tile	500
epykit-tile	500
epykit-tile	500
epykit-tile	500
epykit-tile	500
epykit-tile	500
epykit-tile	500
epykit-tile	500
epykit-tile	500
epykit-tile	500
epykit-tile	500
epykit-tile	500
epykit-tile	500
epykit-tile	500
epykit-tile	500
epykit-tile	500
epykit-tile	500
epykit-tile	500
epykit-tile	500
epykit-tile	500
epykit-tile	500
epykit-tile	500
epykit-tile	500
epykit-tile	500
epykit-tile	500
epykit-tile	500
epykit-tile	500
epykit-tile	500
epykit-tile	500
epykit-tile	500
epykit-tile	500
epykit-tile	500
epykit-tile	500
epykit-tile	500
epykit-tile	500
epykit-tile	500
epykit-tile	500
epykit-tile	500
epykit-tile	500
epykit-tile	500
epykit-tile	500
epykit-tile	500
epykit-tile	500
epykit-tile	500
epykit-tile	500
epykit-tile	500
epykit-tile	500
epykit-tile	500
epykit-tile	500
epykit-tile	500
epykit-tile	500
epykit-tile	500
epykit-tile	500
epykit-tile	500
epykit-tile	500
epykit-tile	500
epykit-tile	500
epykit-tile	500
epykit-tile	500
epykit-tile	500
epykit-tile	500
epykit-tile	500
epykit-tile	500
epykit-tile	500
epykit-tile	500
epykit-tile	500
epykit-tile	500
epykit-tile	500
epykit-tile	500
epykit-tile	500
epykit-tile	500
epykit-tile	500
epykit-tile	500
epykit-tile	500
epykit-tile	500
epykit-tile	500
epykit-tile	500
epykit-tile	500
epykit-tile	500
epykit-tile	500
epykit-tile	500
epykit-tile	500
epykit-tile	500
epykit-tile	500
epykit-tile	500
epykit-tile	500
epykit-tile	500
epykit-tile	500
epykit-tile	500
epykit-tile	500
epykit-tile	500
epykit-tile	500
epykit-tile	500
epykit-tile	500
epykit-tile	500
epykit-tile	500
epykit-tile	500
epykit-tile	500
epykit-tile	500
epykit-tile	500
epykit-tile	500
epykit-tile	500
epykit-tile	500
epykit-tile	500
epykit-tile	500
epykit-tile	500
epykit-tile	500
epykit-tile	500
epykit-tile	500
epykit-tile	500
epykit-tile	500
epykit-tile	500
epykit-tile	500
epykit-tile	500
epykit-tile	500
epykit-tile	500
epykit-tile	500
epykit-tile	500
epykit-tile	500
epykit-tile	500
epykit-tile	500
epykit-tile	500
epykit-tile	500
epykit-tile	500
epykit-tile	500
epykit-tile	500
epykit-tile	500
epykit-tile	500
epykit-tile	500
epykit-tile	500
epykit-tile	500
epykit-tile	500
epykit-tile	500
epykit-tile	500
epykit-tile	500
epykit-tile	500
epykit-tile	500
epykit-tile	500
epykit-tile	500
epykit-tile	500
epykit-tile	500
epykit-tile	500
epykit-tile	500
epykit-tile	500
epykit-tile	500
epykit-tile	500
epykit-tile	500
epykit-tile	500
epykit-tile	500
epykit-tile	500
epykit-tile	500
epykit-tile	500
epykit-tile	500
epykit-tile	500
epykit-tile	500
epykit-tile	500
epykit-tile	500
epykit-tile	500
epykit-tile	500
epykit-tile	500
epykit-tile	500
epykit-tile	500
epykit-tile	500
epykit-tile	500
epykit-tile	500
epykit-tile	500
epykit-tile	500
epykit-tile	500
epykit-tile	500
epykit-tile	500
epykit-tile	500
epykit-tile	500
epykit-tile	500
epykit-tile	500
epykit-tile	500
epykit-tile	500
epykit-tile	500
epykit-tile	500
epykit-tile	500
epykit-tile	500
epykit-tile	500
epykit-tile	500
epykit-tile	500
epykit-tile	500
epykit-tile	500
epykit-tile	500
epykit-tile	500
epykit-tile	500
epykit-tile	500
epykit-tile	500
epykit-tile	500
epykit-tile	500
epykit-tile	500
epykit-tile	500
epykit-tile	500
epykit-tile	500
epykit-tile	500
epykit-tile	500
epykit-tile	500
epykit-tile	500
epykit-tile	500
epykit-tile	500
epykit-tile	500
epykit-tile	500
epykit-tile	500
epykit-tile	500
epykit-tile	500
epykit-tile	500
epykit-tile	500
epykit-tile	500
epykit-tile	500
epykit-tile	500
epykit-tile	500
epykit-tile	500
epykit-tile	500
epykit-tile	500
epykit-tile	500
epykit-tile	500
epykit-tile	500
epykit-tile	500
epykit-tile	500
epykit-tile	500
epykit-tile	500
epykit-tile	500
epykit-tile	500
epykit-tile	500
epykit-tile	500
epykit-tile	500
epykit-tile	500
epykit-tile	500
epykit-tile	500
epykit-tile	500
epykit-tile	500
epykit-tile	500
epykit-tile	500
epykit-tile	500
epykit-tile	500
epykit-tile	500
epykit-tile	500
epykit-tile	500
epykit-tile	500
epykit-tile	500
epykit-tile	500
epykit-tile	500
epykit-tile	500
epykit-tile	500
epykit-tile	500
epykit-tile	500
epykit-tile	500
epykit-tile	500
epykit-tile	500
epykit-tile	500
epykit-tile	500
epykit-tile	500
epykit-tile	500
epykit-tile	500
epykit-tile	500
epykit-tile	500
epykit-tile	500
epykit-tile	500
epykit-tile	500
epykit-tile	500
epykit-tile	500
epykit-tile	500
epykit-tile	500
epykit-tile	500
epykit-tile	500
epykit-tile	500
epykit-tile	500
epykit-tile	500
epykit-tile	500
epykit-tile	500
epykit-tile	500
epykit-tile	500
epykit-tile	500
epykit-tile	500
epykit-tile	500
epykit-tile	500
epykit-tile	500
epykit-tile	500
epykit-tile	500
epykit-tile	500
epykit-tile	500
epykit-tile	500
epykit-tile	500
epykit-tile	500
epykit-tile	500
epykit-tile	500
epykit-tile	500
epykit-tile	500
epykit-tile	500
epykit-tile	500
epykit-tile	500
epykit-tile	500
epykit-tile	500
epykit-tile	500
epykit-tile	500
epykit-tile	500
epykit-tile	500
epykit-tile	500
epykit-tile	500
epykit-tile	500
epykit-tile	500
epykit-tile	500
epykit-tile	500
epykit-tile	500
epykit-tile	500
epykit-tile	500
epykit-tile	500
epykit-tile	500
epykit-tile	500
epykit-tile	500
epykit-tile	500
epykit-tile	500
epykit-tile	500
epykit-tile	500
epykit-tile	500
epykit-tile	500
epykit-tile	500
epykit-tile	500
epykit-tile	500
epykit-tile	500
epykit-tile	500
epykit-tile	500
epykit-tile	500
epykit-tile	500
epykit-tile	500
epykit-tile	500
epykit-tile	500
epykit-tile	500
epykit-tile	500
epykit-tile	500
epykit-tile	500
epykit-tile	500
epykit-tile	500
epykit-tile	500
epykit-tile	500
epykit-tile	500
epykit-tile	500
epykit-tile	500
epykit-tile	500
epykit-tile	500
epykit-tile	500
epykit-tile	500
epykit-tile	500
epykit-tile	500
epykit-tile	500
epykit-tile	500
epykit-tile	500
epykit-tile	500
epykit-tile	500
epykit-tile	500
epykit-tile	500
epykit-tile	500
epykit-tile	500
epykit-tile	500
epykit-tile	500
epykit-tile	500
epykit-tile	500
epykit-tile	500
epykit-tile	500
epykit-tile	500
epykit-tile	500
epykit-tile	500
epykit-tile	500
epykit-tile	500
epykit-tile	500
epykit-tile	500
epykit-tile	500
epykit-tile	500
epykit-tile	500
epykit-tile	500
epykit-tile	500
epykit-tile	500
epykit-tile	500
epykit-tile	500
epykit-tile	500
epykit-tile	500
epykit-tile	500
epykit-tile	500
epykit-tile	500
epykit-tile	500
epykit-tile	500
epykit-tile	500
epykit-tile	500
epykit-tile	500
epykit-tile	500
epykit-tile	500
epykit-tile	500
epykit-tile	500
epykit-tile	500
epykit-tile	500
epykit-tile	500
epykit-tile	500
epykit-tile	500
epykit-tile	500
epykit-tile	500
epykit-tile	500
epykit-tile	500
epykit-tile	500
epykit-tile	500
epykit-tile	500
epykit-tile	500
epykit-tile	500
epykit-tile	500
epykit-tile	500
epykit-tile	500
epykit-tile	500
epykit-tile	500
epykit-tile	500
epykit-tile	500
epykit-tile	500
epykit-tile	500
epykit-tile	500
epykit-tile	500
epykit-tile	500
epykit-tile	500
epykit-tile	500
epykit-tile	500
epykit-tile	500
epykit-tile	500
epykit-tile	500
epykit-tile	500
epykit-tile	500
epykit-tile	500
epykit-tile	500
epykit-tile	500
epykit-tile	500
epykit-tile	500
epykit-tile	500
epykit-tile	500
epykit-tile	500
epykit-tile	500
epykit-tile	500
epykit-tile	500
epykit-tile	500
epykit-tile	500
epykit-tile	500
epykit-tile	500
epykit-tile	500
epykit-tile	500
epykit-tile	500
epykit-tile	500
epykit-tile	500
epykit-tile	500
epykit-tile	500
epykit-tile	500
epykit-tile	500
epykit-tile	500
epykit-tile	500
epykit-tile	500
epykit-tile	500
epykit-tile	500
epykit-tile	500
epykit-tile	500
epykit-tile	500
epykit-tile	500
epykit-tile	500
epykit-tile	500
epykit-tile	500
epykit-tile	500
epykit-tile	500
epykit-tile	500
epykit-tile	500
epykit-tile	500
epykit-tile	500
epykit-tile	500
epykit-tile	500
epykit-tile	500
epykit-tile	500
epykit-tile	500
epykit-tile	500
epykit-tile	500
epykit-tile	500
epykit-tile	500
epykit-tile	500
epykit-tile	500
epykit-tile	500
epykit-tile	500
epykit-tile	500
epykit-tile	500
epykit-tile	500
epykit-tile	500
epykit-tile	500
epykit-tile	500
epykit-tile	500
epykit-tile	500
epykit-tile	500
epykit-tile	500
epykit-tile	500
epykit-tile	500
epykit-tile	500
epykit-tile	500
epykit-tile	500
epykit-tile	500
epykit-tile	500
epykit-tile	500
epykit-tile	500
epykit-tile	500
epykit-tile	500
epykit-tile	500
epykit-tile	500
epykit-tile	500
epykit-tile	500
epykit-tile	500
epykit-tile	500
epykit-tile	500
epykit-tile	500
epykit-tile	500
epykit-tile	500
epykit-tile	500
epykit-tile	500
epykit-tile	500
epykit-tile	500
epykit-tile	500
epykit-tile	500
epykit-tile	500
epykit-tile	500
epykit-tile	500
epykit-tile	500
epykit-tile	500
epykit-tile	500
epykit-tile	500
epykit-tile	500
epykit-tile	500
epykit-tile	500
epykit-tile	500
epykit-tile	500
epykit-tile	500
epykit-tile	500
epykit-tile	500
epykit-tile	500
epykit-tile	500
epykit-tile	500
epykit-tile	500
epykit-tile	500
epykit-tile	500
epykit-tile	500
epykit-tile	500
epykit-tile	500
epykit-tile	500
epykit-tile	500
epykit-tile	500
epykit-tile	500
epykit-tile	500
epykit-tile	500
epykit-tile	500
epykit-tile	500
epykit-tile	500
epykit-tile	500
epykit-tile	500
epykit-tile	500
epykit-tile	500
epykit-tile	500
epykit-tile	500
epykit-tile	500
epykit-tile	500
epykit-tile	500
epykit-tile	500
epykit-tile	500
epykit-tile	500
epykit-tile	500
epykit-tile	500
epykit-tile	500
epykit-tile	500
epykit-tile	500
epykit-tile	500
epykit-tile	500
epykit-tile	500
epykit-tile	500
epykit-tile	500
epykit-tile	500
epykit-tile	500
epykit-tile	500
epykit-tile	500
epykit-tile	500
epykit-tile	500
epykit-tile	500
epykit-tile	500
epykit-tile	500
epykit-tile	500
epykit-tile	500
epykit-tile	500
epykit-tile	500
epykit-tile	500
epykit-tile	500
epykit-tile	500
epykit-tile	500
epykit-tile	500
epykit-tile	500
epykit-tile	500
epykit-tile	500
epykit-tile	500
epykit-tile	500
epykit-tile	500
epykit-tile	500
epykit-tile	500
epykit-tile	500
epykit-tile	500
epykit-tile	500
epykit-tile	500
epykit-tile	500
epykit-tile	500
epykit-tile	500
epykit-tile	500
epykit-tile	500
epykit-tile	500
epykit-tile	500
epykit-tile	500
epykit-tile	500
epykit-tile	500
epykit-tile	500
epykit-tile	500
epykit-tile	500
epykit-tile	500
epykit-tile	500
epykit-tile	500
epykit-tile	500
epykit-tile	500
epykit-tile	500
epykit-tile	500
epykit-tile	500
epykit-tile	500
epykit-tile	500
epykit-tile	500
epykit-tile	500
epykit-tile	500
epykit-tile	500
epykit-tile	500
epykit-tile	500
epykit-tile	500
epykit-tile	500
epykit-tile	500
epykit-tile	500
epykit-tile	500
epykit-tile	500
epykit-tile	500
epykit-tile	500
epykit-tile	500
epykit-tile	500
epykit-tile	500
epykit-tile	500
epykit-tile	500
epykit-tile	500
epykit-tile	500
epykit-tile	500
epykit-tile	500
epykit-tile	500
epykit-tile	500
epykit-tile	500
epykit-tile	500
epykit-tile	500
epykit-tile	500
epykit-tile	500
epykit-tile	500
epykit-tile	500
epykit-tile	500
epykit-tile	500
epykit-tile	500
epykit-tile	500
epykit-tile	500
epykit-tile	500
epykit-tile	500
epykit-tile	500
epykit-tile	500
epykit-tile	500
epykit-tile	500
epykit-tile	500
epykit-tile	500
epykit-tile	500
epykit-tile	500
epykit-tile	500
epykit-tile	500
epykit-tile	500
epykit-tile	500
epykit-tile	500
epykit-tile	500
epykit-tile	500
epykit-tile	500
epykit-tile	500
epykit-tile	500
epykit-tile	500
epykit-tile	500
epykit-tile	500
epykit-tile	500
epykit-tile	500
epykit-tile	500
epykit-tile	500
epykit-tile	500
epykit-tile	500
epykit-tile	500
epykit-tile	500
epykit-tile	500
epykit-tile	500
epykit-tile	500
epykit-tile	500
epykit-tile	500
epykit-tile	500
epykit-tile	500
epykit-tile	500
epykit-tile	500
epykit-tile	500
epykit-tile	500
epykit-tile	500
epykit-tile	500
epykit-tile	500
epykit-tile	500
epykit-tile	500
epykit-tile	500
epykit-tile	500
epykit-tile	500
epykit-tile	500
epykit-tile	500
epykit-tile	500
epykit-tile	500
epykit-tile	500
epykit-tile	500
epykit-tile	500
epykit-tile	500
epykit-tile	500
epykit-tile	500
epykit-tile	500
epykit-tile	500
epykit-tile	500
epykit-tile	500
epykit-tile	500
epykit-tile	500
epykit-tile	500
epykit-tile	500
epykit-tile	500
epykit-tile	500
epykit-tile	500
epykit-tile	500
epykit-tile	500
epykit-tile	500
epykit-tile	500
epykit-tile	500
epykit-tile	500
epykit-tile	500
epykit-tile	500
epykit-tile	500
epykit-tile	500
epykit-tile	500
epykit-tile	500
epykit-tile	500
epykit-tile	500
epykit-tile	500
epykit-tile	500
epykit-tile	500
epykit-tile	500
epykit-tile	500
epykit-tile	500
epykit-tile	500
epykit-tile	500
epykit-tile	500
epykit-tile	500
epykit-tile	500
epykit-tile	500
epykit-tile	500
epykit-tile	500
epykit-tile	500
epykit-tile	500
epykit-tile	500
epykit-tile	500
epykit-tile	500
epykit-tile	500
epykit-tile	500
epykit-tile	500
epykit-tile	500
epykit-tile	500
epykit-tile	500
epykit-tile	500
epykit-tile	500
epykit-tile	500
epykit-tile	500
epykit-tile	500
epykit-tile	500
epykit-tile	500
epykit-tile	500
epykit-tile	500
epykit-tile	500
epykit-tile	500
epykit-tile	500
epykit-tile	500
epykit-tile	500
epykit-tile	500
epykit-tile	500
epykit-tile	500
epykit-tile	500
epykit-tile	500
epykit-tile	500
epykit-tile	500
epykit-tile	500
epykit-tile	500
epykit-tile	500
epykit-tile	500
epykit-tile	500
epykit-tile	500
epykit-tile	500
epykit-tile	500
epykit-tile	500
epykit-tile	500
epykit-tile	500
epykit-tile	500
epykit-tile	500
epykit-tile	500
epykit-tile	500
epykit-tile	500
epykit-tile	500
epykit-tile	500
epykit-tile	500
epykit-tile	500
epykit-tile	500
epykit-tile	500
epykit-tile	500
epykit-tile	500
epykit-tile	500
epykit-tile	500
epykit-tile	500
epykit-tile	500
epykit-tile	500
epykit-tile	500
epykit-tile	500
epykit-tile	500
epykit-tile	500
epykit-tile	500
epykit-tile	500
epykit-tile	500
epykit-tile	500
epykit-tile	500
epykit-tile	500
epykit-tile	500
epykit-tile	500
epykit-tile	500
epykit-tile	500
epykit-tile	500
epykit-tile	500
epykit-tile	500
epykit-tile	500
epykit-tile	500
epykit-tile	500
epykit-tile	500
epykit-tile	500
epykit-tile	500
epykit-tile	500
epykit-tile	500
epykit-tile	500
epykit-tile	500
epykit-tile	500
epykit-tile	500
epykit-tile	500
epykit-tile	500
epykit-tile	500
epykit-tile	500
epykit-tile	500
epykit-tile	500
epykit-tile	500
epykit-tile	500
epykit-tile	500
epykit-tile	500
epykit-tile	500
epykit-tile	500
epykit-tile	500
epykit-tile	500
epykit-tile	500
epykit-tile	500
epykit-tile	500
epykit-tile	500
epykit-tile	500
epykit-tile	500
epykit-tile	500
epykit-tile	500
epykit-tile	500
epykit-tile	500
epykit-tile	500
epykit-tile	500
epykit-tile	500
epykit-tile	500
epykit-tile	500
epykit-tile	500
epykit-tile	500
epykit-tile	500
epykit-tile	500
epykit-tile	500
epykit-tile	500
epykit-tile	500
epykit-tile	500
epykit-tile	500
epykit-tile	500
epykit-tile	500
epykit-tile	500
epykit-tile	500
epykit-tile	500
epykit-tile	500
epykit-tile	500
epykit-tile	500
epykit-tile	500
epykit-tile	500
epykit-tile	500
epykit-tile	500
epykit-tile	500
epykit-tile	500
epykit-tile	500
epykit-tile	500
epykit-tile	500
epykit-tile	500
epykit-tile	500
epykit-tile	500
epykit-tile	500
epykit-tile	500
epykit-tile	500
epykit-tile	500
epykit-tile	500
epykit-tile	500
epykit-tile	500
epykit-tile	500
epykit-tile	500
epykit-tile	500
epykit-tile	500
epykit-tile	500
epykit-tile	500
epykit-tile	500
epykit-tile	500
epykit-tile	500
epykit-tile	500
epykit-tile	500
epykit-tile	500
epykit-tile	500
epykit-tile	500
epykit-tile	500
epykit-tile	500
epykit-tile	500
epykit-tile	500
epykit-tile	500
epykit-tile	500
epykit-tile	500
epykit-tile	500
epykit-tile	500
epykit-tile	500
epykit-tile	500
epykit-tile	500
epykit-tile	500
epykit-tile	500
epykit-tile	500
epykit-tile	500
epykit-tile	500
epykit-tile	500
epykit-tile	500
epykit-tile	500
epykit-tile	500
epykit-tile	500
epykit-tile	500
epykit-tile	500
epykit-tile	500
epykit-tile	500
epykit-tile	500
epykit-tile	500
epykit-tile	500
epykit-tile	500
epykit-tile	500
epykit-tile	500
epykit-tile	500
epykit-tile	500
epykit-tile	500
epykit-tile	500
epykit-tile	500
epykit-tile	500
epykit-tile	500
epykit-tile	500
epykit-tile	500
epykit-tile	500
epykit-tile	500
epykit-tile	500
epykit-tile	500
epykit-tile	500
epykit-tile	500
epykit-tile	500
epykit-tile	500
epykit-tile	500
epykit-tile	500
epykit-tile	500
epykit-tile	500
epykit-tile	500
epykit-tile	500
epykit-tile	500
epykit-tile	500
epykit-tile	500
epykit-tile	500
epykit-tile	500
epykit-tile	500
epykit-tile	500
epykit-tile	500
epykit-tile	500
epykit-tile	500
epykit-tile	500
epykit-tile	500
epykit-tile	500
epykit-tile	500
epykit-tile	500
epykit-tile	500
epykit-tile	500
epykit-tile	500
epykit-tile	500
epykit-tile	500
epykit-tile	500
epykit-tile	500
epykit-tile	500
epykit-tile	500
epykit-tile	500
epykit-tile	500
epykit-tile	500
epykit-tile	500
epykit-tile	500
epykit-tile	500
epykit-tile	500
epykit-tile	500
epykit-tile	500
epykit-tile	500
epykit-tile	500
epykit-tile	500
epykit-tile	500
epykit-tile	500
epykit-tile	500
epykit-tile	500
epykit-tile	500
epykit-tile	500
epykit-tile	500
epykit-tile	500
epykit-tile	500
epykit-tile	500
epykit-tile	500
epykit-tile	500
epykit-tile	500
epykit-tile	500
epykit-tile	500
epykit-tile	500
epykit-tile	500
epykit-tile	500
epykit-tile	500
epykit-tile	500
epykit-tile	500
epykit-tile	500
epykit-tile	500
epykit-tile	500
epykit-tile	500
epykit-tile	500
epykit-tile	500
epykit-tile	500
epykit-tile	500
epykit-tile	500
epykit-tile	500
epykit-tile	500
epykit-tile	500
epykit-tile	500
epykit-tile	500
epykit-tile	500
epykit-tile	500
epykit-tile	500
epykit-tile	500
epykit-tile	500
epykit-tile	500
epykit-tile	500
epykit-tile	500
epykit-tile	500
epykit-tile	500
epykit-tile	500
epykit-tile	500
epykit-tile	500
epykit-tile	500
epykit-tile	500
epykit-tile	500
epykit-tile	500
epykit-tile	500
epykit-tile	500
epykit-tile	500
epykit-tile	500
epykit-tile	500
epykit-tile	500
epykit-tile	500
epykit-tile	500
epykit-tile	500
epykit-tile	500
epykit-tile	500
epykit-tile	500
epykit-tile	500
epykit-tile	500
epykit-tile	500
epykit-tile	500
epykit-tile	500
epykit-tile	500
epykit-tile	500
epykit-tile	500
epykit-tile	500
epykit-tile	500
epykit-tile	500
epykit-tile	500
epykit-tile	500
epykit-tile	500
epykit-tile	500
epykit-tile	500
epykit-tile	500
epykit-tile	500
epykit-tile	500
epykit-tile	500
epykit-tile	500
epykit-tile	500
epykit-tile	500
epykit-tile	500
epykit-tile	500
epykit-tile	500
epykit-tile	500
epykit-tile	500
epykit-tile	500
epykit-tile	500
epykit-tile	500
epykit-tile	500
epykit-tile	500
epykit-tile	500
epykit-tile	500
epykit-tile	500
epykit-tile	500
epykit-tile	500
epykit-tile	500
epykit-tile	500
epykit-tile	500
epykit-tile	500
epykit-tile	500
epykit-tile	500
epykit-tile	500
epykit-tile	500
epykit-tile	500
epykit-tile	500
epykit-tile	500
epykit-tile	500
epykit-tile	500
epykit-tile	500
epykit-tile	500
epykit-tile	500
epykit-tile	500
epykit-tile	500
epykit-tile	500
epykit-tile	500
epykit-tile	500
epykit-tile	500
epykit-tile	500
epykit-tile	500
epykit-tile	500
epykit-tile	500
epykit-tile	500
epykit-tile	500
epykit-tile	500
epykit-tile	500
epykit-tile	500
epykit-tile	500
epykit-tile	500
epykit-tile	500
epykit-tile	500
epykit-tile	500
epykit-tile	500
epykit-tile	500
epykit-tile	500
epykit-tile	500
epykit-tile	500
epykit-tile	500
epykit-tile	500
epykit-tile	500
epykit-tile	500
epykit-tile	500
epykit-tile	500
epykit-tile	500
epykit-tile	500
epykit-tile	500
epykit-tile	500
epykit-tile	500
epykit-tile	500
epykit-tile	500
epykit-tile	500
epykit-tile	500
epykit-tile	500
epykit-tile	500
epykit-tile	500
epykit-tile	500
epykit-tile	500
epykit-tile	500
epykit-tile	500
epykit-tile	500
epykit-tile	500
epykit-tile	500
epykit-tile	500
epykit-tile	500
epykit-tile	500
epykit-tile	500
epykit-tile	500
epykit-tile	500
epykit-tile	500
epykit-tile	500
epykit-tile	500
epykit-tile	500
epykit-tile	500
epykit-tile	500
epykit-tile	500
epykit-tile	500
epykit-tile	500
epykit-tile	500
epykit-tile	500
epykit-tile	500
epykit-tile	500
epykit-tile	500
epykit-tile	500
epykit-tile	500
epykit-tile	500
epykit-tile	500
epykit-tile	500
epykit-tile	500
epykit-tile	500
epykit-tile	500
epykit-tile	500
epykit-tile	500
epykit-tile	500
epykit-tile	500
epykit-tile	500
epykit-tile	500
epykit-tile	500
epykit-tile	500
epykit-tile	500
epykit-tile	500
epykit-tile	500
epykit-tile	500
epykit-tile	500
epykit-tile	500
epykit-tile	500
epykit-tile	500
epykit-tile	500
epykit-tile	500
epykit-tile	500
epykit-tile	500
epykit-tile	500
epykit-tile	500
epykit-tile	500
epykit-tile	500
epykit-tile	500
epykit-tile	500
epykit-tile	500
epykit-tile	500
epykit-tile	500
epykit-tile	500
epykit-tile	500
epykit-tile	500
epykit-tile	500
epykit-tile	500
epykit-tile	500
epykit-tile	500
epykit-tile	500
epykit-tile	500
epykit-tile	500
epykit-tile	500
epykit-tile	500
epykit-tile	500
epykit-tile	500
epykit-tile	500
epykit-tile	500
epykit-tile	500
epykit-tile	500
epykit-tile	500
epykit-tile	500
epykit-tile	500
epykit-tile	500
epykit-tile	500
epykit-tile	500
epykit-tile	500
epykit-tile	500
epykit-tile	500
epykit-tile	500
epykit-tile	500
epykit-tile	500
epykit-tile	500
epykit-tile	500
epykit-tile	500
epykit-tile	500
epykit-tile	500
epykit-tile	500
epykit-tile	500
epykit-tile	500
epykit-tile	500
epykit-tile	500
epykit-tile	500
epykit-tile	500
epykit-tile	500
epykit-tile	500
epykit-tile	500
epykit-tile	500
epykit-tile	500
epykit-tile	500
epykit-tile	500
epykit-tile	500
epykit-tile	500
epykit-tile	500
epykit-tile	500
epykit-tile	500
epykit-tile	500
epykit-tile	500
epykit-tile	500
epykit-tile	500
epykit-tile	500
epykit-tile	500
epykit-tile	500
epykit-tile	500
epykit-tile	500
epykit-tile	500
epykit-tile	500
epykit-tile	500
epykit-tile	500
epykit-tile	500
epykit-tile	500
epykit-tile	500
epykit-tile	500
epykit-tile	500
epykit-tile	500
epykit-tile	500
epykit-tile	500
epykit-tile	500
epykit-tile	500
epykit-tile	500
epykit-tile	500
epykit-tile	500
epykit-tile	500
epykit-tile	500
epykit-tile	500
epykit-tile	500
epykit-tile	500
epykit-tile	500
epykit-tile	500
epykit-tile	500
epykit-tile	500
epykit-tile	500
epykit-tile	500
epykit-tile	500
epykit-tile	500
epykit-tile	500
epykit-tile	500
epykit-tile	500
epykit-tile	500
epykit-tile	500
epykit-tile	500
epykit-tile	500
epykit-tile	500
epykit-tile	500
epykit-tile	500
epykit-tile	500
epykit-tile	500
epykit-tile	500
epykit-tile	500
epykit-tile	500
epykit-tile	500
epykit-tile	500
epykit-tile	500
epykit-tile	500
epykit-tile	500
epykit-tile	500
epykit-tile	500
epykit-tile	500
epykit-tile	500
epykit-tile	500
epykit-tile	500
epykit-tile	500
epykit-tile	500
epykit-tile	500
epykit-tile	500
epykit-tile	500
epykit-tile	500
epykit-tile	500
epykit-tile	500
epykit-tile	500
epykit-tile	500
epykit-tile	500
epykit-tile	500
epykit-tile	500
epykit-tile	500
epykit-tile	500
epykit-tile	500
epykit-tile	500
epykit-tile	500
epykit-tile	500
epykit-tile	500
epykit-tile	500
epykit-tile	500
epykit-tile	500
epykit-tile	500
epykit-tile	500
epykit-tile	500
epykit-tile	500
epykit-tile	500
epykit-tile	500
epykit-tile	500
epykit-tile	500
epykit-tile	500
epykit-tile	500
epykit-tile	500
epykit-tile	500
epykit-tile	500
epykit-tile	500
epykit-tile	500
epykit-tile	500
epykit-tile	500
epykit-tile	500
epykit-tile	500
epykit-tile	500
epykit-tile	500
epykit-tile	500
epykit-tile	500
epykit-tile	500
epykit-tile	500
epykit-tile	500
epykit-tile	500
epykit-tile	500
epykit-tile	500
epykit-tile	500
epykit-tile	500
epykit-tile	500
epykit-tile	500
epykit-tile	500
epykit-tile	500
epykit-tile	500
epykit-tile	500
epykit-tile	500
epykit-tile	500
epykit-tile	500
epykit-tile	500
epykit-tile	500
epykit-tile	500
epykit-tile	500
epykit-tile	500
epykit-tile	500
epykit-tile	500
epykit-tile	500
epykit-tile	500
epykit-tile	500
epykit-tile	500
epykit-tile	500
epykit-tile	500
epykit-tile	500
epykit-tile	500
epykit-tile	500
epykit-tile	500
epykit-tile	500
epykit-tile	500
epykit-tile	500
epykit-tile	500
epykit-tile	500
epykit-tile	500
epykit-tile	500
epykit-tile	500
epykit-tile	500
epykit-tile	500
epykit-tile	500
epykit-tile	500
epykit-tile	500
epykit-tile	500
epykit-tile	500
epykit-tile	500
epykit-tile	500
epykit-tile	500
epykit-tile	500
epykit-tile	500
epykit-tile	500
epykit-tile	500
epykit-tile	500
epykit-tile	500
epykit-tile	500
epykit-tile	500
epykit-tile	500
epykit-tile	500
epykit-tile	500
epykit-tile	500
epykit-tile	500
epykit-tile	500
epykit-tile	500
epykit-tile	500
epykit-tile	500
epykit-tile	500
epykit-tile	500
epykit-tile	500
epykit-tile	500
epykit-tile	500
epykit-tile	500
epykit-tile	500
epykit-tile	500
epykit-tile	500
epykit-tile	500
epykit-tile	500
epykit-tile	500
epykit-tile	500
epykit-tile	500
epykit-tile	500
epykit-tile	500
epykit-tile	500
epykit-tile	500
epykit-tile	500
epykit-tile	500
epykit-tile	500
epykit-tile	500
epykit-tile	500
epykit-tile	500
epykit-tile	500
epykit-tile	500
epykit-tile	500
epykit-tile	500
epykit-tile	500
epykit-tile	500
epykit-tile	500
epykit-tile	500
epykit-tile	500
epykit-tile	500
epykit-tile	500
epykit-tile	500
epykit-tile	500
epykit-tile	500
epykit-tile	500
epykit-tile	500
epykit-tile	500
epykit-tile	500
epykit-tile	500
epykit-tile	500
epykit-tile	500
epykit-tile	500
epykit-tile	500
epykit-tile	500
epykit-tile	500
epykit-tile	500
epykit-tile	500
epykit-tile	500
epykit-tile	500
epykit-tile	500
epykit-tile	500
epykit-tile	500
epykit-tile	500
epykit-tile	500
epykit-tile	500
epykit-tile	500
epykit-tile	500
epykit-tile	500
epykit-tile	500
epykit-tile	500
epykit-tile	500
epykit-tile	500
epykit-tile	500
epykit-tile	500
epykit-tile	500
epykit-tile	500
epykit-tile	500
epykit-tile	500
epykit-tile	500
epykit-tile	500
epykit-tile	500
epykit-tile	500
epykit-tile	500
epykit-tile	500
epykit-tile	500
epykit-tile	500
epykit-tile	500
epykit-tile	500
epykit-tile	500
epykit-tile	500
epykit-tile	500
epykit-tile	500
epykit-tile	500
epykit-tile	500
epykit-tile	500
epykit-tile	500
epykit-tile	500
epykit-tile	500
epykit-tile	500
epykit-tile	500
epykit-tile	500
epykit-tile	500
epykit-tile	500
epykit-tile	500
epykit-tile	500
epykit-tile	500
epykit-tile	500
epykit-tile	500
epykit-tile	500
epykit-tile	500
epykit-tile	500
epykit-tile	500
epykit-tile	500
epykit-tile	500
epykit-tile	500
epykit-tile	500
epykit-tile	500
epykit-tile	500
epykit-tile	500
epykit-tile	500
epykit-tile	500
epykit-tile	500
epykit-tile	500
epykit-tile	500
epykit-tile	500
epykit-tile	500
epykit-tile	500
epykit-tile	500
epykit-tile	500
epykit-tile	500
epykit-tile	500
epykit-tile	500
epykit-tile	500
epykit-tile	500
epykit-tile	500
epykit-tile	500
epykit-tile	500
epykit-tile	500
epykit-tile	500
epykit-tile	500
epykit-tile	500
epykit-tile	500
epykit-tile	500
epykit-tile	500
epykit-tile	500
epykit-tile	500
epykit-tile	500
epykit-tile	500
epykit-tile	500
epykit-tile	500
epykit-tile	500
epykit-tile	500
epykit-tile	500
epykit-tile	500
epykit-tile	500
epykit-tile	500
epykit-tile	500
epykit-tile	500
epykit-tile	500
epykit-tile	500
epykit-tile	500
epykit-tile	500
epykit-tile	500
epykit-tile	500
epykit-tile	500
epykit-tile	500
epykit-tile	500
epykit-tile	500
epykit-tile	500
epykit-tile	500
epykit-tile	500
epykit-tile	500
epykit-tile	500
epykit-tile	500
epykit-tile	500
epykit-tile	500
epykit-tile	500
epykit-tile	500
epykit-tile	500
epykit-tile	500
epykit-tile	500
epykit-tile	500
epykit-tile	500
epykit-tile	500
epykit-tile	500
epykit-tile	500
epykit-tile	500
epykit-tile	500
epykit-tile	500
epykit-tile	500
epykit-tile	500
epykit-tile	500
epykit-tile	500
epykit-tile	500
epykit-tile	500
epykit-tile	500
epykit-tile	500
epykit-tile	500
epykit-tile	500
epykit-tile	500
epykit-tile	500
epykit-tile	500
epykit-tile	500
epykit-tile	500
epykit-tile	500
epykit-tile	500
epykit-tile	500
epykit-tile	500
epykit-tile	500
epykit-tile	500
epykit-tile	500
epykit-tile	500
epykit-tile	500
epykit-tile	500
epykit-tile	500
epykit-tile	500
epykit-tile	500
epykit-tile	500
epykit-tile	500
epykit-tile	500
epykit-tile	500
epykit-tile	500
epykit-tile	500
epykit-tile	500
epykit-tile	500
epykit-tile	500
epykit-tile	500
epykit-tile	500
epykit-tile	500
epykit-tile	500
epykit-tile	500
epykit-tile	500
epykit-tile	500
epykit-tile	500
epykit-tile	500
epykit-tile	500
epykit-tile	500
epykit-tile	500
epykit-tile	500
epykit-tile	500
epykit-tile	500
epykit-tile	500
epykit-tile	500
epykit-tile	500
epykit-tile	500
epykit-tile	500
epykit-tile	500
epykit-tile	500
epykit-tile	500
epykit-tile	500
epykit-tile	500
epykit-tile	500
epykit-tile	500
epykit-tile	500
epykit-tile	500
epykit-tile	500
epykit-tile	500
epykit-tile	500
epykit-tile	500
epykit-tile	500
epykit-tile	500
epykit-tile	500
epykit-tile	500
epykit-tile	500
epykit-tile	500
epykit-tile	500
epykit-tile	500
epykit-tile	500
epykit-tile	500
epykit-tile	500
epykit-tile	500
epykit-tile	500
epykit-tile	500
epykit-tile	500
epykit-tile	500
epykit-tile	500
epykit-tile	500
epykit-tile	500
epykit-tile	500
epykit-tile	500
epykit-tile	500
epykit-tile	500
epykit-tile	500
epykit-tile	500
epykit-tile	500
epykit-tile	500
epykit-tile	500
epykit-tile	500
epykit-tile	500
epykit-tile	500
epykit-tile	500
epykit-tile	500
epykit-tile	500
epykit-tile	500
epykit-tile	500
epykit-tile	500
epykit-tile	500
epykit-tile	500
epykit-tile	500
epykit-tile	500
epykit-tile	500
epykit-tile	500
epykit-tile	500
epykit-tile	500
epykit-tile	500
epykit-tile	500
epykit-tile	500
epykit-tile	500
epykit-tile	500
epykit-tile	500
epykit-tile	500
epykit-tile	500
epykit-tile	500
epykit-tile	500
epykit-tile	500
epykit-tile	500
epykit-tile	500
epykit-tile	500
epykit-tile	500
epykit-tile	500
epykit-tile	500
epykit-tile	500
epykit-tile	500
epykit-tile	500
epykit-tile	500
epykit-tile	500
epykit-tile	500
epykit-tile	500
epykit-tile	500
epykit-tile	500
epykit-tile	500
epykit-tile	500
epykit-tile	500
epykit-tile	500
epykit-tile	500
epykit-tile	500
epykit-tile	500
epykit-tile	500
epykit-tile	500
epykit-tile	500
epykit-tile	500
epykit-tile	500
epykit-tile	500
epykit-tile	500
epykit-tile	500
epykit-tile	500
epykit-tile	500
epykit-tile	500
epykit-tile	500
epykit-tile	500
epykit-tile	500
epykit-tile	500
epykit-tile	500
epykit-tile	500
epykit-tile	500
epykit-tile	500
epykit-tile	500
epykit-tile	500
epykit-tile	500
epykit-tile	500
epykit-tile	500
epykit-tile	500
epykit-tile	500
epykit-tile	500
epykit-tile	500
epykit-tile	500
epykit-tile	500
epykit-tile	500
epykit-tile	500
epykit-tile	500
epykit-tile	500
epykit-tile	500
epykit-tile	500
epykit-tile	500
epykit-tile	500
epykit-tile	500
epykit-tile	500
epykit-tile	500
epykit-tile	500
epykit-tile	500
epykit-tile	500
epykit-tile	500
epykit-tile	500
epykit-tile	500
epykit-tile	500
epykit-tile	500
epykit-tile	500
epykit-tile	500
epykit-tile	500
epykit-tile	500
epykit-tile	500
epykit-tile	500
epykit-tile	500
epykit-tile	500
epykit-tile	500
epykit-tile	500
epykit-tile	500
epykit-tile	500
epykit-tile	500
epykit-tile	500
epykit-tile	500
epykit-tile	500
epykit-tile	500
epykit-tile	500
epykit-tile	500
epykit-tile	500
epykit-tile	500
epykit-tile	500
epykit-tile	500
epykit-tile	500
epykit-tile	500
epykit-tile	500
epykit-tile	500
epykit-tile	500
epykit-tile	500
epykit-tile	500
epykit-tile	500
epykit-tile	500
epykit-tile	500
epykit-tile	500
epykit-tile	500
epykit-tile	500
epykit-tile	500
epykit-tile	500
epykit-tile	500
epykit-tile	500
epykit-tile	500
epykit-tile	500
epykit-tile	500
epykit-tile	500
epykit-tile	500
epykit-tile	500
epykit-tile	500
epykit-tile	500
epykit-tile	500
epykit-tile	500
epykit-tile	500
epykit-tile	500
epykit-tile	500
epykit-tile	500
epykit-tile	500
epykit-tile	500
epykit-tile	500
epykit-tile	500
epykit-tile	500
epykit-tile	500
epykit-tile	500
epykit-tile	500
epykit-tile	500
epykit-tile	500
epykit-tile	500
epykit-tile	500
epykit-tile	500
epykit-tile	500
epykit-tile	500
epykit-tile	500
epykit-tile	500
epykit-tile	500
epykit-tile	500
epykit-tile	500
epykit-tile	500
epykit-tile	500
epykit-tile	500
epykit-tile	500
epykit-tile	500
epykit-tile	500
epykit-tile	500
epykit-tile	500
epykit-tile	500
epykit-tile	500
epykit-tile	500
epykit-tile	500
epykit-tile	500
epykit-tile	500
epykit-tile	500
epykit-tile	500
epykit-tile	500
epykit-tile	500
epykit-tile	500
epykit-tile	500
epykit-tile	500
epykit-tile	500
epykit-tile	500
epykit-tile	500
epykit-tile	500
epykit-tile	500
epykit-tile	500
epykit-tile	500
epykit-tile	500
epykit-tile	500
epykit-tile	500
epykit-tile	500
epykit-tile	500
epykit-tile	500
epykit-tile	500
epykit-tile	500
epykit-tile	500
epykit-tile	500
epykit-tile	500
epykit-tile	500
epykit-tile	500
epykit-tile	500
epykit-tile	500
epykit-tile	500
epykit-tile	500
epykit-tile	500
epykit-tile	500
epykit-tile	500
epykit-tile	500
epykit-tile	500
epykit-tile	500
epykit-tile	500
epykit-tile	500
epykit-tile	500
epykit-tile	500
epykit-tile	500
epykit-tile	500
epykit-tile	500
epykit-tile	500
epykit-tile	500
epykit-tile	500
epykit-tile	500
epykit-tile	500
epykit-tile	500
epykit-tile	500
epykit-tile	500
epykit-tile	500
epykit-tile	500
epykit-tile	500
epykit-tile	500
epykit-tile	500
epykit-tile	500
epykit-tile	500
epykit-tile	500
epykit-tile	500
epykit-tile	500
epykit-tile	500
epykit-tile	500
epykit-tile	500
epykit-tile	500
epykit-tile	500
epykit-tile	500
epykit-tile	500
epykit-tile	500
epykit-tile	500
epykit-tile	500
epykit-tile	500
epykit-tile	500
epykit-tile	500
epykit-tile	500
epykit-tile	500
epykit-tile	500
epykit-tile	500
epykit-tile	500
epykit-tile	500
epykit-tile	500
epykit-tile	500
epykit-tile	500
epykit-tile	500
epykit-tile	500
epykit-tile	500
epykit-tile	500
epykit-tile	500
epykit-tile	500
epykit-tile	500
epykit-tile	500
epykit-tile	500
epykit-tile	500
epykit-tile	500
epykit-tile	500
epykit-tile	500
epykit-tile	500
epykit-tile	500
epykit-tile	500
epykit-tile	500
epykit-tile	500
epykit-tile	500
epykit-tile	500
epykit-tile	500
epykit-tile	500
epykit-tile	500
epykit-tile	500
epykit-tile	500
epykit-tile	500
epykit-tile	500
epykit-tile	500
epykit-tile	500
epykit-tile	500
epykit-tile	500
epykit-tile	500
epykit-tile	500
epykit-tile	500
epykit-tile	500
epykit-tile	500
epykit-tile	500
epykit-tile	500
epykit-tile	500
epykit-tile	500
epykit-tile	500
epykit-tile	500
epykit-tile	500
epykit-tile	500
epykit-tile	500
epykit-tile	500
epykit-tile	500
epykit-tile	500
epykit-tile	500
epykit-tile	500
epykit-tile	500
epykit-tile	500
epykit-tile	500
epykit-tile	500
epykit-tile	500
epykit-tile	500
epykit-tile	500
epykit-tile	500
epykit-tile	500
epykit-tile	500
epykit-tile	500
epykit-tile	500
epykit-tile	500
epykit-tile	500
epykit-tile	500
epykit-tile	500
epykit-tile	500
epykit-tile	500
epykit-tile	500
epykit-tile	500
epykit-tile	500
epykit-tile	500
epykit-tile	500
epykit-tile	500
epykit-tile	500
epykit-tile	500
epykit-tile	500
epykit-tile	500
epykit-tile	500
epykit-tile	500
epykit-tile	500
epykit-tile	500
epykit-tile	500
epykit-tile	500
epykit-tile	500
epykit-tile	500
epykit-tile	500
epykit-tile	500
epykit-tile	500
epykit-tile	500
epykit-tile	500
epykit-tile	500
epykit-tile	500
epykit-tile	500
epykit-tile	500
epykit-tile	500
epykit-tile	500
epykit-tile	500
epykit-tile	500
epykit-tile	500
epykit-tile	500
epykit-tile	500
epykit-tile	500
epykit-tile	500
epykit-tile	500
epykit-tile	500
epykit-tile	500
epykit-tile	500
epykit-tile	500
epykit-tile	500
epykit-tile	500
epykit-tile	500
epykit-tile	500
epykit-tile	500
epykit-tile	500
epykit-tile	500
epykit-tile	500
epykit-tile	500
epykit-tile	500
epykit-tile	500
epykit-tile	500
epykit-tile	500
epykit-tile	500
epykit-tile	500
epykit-tile	500
epykit-tile	500
epykit-tile	500
epykit-tile	500
epykit-tile	500
epykit-tile	500
epykit-tile	500
epykit-tile	500
epykit-tile	500
epykit-tile	500
epykit-tile	500
epykit-tile	500
epykit-tile	500
epykit-tile	500
epykit-tile	500
epykit-tile	500
epykit-tile	500
epykit-tile	500
epykit-tile	500
epykit-tile	500
epykit-tile	500
epykit-tile	500
epykit-tile	500
epykit-tile	500
epykit-tile	500
epykit-tile	500
epykit-tile	500
epykit-tile	500
epykit-tile	500
epykit-tile	500
epykit-tile	500
epykit-tile	500
epykit-tile	500
epykit-tile	500
epykit-tile	500
epykit-tile	500
epykit-tile	500
epykit-tile	500
epykit-tile	500
epykit-tile	500
epykit-tile	500
epykit-tile	500
epykit-tile	500
epykit-tile	500
epykit-tile	500
epykit-tile	500
epykit-tile	500
epykit-tile	500
epykit-tile	500
epykit-tile	500
epykit-tile	500
epykit-tile	500
epykit-tile	500
epykit-tile	500
epykit-tile	500
epykit-tile	500
epykit-tile	500
epykit-tile	500
epykit-tile	500
epykit-tile	500
epykit-tile	500
epykit-tile	500
epykit-tile	500
epykit-tile	500
epykit-tile	500
epykit-tile	500
epykit-tile	500
epykit-tile	500
epykit-tile	500
epykit-tile	500
epykit-tile	500
epykit-tile	500
epykit-tile	500
epykit-tile	500
epykit-tile	500
epykit-tile	500
epykit-tile	500
epykit-tile	500
epykit-tile	500
epykit-tile	500
epykit-tile	500
epykit-tile	500
epykit-tile	500
epykit-tile	500
epykit-tile	500
epykit-tile	500
epykit-tile	500
epykit-tile	500
epykit-tile	500
epykit-tile	500
epykit-tile	500
epykit-tile	500
epykit-tile	500
epykit-tile	500
epykit-tile	500
epykit-tile	500
epykit-tile	500
epykit-tile	500
epykit-tile	500
epykit-tile	500
epykit-tile	500
epykit-tile	500
epykit-tile	500
epykit-tile	500
epykit-tile	500
epykit-tile	500
epykit-tile	500
epykit-tile	500
epykit-tile	500
epykit-tile	500
epykit-tile	500
epykit-tile	500
epykit-tile	500
epykit-tile	500
epykit-tile	500
epykit-tile	500
epykit-tile	500
epykit-tile	500
epykit-tile	500
epykit-tile	500
epykit-tile	500
epykit-tile	500
epykit-tile	500
epykit-tile	500
epykit-tile	500
epykit-tile	500
epykit-tile	500
epykit-tile	500
epykit-tile	500
epykit-tile	500
epykit-tile	500
epykit-tile	500
epykit-tile	500
epykit-tile	500
epykit-tile	500
epykit-tile	500
epykit-tile	500
epykit-tile	500
epykit-tile	500
epykit-tile	500
epykit-tile	500
epykit-tile	500
epykit-tile	500
epykit-tile	500
epykit-tile	500
epykit-tile	500
epykit-tile	500
epykit-tile	500
epykit-tile	500
epykit-tile	500
epykit-tile	500
epykit-tile	500
epykit-tile	500
epykit-tile	500
epykit-tile	500
epykit-tile	500
epykit-tile	500
epykit-tile	500
epykit-tile	500
epykit-tile	500
epykit-tile	500
epykit-tile	500
epykit-tile	500
epykit-tile	500
epykit-tile	500
epykit-tile	500
epykit-tile	500
epykit-tile	500
epykit-tile	500
epykit-tile	500
epykit-tile	500
epykit-tile	500
epykit-tile	500
epykit-tile	500
epykit-tile	500
epykit-tile	500
epykit-tile	500
epykit-tile	500
epykit-tile	500
epykit-tile	500
epykit-tile	500
epykit-tile	500
epykit-tile	500
epykit-tile	500
epykit-tile	500
epykit-tile	500
epykit-tile	500
epykit-tile	500
epykit-tile	500
epykit-tile	500
epykit-tile	500
epykit-tile	500
epykit-tile	500
epykit-tile	500
epykit-tile	500
epykit-tile	500
epykit-tile	500
epykit-tile	500
epykit-tile	500
epykit-tile	500
epykit-tile	500
epykit-tile	500
epykit-tile	500
epykit-tile	500
epykit-tile	500
epykit-tile	500
epykit-tile	500
epykit-tile	500
epykit-tile	500
epykit-tile	500
epykit-tile	500
epykit-tile	500
epykit-tile	500
epykit-tile	500
epykit-tile	500
epykit-tile	500
epykit-tile	500
epykit-tile	500
epykit-tile	500
epykit-tile	500
epykit-tile	500
epykit-tile	500
epykit-tile	500
epykit-tile	500
epykit-tile	500
epykit-tile	500
epykit-tile	500
epykit-tile	500
epykit-tile	500
epykit-tile	500
epykit-tile	500
epykit-tile	500
epykit-tile	500
epykit-tile	500
epykit-tile	500
epykit-tile	500
epykit-tile	500
epykit-tile	500
epykit-tile	500
epykit-tile	500
epykit-tile	500
epykit-tile	500
epykit-tile	500
epykit-tile	500
epykit-tile	500
epykit-tile	500
epykit-tile	500
epykit-tile	500
epykit-tile	500
epykit-tile	500
epykit-tile	500
epykit-tile	500
epykit-tile	500
epykit-tile	500
epykit-tile	500
epykit-tile	500
epykit-tile	500
epykit-tile	500
epykit-tile	500
epykit-tile	500
epykit-tile	500
epykit-tile	500
epykit-tile	500
epykit-tile	500
epykit-tile	500
epykit-tile	500
epykit-tile	500
epykit-tile	500
epykit-tile	500
epykit-tile	500
epykit-tile	500
epykit-tile	500
epykit-tile	500
epykit-tile	500
epykit-tile	500
epykit-tile	500
epykit-tile	500
epykit-tile	500
epykit-tile	500
epykit-tile	500
epykit-tile	500
epykit-tile	500
epykit-tile	500
epykit-tile	500
epykit-tile	500
epykit-tile	500
epykit-tile	500
epykit-tile	500
epykit-tile	500
epykit-tile	500
epykit-tile	500
epykit-tile	500
epykit-tile	500
epykit-tile	500
epykit-tile	500
epykit-tile	500
epykit-tile	500
epykit-tile	500
epykit-tile	500
epykit-tile	500
epykit-tile	500
epykit-tile	500
epykit-tile	500
epykit-tile	500
epykit-tile	500
epykit-tile	500
epykit-tile	500
epykit-tile	500
epykit-tile	500
epykit-tile	500
epykit-tile	500
epykit-tile	500
epykit-tile	500
epykit-tile	500
epykit-tile	500
epykit-tile	500
epykit-tile	500
epykit-tile	500
epykit-tile	500
epykit-tile	500
epykit-tile	500
epykit-tile	500
epykit-tile	500
epykit-tile	500
epykit-tile	500
epykit-tile	500
epykit-tile	500
epykit-tile	500
epykit-tile	500
epykit-tile	500
epykit-tile	500
epykit-tile	500
epykit-tile	500
epykit-tile	500
epykit-tile	500
epykit-tile	500
epykit-tile	500
epykit-tile	500
epykit-tile	500
epykit-tile	500
epykit-tile	500
epykit-tile	500
epykit-tile	500
epykit-tile	500
epykit-tile	500
epykit-tile	500
epykit-tile	500
epykit-tile	500
epykit-tile	500
epykit-tile	500
epykit-tile	500
epykit-tile	500
epykit-tile	500
epykit-tile	500
epykit-tile	500
epykit-tile	500
epykit-tile	500
epykit-tile	500
epykit-tile	500
epykit-tile	500
epykit-tile	500
epykit-tile	500
epykit-tile	500
epykit-tile	500
epykit-tile	500
epykit-tile	500
epykit-tile	500
epykit-tile	500
epykit-tile	500
epykit-tile	500
epykit-tile	500
epykit-tile	500
epykit-tile	500
epykit-tile	500
epykit-tile	500
epykit-tile	500
epykit-tile	500
epykit-tile	500
epykit-tile	500
epykit-tile	500
epykit-tile	500
epykit-tile	500
epykit-tile	500
epykit-tile	500
epykit-tile	500
epykit-tile	500
epykit-tile	500
epykit-tile	500
epykit-tile	500
epykit-tile	500
epykit-tile	500
epykit-tile	500
epykit-tile	500
epykit-tile	500
epykit-tile	500
epykit-tile	500
epykit-tile	500
epykit-tile	500
epykit-tile	500
epykit-tile	500
epykit-tile	500
epykit-tile	500
epykit-tile	500
epykit-tile	500
epykit-tile	500
epykit-tile	500
epykit-tile	500
epykit-tile	500
epykit-tile	500
epykit-tile	500
epykit-tile	500
epykit-tile	500
epykit-tile	500
epykit-tile	500
epykit-tile	500
epykit-tile	500
epykit-tile	500
epykit-tile	500
epykit-chain_merge-100	273
epykit-chain_merge-100	101
epykit-chain_merge-100	89
epykit-chain_merge-100	214
epykit-chain_merge-100	204
epykit-chain_merge-100	153
epykit-chain_merge-100	119
epykit-chain_merge-100	204
epykit-chain_merge-100	70
epykit-chain_merge-100	109
epykit-chain_merge-100	108
epykit-chain_merge-100	279
epykit-chain_merge-100	203
epykit-chain_merge-100	574
epykit-chain_merge-100	204
epykit-chain_merge-100	392
epykit-chain_merge-100	133
epykit-chain_merge-100	160
epykit-chain_merge-100	113
epykit-chain_merge-100	91
epykit-chain_merge-100	87
epykit-chain_merge-100	123
epykit-chain_merge-100	135
epykit-chain_merge-100	298
epykit-chain_merge-100	136
epykit-chain_merge-100	128
epykit-chain_merge-100	51
epykit-chain_merge-100	55
epykit-chain_merge-100	197
epykit-chain_merge-100	111
epykit-chain_merge-100	69
epykit-chain_merge-100	158
epykit-chain_merge-100	53
epykit-chain_merge-100	192
epykit-chain_merge-100	221
epykit-chain_merge-100	115
epykit-chain_merge-100	88
epykit-chain_merge-100	152
epykit-chain_merge-100	128
epykit-chain_merge-100	186
epykit-chain_merge-100	132
epykit-chain_merge-100	144
epykit-chain_merge-100	120
epykit-chain_merge-100	320
epykit-chain_merge-100	104
epykit-chain_merge-100	300
epykit-chain_merge-100	300
epykit-chain_merge-100	168
epykit-chain_merge-100	98
epykit-chain_merge-100	194
epykit-chain_merge-100	172
epykit-chain_merge-100	52
epykit-chain_merge-100	62
epykit-chain_merge-100	125
epykit-chain_merge-100	60
epykit-chain_merge-100	129
epykit-chain_merge-100	205
epykit-chain_merge-100	526
epykit-chain_merge-100	86
epykit-chain_merge-100	582
epykit-chain_merge-100	84
epykit-chain_merge-100	80
epykit-chain_merge-100	154
epykit-chain_merge-100	151
epykit-chain_merge-100	141
epykit-chain_merge-100	163
epykit-chain_merge-100	86
epykit-chain_merge-100	59
epykit-chain_merge-100	226
epykit-chain_merge-100	257
epykit-chain_merge-100	93
epykit-chain_merge-100	100
epykit-chain_merge-100	161
epykit-chain_merge-100	309
epykit-chain_merge-100	169
epykit-chain_merge-100	373
epykit-chain_merge-100	107
epykit-chain_merge-100	57
epykit-chain_merge-100	76
epykit-chain_merge-100	87
epykit-chain_merge-100	153
epykit-chain_merge-100	272
epykit-chain_merge-100	106
epykit-chain_merge-100	221
epykit-chain_merge-100	73
epykit-chain_merge-100	92
epykit-chain_merge-100	109
epykit-chain_merge-100	86
epykit-chain_merge-100	83
epykit-chain_merge-100	171
epykit-chain_merge-100	56
epykit-chain_merge-100	74
epykit-chain_merge-100	156
epykit-chain_merge-100	65
epykit-chain_merge-100	164
epykit-chain_merge-100	52
epykit-chain_merge-100	91
epykit-chain_merge-100	112
epykit-chain_merge-100	58
epykit-chain_merge-100	110
epykit-chain_merge-100	88
epykit-chain_merge-100	98
epykit-chain_merge-100	152
epykit-chain_merge-100	116
epykit-chain_merge-100	164
epykit-chain_merge-100	74
epykit-chain_merge-100	384
epykit-chain_merge-100	275
epykit-chain_merge-100	178
epykit-chain_merge-100	157
epykit-chain_merge-100	98
epykit-chain_merge-100	120
epykit-chain_merge-100	159
epykit-chain_merge-100	203
epykit-chain_merge-100	104
epykit-chain_merge-100	127
epykit-chain_merge-100	73
epykit-chain_merge-100	126
epykit-chain_merge-100	74
epykit-chain_merge-100	201
epykit-chain_merge-100	121
epykit-chain_merge-100	54
epykit-chain_merge-100	172
epykit-chain_merge-100	128
epykit-chain_merge-100	151
epykit-chain_merge-100	132
epykit-chain_merge-100	150
epykit-chain_merge-100	74
epykit-chain_merge-100	101
epykit-chain_merge-100	364
epykit-chain_merge-100	84
epykit-chain_merge-100	91
epykit-chain_merge-100	234
epykit-chain_merge-100	181
epykit-chain_merge-100	133
epykit-chain_merge-100	67
epykit-chain_merge-100	134
epykit-chain_merge-100	78
epykit-chain_merge-100	107
epykit-chain_merge-100	249
epykit-chain_merge-100	125
epykit-chain_merge-100	79
epykit-chain_merge-100	73
epykit-chain_merge-100	87
epykit-chain_merge-100	157
epykit-chain_merge-100	90
epykit-chain_merge-100	165
epykit-chain_merge-100	291
epykit-chain_merge-100	123
epykit-chain_merge-100	57
epykit-chain_merge-100	289
epykit-chain_merge-100	73
epykit-chain_merge-100	236
epykit-chain_merge-100	57
epykit-chain_merge-100	102
epykit-chain_merge-100	58
epykit-chain_merge-100	266
epykit-chain_merge-100	226
epykit-chain_merge-100	91
epykit-chain_merge-100	89
epykit-chain_merge-100	96
epykit-chain_merge-100	100
epykit-chain_merge-100	174
epykit-chain_merge-100	127
epykit-chain_merge-100	73
epykit-chain_merge-100	224
epykit-chain_merge-100	139
epykit-chain_merge-100	131
epykit-chain_merge-100	168
epykit-chain_merge-100	107
epykit-chain_merge-100	55
epykit-chain_merge-100	229
epykit-chain_merge-100	81
epykit-chain_merge-100	239
epykit-chain_merge-100	185
epykit-chain_merge-100	100
epykit-chain_merge-100	154
epykit-chain_merge-100	115
epykit-chain_merge-100	106
epykit-chain_merge-100	90
epykit-chain_merge-100	128
epykit-chain_merge-100	88
epykit-chain_merge-100	54
epykit-chain_merge-100	60
epykit-chain_merge-100	226
epykit-chain_merge-100	239
epykit-chain_merge-100	166
epykit-chain_merge-100	182
epykit-chain_merge-100	381
epykit-chain_merge-100	131
epykit-chain_merge-100	75
epykit-chain_merge-100	78
epykit-chain_merge-100	85
epykit-chain_merge-100	119
epykit-chain_merge-100	100
epykit-chain_merge-100	54
epykit-chain_merge-100	187
epykit-chain_merge-100	91
epykit-chain_merge-100	167
epykit-chain_merge-100	120
epykit-chain_merge-100	222
epykit-chain_merge-100	89
epykit-chain_merge-100	52
epykit-chain_merge-100	272
epykit-chain_merge-100	94
epykit-chain_merge-100	109
epykit-chain_merge-100	145
epykit-chain_merge-100	126
epykit-chain_merge-100	166
epykit-chain_merge-100	65
epykit-chain_merge-100	142
epykit-chain_merge-100	65
epykit-chain_merge-100	215
epykit-chain_merge-100	65
epykit-chain_merge-100	172
epykit-chain_merge-100	103
epykit-chain_merge-100	87
epykit-chain_merge-100	63
epykit-chain_merge-100	172
epykit-chain_merge-100	275
epykit-chain_merge-100	56
epykit-chain_merge-100	134
epykit-chain_merge-100	128
epykit-chain_merge-100	125
epykit-chain_merge-100	83
epykit-chain_merge-100	141
epykit-chain_merge-100	209
epykit-chain_merge-100	127
epykit-chain_merge-100	109
epykit-chain_merge-100	137
epykit-chain_merge-100	63
epykit-chain_merge-100	188
epykit-chain_merge-100	69
epykit-chain_merge-100	159
epykit-chain_merge-100	207
epykit-chain_merge-100	276
epykit-chain_merge-100	76
epykit-chain_merge-100	92
epykit-chain_merge-100	398
epykit-chain_merge-100	511
epykit-chain_merge-100	132
epykit-chain_merge-100	186
epykit-chain_merge-100	330
epykit-chain_merge-100	117
epykit-chain_merge-100	125
epykit-chain_merge-100	71
epykit-chain_merge-100	89
epykit-chain_merge-100	220
epykit-chain_merge-100	127
epykit-chain_merge-100	226
epykit-chain_merge-100	447
epykit-chain_merge-100	131
epykit-chain_merge-100	94
epykit-chain_merge-100	94
epykit-chain_merge-100	187
epykit-chain_merge-100	119
epykit-chain_merge-100	162
epykit-chain_merge-100	76
epykit-chain_merge-100	70
epykit-chain_merge-100	88
epykit-chain_merge-100	121
epykit-chain_merge-100	74
epykit-chain_merge-100	144
epykit-chain_merge-100	258
epykit-chain_merge-100	184
epykit-chain_merge-100	104
epykit-chain_merge-100	91
epykit-chain_merge-100	149
epykit-chain_merge-100	111
epykit-chain_merge-100	104
epykit-chain_merge-100	130
epykit-chain_merge-100	99
epykit-chain_merge-100	181
epykit-chain_merge-100	57
epykit-chain_merge-100	400
epykit-chain_merge-100	126
epykit-chain_merge-100	115
epykit-chain_merge-100	199
epykit-chain_merge-100	50
epykit-chain_merge-100	443
epykit-chain_merge-100	350
epykit-chain_merge-100	215
epykit-chain_merge-100	222
epykit-chain_merge-100	79
epykit-chain_merge-100	102
epykit-chain_merge-100	363
epykit-chain_merge-100	290
epykit-chain_merge-100	298
epykit-chain_merge-100	74
epykit-chain_merge-100	90
epykit-chain_merge-100	90
epykit-chain_merge-100	109
epykit-chain_merge-100	234
epykit-chain_merge-100	675
epykit-chain_merge-100	309
epykit-chain_merge-100	197
epykit-chain_merge-100	99
epykit-chain_merge-100	71
epykit-chain_merge-100	127
epykit-chain_merge-100	93
epykit-chain_merge-100	76
epykit-chain_merge-100	52
epykit-chain_merge-100	126
epykit-chain_merge-100	170
epykit-chain_merge-100	117
epykit-chain_merge-100	70
epykit-chain_merge-100	161
epykit-chain_merge-100	159
epykit-chain_merge-100	394
epykit-chain_merge-100	163
epykit-chain_merge-100	127
epykit-chain_merge-100	175
epykit-chain_merge-100	77
epykit-chain_merge-100	336
epykit-chain_merge-100	205
epykit-chain_merge-100	297
epykit-chain_merge-100	154
epykit-chain_merge-100	74
epykit-chain_merge-100	168
epykit-chain_merge-100	129
epykit-chain_merge-100	222
epykit-chain_merge-100	167
epykit-chain_merge-100	139
epykit-chain_merge-100	623
epykit-chain_merge-100	179
epykit-chain_merge-100	73
epykit-chain_merge-100	239
epykit-chain_merge-100	94
epykit-chain_merge-100	69
epykit-chain_merge-100	251
epykit-chain_merge-100	282
epykit-chain_merge-100	321
epykit-chain_merge-100	292
epykit-chain_merge-100	98
epykit-chain_merge-100	156
epykit-chain_merge-100	135
epykit-chain_merge-100	126
epykit-chain_merge-100	103
epykit-chain_merge-100	118
epykit-chain_merge-100	194
epykit-chain_merge-100	214
epykit-chain_merge-100	142
epykit-chain_merge-100	143
epykit-chain_merge-100	169
epykit-chain_merge-100	151
epykit-chain_merge-100	85
epykit-chain_merge-100	95
epykit-chain_merge-100	166
epykit-chain_merge-100	242
epykit-chain_merge-100	177
epykit-chain_merge-100	101
epykit-chain_merge-100	228
epykit-chain_merge-100	165
epykit-chain_merge-100	70
epykit-chain_merge-100	100
epykit-chain_merge-100	124
epykit-chain_merge-100	174
epykit-chain_merge-100	79
epykit-chain_merge-100	84
epykit-chain_merge-100	259
epykit-chain_merge-100	277
epykit-chain_merge-100	226
epykit-chain_merge-100	237
epykit-chain_merge-100	84
epykit-chain_merge-100	317
epykit-chain_merge-100	161
epykit-chain_merge-100	69
epykit-chain_merge-100	154
epykit-chain_merge-100	116
epykit-chain_merge-100	133
epykit-chain_merge-100	234
epykit-chain_merge-100	110
epykit-chain_merge-100	59
epykit-chain_merge-100	109
epykit-chain_merge-100	511
epykit-chain_merge-100	250
epykit-chain_merge-100	335
epykit-chain_merge-100	350
epykit-chain_merge-100	115
epykit-chain_merge-100	523
epykit-chain_merge-100	395
epykit-chain_merge-100	283
epykit-chain_merge-100	98
epykit-chain_merge-100	66
epykit-chain_merge-100	78
epykit-chain_merge-100	78
epykit-chain_merge-100	125
epykit-chain_merge-100	252
epykit-chain_merge-100	137
epykit-chain_merge-100	156
epykit-chain_merge-100	71
epykit-chain_merge-100	51
epykit-chain_merge-100	223
epykit-chain_merge-100	222
epykit-chain_merge-100	248
epykit-chain_merge-100	128
epykit-chain_merge-100	113
epykit-chain_merge-100	201
epykit-chain_merge-100	103
epykit-chain_merge-100	488
epykit-chain_merge-100	88
epykit-chain_merge-100	168
epykit-chain_merge-100	106
epykit-chain_merge-100	75
epykit-chain_merge-100	113
epykit-chain_merge-100	56
epykit-chain_merge-100	131
epykit-chain_merge-100	155
epykit-chain_merge-100	232
epykit-chain_merge-100	155
epykit-chain_merge-100	160
epykit-chain_merge-100	102
epykit-chain_merge-100	181
epykit-chain_merge-100	64
epykit-chain_merge-100	249
epykit-chain_merge-100	92
epykit-chain_merge-100	72
epykit-chain_merge-100	56
epykit-chain_merge-100	143
epykit-chain_merge-100	104
epykit-chain_merge-100	210
epykit-chain_merge-100	147
epykit-chain_merge-100	80
epykit-chain_merge-100	118
epykit-chain_merge-100	148
epykit-chain_merge-100	112
epykit-chain_merge-100	137
epykit-chain_merge-100	152
epykit-chain_merge-100	262
epykit-chain_merge-100	106
epykit-chain_merge-100	76
epykit-chain_merge-100	124
epykit-chain_merge-100	139
epykit-chain_merge-100	127
epykit-chain_merge-100	117
epykit-chain_merge-100	121
epykit-chain_merge-100	209
epykit-chain_merge-100	116
epykit-chain_merge-100	267
epykit-chain_merge-100	191
epykit-chain_merge-100	109
epykit-chain_merge-100	97
epykit-chain_merge-100	92
epykit-chain_merge-100	122
epykit-chain_merge-100	89
epykit-chain_merge-100	66
epykit-chain_merge-100	76
epykit-chain_merge-100	57
epykit-chain_merge-100	238
epykit-chain_merge-100	159
epykit-chain_merge-100	111
epykit-chain_merge-100	61
epykit-chain_merge-100	206
epykit-chain_merge-100	124
epykit-chain_merge-100	187
epykit-chain_merge-100	76
epykit-chain_merge-100	125
epykit-chain_merge-100	128
epykit-chain_merge-100	105
epykit-chain_merge-100	106
epykit-chain_merge-100	173
epykit-chain_merge-100	58
epykit-chain_merge-100	53
epykit-chain_merge-100	90
epykit-chain_merge-100	232
epykit-chain_merge-100	172
epykit-chain_merge-100	136
epykit-chain_merge-100	244
epykit-chain_merge-100	166
epykit-chain_merge-100	248
epykit-chain_merge-100	103
epykit-chain_merge-100	210
epykit-chain_merge-100	101
epykit-chain_merge-100	93
epykit-chain_merge-100	123
epykit-chain_merge-100	154
epykit-chain_merge-100	93
epykit-chain_merge-100	186
epykit-chain_merge-100	114
epykit-chain_merge-100	172
epykit-chain_merge-100	206
epykit-chain_merge-100	411
epykit-chain_merge-100	117
epykit-chain_merge-100	75
epykit-chain_merge-100	103
epykit-chain_merge-100	195
epykit-chain_merge-100	115
epykit-chain_merge-100	219
epykit-chain_merge-100	83
epykit-chain_merge-100	268
epykit-chain_merge-100	67
epykit-chain_merge-100	135
epykit-chain_merge-100	213
epykit-chain_merge-100	183
epykit-chain_merge-100	70
epykit-chain_merge-100	125
epykit-chain_merge-100	106
epykit-chain_merge-100	245
epykit-chain_merge-100	110
epykit-chain_merge-100	85
epykit-chain_merge-100	70
epykit-chain_merge-100	123
epykit-chain_merge-100	128
epykit-chain_merge-100	215
epykit-chain_merge-100	213
epykit-chain_merge-100	112
epykit-chain_merge-100	160
epykit-chain_merge-100	97
epykit-chain_merge-100	107
epykit-chain_merge-100	70
epykit-chain_merge-100	151
epykit-chain_merge-100	105
epykit-chain_merge-100	183
epykit-chain_merge-100	153
epykit-chain_merge-100	143
epykit-chain_merge-100	164
epykit-chain_merge-100	117
epykit-chain_merge-100	140
epykit-chain_merge-100	76
epykit-chain_merge-100	115
epykit-chain_merge-100	70
epykit-chain_merge-100	75
epykit-chain_merge-100	51
epykit-chain_merge-100	111
epykit-chain_merge-100	107
epykit-chain_merge-100	69
epykit-chain_merge-100	56
epykit-chain_merge-100	144
epykit-chain_merge-100	88
epykit-chain_merge-100	73
epykit-chain_merge-100	215
epykit-chain_merge-100	113
epykit-chain_merge-100	146
epykit-chain_merge-100	350
epykit-chain_merge-100	102
epykit-chain_merge-100	126
epykit-chain_merge-100	170
epykit-chain_merge-100	140
epykit-chain_merge-100	85
epykit-chain_merge-100	81
epykit-chain_merge-100	151
epykit-chain_merge-100	204
epykit-chain_merge-100	201
epykit-chain_merge-100	105
epykit-chain_merge-100	131
epykit-chain_merge-100	106
epykit-chain_merge-100	85
epykit-chain_merge-100	257
epykit-chain_merge-100	162
epykit-chain_merge-100	93
epykit-chain_merge-100	178
epykit-chain_merge-100	102
epykit-chain_merge-100	107
epykit-chain_merge-100	116
epykit-chain_merge-100	106
epykit-chain_merge-100	101
epykit-chain_merge-100	204
epykit-chain_merge-100	91
epykit-chain_merge-100	127
epykit-chain_merge-100	249
epykit-chain_merge-100	213
epykit-chain_merge-100	184
epykit-chain_merge-100	297
epykit-chain_merge-100	75
epykit-chain_merge-100	182
epykit-chain_merge-100	189
epykit-chain_merge-100	111
epykit-chain_merge-100	172
epykit-chain_merge-100	153
epykit-chain_merge-100	202
epykit-chain_merge-100	80
epykit-chain_merge-100	74
epykit-chain_merge-100	116
epykit-chain_merge-100	84
epykit-chain_merge-100	188
epykit-chain_merge-100	174
epykit-chain_merge-100	123
epykit-chain_merge-100	67
epykit-chain_merge-100	116
epykit-chain_merge-100	158
epykit-chain_merge-100	178
epykit-chain_merge-100	144
epykit-chain_merge-100	227
epykit-chain_merge-100	327
epykit-chain_merge-100	266
epykit-chain_merge-100	189
epykit-chain_merge-100	62
epykit-chain_merge-100	64
epykit-chain_merge-100	123
epykit-chain_merge-100	143
epykit-chain_merge-100	211
epykit-chain_merge-100	88
epykit-chain_merge-100	120
epykit-chain_merge-100	92
epykit-chain_merge-100	86
epykit-chain_merge-100	110
epykit-chain_merge-100	299
epykit-chain_merge-100	70
epykit-chain_merge-100	214
epykit-chain_merge-100	122
epykit-chain_merge-100	66
epykit-chain_merge-100	276
epykit-chain_merge-100	80
epykit-chain_merge-100	258
epykit-chain_merge-100	88
epykit-chain_merge-100	60
epykit-chain_merge-100	109
epykit-chain_merge-100	146
epykit-chain_merge-100	188
epykit-chain_merge-100	783
epykit-chain_merge-100	195
epykit-chain_merge-100	197
epykit-chain_merge-100	70
epykit-chain_merge-100	96
epykit-chain_merge-100	64
epykit-chain_merge-100	66
epykit-chain_merge-100	75
epykit-chain_merge-100	143
epykit-chain_merge-100	120
epykit-chain_merge-100	52
epykit-chain_merge-100	210
epykit-chain_merge-100	159
epykit-chain_merge-100	76
epykit-chain_merge-100	113
epykit-chain_merge-100	208
epykit-chain_merge-100	161
epykit-chain_merge-100	105
epykit-chain_merge-100	86
epykit-chain_merge-100	136
epykit-chain_merge-100	87
epykit-chain_merge-100	73
epykit-chain_merge-100	140
epykit-chain_merge-100	150
epykit-chain_merge-100	58
epykit-chain_merge-100	246
epykit-chain_merge-100	100
epykit-chain_merge-100	200
epykit-chain_merge-100	118
epykit-chain_merge-100	154
epykit-chain_merge-100	63
epykit-chain_merge-100	117
epykit-chain_merge-100	58
epykit-chain_merge-100	69
epykit-chain_merge-100	170
epykit-chain_merge-100	105
epykit-chain_merge-100	117
epykit-chain_merge-100	101
epykit-chain_merge-100	51
epykit-chain_merge-100	234
epykit-chain_merge-100	103
epykit-chain_merge-100	84
epykit-chain_merge-100	196
epykit-chain_merge-100	53
epykit-chain_merge-100	323
epykit-chain_merge-100	206
epykit-chain_merge-100	103
epykit-chain_merge-100	220
epykit-chain_merge-100	406
epykit-chain_merge-100	200
epykit-chain_merge-100	109
epykit-chain_merge-100	143
epykit-chain_merge-100	118
epykit-chain_merge-100	110
epykit-chain_merge-100	375
epykit-chain_merge-100	163
epykit-chain_merge-100	266
epykit-chain_merge-100	87
epykit-chain_merge-100	107
epykit-chain_merge-100	105
epykit-chain_merge-100	92
epykit-chain_merge-100	68
epykit-chain_merge-100	163
epykit-chain_merge-100	56
epykit-chain_merge-100	166
epykit-chain_merge-100	121
epykit-chain_merge-100	81
epykit-chain_merge-100	51
epykit-chain_merge-100	63
epykit-chain_merge-100	137
epykit-chain_merge-100	1851
epykit-chain_merge-100	357
epykit-chain_merge-100	182
epykit-chain_merge-100	93
epykit-chain_merge-100	119
epykit-chain_merge-100	122
epykit-chain_merge-100	117
epykit-chain_merge-100	62
epykit-chain_merge-100	186
epykit-chain_merge-100	157
epykit-chain_merge-100	112
epykit-chain_merge-100	107
epykit-chain_merge-100	105
epykit-chain_merge-100	257
epykit-chain_merge-100	192
epykit-chain_merge-100	101
epykit-chain_merge-100	266
epykit-chain_merge-100	117
epykit-chain_merge-100	242
epykit-chain_merge-100	109
epykit-chain_merge-100	119
epykit-chain_merge-100	58
epykit-chain_merge-100	153
epykit-chain_merge-100	69
epykit-chain_merge-100	68
epykit-chain_merge-100	66
epykit-chain_merge-100	147
epykit-chain_merge-100	135
epykit-chain_merge-100	57
epykit-chain_merge-100	291
epykit-chain_merge-100	52
epykit-chain_merge-100	168
epykit-chain_merge-100	75
epykit-chain_merge-100	113
epykit-chain_merge-100	88
epykit-chain_merge-100	122
epykit-chain_merge-100	391
epykit-chain_merge-100	72
epykit-chain_merge-100	78
epykit-chain_merge-100	261
epykit-chain_merge-100	227
epykit-chain_merge-100	140
epykit-chain_merge-100	54
epykit-chain_merge-100	77
epykit-chain_merge-100	308
epykit-chain_merge-100	97
epykit-chain_merge-100	254
epykit-chain_merge-100	423
epykit-chain_merge-100	62
epykit-chain_merge-100	110
epykit-chain_merge-100	191
epykit-chain_merge-100	109
epykit-chain_merge-100	131
epykit-chain_merge-100	61
epykit-chain_merge-100	247
epykit-chain_merge-100	96
epykit-chain_merge-100	84
epykit-chain_merge-100	112
epykit-chain_merge-100	160
epykit-chain_merge-100	104
epykit-chain_merge-100	91
epykit-chain_merge-100	116
epykit-chain_merge-100	312
epykit-chain_merge-100	140
epykit-chain_merge-100	109
epykit-chain_merge-100	219
epykit-chain_merge-100	57
epykit-chain_merge-100	121
epykit-chain_merge-100	159
epykit-chain_merge-100	92
epykit-chain_merge-100	220
epykit-chain_merge-100	91
epykit-chain_merge-100	107
epykit-chain_merge-100	77
epykit-chain_merge-100	69
epykit-chain_merge-100	65
epykit-chain_merge-100	243
epykit-chain_merge-100	186
epykit-chain_merge-100	129
epykit-chain_merge-100	388
epykit-chain_merge-100	126
epykit-chain_merge-100	224
epykit-chain_merge-100	435
epykit-chain_merge-100	277
epykit-chain_merge-100	100
epykit-chain_merge-100	82
epykit-chain_merge-100	97
epykit-chain_merge-100	104
epykit-chain_merge-100	122
epykit-chain_merge-100	87
epykit-chain_merge-100	58
epykit-chain_merge-100	126
epykit-chain_merge-100	188
epykit-chain_merge-100	194
epykit-chain_merge-100	50
epykit-chain_merge-100	51
epykit-chain_merge-100	83
epykit-chain_merge-100	70
epykit-chain_merge-100	77
epykit-chain_merge-100	58
epykit-chain_merge-100	70
epykit-chain_merge-100	94
epykit-chain_merge-100	177
epykit-chain_merge-100	139
epykit-chain_merge-100	86
epykit-chain_merge-100	96
epykit-chain_merge-100	133
epykit-chain_merge-100	88
epykit-chain_merge-100	66
epykit-chain_merge-100	95
epykit-chain_merge-100	118
epykit-chain_merge-100	172
epykit-chain_merge-100	125
epykit-chain_merge-100	108
epykit-chain_merge-100	782
epykit-chain_merge-100	210
epykit-chain_merge-100	106
epykit-chain_merge-100	185
epykit-chain_merge-100	70
epykit-chain_merge-100	246
epykit-chain_merge-100	116
epykit-chain_merge-100	155
epykit-chain_merge-100	183
epykit-chain_merge-100	183
epykit-chain_merge-100	68
epykit-chain_merge-100	125
epykit-chain_merge-100	99
epykit-chain_merge-100	156
epykit-chain_merge-100	89
epykit-chain_merge-100	89
epykit-chain_merge-100	53
epykit-chain_merge-100	149
epykit-chain_merge-100	117
epykit-chain_merge-100	318
epykit-chain_merge-100	108
epykit-chain_merge-100	130
epykit-chain_merge-100	101
epykit-chain_merge-100	72
epykit-chain_merge-100	188
epykit-chain_merge-100	66
epykit-chain_merge-100	50
epykit-chain_merge-100	136
epykit-chain_merge-100	126
epykit-chain_merge-100	370
epykit-chain_merge-100	129
epykit-chain_merge-100	104
epykit-chain_merge-100	126
epykit-chain_merge-100	208
epykit-chain_merge-100	61
epykit-chain_merge-100	259
epykit-chain_merge-100	71
epykit-chain_merge-100	138
epykit-chain_merge-100	60
epykit-chain_merge-100	110
epykit-chain_merge-100	54
epykit-chain_merge-100	166
epykit-chain_merge-100	107
epykit-chain_merge-100	190
epykit-chain_merge-100	124
epykit-chain_merge-100	312
epykit-chain_merge-100	252
epykit-chain_merge-100	83
epykit-chain_merge-100	111
epykit-chain_merge-100	279
epykit-chain_merge-100	161
epykit-chain_merge-100	288
epykit-chain_merge-100	299
epykit-chain_merge-100	137
epykit-chain_merge-100	66
epykit-chain_merge-100	119
epykit-chain_merge-100	153
epykit-chain_merge-100	156
epykit-chain_merge-100	56
epykit-chain_merge-250	164
epykit-chain_merge-250	484
epykit-chain_merge-250	89
epykit-chain_merge-250	214
epykit-chain_merge-250	204
epykit-chain_merge-250	240
epykit-chain_merge-250	544
epykit-chain_merge-250	238
epykit-chain_merge-250	410
epykit-chain_merge-250	204
epykit-chain_merge-250	379
epykit-chain_merge-250	70
epykit-chain_merge-250	109
epykit-chain_merge-250	108
epykit-chain_merge-250	406
epykit-chain_merge-250	203
epykit-chain_merge-250	574
epykit-chain_merge-250	737
epykit-chain_merge-250	213
epykit-chain_merge-250	133
epykit-chain_merge-250	142
epykit-chain_merge-250	160
epykit-chain_merge-250	168
epykit-chain_merge-250	376
epykit-chain_merge-250	324
epykit-chain_merge-250	91
epykit-chain_merge-250	393
epykit-chain_merge-250	219
epykit-chain_merge-250	194
epykit-chain_merge-250	326
epykit-chain_merge-250	314
epykit-chain_merge-250	688
epykit-chain_merge-250	332
epykit-chain_merge-250	417
epykit-chain_merge-250	123
epykit-chain_merge-250	451
epykit-chain_merge-250	163
epykit-chain_merge-250	135
epykit-chain_merge-250	298
epykit-chain_merge-250	178
epykit-chain_merge-250	136
epykit-chain_merge-250	668
epykit-chain_merge-250	55
epykit-chain_merge-250	695
epykit-chain_merge-250	136
epykit-chain_merge-250	281
epykit-chain_merge-250	242
epykit-chain_merge-250	158
epykit-chain_merge-250	268
epykit-chain_merge-250	252
epykit-chain_merge-250	192
epykit-chain_merge-250	166
epykit-chain_merge-250	221
epykit-chain_merge-250	115
epykit-chain_merge-250	88
epykit-chain_merge-250	208
epykit-chain_merge-250	152
epykit-chain_merge-250	239
epykit-chain_merge-250	186
epykit-chain_merge-250	233
epykit-chain_merge-250	132
epykit-chain_merge-250	156
epykit-chain_merge-250	144
epykit-chain_merge-250	120
epykit-chain_merge-250	320
epykit-chain_merge-250	104
epykit-chain_merge-250	300
epykit-chain_merge-250	405
epykit-chain_merge-250	455
epykit-chain_merge-250	245
epykit-chain_merge-250	243
epykit-chain_merge-250	194
epykit-chain_merge-250	374
epykit-chain_merge-250	172
epykit-chain_merge-250	253
epykit-chain_merge-250	62
epykit-chain_merge-250	251
epykit-chain_merge-250	249
epykit-chain_merge-250	60
epykit-chain_merge-250	206
epykit-chain_merge-250	274
epykit-chain_merge-250	205
epykit-chain_merge-250	526
epykit-chain_merge-250	366
epykit-chain_merge-250	582
epykit-chain_merge-250	84
epykit-chain_merge-250	197
epykit-chain_merge-250	593
epykit-chain_merge-250	141
epykit-chain_merge-250	519
epykit-chain_merge-250	212
epykit-chain_merge-250	242
epykit-chain_merge-250	205
epykit-chain_merge-250	226
epykit-chain_merge-250	190
epykit-chain_merge-250	151
epykit-chain_merge-250	257
epykit-chain_merge-250	295
epykit-chain_merge-250	100
epykit-chain_merge-250	188
epykit-chain_merge-250	754
epykit-chain_merge-250	169
epykit-chain_merge-250	140
epykit-chain_merge-250	485
epykit-chain_merge-250	253
epykit-chain_merge-250	241
epykit-chain_merge-250	57
epykit-chain_merge-250	76
epykit-chain_merge-250	87
epykit-chain_merge-250	153
epykit-chain_merge-250	272
epykit-chain_merge-250	212
epykit-chain_merge-250	178
epykit-chain_merge-250	221
epykit-chain_merge-250	362
epykit-chain_merge-250	73
epykit-chain_merge-250	92
epykit-chain_merge-250	109
epykit-chain_merge-250	211
epykit-chain_merge-250	86
epykit-chain_merge-250	286
epykit-chain_merge-250	171
epykit-chain_merge-250	56
epykit-chain_merge-250	267
epykit-chain_merge-250	188
epykit-chain_merge-250	319
epykit-chain_merge-250	227
epykit-chain_merge-250	229
epykit-chain_merge-250	65
epykit-chain_merge-250	164
epykit-chain_merge-250	229
epykit-chain_merge-250	164
epykit-chain_merge-250	91
epykit-chain_merge-250	264
epykit-chain_merge-250	112
epykit-chain_merge-250	58
epykit-chain_merge-250	110
epykit-chain_merge-250	88
epykit-chain_merge-250	229
epykit-chain_merge-250	98
epykit-chain_merge-250	237
epykit-chain_merge-250	407
epykit-chain_merge-250	278
epykit-chain_merge-250	245
epykit-chain_merge-250	384
epykit-chain_merge-250	275
epykit-chain_merge-250	178
epykit-chain_merge-250	157
epykit-chain_merge-250	307
epykit-chain_merge-250	281
epykit-chain_merge-250	208
epykit-chain_merge-250	159
epykit-chain_merge-250	203
epykit-chain_merge-250	104
epykit-chain_merge-250	360
epykit-chain_merge-250	427
epykit-chain_merge-250	403
epykit-chain_merge-250	126
epykit-chain_merge-250	219
epykit-chain_merge-250	769
epykit-chain_merge-250	201
epykit-chain_merge-250	244
epykit-chain_merge-250	54
epykit-chain_merge-250	172
epykit-chain_merge-250	293
epykit-chain_merge-250	128
epykit-chain_merge-250	151
epykit-chain_merge-250	429
epykit-chain_merge-250	427
epykit-chain_merge-250	164
epykit-chain_merge-250	265
epykit-chain_merge-250	150
epykit-chain_merge-250	74
epykit-chain_merge-250	101
epykit-chain_merge-250	575
epykit-chain_merge-250	91
epykit-chain_merge-250	210
epykit-chain_merge-250	234
epykit-chain_merge-250	372
epykit-chain_merge-250	133
epykit-chain_merge-250	187
epykit-chain_merge-250	204
epykit-chain_merge-250	291
epykit-chain_merge-250	475
epykit-chain_merge-250	107
epykit-chain_merge-250	117
epykit-chain_merge-250	357
epykit-chain_merge-250	137
epykit-chain_merge-250	125
epykit-chain_merge-250	79
epykit-chain_merge-250	403
epykit-chain_merge-250	196
epykit-chain_merge-250	87
epykit-chain_merge-250	270
epykit-chain_merge-250	220
epykit-chain_merge-250	165
epykit-chain_merge-250	291
epykit-chain_merge-250	123
epykit-chain_merge-250	57
epykit-chain_merge-250	289
epykit-chain_merge-250	73
epykit-chain_merge-250	236
epykit-chain_merge-250	57
epykit-chain_merge-250	102
epykit-chain_merge-250	58
epykit-chain_merge-250	226
epykit-chain_merge-250	266
epykit-chain_merge-250	226
epykit-chain_merge-250	175
epykit-chain_merge-250	323
epykit-chain_merge-250	91
epykit-chain_merge-250	185
epykit-chain_merge-250	206
epykit-chain_merge-250	297
epykit-chain_merge-250	132
epykit-chain_merge-250	244
epykit-chain_merge-250	96
epykit-chain_merge-250	162
epykit-chain_merge-250	210
epykit-chain_merge-250	100
epykit-chain_merge-250	174
epykit-chain_merge-250	193
epykit-chain_merge-250	249
epykit-chain_merge-250	127
epykit-chain_merge-250	364
epykit-chain_merge-250	275
epykit-chain_merge-250	222
epykit-chain_merge-250	202
epykit-chain_merge-250	264
epykit-chain_merge-250	471
epykit-chain_merge-250	131
epykit-chain_merge-250	270
epykit-chain_merge-250	168
epykit-chain_merge-250	107
epykit-chain_merge-250	409
epykit-chain_merge-250	229
epykit-chain_merge-250	81
epykit-chain_merge-250	239
epykit-chain_merge-250	246
epykit-chain_merge-250	185
epykit-chain_merge-250	100
epykit-chain_merge-250	154
epykit-chain_merge-250	231
epykit-chain_merge-250	318
epykit-chain_merge-250	90
epykit-chain_merge-250	569
epykit-chain_merge-250	88
epykit-chain_merge-250	247
epykit-chain_merge-250	60
epykit-chain_merge-250	226
epykit-chain_merge-250	239
epykit-chain_merge-250	410
epykit-chain_merge-250	182
epykit-chain_merge-250	381
epykit-chain_merge-250	642
epykit-chain_merge-250	78
epykit-chain_merge-250	537
epykit-chain_merge-250	134
epykit-chain_merge-250	100
epykit-chain_merge-250	54
epykit-chain_merge-250	187
epykit-chain_merge-250	91
epykit-chain_merge-250	167
epykit-chain_merge-250	124
epykit-chain_merge-250	120
epykit-chain_merge-250	231
epykit-chain_merge-250	222
epykit-chain_merge-250	309
epykit-chain_merge-250	240
epykit-chain_merge-250	889
epykit-chain_merge-250	145
epykit-chain_merge-250	126
epykit-chain_merge-250	166
epykit-chain_merge-250	184
epykit-chain_merge-250	315
epykit-chain_merge-250	358
epykit-chain_merge-250	311
epykit-chain_merge-250	142
epykit-chain_merge-250	201
epykit-chain_merge-250	250
epykit-chain_merge-250	334
epykit-chain_merge-250	213
epykit-chain_merge-250	236
epykit-chain_merge-250	120
epykit-chain_merge-250	126
epykit-chain_merge-250	385
epykit-chain_merge-250	172
epykit-chain_merge-250	103
epykit-chain_merge-250	250
epykit-chain_merge-250	87
epykit-chain_merge-250	232
epykit-chain_merge-250	63
epykit-chain_merge-250	188
epykit-chain_merge-250	314
epykit-chain_merge-250	451
epykit-chain_merge-250	220
epykit-chain_merge-250	134
epykit-chain_merge-250	270
epykit-chain_merge-250	125
epykit-chain_merge-250	253
epykit-chain_merge-250	239
epykit-chain_merge-250	141
epykit-chain_merge-250	209
epykit-chain_merge-250	127
epykit-chain_merge-250	109
epykit-chain_merge-250	137
epykit-chain_merge-250	63
epykit-chain_merge-250	188
epykit-chain_merge-250	184
epykit-chain_merge-250	444
epykit-chain_merge-250	159
epykit-chain_merge-250	948
epykit-chain_merge-250	969
epykit-chain_merge-250	511
epykit-chain_merge-250	132
epykit-chain_merge-250	186
epykit-chain_merge-250	330
epykit-chain_merge-250	175
epykit-chain_merge-250	117
epykit-chain_merge-250	304
epykit-chain_merge-250	243
epykit-chain_merge-250	125
epykit-chain_merge-250	238
epykit-chain_merge-250	263
epykit-chain_merge-250	219
epykit-chain_merge-250	89
epykit-chain_merge-250	359
epykit-chain_merge-250	257
epykit-chain_merge-250	220
epykit-chain_merge-250	272
epykit-chain_merge-250	151
epykit-chain_merge-250	127
epykit-chain_merge-250	226
epykit-chain_merge-250	447
epykit-chain_merge-250	131
epykit-chain_merge-250	94
epykit-chain_merge-250	235
epykit-chain_merge-250	171
epykit-chain_merge-250	94
epykit-chain_merge-250	340
epykit-chain_merge-250	423
epykit-chain_merge-250	119
epykit-chain_merge-250	168
epykit-chain_merge-250	162
epykit-chain_merge-250	76
epykit-chain_merge-250	283
epykit-chain_merge-250	70
epykit-chain_merge-250	164
epykit-chain_merge-250	393
epykit-chain_merge-250	121
epykit-chain_merge-250	74
epykit-chain_merge-250	145
epykit-chain_merge-250	144
epykit-chain_merge-250	258
epykit-chain_merge-250	121
epykit-chain_merge-250	218
epykit-chain_merge-250	306
epykit-chain_merge-250	253
epykit-chain_merge-250	91
epykit-chain_merge-250	235
epykit-chain_merge-250	149
epykit-chain_merge-250	372
epykit-chain_merge-250	214
epykit-chain_merge-250	130
epykit-chain_merge-250	151
epykit-chain_merge-250	332
epykit-chain_merge-250	429
epykit-chain_merge-250	299
epykit-chain_merge-250	400
epykit-chain_merge-250	126
epykit-chain_merge-250	240
epykit-chain_merge-250	310
epykit-chain_merge-250	50
epykit-chain_merge-250	443
epykit-chain_merge-250	350
epykit-chain_merge-250	215
epykit-chain_merge-250	366
epykit-chain_merge-250	457
epykit-chain_merge-250	469
epykit-chain_merge-250	290
epykit-chain_merge-250	415
epykit-chain_merge-250	220
epykit-chain_merge-250	280
epykit-chain_merge-250	227
epykit-chain_merge-250	90
epykit-chain_merge-250	109
epykit-chain_merge-250	143
epykit-chain_merge-250	351
epykit-chain_merge-250	807
epykit-chain_merge-250	309
epykit-chain_merge-250	134
epykit-chain_merge-250	197
epykit-chain_merge-250	504
epykit-chain_merge-250	241
epykit-chain_merge-250	243
epykit-chain_merge-250	127
epykit-chain_merge-250	207
epykit-chain_merge-250	292
epykit-chain_merge-250	317
epykit-chain_merge-250	170
epykit-chain_merge-250	325
epykit-chain_merge-250	382
epykit-chain_merge-250	310
epykit-chain_merge-250	394
epykit-chain_merge-250	218
epykit-chain_merge-250	138
epykit-chain_merge-250	163
epykit-chain_merge-250	127
epykit-chain_merge-250	175
epykit-chain_merge-250	77
epykit-chain_merge-250	329
epykit-chain_merge-250	336
epykit-chain_merge-250	205
epykit-chain_merge-250	462
epykit-chain_merge-250	154
epykit-chain_merge-250	74
epykit-chain_merge-250	246
epykit-chain_merge-250	168
epykit-chain_merge-250	129
epykit-chain_merge-250	222
epykit-chain_merge-250	350
epykit-chain_merge-250	291
epykit-chain_merge-250	245
epykit-chain_merge-250	623
epykit-chain_merge-250	179
epykit-chain_merge-250	73
epykit-chain_merge-250	239
epykit-chain_merge-250	114
epykit-chain_merge-250	94
epykit-chain_merge-250	646
epykit-chain_merge-250	131
epykit-chain_merge-250	251
epykit-chain_merge-250	528
epykit-chain_merge-250	321
epykit-chain_merge-250	292
epykit-chain_merge-250	209
epykit-chain_merge-250	98
epykit-chain_merge-250	144
epykit-chain_merge-250	156
epykit-chain_merge-250	277
epykit-chain_merge-250	135
epykit-chain_merge-250	242
epykit-chain_merge-250	202
epykit-chain_merge-250	103
epykit-chain_merge-250	165
epykit-chain_merge-250	508
epykit-chain_merge-250	118
epykit-chain_merge-250	194
epykit-chain_merge-250	275
epykit-chain_merge-250	214
epykit-chain_merge-250	142
epykit-chain_merge-250	143
epykit-chain_merge-250	389
epykit-chain_merge-250	339
epykit-chain_merge-250	305
epykit-chain_merge-250	457
epykit-chain_merge-250	277
epykit-chain_merge-250	166
epykit-chain_merge-250	576
epykit-chain_merge-250	177
epykit-chain_merge-250	101
epykit-chain_merge-250	386
epykit-chain_merge-250	165
epykit-chain_merge-250	340
epykit-chain_merge-250	100
epykit-chain_merge-250	230
epykit-chain_merge-250	174
epykit-chain_merge-250	336
epykit-chain_merge-250	259
epykit-chain_merge-250	277
epykit-chain_merge-250	226
epykit-chain_merge-250	237
epykit-chain_merge-250	225
epykit-chain_merge-250	317
epykit-chain_merge-250	161
epykit-chain_merge-250	69
epykit-chain_merge-250	154
epykit-chain_merge-250	116
epykit-chain_merge-250	264
epykit-chain_merge-250	387
epykit-chain_merge-250	151
epykit-chain_merge-250	110
epykit-chain_merge-250	171
epykit-chain_merge-250	59
epykit-chain_merge-250	109
epykit-chain_merge-250	202
epykit-chain_merge-250	297
epykit-chain_merge-250	139
epykit-chain_merge-250	227
epykit-chain_merge-250	511
epykit-chain_merge-250	250
epykit-chain_merge-250	962
epykit-chain_merge-250	115
epykit-chain_merge-250	164
epykit-chain_merge-250	248
epykit-chain_merge-250	523
epykit-chain_merge-250	1221
epykit-chain_merge-250	66
epykit-chain_merge-250	240
epykit-chain_merge-250	186
epykit-chain_merge-250	465
epykit-chain_merge-250	461
epykit-chain_merge-250	137
epykit-chain_merge-250	156
epykit-chain_merge-250	71
epykit-chain_merge-250	204
epykit-chain_merge-250	51
epykit-chain_merge-250	223
epykit-chain_merge-250	222
epykit-chain_merge-250	115
epykit-chain_merge-250	248
epykit-chain_merge-250	478
epykit-chain_merge-250	357
epykit-chain_merge-250	709
epykit-chain_merge-250	188
epykit-chain_merge-250	427
epykit-chain_merge-250	275
epykit-chain_merge-250	195
epykit-chain_merge-250	106
epykit-chain_merge-250	75
epykit-chain_merge-250	113
epykit-chain_merge-250	174
epykit-chain_merge-250	218
epykit-chain_merge-250	214
epykit-chain_merge-250	258
epykit-chain_merge-250	155
epykit-chain_merge-250	232
epykit-chain_merge-250	155
epykit-chain_merge-250	160
epykit-chain_merge-250	102
epykit-chain_merge-250	181
epykit-chain_merge-250	64
epykit-chain_merge-250	249
epykit-chain_merge-250	92
epykit-chain_merge-250	72
epykit-chain_merge-250	116
epykit-chain_merge-250	56
epykit-chain_merge-250	288
epykit-chain_merge-250	293
epykit-chain_merge-250	104
epykit-chain_merge-250	240
epykit-chain_merge-250	210
epykit-chain_merge-250	160
epykit-chain_merge-250	147
epykit-chain_merge-250	80
epykit-chain_merge-250	448
epykit-chain_merge-250	148
epykit-chain_merge-250	252
epykit-chain_merge-250	171
epykit-chain_merge-250	112
epykit-chain_merge-250	137
epykit-chain_merge-250	152
epykit-chain_merge-250	222
epykit-chain_merge-250	480
epykit-chain_merge-250	364
epykit-chain_merge-250	106
epykit-chain_merge-250	76
epykit-chain_merge-250	338
epykit-chain_merge-250	139
epykit-chain_merge-250	127
epykit-chain_merge-250	304
epykit-chain_merge-250	117
epykit-chain_merge-250	235
epykit-chain_merge-250	220
epykit-chain_merge-250	233
epykit-chain_merge-250	121
epykit-chain_merge-250	209
epykit-chain_merge-250	175
epykit-chain_merge-250	210
epykit-chain_merge-250	116
epykit-chain_merge-250	267
epykit-chain_merge-250	434
epykit-chain_merge-250	109
epykit-chain_merge-250	97
epykit-chain_merge-250	92
epykit-chain_merge-250	128
epykit-chain_merge-250	122
epykit-chain_merge-250	278
epykit-chain_merge-250	66
epykit-chain_merge-250	329
epykit-chain_merge-250	647
epykit-chain_merge-250	271
epykit-chain_merge-250	111
epykit-chain_merge-250	61
epykit-chain_merge-250	206
epykit-chain_merge-250	124
epykit-chain_merge-250	187
epykit-chain_merge-250	76
epykit-chain_merge-250	125
epykit-chain_merge-250	128
epykit-chain_merge-250	234
epykit-chain_merge-250	106
epykit-chain_merge-250	686
epykit-chain_merge-250	345
epykit-chain_merge-250	131
epykit-chain_merge-250	234
epykit-chain_merge-250	232
epykit-chain_merge-250	172
epykit-chain_merge-250	244
epykit-chain_merge-250	162
epykit-chain_merge-250	136
epykit-chain_merge-250	244
epykit-chain_merge-250	287
epykit-chain_merge-250	274
epykit-chain_merge-250	474
epykit-chain_merge-250	210
epykit-chain_merge-250	316
epykit-chain_merge-250	123
epykit-chain_merge-250	154
epykit-chain_merge-250	729
epykit-chain_merge-250	93
epykit-chain_merge-250	186
epykit-chain_merge-250	302
epykit-chain_merge-250	172
epykit-chain_merge-250	206
epykit-chain_merge-250	411
epykit-chain_merge-250	288
epykit-chain_merge-250	75
epykit-chain_merge-250	126
epykit-chain_merge-250	103
epykit-chain_merge-250	368
epykit-chain_merge-250	115
epykit-chain_merge-250	219
epykit-chain_merge-250	83
epykit-chain_merge-250	268
epykit-chain_merge-250	194
epykit-chain_merge-250	135
epykit-chain_merge-250	360
epykit-chain_merge-250	183
epykit-chain_merge-250	369
epykit-chain_merge-250	125
epykit-chain_merge-250	106
epykit-chain_merge-250	396
epykit-chain_merge-250	110
epykit-chain_merge-250	85
epykit-chain_merge-250	180
epykit-chain_merge-250	209
epykit-chain_merge-250	123
epykit-chain_merge-250	205
epykit-chain_merge-250	128
epykit-chain_merge-250	215
epykit-chain_merge-250	213
epykit-chain_merge-250	152
epykit-chain_merge-250	237
epykit-chain_merge-250	334
epykit-chain_merge-250	160
epykit-chain_merge-250	411
epykit-chain_merge-250	371
epykit-chain_merge-250	283
epykit-chain_merge-250	138
epykit-chain_merge-250	151
epykit-chain_merge-250	105
epykit-chain_merge-250	186
epykit-chain_merge-250	183
epykit-chain_merge-250	316
epykit-chain_merge-250	143
epykit-chain_merge-250	201
epykit-chain_merge-250	177
epykit-chain_merge-250	164
epykit-chain_merge-250	282
epykit-chain_merge-250	122
epykit-chain_merge-250	289
epykit-chain_merge-250	258
epykit-chain_merge-250	76
epykit-chain_merge-250	151
epykit-chain_merge-250	115
epykit-chain_merge-250	576
epykit-chain_merge-250	458
epykit-chain_merge-250	477
epykit-chain_merge-250	239
epykit-chain_merge-250	75
epykit-chain_merge-250	240
epykit-chain_merge-250	192
epykit-chain_merge-250	216
epykit-chain_merge-250	454
epykit-chain_merge-250	69
epykit-chain_merge-250	480
epykit-chain_merge-250	203
epykit-chain_merge-250	144
epykit-chain_merge-250	88
epykit-chain_merge-250	198
epykit-chain_merge-250	304
epykit-chain_merge-250	452
epykit-chain_merge-250	309
epykit-chain_merge-250	146
epykit-chain_merge-250	260
epykit-chain_merge-250	350
epykit-chain_merge-250	102
epykit-chain_merge-250	271
epykit-chain_merge-250	170
epykit-chain_merge-250	309
epykit-chain_merge-250	202
epykit-chain_merge-250	85
epykit-chain_merge-250	169
epykit-chain_merge-250	81
epykit-chain_merge-250	151
epykit-chain_merge-250	204
epykit-chain_merge-250	201
epykit-chain_merge-250	105
epykit-chain_merge-250	131
epykit-chain_merge-250	137
epykit-chain_merge-250	258
epykit-chain_merge-250	160
epykit-chain_merge-250	85
epykit-chain_merge-250	456
epykit-chain_merge-250	268
epykit-chain_merge-250	93
epykit-chain_merge-250	178
epykit-chain_merge-250	102
epykit-chain_merge-250	177
epykit-chain_merge-250	107
epykit-chain_merge-250	135
epykit-chain_merge-250	116
epykit-chain_merge-250	221
epykit-chain_merge-250	106
epykit-chain_merge-250	260
epykit-chain_merge-250	307
epykit-chain_merge-250	204
epykit-chain_merge-250	261
epykit-chain_merge-250	372
epykit-chain_merge-250	270
epykit-chain_merge-250	586
epykit-chain_merge-250	344
epykit-chain_merge-250	184
epykit-chain_merge-250	188
epykit-chain_merge-250	297
epykit-chain_merge-250	244
epykit-chain_merge-250	75
epykit-chain_merge-250	324
epykit-chain_merge-250	189
epykit-chain_merge-250	231
epykit-chain_merge-250	172
epykit-chain_merge-250	239
epykit-chain_merge-250	387
epykit-chain_merge-250	434
epykit-chain_merge-250	202
epykit-chain_merge-250	80
epykit-chain_merge-250	208
epykit-chain_merge-250	192
epykit-chain_merge-250	169
epykit-chain_merge-250	116
epykit-chain_merge-250	252
epykit-chain_merge-250	218
epykit-chain_merge-250	140
epykit-chain_merge-250	213
epykit-chain_merge-250	425
epykit-chain_merge-250	174
epykit-chain_merge-250	123
epykit-chain_merge-250	144
epykit-chain_merge-250	67
epykit-chain_merge-250	245
epykit-chain_merge-250	220
epykit-chain_merge-250	158
epykit-chain_merge-250	178
epykit-chain_merge-250	144
epykit-chain_merge-250	431
epykit-chain_merge-250	208
epykit-chain_merge-250	845
epykit-chain_merge-250	189
epykit-chain_merge-250	214
epykit-chain_merge-250	188
epykit-chain_merge-250	123
epykit-chain_merge-250	245
epykit-chain_merge-250	143
epykit-chain_merge-250	211
epykit-chain_merge-250	379
epykit-chain_merge-250	257
epykit-chain_merge-250	184
epykit-chain_merge-250	322
epykit-chain_merge-250	86
epykit-chain_merge-250	110
epykit-chain_merge-250	656
epykit-chain_merge-250	70
epykit-chain_merge-250	319
epykit-chain_merge-250	122
epykit-chain_merge-250	66
epykit-chain_merge-250	397
epykit-chain_merge-250	199
epykit-chain_merge-250	232
epykit-chain_merge-250	497
epykit-chain_merge-250	60
epykit-chain_merge-250	164
epykit-chain_merge-250	109
epykit-chain_merge-250	880
epykit-chain_merge-250	146
epykit-chain_merge-250	188
epykit-chain_merge-250	783
epykit-chain_merge-250	195
epykit-chain_merge-250	357
epykit-chain_merge-250	70
epykit-chain_merge-250	268
epykit-chain_merge-250	64
epykit-chain_merge-250	151
epykit-chain_merge-250	66
epykit-chain_merge-250	75
epykit-chain_merge-250	294
epykit-chain_merge-250	367
epykit-chain_merge-250	292
epykit-chain_merge-250	539
epykit-chain_merge-250	187
epykit-chain_merge-250	210
epykit-chain_merge-250	246
epykit-chain_merge-250	158
epykit-chain_merge-250	159
epykit-chain_merge-250	149
epykit-chain_merge-250	270
epykit-chain_merge-250	113
epykit-chain_merge-250	208
epykit-chain_merge-250	366
epykit-chain_merge-250	389
epykit-chain_merge-250	161
epykit-chain_merge-250	105
epykit-chain_merge-250	251
epykit-chain_merge-250	204
epykit-chain_merge-250	136
epykit-chain_merge-250	87
epykit-chain_merge-250	366
epykit-chain_merge-250	140
epykit-chain_merge-250	150
epykit-chain_merge-250	170
epykit-chain_merge-250	172
epykit-chain_merge-250	374
epykit-chain_merge-250	248
epykit-chain_merge-250	353
epykit-chain_merge-250	245
epykit-chain_merge-250	100
epykit-chain_merge-250	200
epykit-chain_merge-250	260
epykit-chain_merge-250	220
epykit-chain_merge-250	154
epykit-chain_merge-250	255
epykit-chain_merge-250	172
epykit-chain_merge-250	174
epykit-chain_merge-250	332
epykit-chain_merge-250	63
epykit-chain_merge-250	239
epykit-chain_merge-250	362
epykit-chain_merge-250	117
epykit-chain_merge-250	153
epykit-chain_merge-250	211
epykit-chain_merge-250	240
epykit-chain_merge-250	251
epykit-chain_merge-250	202
epykit-chain_merge-250	318
epykit-chain_merge-250	583
epykit-chain_merge-250	105
epykit-chain_merge-250	150
epykit-chain_merge-250	174
epykit-chain_merge-250	117
epykit-chain_merge-250	299
epykit-chain_merge-250	51
epykit-chain_merge-250	388
epykit-chain_merge-250	103
epykit-chain_merge-250	84
epykit-chain_merge-250	247
epykit-chain_merge-250	196
epykit-chain_merge-250	294
epykit-chain_merge-250	323
epykit-chain_merge-250	350
epykit-chain_merge-250	616
epykit-chain_merge-250	203
epykit-chain_merge-250	314
epykit-chain_merge-250	533
epykit-chain_merge-250	760
epykit-chain_merge-250	250
epykit-chain_merge-250	268
epykit-chain_merge-250	197
epykit-chain_merge-250	268
epykit-chain_merge-250	118
epykit-chain_merge-250	227
epykit-chain_merge-250	110
epykit-chain_merge-250	375
epykit-chain_merge-250	197
epykit-chain_merge-250	163
epykit-chain_merge-250	210
epykit-chain_merge-250	221
epykit-chain_merge-250	178
epykit-chain_merge-250	266
epykit-chain_merge-250	347
epykit-chain_merge-250	107
epykit-chain_merge-250	304
epykit-chain_merge-250	196
epykit-chain_merge-250	105
epykit-chain_merge-250	522
epykit-chain_merge-250	213
epykit-chain_merge-250	196
epykit-chain_merge-250	68
epykit-chain_merge-250	163
epykit-chain_merge-250	158
epykit-chain_merge-250	145
epykit-chain_merge-250	152
epykit-chain_merge-250	497
epykit-chain_merge-250	465
epykit-chain_merge-250	242
epykit-chain_merge-250	246
epykit-chain_merge-250	344
epykit-chain_merge-250	51
epykit-chain_merge-250	63
epykit-chain_merge-250	137
epykit-chain_merge-250	2560
epykit-chain_merge-250	146
epykit-chain_merge-250	375
epykit-chain_merge-250	222
epykit-chain_merge-250	283
epykit-chain_merge-250	119
epykit-chain_merge-250	538
epykit-chain_merge-250	275
epykit-chain_merge-250	231
epykit-chain_merge-250	62
epykit-chain_merge-250	397
epykit-chain_merge-250	316
epykit-chain_merge-250	250
epykit-chain_merge-250	112
epykit-chain_merge-250	107
epykit-chain_merge-250	105
epykit-chain_merge-250	149
epykit-chain_merge-250	409
epykit-chain_merge-250	380
epykit-chain_merge-250	192
epykit-chain_merge-250	254
epykit-chain_merge-250	266
epykit-chain_merge-250	299
epykit-chain_merge-250	384
epykit-chain_merge-250	242
epykit-chain_merge-250	109
epykit-chain_merge-250	119
epykit-chain_merge-250	58
epykit-chain_merge-250	427
epykit-chain_merge-250	153
epykit-chain_merge-250	69
epykit-chain_merge-250	68
epykit-chain_merge-250	227
epykit-chain_merge-250	147
epykit-chain_merge-250	135
epykit-chain_merge-250	264
epykit-chain_merge-250	291
epykit-chain_merge-250	228
epykit-chain_merge-250	168
epykit-chain_merge-250	320
epykit-chain_merge-250	250
epykit-chain_merge-250	557
epykit-chain_merge-250	122
epykit-chain_merge-250	391
epykit-chain_merge-250	283
epykit-chain_merge-250	140
epykit-chain_merge-250	78
epykit-chain_merge-250	261
epykit-chain_merge-250	378
epykit-chain_merge-250	363
epykit-chain_merge-250	140
epykit-chain_merge-250	146
epykit-chain_merge-250	461
epykit-chain_merge-250	235
epykit-chain_merge-250	54
epykit-chain_merge-250	239
epykit-chain_merge-250	308
epykit-chain_merge-250	97
epykit-chain_merge-250	254
epykit-chain_merge-250	190
epykit-chain_merge-250	423
epykit-chain_merge-250	132
epykit-chain_merge-250	62
epykit-chain_merge-250	185
epykit-chain_merge-250	233
epykit-chain_merge-250	110
epykit-chain_merge-250	343
epykit-chain_merge-250	109
epykit-chain_merge-250	131
epykit-chain_merge-250	61
epykit-chain_merge-250	360
epykit-chain_merge-250	196
epykit-chain_merge-250	96
epykit-chain_merge-250	247
epykit-chain_merge-250	248
epykit-chain_merge-250	112
epykit-chain_merge-250	160
epykit-chain_merge-250	195
epykit-chain_merge-250	214
epykit-chain_merge-250	372
epykit-chain_merge-250	116
epykit-chain_merge-250	434
epykit-chain_merge-250	140
epykit-chain_merge-250	240
epykit-chain_merge-250	219
epykit-chain_merge-250	213
epykit-chain_merge-250	57
epykit-chain_merge-250	121
epykit-chain_merge-250	295
epykit-chain_merge-250	541
epykit-chain_merge-250	338
epykit-chain_merge-250	91
epykit-chain_merge-250	107
epykit-chain_merge-250	201
epykit-chain_merge-250	178
epykit-chain_merge-250	69
epykit-chain_merge-250	65
epykit-chain_merge-250	243
epykit-chain_merge-250	186
epykit-chain_merge-250	266
epykit-chain_merge-250	388
epykit-chain_merge-250	126
epykit-chain_merge-250	224
epykit-chain_merge-250	435
epykit-chain_merge-250	277
epykit-chain_merge-250	100
epykit-chain_merge-250	229
epykit-chain_merge-250	257
epykit-chain_merge-250	349
epykit-chain_merge-250	97
epykit-chain_merge-250	169
epykit-chain_merge-250	139
epykit-chain_merge-250	323
epykit-chain_merge-250	467
epykit-chain_merge-250	122
epykit-chain_merge-250	87
epykit-chain_merge-250	195
epykit-chain_merge-250	188
epykit-chain_merge-250	274
epykit-chain_merge-250	188
epykit-chain_merge-250	194
epykit-chain_merge-250	198
epykit-chain_merge-250	192
epykit-chain_merge-250	320
epykit-chain_merge-250	300
epykit-chain_merge-250	176
epykit-chain_merge-250	226
epykit-chain_merge-250	243
epykit-chain_merge-250	809
epykit-chain_merge-250	225
epykit-chain_merge-250	321
epykit-chain_merge-250	233
epykit-chain_merge-250	177
epykit-chain_merge-250	237
epykit-chain_merge-250	329
epykit-chain_merge-250	278
epykit-chain_merge-250	387
epykit-chain_merge-250	204
epykit-chain_merge-250	234
epykit-chain_merge-250	133
epykit-chain_merge-250	88
epykit-chain_merge-250	384
epykit-chain_merge-250	234
epykit-chain_merge-250	235
epykit-chain_merge-250	316
epykit-chain_merge-250	258
epykit-chain_merge-250	147
epykit-chain_merge-250	151
epykit-chain_merge-250	204
epykit-chain_merge-250	251
epykit-chain_merge-250	118
epykit-chain_merge-250	234
epykit-chain_merge-250	289
epykit-chain_merge-250	176
epykit-chain_merge-250	125
epykit-chain_merge-250	170
epykit-chain_merge-250	108
epykit-chain_merge-250	922
epykit-chain_merge-250	210
epykit-chain_merge-250	106
epykit-chain_merge-250	138
epykit-chain_merge-250	185
epykit-chain_merge-250	198
epykit-chain_merge-250	228
epykit-chain_merge-250	246
epykit-chain_merge-250	163
epykit-chain_merge-250	474
epykit-chain_merge-250	155
epykit-chain_merge-250	183
epykit-chain_merge-250	366
epykit-chain_merge-250	288
epykit-chain_merge-250	237
epykit-chain_merge-250	129
epykit-chain_merge-250	342
epykit-chain_merge-250	156
epykit-chain_merge-250	205
epykit-chain_merge-250	89
epykit-chain_merge-250	140
epykit-chain_merge-250	215
epykit-chain_merge-250	179
epykit-chain_merge-250	849
epykit-chain_merge-250	318
epykit-chain_merge-250	163
epykit-chain_merge-250	108
epykit-chain_merge-250	130
epykit-chain_merge-250	150
epykit-chain_merge-250	203
epykit-chain_merge-250	464
epykit-chain_merge-250	240
epykit-chain_merge-250	224
epykit-chain_merge-250	220
epykit-chain_merge-250	236
epykit-chain_merge-250	393
epykit-chain_merge-250	188
epykit-chain_merge-250	201
epykit-chain_merge-250	66
epykit-chain_merge-250	50
epykit-chain_merge-250	136
epykit-chain_merge-250	176
epykit-chain_merge-250	126
epykit-chain_merge-250	370
epykit-chain_merge-250	133
epykit-chain_merge-250	129
epykit-chain_merge-250	296
epykit-chain_merge-250	126
epykit-chain_merge-250	161
epykit-chain_merge-250	208
epykit-chain_merge-250	61
epykit-chain_merge-250	259
epykit-chain_merge-250	71
epykit-chain_merge-250	138
epykit-chain_merge-250	60
epykit-chain_merge-250	153
epykit-chain_merge-250	110
epykit-chain_merge-250	121
epykit-chain_merge-250	54
epykit-chain_merge-250	166
epykit-chain_merge-250	224
epykit-chain_merge-250	190
epykit-chain_merge-250	124
epykit-chain_merge-250	528
epykit-chain_merge-250	596
epykit-chain_merge-250	111
epykit-chain_merge-250	279
epykit-chain_merge-250	161
epykit-chain_merge-250	447
epykit-chain_merge-250	611
epykit-chain_merge-250	229
epykit-chain_merge-250	245
epykit-chain_merge-250	219
epykit-chain_merge-250	377
epykit-chain_merge-250	211
epykit-chain_merge-250	357
epykit-chain_merge-250	166
epykit-chain_merge-250	379
epykit-chain_merge-250	156
epykit-chain_merge-250	56
epykit-chain_merge-250	215
epykit-chain_merge-250	182
epykit-chain_merge-250	159
DSS-from-scratch	2679
DSS-from-scratch	1200
DSS-from-scratch	1913
DSS-from-scratch	1201
DSS-from-scratch	335
DSS-from-scratch	806
DSS-from-scratch	921
DSS-from-scratch	581
DSS-from-scratch	1392
DSS-from-scratch	510
DSS-from-scratch	587
DSS-from-scratch	422
DSS-from-scratch	367
DSS-from-scratch	739
DSS-from-scratch	511
DSS-from-scratch	921
DSS-from-scratch	387
DSS-from-scratch	528
DSS-from-scratch	565
DSS-from-scratch	304
DSS-from-scratch	753
DSS-from-scratch	483
DSS-from-scratch	489
DSS-from-scratch	951
DSS-from-scratch	1744
DSS-from-scratch	844
DSS-from-scratch	646
DSS-from-scratch	573
DSS-from-scratch	446
DSS-from-scratch	543
DSS-from-scratch	433
DSS-from-scratch	387
DSS-from-scratch	765
DSS-from-scratch	979
DSS-from-scratch	209
DSS-from-scratch	615
DSS-from-scratch	352
DSS-from-scratch	359
DSS-from-scratch	483
DSS-from-scratch	538
DSS-from-scratch	592
DSS-from-scratch	673
DSS-from-scratch	177
DSS-from-scratch	641
DSS-from-scratch	694
DSS-from-scratch	388
DSS-from-scratch	389
DSS-from-scratch	768
DSS-from-scratch	463
DSS-from-scratch	237
DSS-from-scratch	808
DSS-from-scratch	383
DSS-from-scratch	573
DSS-from-scratch	345
DSS-from-scratch	359
DSS-from-scratch	309
DSS-from-scratch	165
DSS-from-scratch	262
DSS-from-scratch	496
DSS-from-scratch	210
DSS-from-scratch	1026
DSS-from-scratch	356
DSS-from-scratch	350
DSS-from-scratch	624
DSS-from-scratch	2046
DSS-from-scratch	315
DSS-from-scratch	238
DSS-from-scratch	437
DSS-from-scratch	473
DSS-from-scratch	505
DSS-from-scratch	322
DSS-from-scratch	349
DSS-from-scratch	279
DSS-from-scratch	348
DSS-from-scratch	348
DSS-from-scratch	610
DSS-from-scratch	575
DSS-from-scratch	374
DSS-from-scratch	258
DSS-from-scratch	631
DSS-from-scratch	799
DSS-from-scratch	276
DSS-from-scratch	416
DSS-from-scratch	618
DSS-from-scratch	536
DSS-from-scratch	280
DSS-from-scratch	387
DSS-from-scratch	443
DSS-from-scratch	301
DSS-from-scratch	450
DSS-from-scratch	335
DSS-from-scratch	264
DSS-from-scratch	112
DSS-from-scratch	221
DSS-from-scratch	249
DSS-from-scratch	225
DSS-from-scratch	221
DSS-from-scratch	339
DSS-from-scratch	280
DSS-from-scratch	658
DSS-from-scratch	423
DSS-from-scratch	385
DSS-from-scratch	365
DSS-from-scratch	568
DSS-from-scratch	343
DSS-from-scratch	496
DSS-from-scratch	300
DSS-from-scratch	422
DSS-from-scratch	410
DSS-from-scratch	225
DSS-from-scratch	69
DSS-from-scratch	213
DSS-from-scratch	685
DSS-from-scratch	361
DSS-from-scratch	717
DSS-from-scratch	348
DSS-from-scratch	435
DSS-from-scratch	267
DSS-from-scratch	496
DSS-from-scratch	356
DSS-from-scratch	745
DSS-from-scratch	344
DSS-from-scratch	194
DSS-from-scratch	468
DSS-from-scratch	288
DSS-from-scratch	455
DSS-from-scratch	176
DSS-from-scratch	169
DSS-from-scratch	720
DSS-from-scratch	409
DSS-from-scratch	297
DSS-from-scratch	879
DSS-from-scratch	242
DSS-from-scratch	349
DSS-from-scratch	309
DSS-from-scratch	430
DSS-from-scratch	560
DSS-from-scratch	127
DSS-from-scratch	409
DSS-from-scratch	321
DSS-from-scratch	356
DSS-from-scratch	370
DSS-from-scratch	686
DSS-from-scratch	258
DSS-from-scratch	621
DSS-from-scratch	169
DSS-from-scratch	477
DSS-from-scratch	1152
DSS-from-scratch	304
DSS-from-scratch	441
DSS-from-scratch	592
DSS-from-scratch	300
DSS-from-scratch	510
DSS-from-scratch	348
DSS-from-scratch	319
DSS-from-scratch	784
DSS-from-scratch	337
DSS-from-scratch	456
DSS-from-scratch	374
DSS-from-scratch	527
DSS-from-scratch	265
DSS-from-scratch	182
DSS-from-scratch	379
DSS-from-scratch	460
DSS-from-scratch	520
DSS-from-scratch	634
DSS-from-scratch	341
DSS-from-scratch	364
DSS-from-scratch	267
DSS-from-scratch	343
DSS-from-scratch	309
DSS-from-scratch	87
DSS-from-scratch	363
DSS-from-scratch	499
DSS-from-scratch	203
DSS-from-scratch	273
DSS-from-scratch	884
DSS-from-scratch	898
DSS-from-scratch	323
DSS-from-scratch	514
DSS-from-scratch	453
DSS-from-scratch	300
DSS-from-scratch	196
DSS-from-scratch	322
DSS-from-scratch	253
DSS-from-scratch	521
DSS-from-scratch	192
DSS-from-scratch	327
DSS-from-scratch	419
DSS-from-scratch	319
DSS-from-scratch	128
DSS-from-scratch	289
DSS-from-scratch	179
DSS-from-scratch	372
DSS-from-scratch	307
DSS-from-scratch	283
DSS-from-scratch	529
DSS-from-scratch	185
DSS-from-scratch	298
DSS-from-scratch	396
DSS-from-scratch	456
DSS-from-scratch	88
DSS-from-scratch	340
DSS-from-scratch	665
DSS-from-scratch	248
DSS-from-scratch	550
DSS-from-scratch	267
DSS-from-scratch	414
DSS-from-scratch	247
DSS-from-scratch	124
DSS-from-scratch	313
DSS-from-scratch	105
DSS-from-scratch	194
DSS-from-scratch	299
DSS-from-scratch	104
DSS-from-scratch	295
DSS-from-scratch	502
DSS-from-scratch	208
DSS-from-scratch	612
DSS-from-scratch	374
DSS-from-scratch	371
DSS-from-scratch	290
DSS-from-scratch	392
DSS-from-scratch	895
DSS-from-scratch	215
DSS-from-scratch	378
DSS-from-scratch	234
DSS-from-scratch	474
DSS-from-scratch	433
DSS-from-scratch	313
DSS-from-scratch	88
DSS-from-scratch	267
DSS-from-scratch	303
DSS-from-scratch	168
DSS-from-scratch	316
DSS-from-scratch	213
DSS-from-scratch	540
DSS-from-scratch	253
DSS-from-scratch	308
DSS-from-scratch	274
DSS-from-scratch	365
DSS-from-scratch	268
DSS-from-scratch	329
DSS-from-scratch	260
DSS-from-scratch	250
DSS-from-scratch	261
DSS-from-scratch	202
DSS-from-scratch	251
DSS-from-scratch	426
DSS-from-scratch	184
DSS-from-scratch	308
DSS-from-scratch	168
DSS-from-scratch	473
DSS-from-scratch	209
DSS-from-scratch	684
DSS-from-scratch	146
DSS-from-scratch	282
DSS-from-scratch	228
DSS-from-scratch	323
DSS-from-scratch	210
DSS-from-scratch	1012
DSS-from-scratch	276
DSS-from-scratch	110
DSS-from-scratch	428
DSS-from-scratch	294
DSS-from-scratch	245
DSS-from-scratch	109
DSS-from-scratch	314
DSS-from-scratch	159
DSS-from-scratch	292
DSS-from-scratch	306
DSS-from-scratch	1379
DSS-from-scratch	708
DSS-from-scratch	371
DSS-from-scratch	173
DSS-from-scratch	83
DSS-from-scratch	197
DSS-from-scratch	194
DSS-from-scratch	406
DSS-from-scratch	404
DSS-from-scratch	371
DSS-from-scratch	107
DSS-from-scratch	940
DSS-from-scratch	296
DSS-from-scratch	209
DSS-from-scratch	431
DSS-from-scratch	159
DSS-from-scratch	134
DSS-from-scratch	537
DSS-from-scratch	689
DSS-from-scratch	424
DSS-from-scratch	223
DSS-from-scratch	357
DSS-from-scratch	450
DSS-from-scratch	197
DSS-from-scratch	381
DSS-from-scratch	447
DSS-from-scratch	291
DSS-from-scratch	374
DSS-from-scratch	250
DSS-from-scratch	237
DSS-from-scratch	201
DSS-from-scratch	177
DSS-from-scratch	104
DSS-from-scratch	112
DSS-from-scratch	297
DSS-from-scratch	464
DSS-from-scratch	139
DSS-from-scratch	265
DSS-from-scratch	454
DSS-from-scratch	237
DSS-from-scratch	324
DSS-from-scratch	224
DSS-from-scratch	226
DSS-from-scratch	99
DSS-from-scratch	252
DSS-from-scratch	463
DSS-from-scratch	103
DSS-from-scratch	245
DSS-from-scratch	163
DSS-from-scratch	257
DSS-from-scratch	410
DSS-from-scratch	144
DSS-from-scratch	210
DSS-from-scratch	290
DSS-from-scratch	153
DSS-from-scratch	315
DSS-from-scratch	205
DSS-from-scratch	256
DSS-from-scratch	320
DSS-from-scratch	409
DSS-from-scratch	281
DSS-from-scratch	466
DSS-from-scratch	461
DSS-from-scratch	249
DSS-from-scratch	602
DSS-from-scratch	90
DSS-from-scratch	269
DSS-from-scratch	209
DSS-from-scratch	114
DSS-from-scratch	134
DSS-from-scratch	244
DSS-from-scratch	230
DSS-from-scratch	155
DSS-from-scratch	153
DSS-from-scratch	294
DSS-from-scratch	238
DSS-from-scratch	340
DSS-from-scratch	333
DSS-from-scratch	371
DSS-from-scratch	158
DSS-from-scratch	412
DSS-from-scratch	104
DSS-from-scratch	625
DSS-from-scratch	219
DSS-from-scratch	230
DSS-from-scratch	382
DSS-from-scratch	210
DSS-from-scratch	319
DSS-from-scratch	373
DSS-from-scratch	218
DSS-from-scratch	317
DSS-from-scratch	181
DSS-from-scratch	149
DSS-from-scratch	115
DSS-from-scratch	408
DSS-from-scratch	747
DSS-from-scratch	276
DSS-from-scratch	53
DSS-from-scratch	392
DSS-from-scratch	266
DSS-from-scratch	171
DSS-from-scratch	126
DSS-from-scratch	430
DSS-from-scratch	241
DSS-from-scratch	74
DSS-from-scratch	582
DSS-from-scratch	239
DSS-from-scratch	54
DSS-from-scratch	606
DSS-from-scratch	159
DSS-from-scratch	234
DSS-from-scratch	694
DSS-from-scratch	198
DSS-from-scratch	714
DSS-from-scratch	119
DSS-from-scratch	184
DSS-from-scratch	199
DSS-from-scratch	178
DSS-from-scratch	135
DSS-from-scratch	153
DSS-from-scratch	285
DSS-from-scratch	265
DSS-from-scratch	266
DSS-from-scratch	744
DSS-from-scratch	384
DSS-from-scratch	178
DSS-from-scratch	232
DSS-from-scratch	361
DSS-from-scratch	176
DSS-from-scratch	241
DSS-from-scratch	177
DSS-from-scratch	164
DSS-from-scratch	158
DSS-from-scratch	263
DSS-from-scratch	477
DSS-from-scratch	159
DSS-from-scratch	350
DSS-from-scratch	215
DSS-from-scratch	213
DSS-from-scratch	107
DSS-from-scratch	287
DSS-from-scratch	158
DSS-from-scratch	273
DSS-from-scratch	580
DSS-from-scratch	154
DSS-from-scratch	270
DSS-from-scratch	225
DSS-from-scratch	162
DSS-from-scratch	186
DSS-from-scratch	154
DSS-from-scratch	281
DSS-from-scratch	340
DSS-from-scratch	403
DSS-from-scratch	241
DSS-from-scratch	460
DSS-from-scratch	121
DSS-from-scratch	258
DSS-from-scratch	346
DSS-from-scratch	817
DSS-from-scratch	287
DSS-from-scratch	280
DSS-from-scratch	88
DSS-from-scratch	275
DSS-from-scratch	274
DSS-from-scratch	213
DSS-from-scratch	132
DSS-from-scratch	54
DSS-from-scratch	175
DSS-from-scratch	237
DSS-from-scratch	163
DSS-from-scratch	129
DSS-from-scratch	229
DSS-from-scratch	416
DSS-from-scratch	386
DSS-from-scratch	131
DSS-from-scratch	159
DSS-from-scratch	111
DSS-from-scratch	200
DSS-from-scratch	160
DSS-from-scratch	388
DSS-from-scratch	80
DSS-from-scratch	114
DSS-from-scratch	628
DSS-from-scratch	303
DSS-from-scratch	186
DSS-from-scratch	298
DSS-from-scratch	274
DSS-from-scratch	507
DSS-from-scratch	252
DSS-from-scratch	317
DSS-from-scratch	148
DSS-from-scratch	176
DSS-from-scratch	184
DSS-from-scratch	75
DSS-from-scratch	294
DSS-from-scratch	449
DSS-from-scratch	226
DSS-from-scratch	247
DSS-from-scratch	163
DSS-from-scratch	358
DSS-from-scratch	119
DSS-from-scratch	239
DSS-from-scratch	230
DSS-from-scratch	117
DSS-from-scratch	527
DSS-from-scratch	218
DSS-from-scratch	383
DSS-from-scratch	89
DSS-from-scratch	185
DSS-from-scratch	130
DSS-from-scratch	76
DSS-from-scratch	136
DSS-from-scratch	159
DSS-from-scratch	270
DSS-from-scratch	169
DSS-from-scratch	86
DSS-from-scratch	450
DSS-from-scratch	180
DSS-from-scratch	181
DSS-from-scratch	486
DSS-from-scratch	314
DSS-from-scratch	273
DSS-from-scratch	460
DSS-from-scratch	182
DSS-from-scratch	291
DSS-from-scratch	208
DSS-from-scratch	269
DSS-from-scratch	239
DSS-from-scratch	76
DSS-from-scratch	1248
DSS-from-scratch	372
DSS-from-scratch	266
DSS-from-scratch	263
DSS-from-scratch	235
DSS-from-scratch	333
DSS-from-scratch	305
DSS-from-scratch	411
DSS-from-scratch	173
DSS-from-scratch	264
DSS-from-scratch	277
DSS-from-scratch	257
DSS-from-scratch	402
DSS-from-scratch	221
DSS-from-scratch	285
DSS-from-scratch	213
DSS-from-scratch	787
DSS-from-scratch	171
DSS-from-scratch	274
DSS-from-scratch	248
DSS-from-scratch	247
DSS-from-scratch	251
DSS-from-scratch	143
DSS-from-scratch	139
DSS-from-scratch	214
DSS-from-scratch	130
DSS-from-scratch	131
DSS-from-scratch	348
DSS-from-scratch	257
DSS-from-scratch	137
DSS-from-scratch	356
DSS-from-scratch	568
DSS-from-scratch	244
DSS-from-scratch	265
DSS-from-scratch	243
DSS-from-scratch	90
DSS-from-scratch	59
DSS-from-scratch	104
DSS-from-scratch	277
DSS-from-scratch	74
DSS-from-scratch	388
DSS-from-scratch	375
DSS-from-scratch	125
DSS-from-scratch	133
DSS-from-scratch	224
DSS-from-scratch	85
DSS-from-scratch	204
DSS-from-scratch	139
DSS-from-scratch	141
DSS-from-scratch	256
DSS-from-scratch	346
DSS-from-scratch	171
DSS-from-scratch	186
DSS-from-scratch	164
DSS-from-scratch	160
DSS-from-scratch	198
DSS-from-scratch	157
DSS-from-scratch	197
DSS-from-scratch	247
DSS-from-scratch	158
DSS-from-scratch	320
DSS-from-scratch	263
DSS-from-scratch	118
DSS-from-scratch	150
DSS-from-scratch	101
DSS-from-scratch	209
DSS-from-scratch	420
DSS-from-scratch	377
DSS-from-scratch	98
DSS-from-scratch	266
DSS-from-scratch	208
DSS-from-scratch	151
DSS-from-scratch	261
DSS-from-scratch	286
DSS-from-scratch	266
DSS-from-scratch	250
DSS-from-scratch	373
DSS-from-scratch	351
DSS-from-scratch	197
DSS-from-scratch	120
DSS-from-scratch	337
DSS-from-scratch	132
DSS-from-scratch	238
DSS-from-scratch	239
DSS-from-scratch	255
DSS-from-scratch	234
DSS-from-scratch	182
DSS-from-scratch	171
DSS-from-scratch	151
DSS-from-scratch	328
DSS-from-scratch	241
DSS-from-scratch	336
DSS-from-scratch	81
DSS-from-scratch	246
DSS-from-scratch	149
DSS-from-scratch	126
DSS-from-scratch	226
DSS-from-scratch	236
DSS-from-scratch	170
DSS-from-scratch	256
DSS-from-scratch	247
DSS-from-scratch	174
DSS-from-scratch	253
DSS-from-scratch	150
DSS-from-scratch	383
DSS-from-scratch	187
DSS-from-scratch	280
DSS-from-scratch	73
DSS-from-scratch	109
DSS-from-scratch	187
DSS-from-scratch	266
DSS-from-scratch	173
DSS-from-scratch	70
DSS-from-scratch	52
DSS-from-scratch	124
DSS-from-scratch	182
DSS-from-scratch	181
DSS-from-scratch	142
DSS-from-scratch	133
DSS-from-scratch	204
DSS-from-scratch	105
DSS-from-scratch	53
DSS-from-scratch	237
DSS-from-scratch	157
DSS-from-scratch	85
DSS-from-scratch	271
DSS-from-scratch	55
DSS-from-scratch	574
DSS-from-scratch	232
DSS-from-scratch	76
DSS-from-scratch	325
DSS-from-scratch	307
DSS-from-scratch	229
DSS-from-scratch	143
DSS-from-scratch	97
DSS-from-scratch	311
DSS-from-scratch	125
DSS-from-scratch	188
DSS-from-scratch	137
DSS-from-scratch	331
DSS-from-scratch	247
DSS-from-scratch	177
DSS-from-scratch	166
DSS-from-scratch	55
DSS-from-scratch	576
DSS-from-scratch	148
DSS-from-scratch	219
DSS-from-scratch	293
DSS-from-scratch	136
DSS-from-scratch	101
DSS-from-scratch	212
DSS-from-scratch	406
DSS-from-scratch	143
DSS-from-scratch	139
DSS-from-scratch	200
DSS-from-scratch	155
DSS-from-scratch	239
DSS-from-scratch	511
DSS-from-scratch	125
DSS-from-scratch	105
DSS-from-scratch	207
DSS-from-scratch	174
DSS-from-scratch	115
DSS-from-scratch	77
DSS-from-scratch	212
DSS-from-scratch	192
DSS-from-scratch	254
DSS-from-scratch	328
DSS-from-scratch	167
DSS-from-scratch	303
DSS-from-scratch	78
DSS-from-scratch	355
DSS-from-scratch	251
DSS-from-scratch	328
DSS-from-scratch	279
DSS-from-scratch	116
DSS-from-scratch	296
DSS-from-scratch	246
DSS-from-scratch	401
DSS-from-scratch	289
DSS-from-scratch	233
DSS-from-scratch	177
DSS-from-scratch	257
DSS-from-scratch	214
DSS-from-scratch	164
DSS-from-scratch	274
DSS-from-scratch	146
DSS-from-scratch	114
DSS-from-scratch	662
DSS-from-scratch	223
DSS-from-scratch	240
DSS-from-scratch	198
DSS-from-scratch	162
DSS-from-scratch	187
DSS-from-scratch	171
DSS-from-scratch	538
DSS-from-scratch	99
DSS-from-scratch	408
DSS-from-scratch	274
DSS-from-scratch	156
DSS-from-scratch	135
DSS-from-scratch	260
DSS-from-scratch	140
DSS-from-scratch	157
DSS-from-scratch	186
DSS-from-scratch	57
DSS-from-scratch	63
DSS-from-scratch	467
DSS-from-scratch	201
DSS-from-scratch	247
DSS-from-scratch	152
DSS-from-scratch	159
DSS-from-scratch	163
DSS-from-scratch	1008
DSS-from-scratch	265
DSS-from-scratch	323
DSS-from-scratch	424
DSS-from-scratch	312
DSS-from-scratch	386
DSS-from-scratch	175
DSS-from-scratch	171
DSS-from-scratch	90
DSS-from-scratch	637
DSS-from-scratch	219
DSS-from-scratch	193
DSS-from-scratch	169
DSS-from-scratch	334
DSS-from-scratch	211
DSS-from-scratch	191
DSS-from-scratch	105
DSS-from-scratch	310
DSS-from-scratch	90
DSS-from-scratch	315
DSS-from-scratch	56
DSS-from-scratch	131
DSS-from-scratch	117
DSS-from-scratch	131
DSS-from-scratch	219
DSS-from-scratch	259
DSS-from-scratch	269
DSS-from-scratch	243
DSS-from-scratch	161
DSS-from-scratch	453
DSS-from-scratch	70
DSS-from-scratch	84
DSS-from-scratch	232
DSS-from-scratch	65
DSS-from-scratch	159
DSS-from-scratch	325
DSS-from-scratch	149
DSS-from-scratch	160
DSS-from-scratch	129
DSS-from-scratch	392
DSS-from-scratch	118
DSS-from-scratch	219
DSS-from-scratch	176
DSS-from-scratch	194
DSS-from-scratch	234
DSS-from-scratch	108
DSS-from-scratch	158
DSS-from-scratch	177
DSS-from-scratch	124
DSS-from-scratch	107
DSS-from-scratch	214
DSS-from-scratch	129
DSS-from-scratch	275
DSS-from-scratch	247
DSS-from-scratch	185
DSS-from-scratch	213
DSS-from-scratch	73
DSS-from-scratch	342
DSS-from-scratch	111
DSS-from-scratch	120
DSS-from-scratch	124
DSS-from-scratch	297
DSS-from-scratch	148
DSS-from-scratch	274
DSS-from-scratch	230
DSS-from-scratch	76
DSS-from-scratch	108
DSS-from-scratch	207
DSS-from-scratch	895
DSS-from-scratch	106
DSS-from-scratch	179
DSS-from-scratch	105
DSS-from-scratch	226
DSS-from-scratch	379
DSS-from-scratch	95
DSS-from-scratch	331
DSS-from-scratch	187
DSS-from-scratch	116
DSS-from-scratch	226
DSS-from-scratch	89
DSS-from-scratch	162
DSS-from-scratch	95
DSS-from-scratch	66
DSS-from-scratch	148
DSS-from-scratch	203
DSS-from-scratch	104
DSS-from-scratch	95
DSS-from-scratch	215
DSS-from-scratch	63
DSS-from-scratch	359
DSS-from-scratch	130
DSS-from-scratch	213
DSS-from-scratch	77
DSS-from-scratch	82
DSS-from-scratch	218
DSS-from-scratch	166
DSS-from-scratch	87
DSS-from-scratch	249
DSS-from-scratch	104
DSS-from-scratch	57
DSS-from-scratch	58
DSS-from-scratch	156
DSS-from-scratch	363
DSS-from-scratch	226
DSS-from-scratch	239
DSS-from-scratch	161
DSS-from-scratch	419
DSS-from-scratch	202
DSS-from-scratch	184
DSS-from-scratch	237
DSS-from-scratch	105
DSS-from-scratch	233
DSS-from-scratch	135
DSS-from-scratch	545
DSS-from-scratch	432
DSS-from-scratch	144
DSS-from-scratch	239
DSS-from-scratch	129
DSS-from-scratch	142
DSS-from-scratch	84
DSS-from-scratch	197
DSS-from-scratch	186
DSS-from-scratch	70
DSS-from-scratch	99
DSS-from-scratch	152
DSS-from-scratch	186
DSS-from-scratch	123
DSS-from-scratch	221
DSS-from-scratch	247
DSS-from-scratch	170
DSS-from-scratch	109
DSS-from-scratch	182
DSS-from-scratch	181
DSS-from-scratch	95
DSS-from-scratch	308
DSS-from-scratch	318
DSS-from-scratch	235
DSS-from-scratch	138
DSS-from-scratch	224
DSS-from-scratch	211
DSS-from-scratch	514
DSS-from-scratch	167
DSS-from-scratch	309
DSS-from-scratch	200
DSS-from-scratch	170
DSS-from-scratch	245
DSS-from-scratch	244
DSS-from-scratch	382
DSS-from-scratch	86
DSS-from-scratch	119
DSS-from-scratch	72
DSS-from-scratch	102
DSS-from-scratch	149
DSS-from-scratch	97
DSS-from-scratch	447
DSS-from-scratch	139
DSS-from-scratch	90
DSS-from-scratch	86
DSS-from-scratch	116
DSS-from-scratch	163
DSS-from-scratch	222
DSS-from-scratch	61
DSS-from-scratch	144
DSS-from-scratch	211
DSS-from-scratch	62
DSS-from-scratch	430
DSS-from-scratch	105
DSS-from-scratch	290
DSS-from-scratch	267
DSS-from-scratch	234
DSS-from-scratch	194
DSS-from-scratch	202
DSS-from-scratch	119
DSS-from-scratch	108
DSS-from-scratch	134
DSS-from-scratch	318
DSS-from-scratch	104
DSS-from-scratch	60
DSS-from-scratch	199
DSS-from-scratch	200
DSS-from-scratch	313
DSS-from-scratch	61
DSS-from-scratch	116
DSS-from-scratch	67
DSS-from-scratch	386
DSS-from-scratch	67
DSS-from-scratch	70
DSS-from-scratch	119
DSS-from-scratch	142
DSS-from-scratch	82
DSS-from-scratch	195
DSS-from-scratch	84
DSS-from-scratch	171
DSS-from-scratch	82
DSS-from-scratch	115
DSS-from-scratch	51
DSS-from-scratch	132
DSS-from-scratch	130
DSS-from-scratch	82
DSS-from-scratch	191
DSS-from-scratch	59
DSS-from-scratch	86
DSS-from-scratch	148
DSS-from-scratch	93
DSS-from-scratch	223
DSS-from-scratch	198
DSS-from-scratch	58
DSS-from-scratch	132
DSS-from-scratch	93
