tool	scenario	parameter	parameter_value	test	meth_diff_bin	threshold_kind	threshold	tp	fp	tn	fn	tpr	fpr	precision	f1	auroc	truth_mode	truth_threshold	seed
methylkit	simulator_intrinsic	coverage	10	methylkit	all	pvalue	0.001	11468	61	79960	8510	0.5740314345780358	0.0007622998962772273	0.9947089947089947	0.727965214079411	0.9246320450872136	intrinsic	NaN	2026000
methylkit	simulator_intrinsic	coverage	10	methylkit	all	pvalue	0.005	13476	416	79605	6502	0.6745419961958155	0.005198635358218468	0.970054707745465	0.795748449955713	0.9246320450872136	intrinsic	NaN	2026000
methylkit	simulator_intrinsic	coverage	10	methylkit	all	pvalue	0.01	14520	913	79108	5458	0.7267994794273701	0.011409505004936205	0.9408410548823949	0.8200841546412132	0.9246320450872136	intrinsic	NaN	2026000
methylkit	simulator_intrinsic	coverage	10	methylkit	all	pvalue	0.05	16592	4619	75402	3386	0.8305135649214136	0.05772234788368053	0.7822356324548583	0.8056519944645415	0.9246320450872136	intrinsic	NaN	2026000
methylkit	simulator_intrinsic	coverage	10	methylkit	all	qvalue	0.05	14520	913	79108	5458	0.7267994794273701	0.011409505004936205	0.9408410548823949	0.8200841546412132	0.9246320450872136	intrinsic	NaN	2026000
methylkit	simulator_intrinsic	coverage	10	methylkit	0.2-0.4	qvalue	0.05	2611	913	79108	2438	0.5171321053673995	0.011409505004936205	0.7409194097616345	0.6091216610288114	NaN	intrinsic	NaN	2026000
methylkit	simulator_intrinsic	coverage	10	methylkit	0.4-0.6	qvalue	0.05	3856	913	79108	1149	0.7704295704295704	0.011409505004936205	0.8085552526735165	0.7890321260487007	NaN	intrinsic	NaN	2026000
methylkit	simulator_intrinsic	coverage	10	methylkit	0.6-0.8	qvalue	0.05	4075	913	79108	906	0.8181088134912669	0.011409505004936205	0.8169607056936647	0.817534356505166	NaN	intrinsic	NaN	2026000
methylkit	simulator_intrinsic	coverage	10	methylkit	0.8-1.0	qvalue	0.05	3978	913	79108	965	0.8047744284847259	0.011409505004936205	0.8133306072377837	0.8090298962782184	NaN	intrinsic	NaN	2026000
dss	simulator_intrinsic	coverage	10	dss	all	pvalue	0.001	68	47	79974	19911	0.003403573752440062	0.000587345821721798	0.591304347826087	0.00676818950930626	0.6271736921473149	intrinsic	NaN	2026000
dss	simulator_intrinsic	coverage	10	dss	all	pvalue	0.005	245	219	79802	19734	0.012262876019820812	0.0027367815948313567	0.5280172413793104	0.023969084772293696	0.6271736921473149	intrinsic	NaN	2026000
dss	simulator_intrinsic	coverage	10	dss	all	pvalue	0.01	454	421	79600	19525	0.022723860053055708	0.005261118956273978	0.5188571428571429	0.04354080751894121	0.6271736921473149	intrinsic	NaN	2026000
dss	simulator_intrinsic	coverage	10	dss	all	pvalue	0.05	1400	1748	78273	18579	0.07007357725611893	0.021844265880206448	0.44472681067344344	0.12107061010939595	0.6271736921473149	intrinsic	NaN	2026000
dss	simulator_intrinsic	coverage	10	dss	all	qvalue	0.05	0	1	80020	19979	0.0	0.000012496719611102086	0.0	0.0	0.6271736921473149	intrinsic	NaN	2026000
dss	simulator_intrinsic	coverage	10	dss	0.2-0.4	qvalue	0.05	0	1	80020	5049	0.0	0.000012496719611102086	0.0	0.0	NaN	intrinsic	NaN	2026000
dss	simulator_intrinsic	coverage	10	dss	0.4-0.6	qvalue	0.05	0	1	80020	5005	0.0	0.000012496719611102086	0.0	0.0	NaN	intrinsic	NaN	2026000
dss	simulator_intrinsic	coverage	10	dss	0.6-0.8	qvalue	0.05	0	1	80020	4981	0.0	0.000012496719611102086	0.0	0.0	NaN	intrinsic	NaN	2026000
dss	simulator_intrinsic	coverage	10	dss	0.8-1.0	qvalue	0.05	0	1	80020	4944	0.0	0.000012496719611102086	0.0	0.0	NaN	intrinsic	NaN	2026000
dss_nosmooth	simulator_intrinsic	coverage	10	dss_nosmooth	all	pvalue	0.001	10909	64	79957	9070	0.5460233244907152	0.0007997900551105335	0.9941675020504875	0.7048979064357715	0.9070516131514577	intrinsic	NaN	2026000
dss_nosmooth	simulator_intrinsic	coverage	10	dss_nosmooth	all	pvalue	0.005	12397	322	79699	7582	0.6205015266029331	0.0040239437147748715	0.9746835443037974	0.758272677227965	0.9070516131514577	intrinsic	NaN	2026000
dss_nosmooth	simulator_intrinsic	coverage	10	dss_nosmooth	all	pvalue	0.01	13163	633	79388	6816	0.6588417838730667	0.00791042351382762	0.9541171354015656	0.7794522575869726	0.9070516131514577	intrinsic	NaN	2026000
dss_nosmooth	simulator_intrinsic	coverage	10	dss_nosmooth	all	pvalue	0.05	14978	2877	77144	5001	0.7496871715301067	0.0359530623211407	0.8388686642397087	0.791774594280277	0.9070516131514577	intrinsic	NaN	2026000
dss_nosmooth	simulator_intrinsic	coverage	10	dss_nosmooth	all	qvalue	0.05	12940	466	79555	7039	0.6476800640672706	0.005823471338773572	0.9652394450246159	0.775198442414258	0.9070516131514577	intrinsic	NaN	2026000
dss_nosmooth	simulator_intrinsic	coverage	10	dss_nosmooth	0.2-0.4	qvalue	0.05	1944	466	79555	3105	0.3850267379679144	0.005823471338773572	0.8066390041493776	0.5212494972516423	NaN	intrinsic	NaN	2026000
dss_nosmooth	simulator_intrinsic	coverage	10	dss_nosmooth	0.4-0.6	qvalue	0.05	3436	466	79555	1569	0.6865134865134865	0.005823471338773572	0.8805740645822655	0.7715280116762098	NaN	intrinsic	NaN	2026000
dss_nosmooth	simulator_intrinsic	coverage	10	dss_nosmooth	0.6-0.8	qvalue	0.05	3825	466	79555	1156	0.7679180887372014	0.005823471338773572	0.8914006059193661	0.8250647109577222	NaN	intrinsic	NaN	2026000
dss_nosmooth	simulator_intrinsic	coverage	10	dss_nosmooth	0.8-1.0	qvalue	0.05	3735	466	79555	1209	0.7554611650485437	0.005823471338773572	0.8890740299928589	0.8168398031711318	NaN	intrinsic	NaN	2026000
methylkit	simulator_intrinsic	coverage	10	methylkit	all	pvalue	0.001	11529	0	80121	8349	0.5799879263507395	0.0	1.0	0.7341675422676474	0.9859906732357113	threshold	0.2	2026000
methylkit	simulator_intrinsic	coverage	10	methylkit	all	pvalue	0.005	13696	196	79925	6182	0.6890029177985713	0.002446299971293419	0.9858911603800748	0.811134142730234	0.9859906732357113	threshold	0.2	2026000
methylkit	simulator_intrinsic	coverage	10	methylkit	all	pvalue	0.01	14427	1006	79115	5451	0.725777241171144	0.012556009036332546	0.9348150068036026	0.817139135113704	0.9859906732357113	threshold	0.2	2026000
methylkit	simulator_intrinsic	coverage	10	methylkit	all	pvalue	0.05	17306	3905	76216	2572	0.8706107254250931	0.04873878259133061	0.8158974117203338	0.8423665701282582	0.9859906732357113	threshold	0.2	2026000
methylkit	simulator_intrinsic	coverage	10	methylkit	all	qvalue	0.05	14427	1006	79115	5451	0.725777241171144	0.012556009036332546	0.9348150068036026	0.817139135113704	0.9859906732357113	threshold	0.2	2026000
methylkit	simulator_intrinsic	coverage	10	methylkit	0.2-0.4	qvalue	0.05	5187	1006	79115	5451	0.48759165256627185	0.012556009036332546	0.8375585338285161	0.6163626641316619	NaN	threshold	0.2	2026000
methylkit	simulator_intrinsic	coverage	10	methylkit	0.4-0.6	qvalue	0.05	4636	1006	79115	0	1.0	0.012556009036332546	0.8216944345976605	0.9021210352208601	NaN	threshold	0.2	2026000
methylkit	simulator_intrinsic	coverage	10	methylkit	0.6-0.8	qvalue	0.05	3120	1006	79115	0	1.0	0.012556009036332546	0.7561803199224431	0.8611647805685896	NaN	threshold	0.2	2026000
methylkit	simulator_intrinsic	coverage	10	methylkit	0.8-1.0	qvalue	0.05	1484	1006	79115	0	1.0	0.012556009036332546	0.5959839357429719	0.7468545546049321	NaN	threshold	0.2	2026000
dss	simulator_intrinsic	coverage	10	dss	all	pvalue	0.001	64	51	80070	19815	0.003219477840937673	0.0006365372374283895	0.5565217391304348	0.006401920576172852	0.6363880814557935	threshold	0.2	2026000
dss	simulator_intrinsic	coverage	10	dss	all	pvalue	0.005	235	229	79892	19644	0.011821520197193017	0.0028581770072764945	0.5064655172413793	0.023103770338691442	0.6363880814557935	threshold	0.2	2026000
dss	simulator_intrinsic	coverage	10	dss	all	pvalue	0.01	440	435	79686	19439	0.0221339101564465	0.005429288201595088	0.5028571428571429	0.04240146477787415	0.6363880814557935	threshold	0.2	2026000
dss	simulator_intrinsic	coverage	10	dss	all	pvalue	0.05	1385	1763	78358	18494	0.06967151265154183	0.02200421861933825	0.43996188055908514	0.12029356841968124	0.6363880814557935	threshold	0.2	2026000
dss	simulator_intrinsic	coverage	10	dss	all	qvalue	0.05	0	1	80120	19879	0.0	0.000012481122302517443	0.0	0.0	0.6363880814557935	threshold	0.2	2026000
dss	simulator_intrinsic	coverage	10	dss	0.2-0.4	qvalue	0.05	0	1	80120	10638	0.0	0.000012481122302517443	0.0	0.0	NaN	threshold	0.2	2026000
dss	simulator_intrinsic	coverage	10	dss	0.4-0.6	qvalue	0.05	0	1	80120	4636	0.0	0.000012481122302517443	0.0	0.0	NaN	threshold	0.2	2026000
dss	simulator_intrinsic	coverage	10	dss	0.6-0.8	qvalue	0.05	0	1	80120	3121	0.0	0.000012481122302517443	0.0	0.0	NaN	threshold	0.2	2026000
dss	simulator_intrinsic	coverage	10	dss	0.8-1.0	qvalue	0.05	0	1	80120	1484	0.0	0.000012481122302517443	0.0	0.0	NaN	threshold	0.2	2026000
dss_nosmooth	simulator_intrinsic	coverage	10	dss_nosmooth	all	pvalue	0.001	10973	0	80121	8906	0.551989536697017	0.0	1.0	0.7113315182159989	0.9857715023673457	threshold	0.2	2026000
dss_nosmooth	simulator_intrinsic	coverage	10	dss_nosmooth	all	pvalue	0.005	12686	33	80088	7193	0.6381608732833643	0.0004118770359830756	0.9974054564038053	0.7783299588931837	0.9857715023673457	threshold	0.2	2026000
dss_nosmooth	simulator_intrinsic	coverage	10	dss_nosmooth	all	pvalue	0.01	13642	154	79967	6237	0.6862518235323708	0.001922092834587686	0.9888373441577268	0.8102152932442465	0.9857715023673457	threshold	0.2	2026000
dss_nosmooth	simulator_intrinsic	coverage	10	dss_nosmooth	all	pvalue	0.05	16295	1560	78561	3584	0.8197092409074903	0.01947055079192721	0.912629515541865	0.8636773201886893	0.9857715023673457	threshold	0.2	2026000
dss_nosmooth	simulator_intrinsic	coverage	10	dss_nosmooth	all	qvalue	0.05	13252	154	79967	6627	0.666633130439157	0.001922092834587686	0.9885126062956885	0.7962745981673427	0.9857715023673457	threshold	0.2	2026000
dss_nosmooth	simulator_intrinsic	coverage	10	dss_nosmooth	0.2-0.4	qvalue	0.05	4148	154	79967	6490	0.3899229178416996	0.001922092834587686	0.9642026964202697	0.5552878179384203	NaN	threshold	0.2	2026000
dss_nosmooth	simulator_intrinsic	coverage	10	dss_nosmooth	0.4-0.6	qvalue	0.05	4500	154	79967	136	0.9706643658326143	0.001922092834587686	0.9669101847872797	0.9687836383207751	NaN	threshold	0.2	2026000
dss_nosmooth	simulator_intrinsic	coverage	10	dss_nosmooth	0.6-0.8	qvalue	0.05	3120	154	79967	1	0.99967958987504	0.001922092834587686	0.9529627367135003	0.9757623143080532	NaN	threshold	0.2	2026000
dss_nosmooth	simulator_intrinsic	coverage	10	dss_nosmooth	0.8-1.0	qvalue	0.05	1484	154	79967	0	1.0	0.001922092834587686	0.905982905982906	0.9506726457399103	NaN	threshold	0.2	2026000
methylkit	simulator_intrinsic	coverage	10	methylkit	all	pvalue	0.001	11685	57	79920	8337	0.5836080311657177	0.0007127049026595146	0.9951456310679612	0.735738571968266	0.9261870786442098	intrinsic	NaN	2026001
methylkit	simulator_intrinsic	coverage	10	methylkit	all	pvalue	0.005	13701	389	79588	6321	0.6842972729997003	0.0048638983707816	0.9723917672107878	0.8032950281425891	0.9261870786442098	intrinsic	NaN	2026001
methylkit	simulator_intrinsic	coverage	10	methylkit	all	pvalue	0.01	14657	873	79104	5365	0.7320447507741484	0.010915638245995724	0.9437862202189311	0.8245387038703871	0.9261870786442098	intrinsic	NaN	2026001
methylkit	simulator_intrinsic	coverage	10	methylkit	all	pvalue	0.05	16652	4536	75441	3370	0.831685146339027	0.056716305937957165	0.7859165565414385	0.8081533608347489	0.9261870786442098	intrinsic	NaN	2026001
methylkit	simulator_intrinsic	coverage	10	methylkit	all	qvalue	0.05	14657	873	79104	5365	0.7320447507741484	0.010915638245995724	0.9437862202189311	0.8245387038703871	0.9261870786442098	intrinsic	NaN	2026001
methylkit	simulator_intrinsic	coverage	10	methylkit	0.2-0.4	qvalue	0.05	2582	873	79104	2449	0.5132180481017691	0.010915638245995724	0.7473227206946454	0.6085316992693849	NaN	intrinsic	NaN	2026001
methylkit	simulator_intrinsic	coverage	10	methylkit	0.4-0.6	qvalue	0.05	3894	873	79104	1044	0.7885783718104495	0.010915638245995724	0.81686595342983	0.8024729520865533	NaN	intrinsic	NaN	2026001
methylkit	simulator_intrinsic	coverage	10	methylkit	0.6-0.8	qvalue	0.05	4062	873	79104	936	0.8127250900360145	0.010915638245995724	0.8231003039513678	0.8178797946239806	NaN	intrinsic	NaN	2026001
methylkit	simulator_intrinsic	coverage	10	methylkit	0.8-1.0	qvalue	0.05	4119	873	79104	936	0.8148367952522255	0.010915638245995724	0.8251201923076923	0.8199462526127202	NaN	intrinsic	NaN	2026001
dss	simulator_intrinsic	coverage	10	dss	all	pvalue	0.001	87	74	79904	19935	0.004345220257716512	0.0009252544449723674	0.5403726708074534	0.008621116781449735	0.63023489435821	intrinsic	NaN	2026001
dss	simulator_intrinsic	coverage	10	dss	all	pvalue	0.005	270	265	79713	19752	0.013485166317051244	0.003313411188076721	0.5046728971962616	0.026268424380989443	0.63023489435821	intrinsic	NaN	2026001
dss	simulator_intrinsic	coverage	10	dss	all	pvalue	0.01	458	479	79499	19564	0.02287483767855359	0.005989147015429243	0.4887940234791889	0.043704375208740875	0.63023489435821	intrinsic	NaN	2026001
dss	simulator_intrinsic	coverage	10	dss	all	pvalue	0.05	1459	1860	78118	18563	0.07286984317251023	0.02325639550876491	0.43959023802350106	0.12501606614969368	0.63023489435821	intrinsic	NaN	2026001
dss	simulator_intrinsic	coverage	10	dss	all	qvalue	0.05	1	0	79978	20021	0.000049945060433523126	0.0	1.0	0.0000998851320980872	0.63023489435821	intrinsic	NaN	2026001
dss	simulator_intrinsic	coverage	10	dss	0.2-0.4	qvalue	0.05	0	0	79978	5031	0.0	0.0	0.0	0.0	NaN	intrinsic	NaN	2026001
dss	simulator_intrinsic	coverage	10	dss	0.4-0.6	qvalue	0.05	0	0	79978	4938	0.0	0.0	0.0	0.0	NaN	intrinsic	NaN	2026001
dss	simulator_intrinsic	coverage	10	dss	0.6-0.8	qvalue	0.05	0	0	79978	4998	0.0	0.0	0.0	0.0	NaN	intrinsic	NaN	2026001
dss	simulator_intrinsic	coverage	10	dss	0.8-1.0	qvalue	0.05	1	0	79978	5054	0.00019782393669634025	0.0	1.0	0.00039556962025316455	NaN	intrinsic	NaN	2026001
dss_nosmooth	simulator_intrinsic	coverage	10	dss_nosmooth	all	pvalue	0.001	11134	73	79905	8888	0.5560883028668465	0.0009127510065267949	0.9934862139734095	0.7130551730763073	0.9089627741100983	intrinsic	NaN	2026001
dss_nosmooth	simulator_intrinsic	coverage	10	dss_nosmooth	all	pvalue	0.005	12567	323	79655	7455	0.6276595744680851	0.004038610617919928	0.9749418153607448	0.7636728245017015	0.9089627741100983	intrinsic	NaN	2026001
dss_nosmooth	simulator_intrinsic	coverage	10	dss_nosmooth	all	pvalue	0.01	13360	598	79380	6662	0.6672660073918689	0.0074770561904523745	0.957157185843244	0.7863449087698646	0.9089627741100983	intrinsic	NaN	2026001
dss_nosmooth	simulator_intrinsic	coverage	10	dss_nosmooth	all	pvalue	0.05	15104	2843	77135	4918	0.7543701927879333	0.03554727550076271	0.8415891235303951	0.7955964075956702	0.9089627741100983	intrinsic	NaN	2026001
dss_nosmooth	simulator_intrinsic	coverage	10	dss_nosmooth	all	qvalue	0.05	13137	453	79525	6885	0.6561282589151933	0.005664057615844357	0.9666666666666667	0.7816851124598357	0.9089627741100983	intrinsic	NaN	2026001
dss_nosmooth	simulator_intrinsic	coverage	10	dss_nosmooth	0.2-0.4	qvalue	0.05	1947	453	79525	3084	0.3870005963029219	0.005664057615844357	0.81125	0.5240209931368591	NaN	intrinsic	NaN	2026001
dss_nosmooth	simulator_intrinsic	coverage	10	dss_nosmooth	0.4-0.6	qvalue	0.05	3474	453	79525	1464	0.7035236938031592	0.005664057615844357	0.8846447669977082	0.783756345177665	NaN	intrinsic	NaN	2026001
dss_nosmooth	simulator_intrinsic	coverage	10	dss_nosmooth	0.6-0.8	qvalue	0.05	3832	453	79525	1166	0.7667066826730692	0.005664057615844357	0.8942823803967328	0.8255951739739309	NaN	intrinsic	NaN	2026001
dss_nosmooth	simulator_intrinsic	coverage	10	dss_nosmooth	0.8-1.0	qvalue	0.05	3884	453	79525	1171	0.7683481701285856	0.005664057615844357	0.8955499192990547	0.8270868824531517	NaN	intrinsic	NaN	2026001
methylkit	simulator_intrinsic	coverage	10	methylkit	all	pvalue	0.001	11742	0	79925	8332	0.5849357377702501	0.0	1.0	0.7381191853155645	0.9867458916634482	threshold	0.2	2026001
methylkit	simulator_intrinsic	coverage	10	methylkit	all	pvalue	0.005	13888	202	79723	6186	0.6918401912922187	0.0025273694088207696	0.9856635911994323	0.8130195527455801	0.9867458916634482	threshold	0.2	2026001
methylkit	simulator_intrinsic	coverage	10	methylkit	all	pvalue	0.01	14589	941	78984	5485	0.7267609843578758	0.011773537691585862	0.939407598197038	0.8195146612740142	0.9867458916634482	threshold	0.2	2026001
methylkit	simulator_intrinsic	coverage	10	methylkit	all	pvalue	0.05	17480	3708	76217	2594	0.8707781209524759	0.04639349390053175	0.8249952803473665	0.8472686733556298	0.9867458916634482	threshold	0.2	2026001
methylkit	simulator_intrinsic	coverage	10	methylkit	all	qvalue	0.05	14589	941	78984	5485	0.7267609843578758	0.011773537691585862	0.939407598197038	0.8195146612740142	0.9867458916634482	threshold	0.2	2026001
methylkit	simulator_intrinsic	coverage	10	methylkit	0.2-0.4	qvalue	0.05	5210	941	78984	5485	0.48714352501168773	0.011773537691585862	0.8470167452446756	0.6185444615932566	NaN	threshold	0.2	2026001
methylkit	simulator_intrinsic	coverage	10	methylkit	0.4-0.6	qvalue	0.05	4716	941	78984	0	1.0	0.011773537691585862	0.8336574155913028	0.9092837173431023	NaN	threshold	0.2	2026001
methylkit	simulator_intrinsic	coverage	10	methylkit	0.6-0.8	qvalue	0.05	3071	941	78984	0	1.0	0.011773537691585862	0.7654536390827518	0.8671466892559649	NaN	threshold	0.2	2026001
methylkit	simulator_intrinsic	coverage	10	methylkit	0.8-1.0	qvalue	0.05	1592	941	78984	0	1.0	0.011773537691585862	0.628503750493486	0.7718787878787878	NaN	threshold	0.2	2026001
dss	simulator_intrinsic	coverage	10	dss	all	pvalue	0.001	90	71	79855	19984	0.004483411377901763	0.0008883216975702525	0.5590062111801242	0.008895478131949592	0.6381281296836517	threshold	0.2	2026001
dss	simulator_intrinsic	coverage	10	dss	all	pvalue	0.005	276	259	79667	19798	0.013749128225565408	0.0032404974601506395	0.5158878504672897	0.02678441457615605	0.6381281296836517	threshold	0.2	2026001
dss	simulator_intrinsic	coverage	10	dss	all	pvalue	0.01	477	460	79466	19597	0.023762080302879348	0.005755323674398819	0.5090715048025614	0.04540478796820713	0.6381281296836517	threshold	0.2	2026001
dss	simulator_intrinsic	coverage	10	dss	all	pvalue	0.05	1497	1822	78104	18577	0.07457407591909933	0.02279608637990141	0.45103946971979514	0.12798700465951354	0.6381281296836517	threshold	0.2	2026001
dss	simulator_intrinsic	coverage	10	dss	all	qvalue	0.05	1	0	79926	20073	0.00004981568197668626	0.0	1.0	0.00009962640099626401	0.6381281296836517	threshold	0.2	2026001
dss	simulator_intrinsic	coverage	10	dss	0.2-0.4	qvalue	0.05	0	0	79926	10695	0.0	0.0	0.0	0.0	NaN	threshold	0.2	2026001
dss	simulator_intrinsic	coverage	10	dss	0.4-0.6	qvalue	0.05	0	0	79926	4716	0.0	0.0	0.0	0.0	NaN	threshold	0.2	2026001
dss	simulator_intrinsic	coverage	10	dss	0.6-0.8	qvalue	0.05	0	0	79926	3071	0.0	0.0	0.0	0.0	NaN	threshold	0.2	2026001
dss	simulator_intrinsic	coverage	10	dss	0.8-1.0	qvalue	0.05	1	0	79926	1591	0.000628140703517588	0.0	1.0	0.0012554927809165098	NaN	threshold	0.2	2026001
dss_nosmooth	simulator_intrinsic	coverage	10	dss_nosmooth	all	pvalue	0.001	11207	0	79926	8867	0.558284347912723	0.0	1.0	0.7165371951024584	0.986116811146355	threshold	0.2	2026001
dss_nosmooth	simulator_intrinsic	coverage	10	dss_nosmooth	all	pvalue	0.005	12866	24	79902	7208	0.6409285643120455	0.00030027775692515574	0.9981380915438324	0.7806091493750759	0.986116811146355	threshold	0.2	2026001
dss_nosmooth	simulator_intrinsic	coverage	10	dss_nosmooth	all	pvalue	0.01	13793	165	79761	6281	0.6871077015044336	0.002064409578860446	0.9881788221808282	0.8105900329102022	0.986116811146355	threshold	0.2	2026001
dss_nosmooth	simulator_intrinsic	coverage	10	dss_nosmooth	all	pvalue	0.05	16457	1490	78436	3617	0.8198166782903258	0.018642244075770087	0.9169777678720678	0.8656794929118119	0.986116811146355	threshold	0.2	2026001
dss_nosmooth	simulator_intrinsic	coverage	10	dss_nosmooth	all	qvalue	0.05	13425	165	79761	6649	0.668775530537013	0.002064409578860446	0.9878587196467992	0.797587927756654	0.986116811146355	threshold	0.2	2026001
dss_nosmooth	simulator_intrinsic	coverage	10	dss_nosmooth	0.2-0.4	qvalue	0.05	4196	165	79761	6499	0.3923328658251519	0.002064409578860446	0.9621646411373538	0.5573857598299681	NaN	threshold	0.2	2026001
dss_nosmooth	simulator_intrinsic	coverage	10	dss_nosmooth	0.4-0.6	qvalue	0.05	4566	165	79761	150	0.9681933842239185	0.002064409578860446	0.9651236525047558	0.9666560812956494	NaN	threshold	0.2	2026001
dss_nosmooth	simulator_intrinsic	coverage	10	dss_nosmooth	0.6-0.8	qvalue	0.05	3071	165	79761	0	1.0	0.002064409578860446	0.9490111248454882	0.9738385920405899	NaN	threshold	0.2	2026001
dss_nosmooth	simulator_intrinsic	coverage	10	dss_nosmooth	0.8-1.0	qvalue	0.05	1592	165	79761	0	1.0	0.002064409578860446	0.9060899260102447	0.9507315616601971	NaN	threshold	0.2	2026001
methylkit	simulator_intrinsic	coverage	10	methylkit	all	pvalue	0.001	11681	81	79756	8481	0.5793572066263267	0.0010145671806305347	0.9931134160856997	0.7318005262498434	0.9253695465039748	intrinsic	NaN	2026002
methylkit	simulator_intrinsic	coverage	10	methylkit	all	pvalue	0.005	13717	408	79429	6445	0.6803392520583276	0.0051104124653982485	0.9711150442477876	0.8001283285210138	0.9253695465039748	intrinsic	NaN	2026002
methylkit	simulator_intrinsic	coverage	10	methylkit	all	pvalue	0.01	14739	911	78926	5423	0.7310286677908938	0.011410749401906384	0.9417891373801917	0.8231319110912543	0.9253695465039748	intrinsic	NaN	2026002
methylkit	simulator_intrinsic	coverage	10	methylkit	all	pvalue	0.05	16806	4574	75263	3356	0.8335482591012796	0.0572917319037539	0.7860617399438727	0.8091088536902412	0.9253695465039748	intrinsic	NaN	2026002
methylkit	simulator_intrinsic	coverage	10	methylkit	all	qvalue	0.05	14739	911	78926	5423	0.7310286677908938	0.011410749401906384	0.9417891373801917	0.8231319110912543	0.9253695465039748	intrinsic	NaN	2026002
methylkit	simulator_intrinsic	coverage	10	methylkit	0.2-0.4	qvalue	0.05	2602	911	78926	2438	0.5162698412698413	0.011410749401906384	0.7406774836322232	0.6084414825207529	NaN	intrinsic	NaN	2026002
methylkit	simulator_intrinsic	coverage	10	methylkit	0.4-0.6	qvalue	0.05	3944	911	78926	1097	0.7823844475302519	0.011410749401906384	0.8123583934088568	0.7970897332255457	NaN	intrinsic	NaN	2026002
methylkit	simulator_intrinsic	coverage	10	methylkit	0.6-0.8	qvalue	0.05	4059	911	78926	951	0.8101796407185629	0.011410749401906384	0.8167002012072435	0.8134268537074149	NaN	intrinsic	NaN	2026002
methylkit	simulator_intrinsic	coverage	10	methylkit	0.8-1.0	qvalue	0.05	4134	911	78926	937	0.815223821731414	0.011410749401906384	0.8194251734390485	0.8173190984578885	NaN	intrinsic	NaN	2026002
dss	simulator_intrinsic	coverage	10	dss	all	pvalue	0.001	88	62	79776	20074	0.004364646364447972	0.0007765725594328515	0.5866666666666667	0.00866482867270579	0.6290121317958322	intrinsic	NaN	2026002
dss	simulator_intrinsic	coverage	10	dss	all	pvalue	0.005	282	222	79616	19880	0.01398670766789009	0.002780630777324081	0.5595238095238095	0.027291202942030388	0.6290121317958322	intrinsic	NaN	2026002
dss	simulator_intrinsic	coverage	10	dss	all	pvalue	0.01	479	432	79406	19683	0.023757563733756572	0.00541095718830632	0.5257958287596048	0.045461016466568596	0.6290121317958322	intrinsic	NaN	2026002
dss	simulator_intrinsic	coverage	10	dss	all	pvalue	0.05	1471	1803	78035	18691	0.07295903184207916	0.022583231042861796	0.4492974954184484	0.12553336746885135	0.6290121317958322	intrinsic	NaN	2026002
dss	simulator_intrinsic	coverage	10	dss	all	qvalue	0.05	6	3	79835	20156	0.0002975895248487253	0.00003757609158546056	0.6666666666666666	0.0005949134896633781	0.6290121317958322	intrinsic	NaN	2026002
dss	simulator_intrinsic	coverage	10	dss	0.2-0.4	qvalue	0.05	1	3	79835	5039	0.0001984126984126984	0.00003757609158546056	0.25	0.0003965107057890563	NaN	intrinsic	NaN	2026002
dss	simulator_intrinsic	coverage	10	dss	0.4-0.6	qvalue	0.05	0	3	79835	5041	0.0	0.00003757609158546056	0.0	0.0	NaN	intrinsic	NaN	2026002
dss	simulator_intrinsic	coverage	10	dss	0.6-0.8	qvalue	0.05	0	3	79835	5010	0.0	0.00003757609158546056	0.0	0.0	NaN	intrinsic	NaN	2026002
dss	simulator_intrinsic	coverage	10	dss	0.8-1.0	qvalue	0.05	5	3	79835	5066	0.0009859988168014198	0.00003757609158546056	0.625	0.0019688915140775743	NaN	intrinsic	NaN	2026002
dss_nosmooth	simulator_intrinsic	coverage	10	dss_nosmooth	all	pvalue	0.001	11088	78	79760	9074	0.5499454419204444	0.0009769783812219744	0.9930145083288554	0.7078651685393258	0.9088383104220726	intrinsic	NaN	2026002
dss_nosmooth	simulator_intrinsic	coverage	10	dss_nosmooth	all	pvalue	0.005	12583	319	79519	7579	0.6240948318619185	0.003995591071920639	0.9752751511393583	0.761129929833051	0.9088383104220726	intrinsic	NaN	2026002
dss_nosmooth	simulator_intrinsic	coverage	10	dss_nosmooth	all	pvalue	0.01	13430	617	79221	6732	0.6661045531197302	0.007728149502743055	0.9560760304691394	0.7851734923558128	0.9088383104220726	intrinsic	NaN	2026002
dss_nosmooth	simulator_intrinsic	coverage	10	dss_nosmooth	all	pvalue	0.05	15194	2839	76999	4968	0.7535958734252555	0.03555950800370751	0.8425664060333833	0.7956015185233669	0.9088383104220726	intrinsic	NaN	2026002
dss_nosmooth	simulator_intrinsic	coverage	10	dss_nosmooth	all	qvalue	0.05	13210	479	79359	6952	0.6551929372086103	0.005999649289811869	0.9650084009058368	0.7804791586659183	0.9088383104220726	intrinsic	NaN	2026002
dss_nosmooth	simulator_intrinsic	coverage	10	dss_nosmooth	0.2-0.4	qvalue	0.05	1993	479	79359	3047	0.3954365079365079	0.005999649289811869	0.8062297734627831	0.5306176783812566	NaN	intrinsic	NaN	2026002
dss_nosmooth	simulator_intrinsic	coverage	10	dss_nosmooth	0.4-0.6	qvalue	0.05	3504	479	79359	1537	0.6951001785360048	0.005999649289811869	0.8797388902837058	0.776595744680851	NaN	intrinsic	NaN	2026002
dss_nosmooth	simulator_intrinsic	coverage	10	dss_nosmooth	0.6-0.8	qvalue	0.05	3811	479	79359	1199	0.7606786427145709	0.005999649289811869	0.8883449883449883	0.8195698924731183	NaN	intrinsic	NaN	2026002
dss_nosmooth	simulator_intrinsic	coverage	10	dss_nosmooth	0.8-1.0	qvalue	0.05	3902	479	79359	1169	0.7694734766318281	0.005999649289811869	0.8906642319105227	0.8256453660600931	NaN	intrinsic	NaN	2026002
methylkit	simulator_intrinsic	coverage	10	methylkit	all	pvalue	0.001	11762	0	79968	8269	0.5871898557236284	0.0	1.0	0.7399113012298305	0.9865971858463883	threshold	0.2	2026002
methylkit	simulator_intrinsic	coverage	10	methylkit	all	pvalue	0.005	13908	217	79751	6123	0.694323798112925	0.0027135854341736694	0.984637168141593	0.8143810750673381	0.9865971858463883	threshold	0.2	2026002
methylkit	simulator_intrinsic	coverage	10	methylkit	all	pvalue	0.01	14649	1001	78967	5382	0.7313164594877939	0.012517507002801121	0.936038338658147	0.8211092738432219	0.9865971858463883	threshold	0.2	2026002
methylkit	simulator_intrinsic	coverage	10	methylkit	all	pvalue	0.05	17519	3861	76107	2512	0.8745943787129948	0.04828181272509004	0.8194106641721235	0.8461036922556808	0.9865971858463883	threshold	0.2	2026002
methylkit	simulator_intrinsic	coverage	10	methylkit	all	qvalue	0.05	14649	1001	78967	5382	0.7313164594877939	0.012517507002801121	0.936038338658147	0.8211092738432219	0.9865971858463883	threshold	0.2	2026002
methylkit	simulator_intrinsic	coverage	10	methylkit	0.2-0.4	qvalue	0.05	5295	1001	78967	5382	0.49592582186007306	0.012517507002801121	0.841010165184244	0.6239321274966123	NaN	threshold	0.2	2026002
methylkit	simulator_intrinsic	coverage	10	methylkit	0.4-0.6	qvalue	0.05	4684	1001	78967	0	1.0	0.012517507002801121	0.8239226033421284	0.9034622432249976	NaN	threshold	0.2	2026002
methylkit	simulator_intrinsic	coverage	10	methylkit	0.6-0.8	qvalue	0.05	3103	1001	78967	0	1.0	0.012517507002801121	0.7560916179337231	0.861107256833634	NaN	threshold	0.2	2026002
methylkit	simulator_intrinsic	coverage	10	methylkit	0.8-1.0	qvalue	0.05	1567	1001	78967	0	1.0	0.012517507002801121	0.610202492211838	0.7579201934703749	NaN	threshold	0.2	2026002
dss	simulator_intrinsic	coverage	10	dss	all	pvalue	0.001	87	63	79906	19944	0.004343267934701213	0.0007878052745438857	0.58	0.008621971160993013	0.6393781157169598	threshold	0.2	2026002
dss	simulator_intrinsic	coverage	10	dss	all	pvalue	0.005	271	233	79736	19760	0.013529030003494584	0.0029136290312496093	0.5376984126984127	0.026393961529096663	0.6393781157169598	threshold	0.2	2026002
dss	simulator_intrinsic	coverage	10	dss	all	pvalue	0.01	468	443	79526	19563	0.02336378613149618	0.005539646613062562	0.5137211855104281	0.04469487154999523	0.6393781157169598	threshold	0.2	2026002
dss	simulator_intrinsic	coverage	10	dss	all	pvalue	0.05	1469	1805	78164	18562	0.07333632869052968	0.02257124635796371	0.44868662186927305	0.12606736751770006	0.6393781157169598	threshold	0.2	2026002
dss	simulator_intrinsic	coverage	10	dss	all	qvalue	0.05	6	3	79966	20025	0.0002995357196345664	0.00003751453688304218	0.6666666666666666	0.0005988023952095808	0.6393781157169598	threshold	0.2	2026002
dss	simulator_intrinsic	coverage	10	dss	0.2-0.4	qvalue	0.05	1	3	79966	10676	0.00009365926758452749	0.00003751453688304218	0.25	0.00018724838498267952	NaN	threshold	0.2	2026002
dss	simulator_intrinsic	coverage	10	dss	0.4-0.6	qvalue	0.05	0	3	79966	4684	0.0	0.00003751453688304218	0.0	0.0	NaN	threshold	0.2	2026002
dss	simulator_intrinsic	coverage	10	dss	0.6-0.8	qvalue	0.05	1	3	79966	3102	0.0003222687721559781	0.00003751453688304218	0.25	0.000643707756678468	NaN	threshold	0.2	2026002
dss	simulator_intrinsic	coverage	10	dss	0.8-1.0	qvalue	0.05	4	3	79966	1563	0.0025526483726866626	0.00003751453688304218	0.5714285714285714	0.005082592121982211	NaN	threshold	0.2	2026002
dss_nosmooth	simulator_intrinsic	coverage	10	dss_nosmooth	all	pvalue	0.001	11166	0	79969	8865	0.5574359742399281	0.0	1.0	0.7158380613520531	0.9864223099720574	threshold	0.2	2026002
dss_nosmooth	simulator_intrinsic	coverage	10	dss_nosmooth	all	pvalue	0.005	12868	34	79935	7163	0.6424042733762668	0.0004251647513411447	0.9973647496512169	0.7814653994473628	0.9864223099720574	threshold	0.2	2026002
dss_nosmooth	simulator_intrinsic	coverage	10	dss_nosmooth	all	pvalue	0.01	13869	178	79791	6162	0.6923768159353003	0.002225862521727169	0.987328255143447	0.813956218087916	0.9864223099720574	threshold	0.2	2026002
dss_nosmooth	simulator_intrinsic	coverage	10	dss_nosmooth	all	pvalue	0.05	16474	1559	78410	3557	0.8224252408766413	0.01949505433355425	0.9135473853490822	0.8655947877259352	0.9864223099720574	threshold	0.2	2026002
dss_nosmooth	simulator_intrinsic	coverage	10	dss_nosmooth	all	qvalue	0.05	13511	178	79791	6520	0.6745045179971045	0.002225862521727169	0.9869968587917306	0.8013641755634638	0.9864223099720574	threshold	0.2	2026002
dss_nosmooth	simulator_intrinsic	coverage	10	dss_nosmooth	0.2-0.4	qvalue	0.05	4284	178	79791	6393	0.40123630233211577	0.002225862521727169	0.9601075750784401	0.5659554792258406	NaN	threshold	0.2	2026002
dss_nosmooth	simulator_intrinsic	coverage	10	dss_nosmooth	0.4-0.6	qvalue	0.05	4557	178	79791	127	0.9728864218616567	0.002225862521727169	0.9624076029567054	0.9676186431680646	NaN	threshold	0.2	2026002
dss_nosmooth	simulator_intrinsic	coverage	10	dss_nosmooth	0.6-0.8	qvalue	0.05	3103	178	79791	0	1.0	0.002225862521727169	0.9457482474855227	0.9721177944862155	NaN	threshold	0.2	2026002
dss_nosmooth	simulator_intrinsic	coverage	10	dss_nosmooth	0.8-1.0	qvalue	0.05	1567	178	79791	0	1.0	0.002225862521727169	0.8979942693409743	0.946256038647343	NaN	threshold	0.2	2026002
methylkit	simulator_intrinsic	coverage	10	methylkit	all	pvalue	0.001	11466	80	80048	8405	0.5770217905490413	0.000998402555910543	0.9930711934869219	0.7299232899385683	0.9243324393102399	intrinsic	NaN	2026003
methylkit	simulator_intrinsic	coverage	10	methylkit	all	pvalue	0.005	13446	382	79746	6425	0.6766644859342761	0.004767372204472844	0.9723748915244431	0.7980058755452684	0.9243324393102399	intrinsic	NaN	2026003
methylkit	simulator_intrinsic	coverage	10	methylkit	all	pvalue	0.01	14469	878	79250	5402	0.7281465452166473	0.01095746805111821	0.9427901218479181	0.8216820943835539	0.9243324393102399	intrinsic	NaN	2026003
methylkit	simulator_intrinsic	coverage	10	methylkit	all	pvalue	0.05	16473	4596	75532	3398	0.8289970308489759	0.057358226837060704	0.7818596041577673	0.8047386419149976	0.9243324393102399	intrinsic	NaN	2026003
methylkit	simulator_intrinsic	coverage	10	methylkit	all	qvalue	0.05	14446	861	79267	5425	0.7269890795631825	0.01074530750798722	0.9437512249297707	0.8213087725282847	0.9243324393102399	intrinsic	NaN	2026003
methylkit	simulator_intrinsic	coverage	10	methylkit	0.2-0.4	qvalue	0.05	2473	861	79267	2423	0.5051062091503268	0.01074530750798722	0.741751649670066	0.6009720534629405	NaN	intrinsic	NaN	2026003
methylkit	simulator_intrinsic	coverage	10	methylkit	0.4-0.6	qvalue	0.05	3995	861	79267	1106	0.7831797686728093	0.01074530750798722	0.8226935749588138	0.8024505373104349	NaN	intrinsic	NaN	2026003
methylkit	simulator_intrinsic	coverage	10	methylkit	0.6-0.8	qvalue	0.05	3986	861	79267	960	0.8059037606146381	0.01074530750798722	0.8223643490819064	0.8140508526498519	NaN	intrinsic	NaN	2026003
methylkit	simulator_intrinsic	coverage	10	methylkit	0.8-1.0	qvalue	0.05	3992	861	79267	936	0.810064935064935	0.01074530750798722	0.8225839686791675	0.816276454350271	NaN	intrinsic	NaN	2026003
dss	simulator_intrinsic	coverage	10	dss	all	pvalue	0.001	74	60	80069	19797	0.003724019928539077	0.000748792571977686	0.5522388059701493	0.007398150462384404	0.6325691514471564	intrinsic	NaN	2026003
dss	simulator_intrinsic	coverage	10	dss	all	pvalue	0.005	258	219	79910	19613	0.012983745156257864	0.002733092887718554	0.5408805031446541	0.025358757617456262	0.6325691514471564	intrinsic	NaN	2026003
dss	simulator_intrinsic	coverage	10	dss	all	pvalue	0.01	461	433	79696	19410	0.023199637662925873	0.005403786394438967	0.5156599552572707	0.04440163737057549	0.6325691514471564	intrinsic	NaN	2026003
dss	simulator_intrinsic	coverage	10	dss	all	pvalue	0.05	1494	1729	78400	18377	0.07518494288158623	0.021577705949156985	0.46354328265591066	0.1293842556508184	0.6325691514471564	intrinsic	NaN	2026003
dss	simulator_intrinsic	coverage	10	dss	all	qvalue	0.05	4	1	80128	19867	0.0002012983745156258	0.0000124798761996281	0.8	0.0004024954719259408	0.6325691514471564	intrinsic	NaN	2026003
dss	simulator_intrinsic	coverage	10	dss	0.2-0.4	qvalue	0.05	0	1	80128	4896	0.0	0.0000124798761996281	0.0	0.0	NaN	intrinsic	NaN	2026003
dss	simulator_intrinsic	coverage	10	dss	0.4-0.6	qvalue	0.05	0	1	80128	5101	0.0	0.0000124798761996281	0.0	0.0	NaN	intrinsic	NaN	2026003
dss	simulator_intrinsic	coverage	10	dss	0.6-0.8	qvalue	0.05	1	1	80128	4945	0.0002021835826930853	0.0000124798761996281	0.5	0.0004042037186742118	NaN	intrinsic	NaN	2026003
dss	simulator_intrinsic	coverage	10	dss	0.8-1.0	qvalue	0.05	3	1	80128	4925	0.0006087662337662338	0.0000124798761996281	0.75	0.0012165450121654502	NaN	intrinsic	NaN	2026003
dss_nosmooth	simulator_intrinsic	coverage	10	dss_nosmooth	all	pvalue	0.001	10877	91	80038	8994	0.5473806049016154	0.0011356687341661572	0.9917031363967906	0.7054054930445215	0.9066755850102434	intrinsic	NaN	2026003
dss_nosmooth	simulator_intrinsic	coverage	10	dss_nosmooth	all	pvalue	0.005	12397	311	79818	7474	0.6238739872175533	0.003881241498084339	0.9755272269436576	0.7610423892691611	0.9066755850102434	intrinsic	NaN	2026003
dss_nosmooth	simulator_intrinsic	coverage	10	dss_nosmooth	all	pvalue	0.01	13162	581	79548	6709	0.6623723013436666	0.007250808071983926	0.9577239321836571	0.783126078419706	0.9066755850102434	intrinsic	NaN	2026003
dss_nosmooth	simulator_intrinsic	coverage	10	dss_nosmooth	all	pvalue	0.05	14882	2851	77278	4989	0.7489306023853858	0.035580127045139714	0.8392263012462641	0.7915115413253909	0.9066755850102434	intrinsic	NaN	2026003
dss_nosmooth	simulator_intrinsic	coverage	10	dss_nosmooth	all	qvalue	0.05	12932	432	79697	6939	0.6507976448090181	0.005391306518239339	0.9676743489973062	0.7782157364224462	0.9066755850102434	intrinsic	NaN	2026003
dss_nosmooth	simulator_intrinsic	coverage	10	dss_nosmooth	0.2-0.4	qvalue	0.05	1902	432	79697	2994	0.38848039215686275	0.005391306518239339	0.8149100257069408	0.5261410788381743	NaN	intrinsic	NaN	2026003
dss_nosmooth	simulator_intrinsic	coverage	10	dss_nosmooth	0.4-0.6	qvalue	0.05	3550	432	79697	1551	0.6959419721623211	0.005391306518239339	0.891511803114013	0.7816800616536387	NaN	intrinsic	NaN	2026003
dss_nosmooth	simulator_intrinsic	coverage	10	dss_nosmooth	0.6-0.8	qvalue	0.05	3699	432	79697	1247	0.7478770723817226	0.005391306518239339	0.8954248366013072	0.8150269912966839	NaN	intrinsic	NaN	2026003
dss_nosmooth	simulator_intrinsic	coverage	10	dss_nosmooth	0.8-1.0	qvalue	0.05	3781	432	79697	1147	0.7672483766233766	0.005391306518239339	0.8974602421077617	0.8272617875505962	NaN	intrinsic	NaN	2026003
methylkit	simulator_intrinsic	coverage	10	methylkit	all	pvalue	0.001	11546	0	80261	8192	0.5849630155030905	0.0	1.0	0.7381409026978647	0.9866207233525222	threshold	0.2	2026003
methylkit	simulator_intrinsic	coverage	10	methylkit	all	pvalue	0.005	13640	188	80073	6098	0.6910527915695612	0.002342358056839561	0.986404396875904	0.8127271643925401	0.9866207233525222	threshold	0.2	2026003
methylkit	simulator_intrinsic	coverage	10	methylkit	all	pvalue	0.01	14356	991	79270	5382	0.7273279967575236	0.012347217203872366	0.9354271193067049	0.8183554225452473	0.9866207233525222	threshold	0.2	2026003
methylkit	simulator_intrinsic	coverage	10	methylkit	all	pvalue	0.05	17214	3855	76406	2524	0.8721248353429932	0.04803079951657717	0.817029759362096	0.8436787806013674	0.9866207233525222	threshold	0.2	2026003
methylkit	simulator_intrinsic	coverage	10	methylkit	all	qvalue	0.05	14316	991	79270	5422	0.7253014489816597	0.012347217203872366	0.9352583785196316	0.8170067056641461	0.9866207233525222	threshold	0.2	2026003
methylkit	simulator_intrinsic	coverage	10	methylkit	0.2-0.4	qvalue	0.05	5090	991	79270	5422	0.4842085235920852	0.012347217203872366	0.8370333826673244	0.6135117218104019	NaN	threshold	0.2	2026003
methylkit	simulator_intrinsic	coverage	10	methylkit	0.4-0.6	qvalue	0.05	4607	991	79270	0	1.0	0.012347217203872366	0.8229724901750626	0.902890739833415	NaN	threshold	0.2	2026003
methylkit	simulator_intrinsic	coverage	10	methylkit	0.6-0.8	qvalue	0.05	3183	991	79270	0	1.0	0.012347217203872366	0.7625778629611883	0.86529835530787	NaN	threshold	0.2	2026003
methylkit	simulator_intrinsic	coverage	10	methylkit	0.8-1.0	qvalue	0.05	1436	991	79270	0	1.0	0.012347217203872366	0.5916769674495261	0.7434636293036501	NaN	threshold	0.2	2026003
dss	simulator_intrinsic	coverage	10	dss	all	pvalue	0.001	71	63	80199	19667	0.0035971223021582736	0.0007849293563579278	0.5298507462686567	0.00714573268921095	0.6406920273963748	threshold	0.2	2026003
dss	simulator_intrinsic	coverage	10	dss	all	pvalue	0.005	256	221	80041	19482	0.012969905765528422	0.00275348234531908	0.5366876310272537	0.025327726935443978	0.6406920273963748	threshold	0.2	2026003
dss	simulator_intrinsic	coverage	10	dss	all	pvalue	0.01	463	431	79831	19275	0.02345729050562367	0.005369913533178839	0.5178970917225951	0.04488173710740597	0.6406920273963748	threshold	0.2	2026003
dss	simulator_intrinsic	coverage	10	dss	all	pvalue	0.05	1466	1757	78505	18272	0.07427297598540886	0.02189080760509332	0.4548557244802979	0.12769478681242105	0.6406920273963748	threshold	0.2	2026003
dss	simulator_intrinsic	coverage	10	dss	all	qvalue	0.05	4	1	80261	19734	0.0002026547775863816	0.00001245919613266552	0.8	0.0004052069087777947	0.6406920273963748	threshold	0.2	2026003
dss	simulator_intrinsic	coverage	10	dss	0.2-0.4	qvalue	0.05	0	1	80261	10512	0.0	0.00001245919613266552	0.0	0.0	NaN	threshold	0.2	2026003
dss	simulator_intrinsic	coverage	10	dss	0.4-0.6	qvalue	0.05	1	1	80261	4606	0.00021706099413935315	0.00001245919613266552	0.5	0.00043393360815795185	NaN	threshold	0.2	2026003
dss	simulator_intrinsic	coverage	10	dss	0.6-0.8	qvalue	0.05	0	1	80261	3183	0.0	0.00001245919613266552	0.0	0.0	NaN	threshold	0.2	2026003
dss	simulator_intrinsic	coverage	10	dss	0.8-1.0	qvalue	0.05	3	1	80261	1433	0.0020891364902506965	0.00001245919613266552	0.75	0.004166666666666667	NaN	threshold	0.2	2026003
dss_nosmooth	simulator_intrinsic	coverage	10	dss_nosmooth	all	pvalue	0.001	10968	0	80262	8770	0.5556794001418583	0.0	1.0	0.7143880674786687	0.986489783122095	threshold	0.2	2026003
dss_nosmooth	simulator_intrinsic	coverage	10	dss_nosmooth	all	pvalue	0.005	12671	37	80225	7067	0.6419596716992603	0.00046099025690862425	0.9970884482215927	0.781051593416754	0.986489783122095	threshold	0.2	2026003
dss_nosmooth	simulator_intrinsic	coverage	10	dss_nosmooth	all	pvalue	0.01	13593	150	80112	6145	0.6886715979329213	0.001868879419899828	0.9890853525431128	0.811982915683522	0.986489783122095	threshold	0.2	2026003
dss_nosmooth	simulator_intrinsic	coverage	10	dss_nosmooth	all	pvalue	0.05	16223	1510	78752	3515	0.8219171141959671	0.018813386160324935	0.9148480234590876	0.8658962931333565	0.986489783122095	threshold	0.2	2026003
dss_nosmooth	simulator_intrinsic	coverage	10	dss_nosmooth	all	qvalue	0.05	13214	150	80112	6524	0.6694700577566116	0.001868879419899828	0.9887758156240647	0.7983807624916923	0.986489783122095	threshold	0.2	2026003
dss_nosmooth	simulator_intrinsic	coverage	10	dss_nosmooth	0.2-0.4	qvalue	0.05	4140	150	80112	6372	0.3938356164383562	0.001868879419899828	0.965034965034965	0.5593838670449939	NaN	threshold	0.2	2026003
dss_nosmooth	simulator_intrinsic	coverage	10	dss_nosmooth	0.4-0.6	qvalue	0.05	4455	150	80112	152	0.9670067288908183	0.001868879419899828	0.9674267100977199	0.967216673903604	NaN	threshold	0.2	2026003
dss_nosmooth	simulator_intrinsic	coverage	10	dss_nosmooth	0.6-0.8	qvalue	0.05	3183	150	80112	0	1.0	0.001868879419899828	0.954995499549955	0.9769797421731123	NaN	threshold	0.2	2026003
dss_nosmooth	simulator_intrinsic	coverage	10	dss_nosmooth	0.8-1.0	qvalue	0.05	1436	150	80112	0	1.0	0.001868879419899828	0.905422446406053	0.9503639973527466	NaN	threshold	0.2	2026003
methylkit	simulator_intrinsic	coverage	10	methylkit	all	pvalue	0.001	11713	67	79774	8445	0.5810596289314416	0.000839167846094112	0.9943123938879457	0.7334836245225124	0.9271877425098815	intrinsic	NaN	2026004
methylkit	simulator_intrinsic	coverage	10	methylkit	all	pvalue	0.005	13728	388	79453	6430	0.6810199424546086	0.0048596585714106785	0.9725134599036555	0.8010737001808952	0.9271877425098815	intrinsic	NaN	2026004
methylkit	simulator_intrinsic	coverage	10	methylkit	all	pvalue	0.01	14750	905	78936	5408	0.7317194166087906	0.011335028368883155	0.9421909932928777	0.8237232289950577	0.9271877425098815	intrinsic	NaN	2026004
methylkit	simulator_intrinsic	coverage	10	methylkit	all	pvalue	0.05	16768	4607	75234	3390	0.8318285544200814	0.057702183088889164	0.78446783625731	0.8074543134375075	0.9271877425098815	intrinsic	NaN	2026004
methylkit	simulator_intrinsic	coverage	10	methylkit	all	qvalue	0.05	14750	905	78936	5408	0.7317194166087906	0.011335028368883155	0.9421909932928777	0.8237232289950577	0.9271877425098815	intrinsic	NaN	2026004
methylkit	simulator_intrinsic	coverage	10	methylkit	0.2-0.4	qvalue	0.05	2608	905	78936	2463	0.5142969828436206	0.011335028368883155	0.7423854255621976	0.6076421248835042	NaN	intrinsic	NaN	2026004
methylkit	simulator_intrinsic	coverage	10	methylkit	0.4-0.6	qvalue	0.05	3982	905	78936	1098	0.7838582677165354	0.011335028368883155	0.8148148148148148	0.7990368215109862	NaN	intrinsic	NaN	2026004
methylkit	simulator_intrinsic	coverage	10	methylkit	0.6-0.8	qvalue	0.05	4027	905	78936	889	0.8191619202603743	0.011335028368883155	0.8165044606650446	0.8178310316815597	NaN	intrinsic	NaN	2026004
methylkit	simulator_intrinsic	coverage	10	methylkit	0.8-1.0	qvalue	0.05	4133	905	78936	958	0.8118247888430564	0.011335028368883155	0.8203652242953553	0.8160726626517919	NaN	intrinsic	NaN	2026004
dss	simulator_intrinsic	coverage	10	dss	all	pvalue	0.001	86	51	79791	20072	0.004266296259549558	0.0006387615540692868	0.6277372262773723	0.0084749938408475	0.6310035476505229	intrinsic	NaN	2026004
dss	simulator_intrinsic	coverage	10	dss	all	pvalue	0.005	278	241	79601	19880	0.013791050699474155	0.003018461461386238	0.535645472061657	0.026889780915993616	0.6310035476505229	intrinsic	NaN	2026004
dss	simulator_intrinsic	coverage	10	dss	all	pvalue	0.01	493	447	79395	19665	0.02445679134834805	0.0055985571503719845	0.524468085106383	0.04673428761020002	0.6310035476505229	intrinsic	NaN	2026004
dss	simulator_intrinsic	coverage	10	dss	all	pvalue	0.05	1534	1841	78001	18624	0.07609881932731422	0.023058039628265824	0.45451851851851854	0.13037011855692007	0.6310035476505229	intrinsic	NaN	2026004
dss	simulator_intrinsic	coverage	10	dss	all	qvalue	0.05	2	1	79841	20156	0.00009921619208254787	0.000012524736354299742	0.6666666666666666	0.00019840285700114082	0.6310035476505229	intrinsic	NaN	2026004
dss	simulator_intrinsic	coverage	10	dss	0.2-0.4	qvalue	0.05	0	1	79841	5071	0.0	0.000012524736354299742	0.0	0.0	NaN	intrinsic	NaN	2026004
dss	simulator_intrinsic	coverage	10	dss	0.4-0.6	qvalue	0.05	0	1	79841	5080	0.0	0.000012524736354299742	0.0	0.0	NaN	intrinsic	NaN	2026004
dss	simulator_intrinsic	coverage	10	dss	0.6-0.8	qvalue	0.05	1	1	79841	4915	0.0002034174125305126	0.000012524736354299742	0.5	0.00040666937779585197	NaN	intrinsic	NaN	2026004
dss	simulator_intrinsic	coverage	10	dss	0.8-1.0	qvalue	0.05	1	1	79841	5090	0.00019642506383814575	0.000012524736354299742	0.5	0.00039269585705870805	NaN	intrinsic	NaN	2026004
dss_nosmooth	simulator_intrinsic	coverage	10	dss_nosmooth	all	pvalue	0.001	11147	74	79768	9011	0.5529814465720806	0.000926830490218181	0.9934052223509491	0.7104751585455241	0.9103167436980825	intrinsic	NaN	2026004
dss_nosmooth	simulator_intrinsic	coverage	10	dss_nosmooth	all	pvalue	0.005	12672	284	79558	7486	0.6286337930350233	0.003557025124621127	0.9780796542142637	0.7653560427613698	0.9103167436980825	intrinsic	NaN	2026004
dss_nosmooth	simulator_intrinsic	coverage	10	dss_nosmooth	all	pvalue	0.01	13462	614	79228	6696	0.6678241889076297	0.007690188121540042	0.9563796533105996	0.7864695916340481	0.9103167436980825	intrinsic	NaN	2026004
dss_nosmooth	simulator_intrinsic	coverage	10	dss_nosmooth	all	pvalue	0.05	15177	2871	76971	4981	0.7529020736184145	0.035958518073194556	0.8409242021276596	0.7944825420091085	0.9103167436980825	intrinsic	NaN	2026004
dss_nosmooth	simulator_intrinsic	coverage	10	dss_nosmooth	all	qvalue	0.05	13244	425	79417	6914	0.657009623970632	0.0053230129505773905	0.9689077474577511	0.783043131226535	0.9103167436980825	intrinsic	NaN	2026004
dss_nosmooth	simulator_intrinsic	coverage	10	dss_nosmooth	0.2-0.4	qvalue	0.05	2013	425	79417	3058	0.3969631236442516	0.0053230129505773905	0.8256767842493847	0.5361566120655213	NaN	intrinsic	NaN	2026004
dss_nosmooth	simulator_intrinsic	coverage	10	dss_nosmooth	0.4-0.6	qvalue	0.05	3547	425	79417	1533	0.698228346456693	0.0053230129505773905	0.8930010070493454	0.7836942112240389	NaN	intrinsic	NaN	2026004
dss_nosmooth	simulator_intrinsic	coverage	10	dss_nosmooth	0.6-0.8	qvalue	0.05	3792	425	79417	1124	0.7713588283157038	0.0053230129505773905	0.8992174531657576	0.8303952699003613	NaN	intrinsic	NaN	2026004
dss_nosmooth	simulator_intrinsic	coverage	10	dss_nosmooth	0.8-1.0	qvalue	0.05	3892	425	79417	1199	0.7644863484580633	0.0053230129505773905	0.9015520037062775	0.8273809523809523	NaN	intrinsic	NaN	2026004
methylkit	simulator_intrinsic	coverage	10	methylkit	all	pvalue	0.001	11780	0	79861	8358	0.5849637501241434	0.0	1.0	0.7381414875618774	0.9866512437425609	threshold	0.2	2026004
methylkit	simulator_intrinsic	coverage	10	methylkit	all	pvalue	0.005	13925	191	79670	6213	0.6914787963054921	0.0023916555014337412	0.986469254746387	0.8130437321188766	0.9866512437425609	threshold	0.2	2026004
methylkit	simulator_intrinsic	coverage	10	methylkit	all	pvalue	0.01	14662	993	78868	5476	0.7280762737113914	0.012434104256145053	0.9365697860108592	0.8192663369932668	0.9866512437425609	threshold	0.2	2026004
methylkit	simulator_intrinsic	coverage	10	methylkit	all	pvalue	0.05	17612	3763	76098	2526	0.8745654980633628	0.047119369905210304	0.823953216374269	0.8485052875003011	0.9866512437425609	threshold	0.2	2026004
methylkit	simulator_intrinsic	coverage	10	methylkit	all	qvalue	0.05	14662	993	78868	5476	0.7280762737113914	0.012434104256145053	0.9365697860108592	0.8192663369932668	0.9866512437425609	threshold	0.2	2026004
methylkit	simulator_intrinsic	coverage	10	methylkit	0.2-0.4	qvalue	0.05	5260	993	78868	5476	0.4899403874813711	0.012434104256145053	0.8411962258116105	0.619224203896639	NaN	threshold	0.2	2026004
methylkit	simulator_intrinsic	coverage	10	methylkit	0.4-0.6	qvalue	0.05	4716	993	78868	0	1.0	0.012434104256145053	0.8260641093011035	0.9047482014388489	NaN	threshold	0.2	2026004
methylkit	simulator_intrinsic	coverage	10	methylkit	0.6-0.8	qvalue	0.05	3189	993	78868	0	1.0	0.012434104256145053	0.7625538020086083	0.8652828652828652	NaN	threshold	0.2	2026004
methylkit	simulator_intrinsic	coverage	10	methylkit	0.8-1.0	qvalue	0.05	1497	993	78868	0	1.0	0.012434104256145053	0.6012048192771084	0.7509405568096313	NaN	threshold	0.2	2026004
dss	simulator_intrinsic	coverage	10	dss	all	pvalue	0.001	84	53	79809	20054	0.004171218591717152	0.0006636447872580201	0.6131386861313869	0.008286066584463625	0.6407591200640949	threshold	0.2	2026004
dss	simulator_intrinsic	coverage	10	dss	all	pvalue	0.005	279	240	79622	19859	0.013854404608203396	0.0030051839423004684	0.5375722543352601	0.027012634942150362	0.6407591200640949	threshold	0.2	2026004
dss	simulator_intrinsic	coverage	10	dss	all	pvalue	0.01	508	432	79430	19630	0.025225941007051347	0.0054093310961408425	0.5404255319148936	0.048201916690388084	0.6407591200640949	threshold	0.2	2026004
dss	simulator_intrinsic	coverage	10	dss	all	pvalue	0.05	1549	1826	78036	18589	0.07691925712583177	0.02286444116100273	0.45896296296296296	0.13175690043805555	0.6407591200640949	threshold	0.2	2026004
dss	simulator_intrinsic	coverage	10	dss	all	qvalue	0.05	2	1	79861	20136	0.00009931472837421789	0.000012521599759585284	0.6666666666666666	0.00019859987091008392	0.6407591200640949	threshold	0.2	2026004
dss	simulator_intrinsic	coverage	10	dss	0.2-0.4	qvalue	0.05	0	1	79861	10736	0.0	0.000012521599759585284	0.0	0.0	NaN	threshold	0.2	2026004
dss	simulator_intrinsic	coverage	10	dss	0.4-0.6	qvalue	0.05	0	1	79861	4716	0.0	0.000012521599759585284	0.0	0.0	NaN	threshold	0.2	2026004
dss	simulator_intrinsic	coverage	10	dss	0.6-0.8	qvalue	0.05	1	1	79861	3188	0.00031357792411414236	0.000012521599759585284	0.5	0.0006267627702914447	NaN	threshold	0.2	2026004
dss	simulator_intrinsic	coverage	10	dss	0.8-1.0	qvalue	0.05	1	1	79861	1496	0.0006680026720106881	0.000012521599759585284	0.5	0.00133422281521014	NaN	threshold	0.2	2026004
dss_nosmooth	simulator_intrinsic	coverage	10	dss_nosmooth	all	pvalue	0.001	11221	0	79862	8917	0.5572052835435495	0.0	1.0	0.7156478204024364	0.9867970674032828	threshold	0.2	2026004
dss_nosmooth	simulator_intrinsic	coverage	10	dss_nosmooth	all	pvalue	0.005	12928	28	79834	7210	0.6419704042109445	0.00035060479326838795	0.9978388391478852	0.7812896597570557	0.9867970674032828	threshold	0.2	2026004
dss_nosmooth	simulator_intrinsic	coverage	10	dss_nosmooth	all	pvalue	0.01	13923	153	79709	6215	0.6913794815771179	0.0019158047632165485	0.9891304347826086	0.8138773601449699	0.9867970674032828	threshold	0.2	2026004
dss_nosmooth	simulator_intrinsic	coverage	10	dss_nosmooth	all	pvalue	0.05	16585	1463	78399	3553	0.8235673850432019	0.01831910044827327	0.9189383865248227	0.8686429581522024	0.9867970674032828	threshold	0.2	2026004
dss_nosmooth	simulator_intrinsic	coverage	10	dss_nosmooth	all	qvalue	0.05	13516	153	79709	6622	0.6711689343529645	0.0019158047632165485	0.9888067890847904	0.799597716449256	0.9867970674032828	threshold	0.2	2026004
dss_nosmooth	simulator_intrinsic	coverage	10	dss_nosmooth	0.2-0.4	qvalue	0.05	4249	153	79709	6487	0.3957712369597616	0.0019158047632165485	0.9652430713312131	0.5613687409168979	NaN	threshold	0.2	2026004
dss_nosmooth	simulator_intrinsic	coverage	10	dss_nosmooth	0.4-0.6	qvalue	0.05	4581	153	79709	135	0.9713740458015268	0.0019158047632165485	0.967680608365019	0.9695238095238096	NaN	threshold	0.2	2026004
dss_nosmooth	simulator_intrinsic	coverage	10	dss_nosmooth	0.6-0.8	qvalue	0.05	3189	153	79709	0	1.0	0.0019158047632165485	0.9542190305206463	0.9765732659623335	NaN	threshold	0.2	2026004
dss_nosmooth	simulator_intrinsic	coverage	10	dss_nosmooth	0.8-1.0	qvalue	0.05	1497	153	79709	0	1.0	0.0019158047632165485	0.9072727272727272	0.9513822688274547	NaN	threshold	0.2	2026004
methylkit	simulator_intrinsic	coverage	10	methylkit	all	pvalue	0.001	11597	80	79807	8515	0.5766209228321401	0.0010014144979783946	0.9931489252376466	0.7296234546541256	0.9259746190534888	intrinsic	NaN	2026005
methylkit	simulator_intrinsic	coverage	10	methylkit	all	pvalue	0.005	13621	401	79486	6491	0.6772573587907716	0.005019590171116702	0.9714020824418771	0.7980898810570106	0.9259746190534888	intrinsic	NaN	2026005
methylkit	simulator_intrinsic	coverage	10	methylkit	all	pvalue	0.01	14652	899	78988	5460	0.7285202863961814	0.011253395421032208	0.9421902128480484	0.8216919496396826	0.9259746190534888	intrinsic	NaN	2026005
methylkit	simulator_intrinsic	coverage	10	methylkit	all	pvalue	0.05	16682	4575	75312	3430	0.8294550517104217	0.057268391603139436	0.7847767794138402	0.806497618990065	0.9259746190534888	intrinsic	NaN	2026005
methylkit	simulator_intrinsic	coverage	10	methylkit	all	qvalue	0.05	14652	899	78988	5460	0.7285202863961814	0.011253395421032208	0.9421902128480484	0.8216919496396826	0.9259746190534888	intrinsic	NaN	2026005
methylkit	simulator_intrinsic	coverage	10	methylkit	0.2-0.4	qvalue	0.05	2595	899	78988	2453	0.5140649762282092	0.011253395421032208	0.7427017744705209	0.6075860454226176	NaN	intrinsic	NaN	2026005
methylkit	simulator_intrinsic	coverage	10	methylkit	0.4-0.6	qvalue	0.05	3908	899	78988	1034	0.7907729664103602	0.011253395421032208	0.8129810692739754	0.8017232536670428	NaN	intrinsic	NaN	2026005
methylkit	simulator_intrinsic	coverage	10	methylkit	0.6-0.8	qvalue	0.05	4071	899	78988	1016	0.8002752113229802	0.011253395421032208	0.8191146881287726	0.8095853634284578	NaN	intrinsic	NaN	2026005
methylkit	simulator_intrinsic	coverage	10	methylkit	0.8-1.0	qvalue	0.05	4078	899	78988	957	0.8099304865938431	0.011253395421032208	0.8193690978501105	0.8146224530563324	NaN	intrinsic	NaN	2026005
dss	simulator_intrinsic	coverage	10	dss	all	pvalue	0.001	85	53	79835	20027	0.004226332537788385	0.0006634288003204487	0.6159420289855072	0.008395061728395062	0.6295392161919487	intrinsic	NaN	2026005
dss	simulator_intrinsic	coverage	10	dss	all	pvalue	0.005	259	224	79664	19853	0.01287788385043755	0.0028039254956939716	0.5362318840579711	0.025151735858218015	0.6295392161919487	intrinsic	NaN	2026005
dss	simulator_intrinsic	coverage	10	dss	all	pvalue	0.01	476	446	79442	19636	0.023667462211614955	0.005582815942319247	0.5162689804772235	0.0452600551488067	0.6295392161919487	intrinsic	NaN	2026005
dss	simulator_intrinsic	coverage	10	dss	all	pvalue	0.05	1450	1839	78049	18662	0.07209626093874304	0.023019727618666132	0.4408634843417452	0.12392632793470365	0.6295392161919487	intrinsic	NaN	2026005
dss	simulator_intrinsic	coverage	10	dss	all	qvalue	0.05	2	1	79887	20110	0.0000994431185361973	0.000012517524534348088	0.6666666666666666	0.00019885657469550087	0.6295392161919487	intrinsic	NaN	2026005
dss	simulator_intrinsic	coverage	10	dss	0.2-0.4	qvalue	0.05	1	1	79887	5047	0.00019809825673534074	0.000012517524534348088	0.5	0.00039603960396039607	NaN	intrinsic	NaN	2026005
dss	simulator_intrinsic	coverage	10	dss	0.4-0.6	qvalue	0.05	0	1	79887	4942	0.0	0.000012517524534348088	0.0	0.0	NaN	intrinsic	NaN	2026005
dss	simulator_intrinsic	coverage	10	dss	0.6-0.8	qvalue	0.05	0	1	79887	5087	0.0	0.000012517524534348088	0.0	0.0	NaN	intrinsic	NaN	2026005
dss	simulator_intrinsic	coverage	10	dss	0.8-1.0	qvalue	0.05	1	1	79887	5034	0.00019860973187686197	0.000012517524534348088	0.5	0.0003970617431010522	NaN	intrinsic	NaN	2026005
dss_nosmooth	simulator_intrinsic	coverage	10	dss_nosmooth	all	pvalue	0.001	11078	85	79803	9034	0.5508154335719968	0.0010639895854195874	0.9923855594374272	0.7084252597921663	0.907955464482515	intrinsic	NaN	2026005
dss_nosmooth	simulator_intrinsic	coverage	10	dss_nosmooth	all	pvalue	0.005	12576	337	79551	7536	0.6252983293556086	0.004218405768075305	0.9739022690312089	0.7616048448145345	0.907955464482515	intrinsic	NaN	2026005
dss_nosmooth	simulator_intrinsic	coverage	10	dss_nosmooth	all	pvalue	0.01	13330	601	79287	6782	0.6627883850437549	0.007523032245143201	0.9568588041059508	0.7831272214552184	0.907955464482515	intrinsic	NaN	2026005
dss_nosmooth	simulator_intrinsic	coverage	10	dss_nosmooth	all	pvalue	0.05	15101	2943	76945	5011	0.7508452665075577	0.03683907470458642	0.836898692086012	0.7915399937100325	0.907955464482515	intrinsic	NaN	2026005
dss_nosmooth	simulator_intrinsic	coverage	10	dss_nosmooth	all	qvalue	0.05	13131	454	79434	6981	0.6528937947494033	0.0056829561385940315	0.9665807876334193	0.7793572128082619	0.907955464482515	intrinsic	NaN	2026005
dss_nosmooth	simulator_intrinsic	coverage	10	dss_nosmooth	0.2-0.4	qvalue	0.05	1951	454	79434	3097	0.38648969889064977	0.0056829561385940315	0.8112266112266112	0.5235475647390313	NaN	intrinsic	NaN	2026005
dss_nosmooth	simulator_intrinsic	coverage	10	dss_nosmooth	0.4-0.6	qvalue	0.05	3521	454	79434	1421	0.7124645892351275	0.0056829561385940315	0.8857861635220126	0.7897274868229225	NaN	intrinsic	NaN	2026005
dss_nosmooth	simulator_intrinsic	coverage	10	dss_nosmooth	0.6-0.8	qvalue	0.05	3826	454	79434	1261	0.7521132298014547	0.0056829561385940315	0.8939252336448598	0.8169104302337995	NaN	intrinsic	NaN	2026005
dss_nosmooth	simulator_intrinsic	coverage	10	dss_nosmooth	0.8-1.0	qvalue	0.05	3833	454	79434	1202	0.761271102284012	0.0056829561385940315	0.8940984371355261	0.8223557176571551	NaN	intrinsic	NaN	2026005
methylkit	simulator_intrinsic	coverage	10	methylkit	all	pvalue	0.001	11677	0	79940	8382	0.5821327085098958	0.0	1.0	0.7358835391983867	0.9865527845830121	threshold	0.2	2026005
methylkit	simulator_intrinsic	coverage	10	methylkit	all	pvalue	0.005	13817	205	79735	6242	0.6888179869385314	0.0025644233174881162	0.9853801169590644	0.8108330154631613	0.9865527845830121	threshold	0.2	2026005
methylkit	simulator_intrinsic	coverage	10	methylkit	all	pvalue	0.01	14545	1006	78934	5514	0.7251109227778054	0.01258443832874656	0.9353096263905858	0.8169053636618927	0.9865527845830121	threshold	0.2	2026005
methylkit	simulator_intrinsic	coverage	10	methylkit	all	pvalue	0.05	17498	3759	76181	2561	0.8723266364225535	0.04702276707530648	0.8231641341675683	0.8470326265853423	0.9865527845830121	threshold	0.2	2026005
methylkit	simulator_intrinsic	coverage	10	methylkit	all	qvalue	0.05	14545	1006	78934	5514	0.7251109227778054	0.01258443832874656	0.9353096263905858	0.8169053636618927	0.9865527845830121	threshold	0.2	2026005
methylkit	simulator_intrinsic	coverage	10	methylkit	0.2-0.4	qvalue	0.05	5260	1006	78934	5514	0.488212363096343	0.01258443832874656	0.8394510054261092	0.6173708920187794	NaN	threshold	0.2	2026005
methylkit	simulator_intrinsic	coverage	10	methylkit	0.4-0.6	qvalue	0.05	4673	1006	78934	0	1.0	0.01258443832874656	0.8228561366437753	0.9028207109737248	NaN	threshold	0.2	2026005
methylkit	simulator_intrinsic	coverage	10	methylkit	0.6-0.8	qvalue	0.05	3135	1006	78934	0	1.0	0.01258443832874656	0.7570635112291717	0.8617372182517867	NaN	threshold	0.2	2026005
methylkit	simulator_intrinsic	coverage	10	methylkit	0.8-1.0	qvalue	0.05	1477	1006	78934	0	1.0	0.01258443832874656	0.5948449456302859	0.7459595959595959	NaN	threshold	0.2	2026005
dss	simulator_intrinsic	coverage	10	dss	all	pvalue	0.001	82	56	79885	19977	0.0040879405753028565	0.0007005166310153738	0.5942028985507246	0.00812001782442937	0.6397826518723644	threshold	0.2	2026005
dss	simulator_intrinsic	coverage	10	dss	all	pvalue	0.005	258	225	79716	19801	0.012862056932050451	0.0028145757496153413	0.5341614906832298	0.02511926784149547	0.6397826518723644	threshold	0.2	2026005
dss	simulator_intrinsic	coverage	10	dss	all	pvalue	0.01	482	440	79501	19577	0.02402911411336557	0.005504059243692223	0.5227765726681128	0.04594633239597731	0.6397826518723644	threshold	0.2	2026005
dss	simulator_intrinsic	coverage	10	dss	all	pvalue	0.05	1480	1809	78132	18579	0.07378234209083205	0.022629189026907345	0.44998479781088474	0.12677745417166353	0.6397826518723644	threshold	0.2	2026005
dss	simulator_intrinsic	coverage	10	dss	all	qvalue	0.05	2	1	79940	20057	0.00009970586769031357	0.000012509225553845961	0.6666666666666666	0.00019938191606021333	0.6397826518723644	threshold	0.2	2026005
dss	simulator_intrinsic	coverage	10	dss	0.2-0.4	qvalue	0.05	0	1	79940	10774	0.0	0.000012509225553845961	0.0	0.0	NaN	threshold	0.2	2026005
dss	simulator_intrinsic	coverage	10	dss	0.4-0.6	qvalue	0.05	0	1	79940	4673	0.0	0.000012509225553845961	0.0	0.0	NaN	threshold	0.2	2026005
dss	simulator_intrinsic	coverage	10	dss	0.6-0.8	qvalue	0.05	1	1	79940	3134	0.0003189792663476874	0.000012509225553845961	0.5	0.000637551801083838	NaN	threshold	0.2	2026005
dss	simulator_intrinsic	coverage	10	dss	0.8-1.0	qvalue	0.05	1	1	79940	1476	0.0006770480704129993	0.000012509225553845961	0.5	0.001352265043948614	NaN	threshold	0.2	2026005
dss_nosmooth	simulator_intrinsic	coverage	10	dss_nosmooth	all	pvalue	0.001	11163	0	79941	8896	0.5565083005134852	0.0	1.0	0.7150727051438088	0.9866981245844642	threshold	0.2	2026005
dss_nosmooth	simulator_intrinsic	coverage	10	dss_nosmooth	all	pvalue	0.005	12877	36	79905	7182	0.6419562291240839	0.00045033211993845463	0.9972121118252923	0.7810869828945772	0.9866981245844642	threshold	0.2	2026005
dss_nosmooth	simulator_intrinsic	coverage	10	dss_nosmooth	all	pvalue	0.01	13758	173	79768	6301	0.6858766638416671	0.0021640960208153515	0.9875816524298328	0.8095322153574581	0.9866981245844642	threshold	0.2	2026005
dss_nosmooth	simulator_intrinsic	coverage	10	dss_nosmooth	all	pvalue	0.05	16510	1534	78407	3549	0.8230719377835386	0.019189151999599703	0.9149855907780979	0.8665984305697714	0.9866981245844642	threshold	0.2	2026005
dss_nosmooth	simulator_intrinsic	coverage	10	dss_nosmooth	all	qvalue	0.05	13412	173	79768	6647	0.6686275487312429	0.0021640960208153515	0.9872653662127346	0.7972892640589704	0.9866981245844642	threshold	0.2	2026005
dss_nosmooth	simulator_intrinsic	coverage	10	dss_nosmooth	0.2-0.4	qvalue	0.05	4269	173	79768	6505	0.39623166883237426	0.0021640960208153515	0.9610535794687078	0.5611198738170347	NaN	threshold	0.2	2026005
dss_nosmooth	simulator_intrinsic	coverage	10	dss_nosmooth	0.4-0.6	qvalue	0.05	4531	173	79768	142	0.9696126685212926	0.0021640960208153515	0.9632227891156463	0.9664071664711528	NaN	threshold	0.2	2026005
dss_nosmooth	simulator_intrinsic	coverage	10	dss_nosmooth	0.6-0.8	qvalue	0.05	3135	173	79768	0	1.0	0.0021640960208153515	0.9477025392986699	0.9731491541207512	NaN	threshold	0.2	2026005
dss_nosmooth	simulator_intrinsic	coverage	10	dss_nosmooth	0.8-1.0	qvalue	0.05	1477	173	79768	0	1.0	0.0021640960208153515	0.8951515151515151	0.944675407739047	NaN	threshold	0.2	2026005
methylkit	simulator_intrinsic	coverage	10	methylkit	all	pvalue	0.001	11663	84	79864	8388	0.5816667497880404	0.0010506829439135437	0.9928492381033456	0.733568148940185	0.9240406916550415	intrinsic	NaN	2026006
methylkit	simulator_intrinsic	coverage	10	methylkit	all	pvalue	0.005	13639	416	79532	6412	0.6802154506009676	0.005203382198428978	0.9704019921736037	0.7998006215915088	0.9240406916550415	intrinsic	NaN	2026006
methylkit	simulator_intrinsic	coverage	10	methylkit	all	pvalue	0.01	14638	927	79021	5413	0.7300384020747095	0.011595036773903037	0.9404433022807581	0.8219901168014375	0.9240406916550415	intrinsic	NaN	2026006
methylkit	simulator_intrinsic	coverage	10	methylkit	all	pvalue	0.05	16628	4588	75360	3423	0.8292853224278091	0.05738730174613499	0.7837481146304676	0.8058739428599123	0.9240406916550415	intrinsic	NaN	2026006
methylkit	simulator_intrinsic	coverage	10	methylkit	all	qvalue	0.05	14638	927	79021	5413	0.7300384020747095	0.011595036773903037	0.9404433022807581	0.8219901168014375	0.9240406916550415	intrinsic	NaN	2026006
methylkit	simulator_intrinsic	coverage	10	methylkit	0.2-0.4	qvalue	0.05	2485	927	79021	2456	0.5029346286176887	0.011595036773903037	0.7283118405627198	0.5949958098886627	NaN	intrinsic	NaN	2026006
methylkit	simulator_intrinsic	coverage	10	methylkit	0.4-0.6	qvalue	0.05	3986	927	79021	1125	0.7798865192721581	0.011595036773903037	0.8113169143089762	0.795291300877893	NaN	intrinsic	NaN	2026006
methylkit	simulator_intrinsic	coverage	10	methylkit	0.6-0.8	qvalue	0.05	4105	927	79021	900	0.8201798201798202	0.011595036773903037	0.815779014308426	0.8179734980571884	NaN	intrinsic	NaN	2026006
methylkit	simulator_intrinsic	coverage	10	methylkit	0.8-1.0	qvalue	0.05	4062	927	79021	932	0.8133760512615138	0.011595036773903037	0.8141912206855081	0.813783431834118	NaN	intrinsic	NaN	2026006
dss	simulator_intrinsic	coverage	10	dss	all	pvalue	0.001	95	65	79883	19957	0.004737682026730501	0.000813028468504528	0.59375	0.009400356224025332	0.6323493748894092	intrinsic	NaN	2026006
dss	simulator_intrinsic	coverage	10	dss	all	pvalue	0.005	287	248	79700	19765	0.01431278675443846	0.0031020163106018914	0.5364485981308411	0.02788167290037402	0.6323493748894092	intrinsic	NaN	2026006
dss	simulator_intrinsic	coverage	10	dss	all	pvalue	0.01	473	504	79444	19579	0.023588669459405544	0.006304097663481263	0.4841351074718526	0.0449854962195064	0.6323493748894092	intrinsic	NaN	2026006
dss	simulator_intrinsic	coverage	10	dss	all	pvalue	0.05	1479	1848	78100	18573	0.07375822860562538	0.023115024766097964	0.44454463480613166	0.12652380341331965	0.6323493748894092	intrinsic	NaN	2026006
dss	simulator_intrinsic	coverage	10	dss	all	qvalue	0.05	0	1	79947	20052	0.0	0.000012508130284685045	0.0	0.0	0.6323493748894092	intrinsic	NaN	2026006
dss	simulator_intrinsic	coverage	10	dss	0.2-0.4	qvalue	0.05	0	1	79947	4941	0.0	0.000012508130284685045	0.0	0.0	NaN	intrinsic	NaN	2026006
dss	simulator_intrinsic	coverage	10	dss	0.4-0.6	qvalue	0.05	0	1	79947	5111	0.0	0.000012508130284685045	0.0	0.0	NaN	intrinsic	NaN	2026006
dss	simulator_intrinsic	coverage	10	dss	0.6-0.8	qvalue	0.05	0	1	79947	5005	0.0	0.000012508130284685045	0.0	0.0	NaN	intrinsic	NaN	2026006
dss	simulator_intrinsic	coverage	10	dss	0.8-1.0	qvalue	0.05	0	1	79947	4995	0.0	0.000012508130284685045	0.0	0.0	NaN	intrinsic	NaN	2026006
dss_nosmooth	simulator_intrinsic	coverage	10	dss_nosmooth	all	pvalue	0.001	11089	90	79858	8963	0.5530121683622581	0.0011257317256216542	0.9919491904463726	0.7101277576766674	0.9068712028293157	intrinsic	NaN	2026006
dss_nosmooth	simulator_intrinsic	coverage	10	dss_nosmooth	all	pvalue	0.005	12606	338	79610	7446	0.6286654697785757	0.004227748036223545	0.9738875154511742	0.7640926172869439	0.9068712028293157	intrinsic	NaN	2026006
dss_nosmooth	simulator_intrinsic	coverage	10	dss_nosmooth	all	pvalue	0.01	13332	654	79294	6720	0.6648713345302214	0.008180317206184019	0.9532389532389532	0.783359774369822	0.9068712028293157	intrinsic	NaN	2026006
dss_nosmooth	simulator_intrinsic	coverage	10	dss_nosmooth	all	pvalue	0.05	15038	2869	77079	5014	0.7499501296628766	0.035885825786761395	0.8397833249567208	0.792328565030691	0.9068712028293157	intrinsic	NaN	2026006
dss_nosmooth	simulator_intrinsic	coverage	10	dss_nosmooth	all	qvalue	0.05	13119	477	79471	6933	0.6542489527229204	0.0059663781457947665	0.9649161518093556	0.7797788873038516	0.9068712028293157	intrinsic	NaN	2026006
dss_nosmooth	simulator_intrinsic	coverage	10	dss_nosmooth	0.2-0.4	qvalue	0.05	1874	477	79471	3067	0.3792754503137017	0.0059663781457947665	0.7971076137813696	0.5139879319802523	NaN	intrinsic	NaN	2026006
dss_nosmooth	simulator_intrinsic	coverage	10	dss_nosmooth	0.4-0.6	qvalue	0.05	3561	477	79471	1550	0.6967325376638622	0.0059663781457947665	0.8818722139673105	0.7784457317739644	NaN	intrinsic	NaN	2026006
dss_nosmooth	simulator_intrinsic	coverage	10	dss_nosmooth	0.6-0.8	qvalue	0.05	3855	477	79471	1150	0.7702297702297702	0.0059663781457947665	0.8898891966759003	0.825747027953304	NaN	intrinsic	NaN	2026006
dss_nosmooth	simulator_intrinsic	coverage	10	dss_nosmooth	0.8-1.0	qvalue	0.05	3829	477	79471	1166	0.7665665665665665	0.0059663781457947665	0.8892243381328379	0.8233523277066982	NaN	intrinsic	NaN	2026006
methylkit	simulator_intrinsic	coverage	10	methylkit	all	pvalue	0.001	11747	0	79943	8309	0.5857100119664939	0.0	1.0	0.7387353394333868	0.9868069898316785	threshold	0.2	2026006
methylkit	simulator_intrinsic	coverage	10	methylkit	all	pvalue	0.005	13874	181	79762	6182	0.6917630634224172	0.0022641131806412067	0.9871220206332266	0.8134619331007593	0.9868069898316785	threshold	0.2	2026006
methylkit	simulator_intrinsic	coverage	10	methylkit	all	pvalue	0.01	14631	934	79009	5425	0.729507379337854	0.011683324368612637	0.9399935753292644	0.8214817102271132	0.9868069898316785	threshold	0.2	2026006
methylkit	simulator_intrinsic	coverage	10	methylkit	all	pvalue	0.05	17503	3713	76230	2553	0.8727064220183486	0.04644559248464531	0.8249905731523378	0.8481779414615236	0.9868069898316785	threshold	0.2	2026006
methylkit	simulator_intrinsic	coverage	10	methylkit	all	qvalue	0.05	14631	934	79009	5425	0.729507379337854	0.011683324368612637	0.9399935753292644	0.8214817102271132	0.9868069898316785	threshold	0.2	2026006
methylkit	simulator_intrinsic	coverage	10	methylkit	0.2-0.4	qvalue	0.05	5229	934	79009	5425	0.4908015768725361	0.011683324368612637	0.8484504299853968	0.6218707260510198	NaN	threshold	0.2	2026006
methylkit	simulator_intrinsic	coverage	10	methylkit	0.4-0.6	qvalue	0.05	4716	934	79009	0	1.0	0.011683324368612637	0.8346902654867256	0.9098977426201041	NaN	threshold	0.2	2026006
methylkit	simulator_intrinsic	coverage	10	methylkit	0.6-0.8	qvalue	0.05	3233	934	79009	0	1.0	0.011683324368612637	0.7758579313654907	0.8737837837837837	NaN	threshold	0.2	2026006
methylkit	simulator_intrinsic	coverage	10	methylkit	0.8-1.0	qvalue	0.05	1453	934	79009	0	1.0	0.011683324368612637	0.6087138667783829	0.7567708333333333	NaN	threshold	0.2	2026006
dss	simulator_intrinsic	coverage	10	dss	all	pvalue	0.001	96	64	79879	19961	0.00478635887719998	0.0008005704064145704	0.6	0.009496958005638819	0.6412637122312314	threshold	0.2	2026006
dss	simulator_intrinsic	coverage	10	dss	all	pvalue	0.005	301	234	79709	19756	0.01500722939622077	0.002927085548453273	0.5626168224299065	0.029234654234654236	0.6412637122312314	threshold	0.2	2026006
dss	simulator_intrinsic	coverage	10	dss	all	pvalue	0.01	495	482	79461	19562	0.0246796629605624	0.006029295873309733	0.5066530194472876	0.04706665398878007	0.6412637122312314	threshold	0.2	2026006
dss	simulator_intrinsic	coverage	10	dss	all	pvalue	0.05	1526	1801	78142	18531	0.07608316298549135	0.02252855159301002	0.4586714758040277	0.130516592541909	0.6412637122312314	threshold	0.2	2026006
dss	simulator_intrinsic	coverage	10	dss	all	qvalue	0.05	1	0	79943	20056	0.00004985790497083313	0.0	1.0	0.00009971083856815236	0.6412637122312314	threshold	0.2	2026006
dss	simulator_intrinsic	coverage	10	dss	0.2-0.4	qvalue	0.05	1	0	79943	10653	0.00009386146048432514	0.0	1.0	0.00018770530267480057	NaN	threshold	0.2	2026006
dss	simulator_intrinsic	coverage	10	dss	0.4-0.6	qvalue	0.05	0	0	79943	4717	0.0	0.0	0.0	0.0	NaN	threshold	0.2	2026006
dss	simulator_intrinsic	coverage	10	dss	0.6-0.8	qvalue	0.05	0	0	79943	3233	0.0	0.0	0.0	0.0	NaN	threshold	0.2	2026006
dss	simulator_intrinsic	coverage	10	dss	0.8-1.0	qvalue	0.05	0	0	79943	1453	0.0	0.0	0.0	0.0	NaN	threshold	0.2	2026006
dss_nosmooth	simulator_intrinsic	coverage	10	dss_nosmooth	all	pvalue	0.001	11179	0	79943	8878	0.5573615196689435	0.0	1.0	0.7157766679472404	0.9868694932325801	threshold	0.2	2026006
dss_nosmooth	simulator_intrinsic	coverage	10	dss_nosmooth	all	pvalue	0.005	12920	24	79919	7137	0.6441641322231639	0.0003002139024054639	0.9981458590852905	0.7830065755583164	0.9868694932325801	threshold	0.2	2026006
dss_nosmooth	simulator_intrinsic	coverage	10	dss_nosmooth	all	pvalue	0.01	13841	145	79798	6216	0.6900832627013013	0.001813792327033011	0.9896324896324896	0.8131480774314838	0.9868694932325801	threshold	0.2	2026006
dss_nosmooth	simulator_intrinsic	coverage	10	dss_nosmooth	all	pvalue	0.05	16462	1445	78498	3595	0.8207608316298549	0.018075378707328973	0.919305299603507	0.8672426509324623	0.9868694932325801	threshold	0.2	2026006
dss_nosmooth	simulator_intrinsic	coverage	10	dss_nosmooth	all	qvalue	0.05	13451	145	79798	6606	0.6706386797626763	0.001813792327033011	0.9893350985583995	0.7993938133301637	0.9868694932325801	threshold	0.2	2026006
dss_nosmooth	simulator_intrinsic	coverage	10	dss_nosmooth	0.2-0.4	qvalue	0.05	4169	145	79798	6485	0.3913084287591515	0.001813792327033011	0.9663885025498378	0.5570550507749866	NaN	threshold	0.2	2026006
dss_nosmooth	simulator_intrinsic	coverage	10	dss_nosmooth	0.4-0.6	qvalue	0.05	4596	145	79798	121	0.9743481026075895	0.001813792327033011	0.969415735076988	0.9718756608162402	NaN	threshold	0.2	2026006
dss_nosmooth	simulator_intrinsic	coverage	10	dss_nosmooth	0.6-0.8	qvalue	0.05	3233	145	79798	0	1.0	0.001813792327033011	0.9570751924215513	0.9780668582665255	NaN	threshold	0.2	2026006
dss_nosmooth	simulator_intrinsic	coverage	10	dss_nosmooth	0.8-1.0	qvalue	0.05	1453	145	79798	0	1.0	0.001813792327033011	0.909261576971214	0.9524745984922977	NaN	threshold	0.2	2026006
methylkit	simulator_intrinsic	coverage	10	methylkit	all	pvalue	0.001	11551	82	79963	8403	0.5788814272827503	0.0010244237616340809	0.9929510874237084	0.7313768322411118	0.9267285032039724	intrinsic	NaN	2026007
methylkit	simulator_intrinsic	coverage	10	methylkit	all	pvalue	0.005	13510	411	79634	6444	0.6770572316327553	0.005134611780873259	0.9704762588894476	0.7976383763837639	0.9267285032039724	intrinsic	NaN	2026007
methylkit	simulator_intrinsic	coverage	10	methylkit	all	pvalue	0.01	14534	928	79117	5420	0.7283752631051418	0.01159347866824911	0.9399818910878283	0.8207589789925458	0.9267285032039724	intrinsic	NaN	2026007
methylkit	simulator_intrinsic	coverage	10	methylkit	all	pvalue	0.05	16594	4612	75433	3360	0.8316127092312319	0.05761759010556562	0.7825143827218711	0.8063168124392615	0.9267285032039724	intrinsic	NaN	2026007
methylkit	simulator_intrinsic	coverage	10	methylkit	all	qvalue	0.05	14534	928	79117	5420	0.7283752631051418	0.01159347866824911	0.9399818910878283	0.8207589789925458	0.9267285032039724	intrinsic	NaN	2026007
methylkit	simulator_intrinsic	coverage	10	methylkit	0.2-0.4	qvalue	0.05	2472	928	79117	2510	0.4961862705740666	0.01159347866824911	0.7270588235294118	0.5898353614889048	NaN	intrinsic	NaN	2026007
methylkit	simulator_intrinsic	coverage	10	methylkit	0.4-0.6	qvalue	0.05	3913	928	79117	1102	0.780259222333001	0.01159347866824911	0.8083040694071473	0.7940340909090909	NaN	intrinsic	NaN	2026007
methylkit	simulator_intrinsic	coverage	10	methylkit	0.6-0.8	qvalue	0.05	4010	928	79117	900	0.8167006109979633	0.01159347866824911	0.8120696638315107	0.814378554021121	NaN	intrinsic	NaN	2026007
methylkit	simulator_intrinsic	coverage	10	methylkit	0.8-1.0	qvalue	0.05	4139	928	79117	908	0.8200911432534179	0.01159347866824911	0.8168541543319519	0.8184694482894997	NaN	intrinsic	NaN	2026007
dss	simulator_intrinsic	coverage	10	dss	all	pvalue	0.001	81	66	79980	19873	0.004059336473889947	0.0008245258976088749	0.5510204081632653	0.008059300532311825	0.6266587253699274	intrinsic	NaN	2026007
dss	simulator_intrinsic	coverage	10	dss	all	pvalue	0.005	271	223	79823	19683	0.01358123684474291	0.0027858981085875623	0.548582995951417	0.02650625978090767	0.6266587253699274	intrinsic	NaN	2026007
dss	simulator_intrinsic	coverage	10	dss	all	pvalue	0.01	455	404	79642	19499	0.022802445624937356	0.005047097918696749	0.529685681024447	0.04372267332916927	0.6266587253699274	intrinsic	NaN	2026007
dss	simulator_intrinsic	coverage	10	dss	all	pvalue	0.05	1377	1790	78256	18577	0.0690087200561291	0.022362141768483123	0.43479633722766026	0.1191124951342935	0.6266587253699274	intrinsic	NaN	2026007
dss	simulator_intrinsic	coverage	10	dss	all	qvalue	0.05	0	1	80045	19954	0.0	0.000012492816630437499	0.0	0.0	0.6266587253699274	intrinsic	NaN	2026007
dss	simulator_intrinsic	coverage	10	dss	0.2-0.4	qvalue	0.05	0	1	80045	4982	0.0	0.000012492816630437499	0.0	0.0	NaN	intrinsic	NaN	2026007
dss	simulator_intrinsic	coverage	10	dss	0.4-0.6	qvalue	0.05	0	1	80045	5015	0.0	0.000012492816630437499	0.0	0.0	NaN	intrinsic	NaN	2026007
dss	simulator_intrinsic	coverage	10	dss	0.6-0.8	qvalue	0.05	0	1	80045	4910	0.0	0.000012492816630437499	0.0	0.0	NaN	intrinsic	NaN	2026007
dss	simulator_intrinsic	coverage	10	dss	0.8-1.0	qvalue	0.05	0	1	80045	5047	0.0	0.000012492816630437499	0.0	0.0	NaN	intrinsic	NaN	2026007
dss_nosmooth	simulator_intrinsic	coverage	10	dss_nosmooth	all	pvalue	0.001	11049	83	79963	8905	0.5537235641976546	0.0010369037803263123	0.9925440172475746	0.7108666280640803	0.9094454724315818	intrinsic	NaN	2026007
dss_nosmooth	simulator_intrinsic	coverage	10	dss_nosmooth	all	pvalue	0.005	12483	306	79740	7471	0.6255888543650396	0.0038228018889138746	0.976073187895848	0.7624835842775555	0.9094454724315818	intrinsic	NaN	2026007
dss_nosmooth	simulator_intrinsic	coverage	10	dss_nosmooth	all	pvalue	0.01	13263	619	79427	6691	0.6646787611506465	0.007733053494240812	0.9554098833021178	0.7839579146471214	0.9094454724315818	intrinsic	NaN	2026007
dss_nosmooth	simulator_intrinsic	coverage	10	dss_nosmooth	all	pvalue	0.05	14978	2855	77191	4976	0.7506264408138719	0.03566699147989906	0.8399035495990579	0.7927594146134914	0.9094454724315818	intrinsic	NaN	2026007
dss_nosmooth	simulator_intrinsic	coverage	10	dss_nosmooth	all	qvalue	0.05	13046	441	79605	6908	0.6538037486218302	0.0055093321340229364	0.9673018462222881	0.780239825364074	0.9094454724315818	intrinsic	NaN	2026007
dss_nosmooth	simulator_intrinsic	coverage	10	dss_nosmooth	0.2-0.4	qvalue	0.05	1876	441	79605	3106	0.3765556001605781	0.0055093321340229364	0.8096676737160121	0.5140430195917249	NaN	intrinsic	NaN	2026007
dss_nosmooth	simulator_intrinsic	coverage	10	dss_nosmooth	0.4-0.6	qvalue	0.05	3503	441	79605	1512	0.6985044865403789	0.0055093321340229364	0.888184584178499	0.7820069204152249	NaN	intrinsic	NaN	2026007
dss_nosmooth	simulator_intrinsic	coverage	10	dss_nosmooth	0.6-0.8	qvalue	0.05	3781	441	79605	1129	0.770061099796334	0.0055093321340229364	0.8955471340596873	0.8280770915462111	NaN	intrinsic	NaN	2026007
dss_nosmooth	simulator_intrinsic	coverage	10	dss_nosmooth	0.8-1.0	qvalue	0.05	3886	441	79605	1161	0.7699623538735882	0.0055093321340229364	0.8980818118788999	0.8291017708555579	NaN	intrinsic	NaN	2026007
methylkit	simulator_intrinsic	coverage	10	methylkit	all	pvalue	0.001	11633	0	79971	8395	0.5808368284401837	0.0	1.0	0.7348472884621459	0.986346614364758	threshold	0.2	2026007
methylkit	simulator_intrinsic	coverage	10	methylkit	all	pvalue	0.005	13710	211	79760	6318	0.6845416417016177	0.0026384564404596665	0.9848430428848503	0.8076821114023978	0.986346614364758	threshold	0.2	2026007
methylkit	simulator_intrinsic	coverage	10	methylkit	all	pvalue	0.01	14454	1008	78963	5574	0.7216896345116837	0.012604569156319165	0.9348079161816065	0.8145393068469992	0.986346614364758	threshold	0.2	2026007
methylkit	simulator_intrinsic	coverage	10	methylkit	all	pvalue	0.05	17418	3788	76183	2610	0.8696824445775914	0.04736717059934226	0.8213713100066019	0.8448367851772809	0.986346614364758	threshold	0.2	2026007
methylkit	simulator_intrinsic	coverage	10	methylkit	all	qvalue	0.05	14454	1008	78963	5574	0.7216896345116837	0.012604569156319165	0.9348079161816065	0.8145393068469992	0.986346614364758	threshold	0.2	2026007
methylkit	simulator_intrinsic	coverage	10	methylkit	0.2-0.4	qvalue	0.05	5141	1008	78963	5574	0.479794680354643	0.012604569156319165	0.8360709058383476	0.6097011385199241	NaN	threshold	0.2	2026007
methylkit	simulator_intrinsic	coverage	10	methylkit	0.4-0.6	qvalue	0.05	4638	1008	78963	0	1.0	0.012604569156319165	0.8214665249734325	0.9019836639439907	NaN	threshold	0.2	2026007
methylkit	simulator_intrinsic	coverage	10	methylkit	0.6-0.8	qvalue	0.05	3184	1008	78963	0	1.0	0.012604569156319165	0.7595419847328244	0.8633405639913232	NaN	threshold	0.2	2026007
methylkit	simulator_intrinsic	coverage	10	methylkit	0.8-1.0	qvalue	0.05	1491	1008	78963	0	1.0	0.012604569156319165	0.5966386554621849	0.7473684210526316	NaN	threshold	0.2	2026007
dss	simulator_intrinsic	coverage	10	dss	all	pvalue	0.001	79	68	79904	19949	0.003944477731176353	0.0008502976041614565	0.5374149659863946	0.007831474597273853	0.6367273286138465	threshold	0.2	2026007
dss	simulator_intrinsic	coverage	10	dss	all	pvalue	0.005	265	229	79743	19763	0.013231475933692831	0.0028635022257790226	0.5364372469635628	0.025825942890556477	0.6367273286138465	threshold	0.2	2026007
dss	simulator_intrinsic	coverage	10	dss	all	pvalue	0.01	445	414	79558	19583	0.022218893549031355	0.005176811884159456	0.5180442374854481	0.042610236031981615	0.6367273286138465	threshold	0.2	2026007
dss	simulator_intrinsic	coverage	10	dss	all	pvalue	0.05	1405	1762	78210	18623	0.07015178749750349	0.02203271144900715	0.44363751184085887	0.12114679887906876	0.6367273286138465	threshold	0.2	2026007
dss	simulator_intrinsic	coverage	10	dss	all	qvalue	0.05	0	1	79971	20028	0.0	0.000012504376531786125	0.0	0.0	0.6367273286138465	threshold	0.2	2026007
dss	simulator_intrinsic	coverage	10	dss	0.2-0.4	qvalue	0.05	0	1	79971	10715	0.0	0.000012504376531786125	0.0	0.0	NaN	threshold	0.2	2026007
dss	simulator_intrinsic	coverage	10	dss	0.4-0.6	qvalue	0.05	0	1	79971	4638	0.0	0.000012504376531786125	0.0	0.0	NaN	threshold	0.2	2026007
dss	simulator_intrinsic	coverage	10	dss	0.6-0.8	qvalue	0.05	0	1	79971	3184	0.0	0.000012504376531786125	0.0	0.0	NaN	threshold	0.2	2026007
dss	simulator_intrinsic	coverage	10	dss	0.8-1.0	qvalue	0.05	0	1	79971	1491	0.0	0.000012504376531786125	0.0	0.0	NaN	threshold	0.2	2026007
dss_nosmooth	simulator_intrinsic	coverage	10	dss_nosmooth	all	pvalue	0.001	11132	0	79972	8896	0.5558218494108248	0.0	1.0	0.7145057766367138	0.9859261578256004	threshold	0.2	2026007
dss_nosmooth	simulator_intrinsic	coverage	10	dss_nosmooth	all	pvalue	0.005	12760	29	79943	7268	0.6371080487317755	0.00036262691942179766	0.9977324263038548	0.7776457323947954	0.9859261578256004	threshold	0.2	2026007
dss_nosmooth	simulator_intrinsic	coverage	10	dss_nosmooth	all	pvalue	0.01	13722	160	79812	6306	0.6851408028759737	0.00200070024508578	0.9884742832444893	0.8093187850191684	0.9859261578256004	threshold	0.2	2026007
dss_nosmooth	simulator_intrinsic	coverage	10	dss_nosmooth	all	pvalue	0.05	16359	1474	78498	3669	0.816806470940683	0.018431451007852748	0.9173442494252229	0.8641610100103009	0.9859261578256004	threshold	0.2	2026007
dss_nosmooth	simulator_intrinsic	coverage	10	dss_nosmooth	all	qvalue	0.05	13327	160	79812	6701	0.6654184142200918	0.00200070024508578	0.9881367242529844	0.7952856929732955	0.9859261578256004	threshold	0.2	2026007
dss_nosmooth	simulator_intrinsic	coverage	10	dss_nosmooth	0.2-0.4	qvalue	0.05	4135	160	79812	6580	0.38590760615958936	0.00200070024508578	0.9627473806752037	0.5509660226515656	NaN	threshold	0.2	2026007
dss_nosmooth	simulator_intrinsic	coverage	10	dss_nosmooth	0.4-0.6	qvalue	0.05	4517	160	79812	121	0.9739111686071582	0.00200070024508578	0.9657900363480864	0.9698336017176596	NaN	threshold	0.2	2026007
dss_nosmooth	simulator_intrinsic	coverage	10	dss_nosmooth	0.6-0.8	qvalue	0.05	3184	160	79812	0	1.0	0.00200070024508578	0.9521531100478469	0.9754901960784313	NaN	threshold	0.2	2026007
dss_nosmooth	simulator_intrinsic	coverage	10	dss_nosmooth	0.8-1.0	qvalue	0.05	1491	160	79812	0	1.0	0.00200070024508578	0.9030890369473047	0.9490770210057289	NaN	threshold	0.2	2026007
methylkit	simulator_intrinsic	coverage	10	methylkit	all	pvalue	0.001	11540	75	80100	8284	0.5821226795803067	0.0009354536950420954	0.993542832544124	0.7341200419860683	0.9244609281267048	intrinsic	NaN	2026008
methylkit	simulator_intrinsic	coverage	10	methylkit	all	pvalue	0.005	13479	445	79730	6345	0.6799334140435835	0.0055503585905831	0.9680407928756105	0.798802892023231	0.9244609281267048	intrinsic	NaN	2026008
methylkit	simulator_intrinsic	coverage	10	methylkit	all	pvalue	0.01	14389	963	79212	5435	0.7258373688458434	0.012011225444340506	0.9372720166753518	0.8181146236070048	0.9244609281267048	intrinsic	NaN	2026008
methylkit	simulator_intrinsic	coverage	10	methylkit	all	pvalue	0.05	16459	4556	75619	3365	0.8302562550443906	0.05682569379482382	0.7832024744230311	0.8060432429785255	0.9244609281267048	intrinsic	NaN	2026008
methylkit	simulator_intrinsic	coverage	10	methylkit	all	qvalue	0.05	14371	940	79235	5453	0.7249293785310734	0.01172435297786093	0.9386062308144472	0.8180446847872492	0.9244609281267048	intrinsic	NaN	2026008
methylkit	simulator_intrinsic	coverage	10	methylkit	0.2-0.4	qvalue	0.05	2487	940	79235	2516	0.497101738956626	0.01172435297786093	0.7257076159906624	0.5900355871886122	NaN	intrinsic	NaN	2026008
methylkit	simulator_intrinsic	coverage	10	methylkit	0.4-0.6	qvalue	0.05	3903	940	79235	1108	0.7788864498104171	0.01172435297786093	0.8059054305182738	0.7921656180231378	NaN	intrinsic	NaN	2026008
methylkit	simulator_intrinsic	coverage	10	methylkit	0.6-0.8	qvalue	0.05	3986	940	79235	887	0.8179766057869895	0.01172435297786093	0.809175801867641	0.8135524033064598	NaN	intrinsic	NaN	2026008
methylkit	simulator_intrinsic	coverage	10	methylkit	0.8-1.0	qvalue	0.05	3995	940	79235	942	0.8091958679359935	0.01172435297786093	0.8095238095238095	0.8093598055105349	NaN	intrinsic	NaN	2026008
dss	simulator_intrinsic	coverage	10	dss	all	pvalue	0.001	81	48	80128	19743	0.004085956416464891	0.0005986828976252245	0.627906976744186	0.008119079837618403	0.632566485604652	intrinsic	NaN	2026008
dss	simulator_intrinsic	coverage	10	dss	all	pvalue	0.005	302	226	79950	19522	0.015234059725585149	0.0028187986429854322	0.571969696969697	0.029677672955974843	0.632566485604652	intrinsic	NaN	2026008
dss	simulator_intrinsic	coverage	10	dss	all	pvalue	0.01	520	441	79735	19304	0.026230831315577078	0.00550039912193175	0.5411030176899063	0.050036083714216986	0.632566485604652	intrinsic	NaN	2026008
dss	simulator_intrinsic	coverage	10	dss	all	pvalue	0.05	1495	1809	78367	18329	0.0754136400322841	0.022562861704250647	0.4524818401937046	0.1292805257696299	0.632566485604652	intrinsic	NaN	2026008
dss	simulator_intrinsic	coverage	10	dss	all	qvalue	0.05	0	0	80176	19824	0.0	0.0	0.0	0.0	0.632566485604652	intrinsic	NaN	2026008
dss	simulator_intrinsic	coverage	10	dss	0.2-0.4	qvalue	0.05	0	0	80176	5003	0.0	0.0	0.0	0.0	NaN	intrinsic	NaN	2026008
dss	simulator_intrinsic	coverage	10	dss	0.4-0.6	qvalue	0.05	0	0	80176	5011	0.0	0.0	0.0	0.0	NaN	intrinsic	NaN	2026008
dss	simulator_intrinsic	coverage	10	dss	0.6-0.8	qvalue	0.05	0	0	80176	4873	0.0	0.0	0.0	0.0	NaN	intrinsic	NaN	2026008
dss	simulator_intrinsic	coverage	10	dss	0.8-1.0	qvalue	0.05	0	0	80176	4937	0.0	0.0	0.0	0.0	NaN	intrinsic	NaN	2026008
dss_nosmooth	simulator_intrinsic	coverage	10	dss_nosmooth	all	pvalue	0.001	11004	79	80097	8820	0.5550847457627118	0.000985332269008182	0.9928719660741676	0.7120716989678714	0.9075172257232635	intrinsic	NaN	2026008
dss_nosmooth	simulator_intrinsic	coverage	10	dss_nosmooth	all	pvalue	0.005	12411	339	79837	7413	0.6260593220338984	0.004228197964478148	0.9734117647058823	0.7620187879904218	0.9075172257232635	intrinsic	NaN	2026008
dss_nosmooth	simulator_intrinsic	coverage	10	dss_nosmooth	all	pvalue	0.01	13171	658	79518	6653	0.6643966908797417	0.008206944721612453	0.9524188299949382	0.7827533949425014	0.9075172257232635	intrinsic	NaN	2026008
dss_nosmooth	simulator_intrinsic	coverage	10	dss_nosmooth	all	pvalue	0.05	14896	2870	77306	4928	0.751412429378531	0.03579624825384155	0.8384554767533491	0.7925512104283055	0.9075172257232635	intrinsic	NaN	2026008
dss_nosmooth	simulator_intrinsic	coverage	10	dss_nosmooth	all	qvalue	0.05	12953	489	79687	6871	0.6533999192897498	0.0060990820195569746	0.9636214848980806	0.7787530812240726	0.9075172257232635	intrinsic	NaN	2026008
dss_nosmooth	simulator_intrinsic	coverage	10	dss_nosmooth	0.2-0.4	qvalue	0.05	1918	489	79687	3085	0.38336997801319206	0.0060990820195569746	0.7968425425841297	0.5176788124156545	NaN	intrinsic	NaN	2026008
dss_nosmooth	simulator_intrinsic	coverage	10	dss_nosmooth	0.4-0.6	qvalue	0.05	3500	489	79687	1511	0.6984633805627619	0.0060990820195569746	0.8774128854349461	0.7777777777777778	NaN	intrinsic	NaN	2026008
dss_nosmooth	simulator_intrinsic	coverage	10	dss_nosmooth	0.6-0.8	qvalue	0.05	3741	489	79687	1132	0.7676995690539709	0.0060990820195569746	0.8843971631205674	0.8219268373063825	NaN	intrinsic	NaN	2026008
dss_nosmooth	simulator_intrinsic	coverage	10	dss_nosmooth	0.8-1.0	qvalue	0.05	3794	489	79687	1143	0.7684828843427183	0.0060990820195569746	0.8858276908708849	0.8229934924078091	NaN	intrinsic	NaN	2026008
methylkit	simulator_intrinsic	coverage	10	methylkit	all	pvalue	0.001	11615	0	80137	8247	0.584785016614641	0.0	1.0	0.7379991740000635	0.9868519193752372	threshold	0.2	2026008
methylkit	simulator_intrinsic	coverage	10	methylkit	all	pvalue	0.005	13734	190	79947	6128	0.6914711509414964	0.002370939765651322	0.9863544958345303	0.8129994672349494	0.9868519193752372	threshold	0.2	2026008
methylkit	simulator_intrinsic	coverage	10	methylkit	all	pvalue	0.01	14466	886	79251	5396	0.7283254455744638	0.01105606648614248	0.9422876498176134	0.8216050434486284	0.9868519193752372	threshold	0.2	2026008
methylkit	simulator_intrinsic	coverage	10	methylkit	all	pvalue	0.05	17276	3739	76398	2586	0.8698016312556641	0.04665759886194891	0.8220794670473471	0.845267509846613	0.9868519193752372	threshold	0.2	2026008
methylkit	simulator_intrinsic	coverage	10	methylkit	all	qvalue	0.05	14425	886	79251	5437	0.7262612022958413	0.01105606648614248	0.9421331069165959	0.8202314275154238	0.9868519193752372	threshold	0.2	2026008
methylkit	simulator_intrinsic	coverage	10	methylkit	0.2-0.4	qvalue	0.05	5146	886	79251	5437	0.48625153548143246	0.01105606648614248	0.8531167108753316	0.6194402648209449	NaN	threshold	0.2	2026008
methylkit	simulator_intrinsic	coverage	10	methylkit	0.4-0.6	qvalue	0.05	4594	886	79251	0	1.0	0.01105606648614248	0.8383211678832116	0.912050823903117	NaN	threshold	0.2	2026008
methylkit	simulator_intrinsic	coverage	10	methylkit	0.6-0.8	qvalue	0.05	3140	886	79251	0	1.0	0.01105606648614248	0.7799304520615996	0.8763605916829472	NaN	threshold	0.2	2026008
methylkit	simulator_intrinsic	coverage	10	methylkit	0.8-1.0	qvalue	0.05	1545	886	79251	0	1.0	0.01105606648614248	0.6355409296585767	0.7771629778672032	NaN	threshold	0.2	2026008
dss	simulator_intrinsic	coverage	10	dss	all	pvalue	0.001	79	50	80088	19783	0.003977444366126271	0.0006239237315630537	0.6124031007751938	0.00790355660047021	0.6415681750083714	threshold	0.2	2026008
dss	simulator_intrinsic	coverage	10	dss	all	pvalue	0.005	300	228	79910	19562	0.015104219111871917	0.002845092215927525	0.5681818181818182	0.029426189308484552	0.6415681750083714	threshold	0.2	2026008
dss	simulator_intrinsic	coverage	10	dss	all	pvalue	0.01	522	439	79699	19340	0.026281341254657135	0.005478050363123612	0.5431841831425598	0.05013686788647169	0.6415681750083714	threshold	0.2	2026008
dss	simulator_intrinsic	coverage	10	dss	all	pvalue	0.05	1499	1805	78333	18363	0.07547074816232001	0.02252364670942624	0.4536924939467312	0.12941379608046275	0.6415681750083714	threshold	0.2	2026008
dss	simulator_intrinsic	coverage	10	dss	all	qvalue	0.05	0	0	80138	19862	0.0	0.0	0.0	0.0	0.6415681750083714	threshold	0.2	2026008
dss	simulator_intrinsic	coverage	10	dss	0.2-0.4	qvalue	0.05	0	0	80138	10583	0.0	0.0	0.0	0.0	NaN	threshold	0.2	2026008
dss	simulator_intrinsic	coverage	10	dss	0.4-0.6	qvalue	0.05	0	0	80138	4594	0.0	0.0	0.0	0.0	NaN	threshold	0.2	2026008
dss	simulator_intrinsic	coverage	10	dss	0.6-0.8	qvalue	0.05	0	0	80138	3140	0.0	0.0	0.0	0.0	NaN	threshold	0.2	2026008
dss	simulator_intrinsic	coverage	10	dss	0.8-1.0	qvalue	0.05	0	0	80138	1545	0.0	0.0	0.0	0.0	NaN	threshold	0.2	2026008
dss_nosmooth	simulator_intrinsic	coverage	10	dss_nosmooth	all	pvalue	0.001	11083	0	80138	8779	0.5580002013895882	0.0	1.0	0.7163031184359347	0.9864322478926751	threshold	0.2	2026008
dss_nosmooth	simulator_intrinsic	coverage	10	dss_nosmooth	all	pvalue	0.005	12732	18	80120	7130	0.6410230591078441	0.00022461254336269935	0.9985882352941177	0.7808168772231081	0.9864322478926751	threshold	0.2	2026008
dss_nosmooth	simulator_intrinsic	coverage	10	dss_nosmooth	all	pvalue	0.01	13676	153	79985	6186	0.6885510019132011	0.0019092066185829445	0.9889362932966953	0.8118488617138108	0.9864322478926751	threshold	0.2	2026008
dss_nosmooth	simulator_intrinsic	coverage	10	dss_nosmooth	all	pvalue	0.05	16300	1466	78672	3562	0.8206625717450408	0.018293443809428735	0.9174828323764495	0.8663761029020942	0.9864322478926751	threshold	0.2	2026008
dss_nosmooth	simulator_intrinsic	coverage	10	dss_nosmooth	all	qvalue	0.05	13289	153	79985	6573	0.6690665592588864	0.0019092066185829445	0.9886177652135099	0.7980422772039395	0.9864322478926751	threshold	0.2	2026008
dss_nosmooth	simulator_intrinsic	coverage	10	dss_nosmooth	0.2-0.4	qvalue	0.05	4154	153	79985	6429	0.3925162997259756	0.0019092066185829445	0.964476433712561	0.5579583613163197	NaN	threshold	0.2	2026008
dss_nosmooth	simulator_intrinsic	coverage	10	dss_nosmooth	0.4-0.6	qvalue	0.05	4450	153	79985	144	0.9686547670875054	0.0019092066185829445	0.9667608081685857	0.9677068609329129	NaN	threshold	0.2	2026008
dss_nosmooth	simulator_intrinsic	coverage	10	dss_nosmooth	0.6-0.8	qvalue	0.05	3140	153	79985	0	1.0	0.0019092066185829445	0.9535378074703917	0.9762163842686149	NaN	threshold	0.2	2026008
dss_nosmooth	simulator_intrinsic	coverage	10	dss_nosmooth	0.8-1.0	qvalue	0.05	1545	153	79985	0	1.0	0.0019092066185829445	0.9098939929328622	0.9528214616096207	NaN	threshold	0.2	2026008
methylkit	simulator_intrinsic	coverage	10	methylkit	all	pvalue	0.001	11619	61	79936	8383	0.5808919108089191	0.0007625285948223058	0.9947773972602739	0.7334764219430592	0.9237946342374931	intrinsic	NaN	2026009
methylkit	simulator_intrinsic	coverage	10	methylkit	all	pvalue	0.005	13592	410	79587	6410	0.6795320467953204	0.005125192194707301	0.9707184687901729	0.7994353605458181	0.9237946342374931	intrinsic	NaN	2026009
methylkit	simulator_intrinsic	coverage	10	methylkit	all	pvalue	0.01	14563	889	79108	5439	0.728077192280772	0.011112916734377538	0.9424669945638106	0.8215152027979917	0.9237946342374931	intrinsic	NaN	2026009
methylkit	simulator_intrinsic	coverage	10	methylkit	all	pvalue	0.05	16587	4559	75438	3415	0.8292670732926707	0.056989637111391676	0.7844036697247706	0.8062117235345582	0.9237946342374931	intrinsic	NaN	2026009
methylkit	simulator_intrinsic	coverage	10	methylkit	all	qvalue	0.05	14563	889	79108	5439	0.728077192280772	0.011112916734377538	0.9424669945638106	0.8215152027979917	0.9237946342374931	intrinsic	NaN	2026009
methylkit	simulator_intrinsic	coverage	10	methylkit	0.2-0.4	qvalue	0.05	2571	889	79108	2440	0.5130712432648175	0.011112916734377538	0.7430635838150289	0.6070121591311534	NaN	intrinsic	NaN	2026009
methylkit	simulator_intrinsic	coverage	10	methylkit	0.4-0.6	qvalue	0.05	3925	889	79108	1109	0.7796980532379817	0.011112916734377538	0.815330286663897	0.7971161657189277	NaN	intrinsic	NaN	2026009
methylkit	simulator_intrinsic	coverage	10	methylkit	0.6-0.8	qvalue	0.05	4048	889	79108	934	0.8125250903251706	0.011112916734377538	0.8199311322665587	0.8162113116241556	NaN	intrinsic	NaN	2026009
methylkit	simulator_intrinsic	coverage	10	methylkit	0.8-1.0	qvalue	0.05	4019	889	79108	956	0.8078391959798995	0.011112916734377538	0.8188671556642216	0.8133157947991501	NaN	intrinsic	NaN	2026009
dss	simulator_intrinsic	coverage	10	dss	all	pvalue	0.001	92	54	79943	19911	0.004599310103484478	0.0006750253134492544	0.6301369863013698	0.009131966846989924	0.6261693766548291	intrinsic	NaN	2026009
dss	simulator_intrinsic	coverage	10	dss	all	pvalue	0.005	268	220	79777	19735	0.013397990301454782	0.0027501031288673324	0.5491803278688525	0.026157825386755162	0.6261693766548291	intrinsic	NaN	2026009
dss	simulator_intrinsic	coverage	10	dss	all	pvalue	0.01	458	424	79573	19545	0.022896565515172725	0.005300198757453405	0.5192743764172335	0.043859229111802726	0.6261693766548291	intrinsic	NaN	2026009
dss	simulator_intrinsic	coverage	10	dss	all	pvalue	0.05	1423	1813	78184	18580	0.0711393291006349	0.022663349875620336	0.43974042027194066	0.12246654331081372	0.6261693766548291	intrinsic	NaN	2026009
dss	simulator_intrinsic	coverage	10	dss	all	qvalue	0.05	0	1	79996	20003	0.0	0.000012500468767578784	0.0	0.0	0.6261693766548291	intrinsic	NaN	2026009
dss	simulator_intrinsic	coverage	10	dss	0.2-0.4	qvalue	0.05	0	1	79996	5011	0.0	0.000012500468767578784	0.0	0.0	NaN	intrinsic	NaN	2026009
dss	simulator_intrinsic	coverage	10	dss	0.4-0.6	qvalue	0.05	0	1	79996	5034	0.0	0.000012500468767578784	0.0	0.0	NaN	intrinsic	NaN	2026009
dss	simulator_intrinsic	coverage	10	dss	0.6-0.8	qvalue	0.05	0	1	79996	4983	0.0	0.000012500468767578784	0.0	0.0	NaN	intrinsic	NaN	2026009
dss	simulator_intrinsic	coverage	10	dss	0.8-1.0	qvalue	0.05	0	1	79996	4975	0.0	0.000012500468767578784	0.0	0.0	NaN	intrinsic	NaN	2026009
dss_nosmooth	simulator_intrinsic	coverage	10	dss_nosmooth	all	pvalue	0.001	11096	88	79909	8907	0.5547167924811278	0.001100041251546933	0.9921316165951359	0.7115785423413602	0.906345953990872	intrinsic	NaN	2026009
dss_nosmooth	simulator_intrinsic	coverage	10	dss_nosmooth	all	pvalue	0.005	12593	334	79663	7410	0.6295555666650002	0.004175156568371314	0.9741626053995514	0.7648344974187671	0.906345953990872	intrinsic	NaN	2026009
dss_nosmooth	simulator_intrinsic	coverage	10	dss_nosmooth	all	pvalue	0.01	13303	590	79407	6700	0.6650502424636304	0.007375276572871483	0.9575325703591737	0.784930375265518	0.906345953990872	intrinsic	NaN	2026009
dss_nosmooth	simulator_intrinsic	coverage	10	dss_nosmooth	all	pvalue	0.05	15031	2791	77206	4972	0.7514372844073389	0.03488880833031239	0.8433958029401862	0.7947653668208856	0.906345953990872	intrinsic	NaN	2026009
dss_nosmooth	simulator_intrinsic	coverage	10	dss_nosmooth	all	qvalue	0.05	13118	452	79545	6885	0.6558016297555367	0.00565021188294561	0.9666912306558585	0.7814612933011647	0.906345953990872	intrinsic	NaN	2026009
dss_nosmooth	simulator_intrinsic	coverage	10	dss_nosmooth	0.2-0.4	qvalue	0.05	1964	452	79545	3047	0.391937736978647	0.00565021188294561	0.8129139072847682	0.5288811094654639	NaN	intrinsic	NaN	2026009
dss_nosmooth	simulator_intrinsic	coverage	10	dss_nosmooth	0.4-0.6	qvalue	0.05	3542	452	79545	1492	0.7036154151767978	0.00565021188294561	0.8868302453680521	0.7846699158174568	NaN	intrinsic	NaN	2026009
dss_nosmooth	simulator_intrinsic	coverage	10	dss_nosmooth	0.6-0.8	qvalue	0.05	3835	452	79545	1148	0.7696166967690147	0.00565021188294561	0.89456496384418	0.8274002157497303	NaN	intrinsic	NaN	2026009
dss_nosmooth	simulator_intrinsic	coverage	10	dss_nosmooth	0.8-1.0	qvalue	0.05	3777	452	79545	1198	0.7591959798994975	0.00565021188294561	0.8931189406479073	0.8207301173402868	NaN	intrinsic	NaN	2026009
methylkit	simulator_intrinsic	coverage	10	methylkit	all	pvalue	0.001	11680	0	80044	8275	0.585316963167126	0.0	1.0	0.7384226331594753	0.9863557263764501	threshold	0.2	2026009
methylkit	simulator_intrinsic	coverage	10	methylkit	all	pvalue	0.005	13813	189	79855	6142	0.6922074668003007	0.002361201339263405	0.9865019282959577	0.8135583237624054	0.9863557263764501	threshold	0.2	2026009
methylkit	simulator_intrinsic	coverage	10	methylkit	all	pvalue	0.01	14510	942	79102	5445	0.7271360561262842	0.011768527309979512	0.9390370178617655	0.8196119411415822	0.9863557263764501	threshold	0.2	2026009
methylkit	simulator_intrinsic	coverage	10	methylkit	all	pvalue	0.05	17358	3788	76256	2597	0.8698571786519669	0.04732397181550147	0.8208644660928781	0.8446509817279385	0.9863557263764501	threshold	0.2	2026009
methylkit	simulator_intrinsic	coverage	10	methylkit	all	qvalue	0.05	14510	942	79102	5445	0.7271360561262842	0.011768527309979512	0.9390370178617655	0.8196119411415822	0.9863557263764501	threshold	0.2	2026009
methylkit	simulator_intrinsic	coverage	10	methylkit	0.2-0.4	qvalue	0.05	5268	942	79102	5445	0.4917390086810417	0.011768527309979512	0.8483091787439614	0.6225846481120368	NaN	threshold	0.2	2026009
methylkit	simulator_intrinsic	coverage	10	methylkit	0.4-0.6	qvalue	0.05	4615	942	79102	0	1.0	0.011768527309979512	0.8304840741407234	0.9073928430987023	NaN	threshold	0.2	2026009
methylkit	simulator_intrinsic	coverage	10	methylkit	0.6-0.8	qvalue	0.05	3152	942	79102	0	1.0	0.011768527309979512	0.7699071812408402	0.8699972398564725	NaN	threshold	0.2	2026009
methylkit	simulator_intrinsic	coverage	10	methylkit	0.8-1.0	qvalue	0.05	1475	942	79102	0	1.0	0.011768527309979512	0.6102606537029375	0.7579650565262076	NaN	threshold	0.2	2026009
dss	simulator_intrinsic	coverage	10	dss	all	pvalue	0.001	91	55	79989	19865	0.004560032070555222	0.0006871220828544301	0.6232876712328768	0.009053825490000994	0.6395711575410433	threshold	0.2	2026009
dss	simulator_intrinsic	coverage	10	dss	all	pvalue	0.005	275	213	79831	19681	0.013780316696732813	0.00266103642996352	0.5635245901639344	0.026902758755625124	0.6395711575410433	threshold	0.2	2026009
dss	simulator_intrinsic	coverage	10	dss	all	pvalue	0.01	467	415	79629	19489	0.023401483263178993	0.005184648443356154	0.5294784580498866	0.04482195988098666	0.6395711575410433	threshold	0.2	2026009
dss	simulator_intrinsic	coverage	10	dss	all	pvalue	0.05	1478	1758	78286	18478	0.07406293846462217	0.02196292039378342	0.45673671199011123	0.1274577440496723	0.6395711575410433	threshold	0.2	2026009
dss	simulator_intrinsic	coverage	10	dss	all	qvalue	0.05	0	1	80043	19956	0.0	0.000012493128779171455	0.0	0.0	0.6395711575410433	threshold	0.2	2026009
dss	simulator_intrinsic	coverage	10	dss	0.2-0.4	qvalue	0.05	0	1	80043	10713	0.0	0.000012493128779171455	0.0	0.0	NaN	threshold	0.2	2026009
dss	simulator_intrinsic	coverage	10	dss	0.4-0.6	qvalue	0.05	0	1	80043	4616	0.0	0.000012493128779171455	0.0	0.0	NaN	threshold	0.2	2026009
dss	simulator_intrinsic	coverage	10	dss	0.6-0.8	qvalue	0.05	0	1	80043	3152	0.0	0.000012493128779171455	0.0	0.0	NaN	threshold	0.2	2026009
dss	simulator_intrinsic	coverage	10	dss	0.8-1.0	qvalue	0.05	0	1	80043	1475	0.0	0.000012493128779171455	0.0	0.0	NaN	threshold	0.2	2026009
dss_nosmooth	simulator_intrinsic	coverage	10	dss_nosmooth	all	pvalue	0.001	11184	0	80044	8772	0.5604329524954901	0.0	1.0	0.7183044315992293	0.9860367747202858	threshold	0.2	2026009
dss_nosmooth	simulator_intrinsic	coverage	10	dss_nosmooth	all	pvalue	0.005	12895	32	80012	7061	0.646171577470435	0.00039978012093348656	0.9975245609963642	0.784295836754554	0.9860367747202858	threshold	0.2	2026009
dss_nosmooth	simulator_intrinsic	coverage	10	dss_nosmooth	all	pvalue	0.01	13734	159	79885	6222	0.6882140709561034	0.0019864074758882615	0.9885553876052688	0.811486306833289	0.9860367747202858	threshold	0.2	2026009
dss_nosmooth	simulator_intrinsic	coverage	10	dss_nosmooth	all	pvalue	0.05	16303	1519	78525	3653	0.8169472840248547	0.01897706261556144	0.9147682639434407	0.8630949229710414	0.9860367747202858	threshold	0.2	2026009
dss_nosmooth	simulator_intrinsic	coverage	10	dss_nosmooth	all	qvalue	0.05	13411	159	79885	6545	0.6720284626177591	0.0019864074758882615	0.9882829771554901	0.8000357931157908	0.9860367747202858	threshold	0.2	2026009
dss_nosmooth	simulator_intrinsic	coverage	10	dss_nosmooth	0.2-0.4	qvalue	0.05	4289	159	79885	6424	0.40035470923177446	0.0019864074758882615	0.9642535971223022	0.5657938130730162	NaN	threshold	0.2	2026009
dss_nosmooth	simulator_intrinsic	coverage	10	dss_nosmooth	0.4-0.6	qvalue	0.05	4495	159	79885	121	0.973786828422877	0.0019864074758882615	0.9658358401375161	0.9697950377562028	NaN	threshold	0.2	2026009
dss_nosmooth	simulator_intrinsic	coverage	10	dss_nosmooth	0.6-0.8	qvalue	0.05	3152	159	79885	0	1.0	0.0019864074758882615	0.9519782543038356	0.9753984217855485	NaN	threshold	0.2	2026009
dss_nosmooth	simulator_intrinsic	coverage	10	dss_nosmooth	0.8-1.0	qvalue	0.05	1475	159	79885	0	1.0	0.0019864074758882615	0.9026927784577723	0.9488581537471856	NaN	threshold	0.2	2026009
methylkit	simulator_intrinsic	coverage	10	methylkit	all	pvalue	0.001	11780	78	79872	8269	0.5875604768317622	0.000975609756097561	0.9934221622533311	0.7383959632682483	0.9263216621322762	intrinsic	NaN	2026010
methylkit	simulator_intrinsic	coverage	10	methylkit	all	pvalue	0.005	13662	400	79550	6387	0.681430495286548	0.0050031269543464665	0.9715545441615702	0.8010319251854241	0.9263216621322762	intrinsic	NaN	2026010
methylkit	simulator_intrinsic	coverage	10	methylkit	all	pvalue	0.01	14665	890	79060	5384	0.7314579280762132	0.011131957473420889	0.9427836708453874	0.8237838445118526	0.9263216621322762	intrinsic	NaN	2026010
methylkit	simulator_intrinsic	coverage	10	methylkit	all	pvalue	0.05	16720	4543	75407	3329	0.833956805825727	0.05682301438398999	0.7863424728401448	0.8094500387296669	0.9263216621322762	intrinsic	NaN	2026010
methylkit	simulator_intrinsic	coverage	10	methylkit	all	qvalue	0.05	14665	890	79060	5384	0.7314579280762132	0.011131957473420889	0.9427836708453874	0.8237838445118526	0.9263216621322762	intrinsic	NaN	2026010
methylkit	simulator_intrinsic	coverage	10	methylkit	0.2-0.4	qvalue	0.05	2604	890	79060	2453	0.514929800276844	0.011131957473420889	0.745277618775043	0.6090515729154485	NaN	intrinsic	NaN	2026010
methylkit	simulator_intrinsic	coverage	10	methylkit	0.4-0.6	qvalue	0.05	3966	890	79060	1062	0.788782816229117	0.011131957473420889	0.8167215815485996	0.8025091056252529	NaN	intrinsic	NaN	2026010
methylkit	simulator_intrinsic	coverage	10	methylkit	0.6-0.8	qvalue	0.05	4101	890	79060	928	0.8154702724199642	0.011131957473420889	0.8216790222400321	0.818562874251497	NaN	intrinsic	NaN	2026010
methylkit	simulator_intrinsic	coverage	10	methylkit	0.8-1.0	qvalue	0.05	3994	890	79060	941	0.8093211752786221	0.011131957473420889	0.8177723177723177	0.8135247988593544	NaN	intrinsic	NaN	2026010
dss	simulator_intrinsic	coverage	10	dss	all	pvalue	0.001	105	51	79900	19944	0.005237168936106539	0.0006378907080586859	0.6730769230769231	0.010393466963622866	0.6288101543246662	intrinsic	NaN	2026010
dss	simulator_intrinsic	coverage	10	dss	all	pvalue	0.005	278	219	79732	19771	0.013866028230834456	0.0027391777463696516	0.5593561368209256	0.02706122846296116	0.6288101543246662	intrinsic	NaN	2026010
dss	simulator_intrinsic	coverage	10	dss	all	pvalue	0.01	486	423	79528	19563	0.024240610504264553	0.005290740578604395	0.5346534653465347	0.046378471228170626	0.6288101543246662	intrinsic	NaN	2026010
dss	simulator_intrinsic	coverage	10	dss	all	pvalue	0.05	1504	1826	78125	18545	0.07501621028480224	0.02283898888068942	0.45165165165165166	0.1286624748706104	0.6288101543246662	intrinsic	NaN	2026010
dss	simulator_intrinsic	coverage	10	dss	all	qvalue	0.05	3	1	79950	20046	0.00014963339817447254	0.000012507660942327175	0.75	0.00029920710118186807	0.6288101543246662	intrinsic	NaN	2026010
dss	simulator_intrinsic	coverage	10	dss	0.2-0.4	qvalue	0.05	2	1	79950	5055	0.00039549139806209217	0.000012507660942327175	0.6666666666666666	0.0007905138339920949	NaN	intrinsic	NaN	2026010
dss	simulator_intrinsic	coverage	10	dss	0.4-0.6	qvalue	0.05	1	1	79950	5027	0.0001988862370723946	0.000012507660942327175	0.5	0.00039761431411530816	NaN	intrinsic	NaN	2026010
dss	simulator_intrinsic	coverage	10	dss	0.6-0.8	qvalue	0.05	0	1	79950	5029	0.0	0.000012507660942327175	0.0	0.0	NaN	intrinsic	NaN	2026010
dss	simulator_intrinsic	coverage	10	dss	0.8-1.0	qvalue	0.05	0	1	79950	4935	0.0	0.000012507660942327175	0.0	0.0	NaN	intrinsic	NaN	2026010
dss_nosmooth	simulator_intrinsic	coverage	10	dss_nosmooth	all	pvalue	0.001	11205	78	79873	8844	0.558880742181655	0.0009755975535015197	0.9930869449614464	0.7152432018383761	0.9094284280994023	intrinsic	NaN	2026010
dss_nosmooth	simulator_intrinsic	coverage	10	dss_nosmooth	all	pvalue	0.005	12662	324	79627	7387	0.6315526958950571	0.004052482145314005	0.9750500539042045	0.7665808990464659	0.9094284280994023	intrinsic	NaN	2026010
dss_nosmooth	simulator_intrinsic	coverage	10	dss_nosmooth	all	pvalue	0.01	13410	611	79340	6639	0.6688612898398922	0.007642180835761904	0.9564225090935026	0.7872028177282067	0.9094284280994023	intrinsic	NaN	2026010
dss_nosmooth	simulator_intrinsic	coverage	10	dss_nosmooth	all	pvalue	0.05	15125	2837	77114	4924	0.7544017157962991	0.035484234093382194	0.842055450395279	0.7958222619767962	0.9094284280994023	intrinsic	NaN	2026010
dss_nosmooth	simulator_intrinsic	coverage	10	dss_nosmooth	all	qvalue	0.05	13187	473	79478	6862	0.6577385405755898	0.0059161236257207536	0.9653733528550512	0.7824023257883651	0.9094284280994023	intrinsic	NaN	2026010
dss_nosmooth	simulator_intrinsic	coverage	10	dss_nosmooth	0.2-0.4	qvalue	0.05	2010	473	79478	3047	0.3974688550524026	0.0059161236257207536	0.8095046314941603	0.53315649867374	NaN	intrinsic	NaN	2026010
dss_nosmooth	simulator_intrinsic	coverage	10	dss_nosmooth	0.4-0.6	qvalue	0.05	3563	473	79478	1465	0.708631662688942	0.0059161236257207536	0.882804757185332	0.7861871138570168	NaN	intrinsic	NaN	2026010
dss_nosmooth	simulator_intrinsic	coverage	10	dss_nosmooth	0.6-0.8	qvalue	0.05	3852	473	79478	1177	0.7659574468085106	0.0059161236257207536	0.890635838150289	0.8236048749198204	NaN	intrinsic	NaN	2026010
dss_nosmooth	simulator_intrinsic	coverage	10	dss_nosmooth	0.8-1.0	qvalue	0.05	3762	473	79478	1173	0.7623100303951368	0.0059161236257207536	0.8883116883116883	0.8205016357688113	NaN	intrinsic	NaN	2026010
methylkit	simulator_intrinsic	coverage	10	methylkit	all	pvalue	0.001	11858	0	79895	8246	0.5898328690807799	0.0	1.0	0.742006132282085	0.9865295157032834	threshold	0.2	2026010
methylkit	simulator_intrinsic	coverage	10	methylkit	all	pvalue	0.005	13886	176	79719	6218	0.690708316752885	0.002202891294824457	0.9874839994310909	0.8128548849733653	0.9865295157032834	threshold	0.2	2026010
methylkit	simulator_intrinsic	coverage	10	methylkit	all	pvalue	0.01	14622	933	78962	5482	0.7273179466772781	0.011677827148131923	0.9400192864030859	0.820101517148546	0.9865295157032834	threshold	0.2	2026010
methylkit	simulator_intrinsic	coverage	10	methylkit	all	pvalue	0.05	17503	3760	76135	2601	0.8706227616394747	0.04706176857124977	0.8231670037153741	0.8462300867841516	0.9865295157032834	threshold	0.2	2026010
methylkit	simulator_intrinsic	coverage	10	methylkit	all	qvalue	0.05	14622	933	78962	5482	0.7273179466772781	0.011677827148131923	0.9400192864030859	0.820101517148546	0.9865295157032834	threshold	0.2	2026010
methylkit	simulator_intrinsic	coverage	10	methylkit	0.2-0.4	qvalue	0.05	5194	933	78962	5482	0.48651180217309853	0.011677827148131923	0.8477231924269626	0.6182229363804083	NaN	threshold	0.2	2026010
methylkit	simulator_intrinsic	coverage	10	methylkit	0.4-0.6	qvalue	0.05	4746	933	78962	0	1.0	0.011677827148131923	0.8357105124141574	0.9105035971223021	NaN	threshold	0.2	2026010
methylkit	simulator_intrinsic	coverage	10	methylkit	0.6-0.8	qvalue	0.05	3208	933	78962	0	1.0	0.011677827148131923	0.7746921033566772	0.8730439515580352	NaN	threshold	0.2	2026010
methylkit	simulator_intrinsic	coverage	10	methylkit	0.8-1.0	qvalue	0.05	1474	933	78962	0	1.0	0.011677827148131923	0.612380556709597	0.7595980417418191	NaN	threshold	0.2	2026010
dss	simulator_intrinsic	coverage	10	dss	all	pvalue	0.001	107	49	79847	19997	0.005322323915638679	0.0006132972864724141	0.6858974358974359	0.010562685093780848	0.6400056771101477	threshold	0.2	2026010
dss	simulator_intrinsic	coverage	10	dss	all	pvalue	0.005	277	220	79676	19827	0.013778352566653402	0.0027535796535496145	0.5573440643863179	0.02689189845153148	0.6400056771101477	threshold	0.2	2026010
dss	simulator_intrinsic	coverage	10	dss	all	pvalue	0.01	498	411	79485	19606	0.024771189812972542	0.00514418744367678	0.5478547854785478	0.04739922904868415	0.6400056771101477	threshold	0.2	2026010
dss	simulator_intrinsic	coverage	10	dss	all	pvalue	0.05	1538	1792	78104	18566	0.07650218861918026	0.02242915790527686	0.46186186186186184	0.1312622684987625	0.6400056771101477	threshold	0.2	2026010
dss	simulator_intrinsic	coverage	10	dss	all	qvalue	0.05	3	1	79895	20101	0.0001492240350179069	0.000012516271152498248	0.75	0.00029838870101452157	0.6400056771101477	threshold	0.2	2026010
dss	simulator_intrinsic	coverage	10	dss	0.2-0.4	qvalue	0.05	0	1	79895	10676	0.0	0.000012516271152498248	0.0	0.0	NaN	threshold	0.2	2026010
dss	simulator_intrinsic	coverage	10	dss	0.4-0.6	qvalue	0.05	2	1	79895	4744	0.00042140750105351877	0.000012516271152498248	0.6666666666666666	0.0008422825858075384	NaN	threshold	0.2	2026010
dss	simulator_intrinsic	coverage	10	dss	0.6-0.8	qvalue	0.05	1	1	79895	3207	0.0003117206982543641	0.000012516271152498248	0.5	0.0006230529595015577	NaN	threshold	0.2	2026010
dss	simulator_intrinsic	coverage	10	dss	0.8-1.0	qvalue	0.05	0	1	79895	1474	0.0	0.000012516271152498248	0.0	0.0	NaN	threshold	0.2	2026010
dss_nosmooth	simulator_intrinsic	coverage	10	dss_nosmooth	all	pvalue	0.001	11283	0	79896	8821	0.5612315957023478	0.0	1.0	0.7189600790136044	0.9863434167935029	threshold	0.2	2026010
dss_nosmooth	simulator_intrinsic	coverage	10	dss_nosmooth	all	pvalue	0.005	12959	27	79869	7145	0.6445980899323518	0.0003379393211174527	0.9979208378253503	0.7832577818071925	0.9863434167935029	threshold	0.2	2026010
dss_nosmooth	simulator_intrinsic	coverage	10	dss_nosmooth	all	pvalue	0.01	13876	145	79751	6228	0.6902109033028253	0.001814859317112246	0.9896583695884744	0.8132454212454212	0.9863434167935029	threshold	0.2	2026010
dss_nosmooth	simulator_intrinsic	coverage	10	dss_nosmooth	all	pvalue	0.05	16492	1470	78426	3612	0.8203342618384402	0.018398918594172423	0.9181605611847233	0.8664950349393159	0.9863434167935029	threshold	0.2	2026010
dss_nosmooth	simulator_intrinsic	coverage	10	dss_nosmooth	all	qvalue	0.05	13515	145	79751	6589	0.6722542777556705	0.001814859317112246	0.989385065885798	0.8005568060656321	0.9863434167935029	threshold	0.2	2026010
dss_nosmooth	simulator_intrinsic	coverage	10	dss_nosmooth	0.2-0.4	qvalue	0.05	4222	145	79751	6454	0.39546646684151365	0.001814859317112246	0.9667964277536066	0.5613242039486804	NaN	threshold	0.2	2026010
dss_nosmooth	simulator_intrinsic	coverage	10	dss_nosmooth	0.4-0.6	qvalue	0.05	4611	145	79751	135	0.9715549936788875	0.001814859317112246	0.9695121951219512	0.9705325194695853	NaN	threshold	0.2	2026010
dss_nosmooth	simulator_intrinsic	coverage	10	dss_nosmooth	0.6-0.8	qvalue	0.05	3208	145	79751	0	1.0	0.001814859317112246	0.9567551446465852	0.9778997104099985	NaN	threshold	0.2	2026010
dss_nosmooth	simulator_intrinsic	coverage	10	dss_nosmooth	0.8-1.0	qvalue	0.05	1474	145	79751	0	1.0	0.001814859317112246	0.9104385423100679	0.9531199482702878	NaN	threshold	0.2	2026010
methylkit	simulator_intrinsic	coverage	10	methylkit	all	pvalue	0.001	11501	75	80100	8323	0.5801553672316384	0.0009354536950420954	0.9935210780926054	0.7325477707006369	0.9259561269484776	intrinsic	NaN	2026011
methylkit	simulator_intrinsic	coverage	10	methylkit	all	pvalue	0.005	13443	369	79806	6381	0.6781174334140436	0.00460243217960711	0.9732841007819287	0.7993221548341063	0.9259561269484776	intrinsic	NaN	2026011
methylkit	simulator_intrinsic	coverage	10	methylkit	all	pvalue	0.01	14402	855	79320	5422	0.7264931396287329	0.010664172123479887	0.9439601494396015	0.8210712351415296	0.9259561269484776	intrinsic	NaN	2026011
methylkit	simulator_intrinsic	coverage	10	methylkit	all	pvalue	0.05	16459	4497	75678	3365	0.8302562550443906	0.05608980355472404	0.7854075205191831	0.8072094163805787	0.9259561269484776	intrinsic	NaN	2026011
methylkit	simulator_intrinsic	coverage	10	methylkit	all	qvalue	0.05	14376	835	79340	5448	0.725181598062954	0.010414717804801996	0.9451055157451844	0.8206650492364778	0.9259561269484776	intrinsic	NaN	2026011
methylkit	simulator_intrinsic	coverage	10	methylkit	0.2-0.4	qvalue	0.05	2495	835	79340	2519	0.4976067012365377	0.010414717804801996	0.7492492492492493	0.5980345158197508	NaN	intrinsic	NaN	2026011
methylkit	simulator_intrinsic	coverage	10	methylkit	0.4-0.6	qvalue	0.05	3938	835	79340	1043	0.7906042963260389	0.010414717804801996	0.8250576157552901	0.8074636046750051	NaN	intrinsic	NaN	2026011
methylkit	simulator_intrinsic	coverage	10	methylkit	0.6-0.8	qvalue	0.05	4006	835	79340	958	0.8070104754230459	0.010414717804801996	0.8275149762445776	0.8171341152473228	NaN	intrinsic	NaN	2026011
methylkit	simulator_intrinsic	coverage	10	methylkit	0.8-1.0	qvalue	0.05	3937	835	79340	928	0.8092497430626927	0.010414717804801996	0.8250209555741828	0.8170592508041922	NaN	intrinsic	NaN	2026011
dss	simulator_intrinsic	coverage	10	dss	all	pvalue	0.001	90	59	80117	19734	0.004539951573849879	0.0007358810616643384	0.6040268456375839	0.009012166424673309	0.6315620566150756	intrinsic	NaN	2026011
dss	simulator_intrinsic	coverage	10	dss	all	pvalue	0.005	245	257	79919	19579	0.012358757062146893	0.0032054480143683894	0.48804780876494025	0.024107055003443865	0.6315620566150756	intrinsic	NaN	2026011
dss	simulator_intrinsic	coverage	10	dss	all	pvalue	0.01	447	456	79720	19377	0.022548426150121065	0.0056874875274396325	0.4950166112956811	0.04313214647561152	0.6315620566150756	intrinsic	NaN	2026011
dss	simulator_intrinsic	coverage	10	dss	all	pvalue	0.05	1416	1814	78362	18408	0.07142857142857142	0.02262522450608661	0.43839009287925695	0.12284202307625575	0.6315620566150756	intrinsic	NaN	2026011
dss	simulator_intrinsic	coverage	10	dss	all	qvalue	0.05	11	4	80172	19813	0.0005548829701372075	0.00004989024146876871	0.7333333333333333	0.0011089268612329251	0.6315620566150756	intrinsic	NaN	2026011
dss	simulator_intrinsic	coverage	10	dss	0.2-0.4	qvalue	0.05	1	4	80172	5013	0.00019944156362185878	0.00004989024146876871	0.2	0.0003984857541342897	NaN	intrinsic	NaN	2026011
dss	simulator_intrinsic	coverage	10	dss	0.4-0.6	qvalue	0.05	2	4	80172	4979	0.0004015257980325236	0.00004989024146876871	0.3333333333333333	0.0008020854220974534	NaN	intrinsic	NaN	2026011
dss	simulator_intrinsic	coverage	10	dss	0.6-0.8	qvalue	0.05	3	4	80172	4961	0.0006043513295729251	0.00004989024146876871	0.42857142857142855	0.0012070006035003018	NaN	intrinsic	NaN	2026011
dss	simulator_intrinsic	coverage	10	dss	0.8-1.0	qvalue	0.05	5	4	80172	4860	0.0010277492291880781	0.00004989024146876871	0.5555555555555556	0.002051702913418137	NaN	intrinsic	NaN	2026011
dss_nosmooth	simulator_intrinsic	coverage	10	dss_nosmooth	all	pvalue	0.001	10992	79	80097	8832	0.5544794188861986	0.000985332269008182	0.9928642399060609	0.7115714516912122	0.9087908900031513	intrinsic	NaN	2026011
dss_nosmooth	simulator_intrinsic	coverage	10	dss_nosmooth	all	pvalue	0.005	12430	287	79889	7394	0.6270177562550444	0.0035796248253841547	0.9774317842258394	0.7639593128668449	0.9087908900031513	intrinsic	NaN	2026011
dss_nosmooth	simulator_intrinsic	coverage	10	dss_nosmooth	all	pvalue	0.01	13188	561	79615	6636	0.6652542372881356	0.006997106365994811	0.9591970325114554	0.7856313108748101	0.9087908900031513	intrinsic	NaN	2026011
dss_nosmooth	simulator_intrinsic	coverage	10	dss_nosmooth	all	pvalue	0.05	14867	2769	77407	4957	0.7499495560936239	0.03453651965675514	0.8429916080743933	0.7937533368926856	0.9087908900031513	intrinsic	NaN	2026011
dss_nosmooth	simulator_intrinsic	coverage	10	dss_nosmooth	all	qvalue	0.05	12968	404	79772	6856	0.6541565778853915	0.00503891438834564	0.9697876159138499	0.7812989516809254	0.9087908900031513	intrinsic	NaN	2026011
dss_nosmooth	simulator_intrinsic	coverage	10	dss_nosmooth	0.2-0.4	qvalue	0.05	1914	404	79772	3100	0.38173115277223774	0.00503891438834564	0.825711820534944	0.5220949263502455	NaN	intrinsic	NaN	2026011
dss_nosmooth	simulator_intrinsic	coverage	10	dss_nosmooth	0.4-0.6	qvalue	0.05	3559	404	79772	1422	0.7145151575988757	0.00503891438834564	0.8980570275044159	0.7958407871198568	NaN	intrinsic	NaN	2026011
dss_nosmooth	simulator_intrinsic	coverage	10	dss_nosmooth	0.6-0.8	qvalue	0.05	3767	404	79772	1197	0.7588638195004029	0.00503891438834564	0.9031407336370175	0.8247400109469075	NaN	intrinsic	NaN	2026011
dss_nosmooth	simulator_intrinsic	coverage	10	dss_nosmooth	0.8-1.0	qvalue	0.05	3728	404	79772	1137	0.766289825282631	0.00503891438834564	0.9022265246853823	0.8287206846726687	NaN	intrinsic	NaN	2026011
methylkit	simulator_intrinsic	coverage	10	methylkit	all	pvalue	0.001	11576	0	80221	8202	0.5852967944180403	0.0	1.0	0.738406582892135	0.986505219970795	threshold	0.2	2026011
methylkit	simulator_intrinsic	coverage	10	methylkit	all	pvalue	0.005	13637	175	80046	6141	0.6895034887248458	0.002181473678961868	0.9873298580944107	0.8119678475736827	0.986505219970795	threshold	0.2	2026011
methylkit	simulator_intrinsic	coverage	10	methylkit	all	pvalue	0.01	14332	925	79296	5446	0.7246435433309738	0.011530646588798444	0.939372091498984	0.8181532752961325	0.986505219970795	threshold	0.2	2026011
methylkit	simulator_intrinsic	coverage	10	methylkit	all	pvalue	0.05	17171	3785	76436	2607	0.8681868743047831	0.04718215928497525	0.819383470127887	0.8430794913340207	0.986505219970795	threshold	0.2	2026011
methylkit	simulator_intrinsic	coverage	10	methylkit	all	qvalue	0.05	14286	925	79296	5492	0.722317726767115	0.011530646588798444	0.9391887449871803	0.8165995027008488	0.986505219970795	threshold	0.2	2026011
methylkit	simulator_intrinsic	coverage	10	methylkit	0.2-0.4	qvalue	0.05	5060	925	79296	5492	0.479529946929492	0.011530646588798444	0.8454469507101086	0.6119610570236439	NaN	threshold	0.2	2026011
methylkit	simulator_intrinsic	coverage	10	methylkit	0.4-0.6	qvalue	0.05	4563	925	79296	0	1.0	0.011530646588798444	0.8314504373177842	0.9079693562829569	NaN	threshold	0.2	2026011
methylkit	simulator_intrinsic	coverage	10	methylkit	0.6-0.8	qvalue	0.05	3174	925	79296	0	1.0	0.011530646588798444	0.7743352037082215	0.8728172693523993	NaN	threshold	0.2	2026011
methylkit	simulator_intrinsic	coverage	10	methylkit	0.8-1.0	qvalue	0.05	1489	925	79296	0	1.0	0.011530646588798444	0.6168185584092792	0.7630028183448629	NaN	threshold	0.2	2026011
dss	simulator_intrinsic	coverage	10	dss	all	pvalue	0.001	90	59	80163	19688	0.004550510668419456	0.0007354591009947396	0.6040268456375839	0.009032970341747378	0.6422310779214739	threshold	0.2	2026011
dss	simulator_intrinsic	coverage	10	dss	all	pvalue	0.005	251	251	79971	19527	0.012690868641925371	0.0031288175313505025	0.5	0.0247534516765286	0.6422310779214739	threshold	0.2	2026011
dss	simulator_intrinsic	coverage	10	dss	all	pvalue	0.01	452	451	79771	19326	0.02285367580139549	0.0056218992296377555	0.5005537098560354	0.04371161936076592	0.6422310779214739	threshold	0.2	2026011
dss	simulator_intrinsic	coverage	10	dss	all	pvalue	0.05	1452	1778	78444	18326	0.07341490545050056	0.02216349629777368	0.44953560371517026	0.12621696801112656	0.6422310779214739	threshold	0.2	2026011
dss	simulator_intrinsic	coverage	10	dss	all	qvalue	0.05	11	4	80218	19767	0.0005561735261401557	0.000049861633965745056	0.7333333333333333	0.0011115040670944274	0.6422310779214739	threshold	0.2	2026011
dss	simulator_intrinsic	coverage	10	dss	0.2-0.4	qvalue	0.05	1	4	80218	10551	0.00009476876421531463	0.000049861633965745056	0.2	0.0001894477597802406	NaN	threshold	0.2	2026011
dss	simulator_intrinsic	coverage	10	dss	0.4-0.6	qvalue	0.05	1	4	80218	4562	0.00021915406530791147	0.000049861633965745056	0.2	0.00043782837127845885	NaN	threshold	0.2	2026011
dss	simulator_intrinsic	coverage	10	dss	0.6-0.8	qvalue	0.05	2	4	80218	3172	0.000630119722747322	0.000049861633965745056	0.3333333333333333	0.0012578616352201257	NaN	threshold	0.2	2026011
dss	simulator_intrinsic	coverage	10	dss	0.8-1.0	qvalue	0.05	7	4	80218	1482	0.0047011417058428475	0.000049861633965745056	0.6363636363636364	0.009333333333333334	NaN	threshold	0.2	2026011
dss_nosmooth	simulator_intrinsic	coverage	10	dss_nosmooth	all	pvalue	0.001	11071	0	80222	8707	0.5597633734452422	0.0	1.0	0.717754222179001	0.9861913763051087	threshold	0.2	2026011
dss_nosmooth	simulator_intrinsic	coverage	10	dss_nosmooth	all	pvalue	0.005	12691	26	80196	7087	0.6416725654767924	0.00032410062077734285	0.997955492647637	0.7811047853515926	0.9861913763051087	threshold	0.2	2026011
dss_nosmooth	simulator_intrinsic	coverage	10	dss_nosmooth	all	pvalue	0.01	13610	139	80083	6168	0.6881383355243199	0.0017326917803096406	0.989890173830824	0.8118829600023861	0.9861913763051087	threshold	0.2	2026011
dss_nosmooth	simulator_intrinsic	coverage	10	dss_nosmooth	all	pvalue	0.05	16160	1476	78746	3618	0.8170694711295379	0.018398942933359926	0.9163075527330461	0.8638477575239215	0.9861913763051087	threshold	0.2	2026011
dss_nosmooth	simulator_intrinsic	coverage	10	dss_nosmooth	all	qvalue	0.05	13233	139	80083	6545	0.6690767519466073	0.0017326917803096406	0.9896051450792701	0.7983710407239819	0.9861913763051087	threshold	0.2	2026011
dss_nosmooth	simulator_intrinsic	coverage	10	dss_nosmooth	0.2-0.4	qvalue	0.05	4136	139	80083	6416	0.39196360879454134	0.0017326917803096406	0.9674853801169591	0.5579011263235989	NaN	threshold	0.2	2026011
dss_nosmooth	simulator_intrinsic	coverage	10	dss_nosmooth	0.4-0.6	qvalue	0.05	4434	139	80083	129	0.9717291255752795	0.0017326917803096406	0.9696041985567461	0.9706654991243433	NaN	threshold	0.2	2026011
dss_nosmooth	simulator_intrinsic	coverage	10	dss_nosmooth	0.6-0.8	qvalue	0.05	3174	139	80083	0	1.0	0.0017326917803096406	0.9580440688198008	0.9785725296747341	NaN	threshold	0.2	2026011
dss_nosmooth	simulator_intrinsic	coverage	10	dss_nosmooth	0.8-1.0	qvalue	0.05	1489	139	80083	0	1.0	0.0017326917803096406	0.9146191646191646	0.9554058389477061	NaN	threshold	0.2	2026011
methylkit	simulator_intrinsic	coverage	10	methylkit	all	pvalue	0.001	11852	77	79817	8253	0.5895050982342701	0.0009637770045310036	0.9935451420907033	0.7399637884747455	0.9273581470606806	intrinsic	NaN	2026012
methylkit	simulator_intrinsic	coverage	10	methylkit	all	pvalue	0.005	13800	411	79483	6305	0.6863964188012932	0.005144316218990162	0.9710787418197171	0.8042895442359249	0.9273581470606806	intrinsic	NaN	2026012
methylkit	simulator_intrinsic	coverage	10	methylkit	all	pvalue	0.01	14748	917	78977	5357	0.7335488684406863	0.011477707963051042	0.9414618576444302	0.824601621470506	0.9273581470606806	intrinsic	NaN	2026012
methylkit	simulator_intrinsic	coverage	10	methylkit	all	pvalue	0.05	16756	4572	75322	3349	0.8334245212633673	0.05722582421708764	0.7856339084771192	0.8088238843433978	0.9273581470606806	intrinsic	NaN	2026012
methylkit	simulator_intrinsic	coverage	10	methylkit	all	qvalue	0.05	14748	917	78977	5357	0.7335488684406863	0.011477707963051042	0.9414618576444302	0.824601621470506	0.9273581470606806	intrinsic	NaN	2026012
methylkit	simulator_intrinsic	coverage	10	methylkit	0.2-0.4	qvalue	0.05	2629	917	78977	2347	0.5283360128617364	0.011477707963051042	0.7413987591652567	0.6169913165923492	NaN	intrinsic	NaN	2026012
methylkit	simulator_intrinsic	coverage	10	methylkit	0.4-0.6	qvalue	0.05	3828	917	78977	1094	0.7777326290125965	0.011477707963051042	0.8067439409905164	0.7919726905968759	NaN	intrinsic	NaN	2026012
methylkit	simulator_intrinsic	coverage	10	methylkit	0.6-0.8	qvalue	0.05	4122	917	78977	941	0.8141418131542564	0.011477707963051042	0.8180194483032348	0.8160760245495942	NaN	intrinsic	NaN	2026012
methylkit	simulator_intrinsic	coverage	10	methylkit	0.8-1.0	qvalue	0.05	4169	917	78977	975	0.8104587869362364	0.011477707963051042	0.8197011403853716	0.8150537634408602	NaN	intrinsic	NaN	2026012
dss	simulator_intrinsic	coverage	10	dss	all	pvalue	0.001	82	50	79845	20023	0.004078587416065656	0.0006258213905751299	0.6212121212121212	0.008103967979443594	0.6285391954458257	intrinsic	NaN	2026012
dss	simulator_intrinsic	coverage	10	dss	all	pvalue	0.005	250	235	79660	19855	0.012434717731907486	0.0029413605357031104	0.5154639175257731	0.02428363283147159	0.6285391954458257	intrinsic	NaN	2026012
dss	simulator_intrinsic	coverage	10	dss	all	pvalue	0.01	462	483	79412	19643	0.022979358368565034	0.006045434632955754	0.4888888888888889	0.043895486935866986	0.6285391954458257	intrinsic	NaN	2026012
dss	simulator_intrinsic	coverage	10	dss	all	pvalue	0.05	1481	1823	78072	18624	0.07366326784381995	0.022817447900369235	0.44824455205811137	0.12653253022341834	0.6285391954458257	intrinsic	NaN	2026012
dss	simulator_intrinsic	coverage	10	dss	all	qvalue	0.05	0	0	79895	20105	0.0	0.0	0.0	0.0	0.6285391954458257	intrinsic	NaN	2026012
dss	simulator_intrinsic	coverage	10	dss	0.2-0.4	qvalue	0.05	0	0	79895	4976	0.0	0.0	0.0	0.0	NaN	intrinsic	NaN	2026012
dss	simulator_intrinsic	coverage	10	dss	0.4-0.6	qvalue	0.05	0	0	79895	4922	0.0	0.0	0.0	0.0	NaN	intrinsic	NaN	2026012
dss	simulator_intrinsic	coverage	10	dss	0.6-0.8	qvalue	0.05	0	0	79895	5063	0.0	0.0	0.0	0.0	NaN	intrinsic	NaN	2026012
dss	simulator_intrinsic	coverage	10	dss	0.8-1.0	qvalue	0.05	0	0	79895	5144	0.0	0.0	0.0	0.0	NaN	intrinsic	NaN	2026012
dss_nosmooth	simulator_intrinsic	coverage	10	dss_nosmooth	all	pvalue	0.001	11276	83	79812	8829	0.5608555085799553	0.0010388635083547156	0.9926930187516507	0.7167556572590897	0.909875661071508	intrinsic	NaN	2026012
dss_nosmooth	simulator_intrinsic	coverage	10	dss_nosmooth	all	pvalue	0.005	12768	321	79574	7337	0.6350659040039791	0.004017773327492333	0.9754755901902361	0.7692956558414171	0.909875661071508	intrinsic	NaN	2026012
dss_nosmooth	simulator_intrinsic	coverage	10	dss_nosmooth	all	pvalue	0.01	13508	611	79284	6597	0.6718726684904253	0.007647537392828087	0.9567249805226999	0.7893875642823749	0.909875661071508	intrinsic	NaN	2026012
dss_nosmooth	simulator_intrinsic	coverage	10	dss_nosmooth	all	pvalue	0.05	15203	2858	77037	4902	0.7561800547127581	0.035771950685274424	0.8417584851337135	0.7966776712256982	0.909875661071508	intrinsic	NaN	2026012
dss_nosmooth	simulator_intrinsic	coverage	10	dss_nosmooth	all	qvalue	0.05	13292	457	79438	6813	0.6611290723700572	0.005720007509856687	0.9667612189977453	0.7852543274059195	0.909875661071508	intrinsic	NaN	2026012
dss_nosmooth	simulator_intrinsic	coverage	10	dss_nosmooth	0.2-0.4	qvalue	0.05	2042	457	79438	2934	0.4103697749196141	0.005720007509856687	0.8171268507402961	0.5463545150501672	NaN	intrinsic	NaN	2026012
dss_nosmooth	simulator_intrinsic	coverage	10	dss_nosmooth	0.4-0.6	qvalue	0.05	3452	457	79438	1470	0.7013409183258837	0.005720007509856687	0.8830903044256844	0.7817914166006115	NaN	intrinsic	NaN	2026012
dss_nosmooth	simulator_intrinsic	coverage	10	dss_nosmooth	0.6-0.8	qvalue	0.05	3869	457	79438	1194	0.7641714398577918	0.005720007509856687	0.8943596856218216	0.8241559271487912	NaN	intrinsic	NaN	2026012
dss_nosmooth	simulator_intrinsic	coverage	10	dss_nosmooth	0.8-1.0	qvalue	0.05	3929	457	79438	1215	0.7638024883359253	0.005720007509856687	0.8958048335613316	0.8245540398740818	NaN	intrinsic	NaN	2026012
methylkit	simulator_intrinsic	coverage	10	methylkit	all	pvalue	0.001	11929	0	79859	8211	0.5923038728897716	0.0	1.0	0.7439583398297421	0.9872152937203165	threshold	0.2	2026012
methylkit	simulator_intrinsic	coverage	10	methylkit	all	pvalue	0.005	14016	195	79664	6124	0.6959285004965243	0.0024418036789842098	0.9862782351699387	0.8160461121946959	0.9872152937203165	threshold	0.2	2026012
methylkit	simulator_intrinsic	coverage	10	methylkit	all	pvalue	0.01	14747	918	78941	5393	0.7322244289970209	0.01149526039644874	0.9413980210660708	0.823739701159056	0.9872152937203165	threshold	0.2	2026012
methylkit	simulator_intrinsic	coverage	10	methylkit	all	pvalue	0.05	17626	3702	76157	2514	0.8751737835153922	0.046356703690254075	0.8264253563390848	0.850101282916948	0.9872152937203165	threshold	0.2	2026012
methylkit	simulator_intrinsic	coverage	10	methylkit	all	qvalue	0.05	14747	918	78941	5393	0.7322244289970209	0.01149526039644874	0.9413980210660708	0.823739701159056	0.9872152937203165	threshold	0.2	2026012
methylkit	simulator_intrinsic	coverage	10	methylkit	0.2-0.4	qvalue	0.05	5230	918	78941	5393	0.49232796761743386	0.01149526039644874	0.850683148991542	0.6236956651362471	NaN	threshold	0.2	2026012
methylkit	simulator_intrinsic	coverage	10	methylkit	0.4-0.6	qvalue	0.05	4771	918	78941	0	1.0	0.01149526039644874	0.8386359641413254	0.9122370936902485	NaN	threshold	0.2	2026012
methylkit	simulator_intrinsic	coverage	10	methylkit	0.6-0.8	qvalue	0.05	3179	918	78941	0	1.0	0.01149526039644874	0.7759336099585062	0.8738317757009346	NaN	threshold	0.2	2026012
methylkit	simulator_intrinsic	coverage	10	methylkit	0.8-1.0	qvalue	0.05	1567	918	78941	0	1.0	0.01149526039644874	0.6305835010060362	0.7734452122408687	NaN	threshold	0.2	2026012
dss	simulator_intrinsic	coverage	10	dss	all	pvalue	0.001	80	52	79808	20060	0.003972194637537239	0.0006511394941147008	0.6060606060606061	0.007892659826361484	0.6423207261789562	threshold	0.2	2026012
dss	simulator_intrinsic	coverage	10	dss	all	pvalue	0.005	243	242	79618	19897	0.012065541211519364	0.0030303030303030303	0.5010309278350515	0.023563636363636363	0.6423207261789562	threshold	0.2	2026012
dss	simulator_intrinsic	coverage	10	dss	all	pvalue	0.01	470	475	79385	19670	0.02333664349553128	0.005947908840470824	0.4973544973544973	0.0445814560113825	0.6423207261789562	threshold	0.2	2026012
dss	simulator_intrinsic	coverage	10	dss	all	pvalue	0.05	1496	1808	78052	18644	0.07428003972194637	0.02263961933383421	0.45278450363196127	0.12762327247909913	0.6423207261789562	threshold	0.2	2026012
dss	simulator_intrinsic	coverage	10	dss	all	qvalue	0.05	0	0	79860	20140	0.0	0.0	0.0	0.0	0.6423207261789562	threshold	0.2	2026012
dss	simulator_intrinsic	coverage	10	dss	0.2-0.4	qvalue	0.05	0	0	79860	10623	0.0	0.0	0.0	0.0	NaN	threshold	0.2	2026012
dss	simulator_intrinsic	coverage	10	dss	0.4-0.6	qvalue	0.05	0	0	79860	4771	0.0	0.0	0.0	0.0	NaN	threshold	0.2	2026012
dss	simulator_intrinsic	coverage	10	dss	0.6-0.8	qvalue	0.05	0	0	79860	3179	0.0	0.0	0.0	0.0	NaN	threshold	0.2	2026012
dss	simulator_intrinsic	coverage	10	dss	0.8-1.0	qvalue	0.05	0	0	79860	1567	0.0	0.0	0.0	0.0	NaN	threshold	0.2	2026012
dss_nosmooth	simulator_intrinsic	coverage	10	dss_nosmooth	all	pvalue	0.001	11359	0	79860	8781	0.5640019860973188	0.0	1.0	0.721229245372869	0.987178468476736	threshold	0.2	2026012
dss_nosmooth	simulator_intrinsic	coverage	10	dss_nosmooth	all	pvalue	0.005	13057	32	79828	7083	0.6483118172790466	0.00040070122714750816	0.9975551990220796	0.7858798037858498	0.987178468476736	threshold	0.2	2026012
dss_nosmooth	simulator_intrinsic	coverage	10	dss_nosmooth	all	pvalue	0.01	13969	150	79710	6171	0.6935948361469711	0.0018782870022539444	0.9893760181315957	0.8154937388715374	0.987178468476736	threshold	0.2	2026012
dss_nosmooth	simulator_intrinsic	coverage	10	dss_nosmooth	all	pvalue	0.05	16608	1453	78407	3532	0.8246276067527308	0.01819434009516654	0.9195504124910027	0.8695060338734588	0.987178468476736	threshold	0.2	2026012
dss_nosmooth	simulator_intrinsic	coverage	10	dss_nosmooth	all	qvalue	0.05	13599	150	79710	6541	0.6752234359483614	0.0018782870022539444	0.9890901156447741	0.8025613030776948	0.987178468476736	threshold	0.2	2026012
dss_nosmooth	simulator_intrinsic	coverage	10	dss_nosmooth	0.2-0.4	qvalue	0.05	4208	150	79710	6415	0.39612162289372116	0.0018782870022539444	0.9655805415328133	0.5617782524531073	NaN	threshold	0.2	2026012
dss_nosmooth	simulator_intrinsic	coverage	10	dss_nosmooth	0.4-0.6	qvalue	0.05	4646	150	79710	125	0.973800041919933	0.0018782870022539444	0.9687239366138448	0.9712553569562036	NaN	threshold	0.2	2026012
dss_nosmooth	simulator_intrinsic	coverage	10	dss_nosmooth	0.6-0.8	qvalue	0.05	3178	150	79710	1	0.9996854356715948	0.0018782870022539444	0.9549278846153846	0.9767942216074996	NaN	threshold	0.2	2026012
dss_nosmooth	simulator_intrinsic	coverage	10	dss_nosmooth	0.8-1.0	qvalue	0.05	1567	150	79710	0	1.0	0.0018782870022539444	0.912638322655795	0.9543239951278928	NaN	threshold	0.2	2026012
methylkit	simulator_intrinsic	coverage	10	methylkit	all	pvalue	0.001	11702	77	79712	8508	0.5790202869866403	0.0009650453069972051	0.9934629425248324	0.7316264966082091	0.9243283814223122	intrinsic	NaN	2026013
methylkit	simulator_intrinsic	coverage	10	methylkit	all	pvalue	0.005	13689	432	79357	6521	0.6773379515091539	0.005414280163932372	0.9694072657743786	0.7974716728321343	0.9243283814223122	intrinsic	NaN	2026013
methylkit	simulator_intrinsic	coverage	10	methylkit	all	pvalue	0.01	14700	935	78854	5510	0.7273626917367639	0.011718407299251776	0.9401982731052126	0.820198075045334	0.9243283814223122	intrinsic	NaN	2026013
methylkit	simulator_intrinsic	coverage	10	methylkit	all	pvalue	0.05	16732	4567	75222	3478	0.827906976744186	0.05723846645527579	0.7855767876426123	0.8061866101327423	0.9243283814223122	intrinsic	NaN	2026013
methylkit	simulator_intrinsic	coverage	10	methylkit	all	qvalue	0.05	14700	935	78854	5510	0.7273626917367639	0.011718407299251776	0.9401982731052126	0.820198075045334	0.9243283814223122	intrinsic	NaN	2026013
methylkit	simulator_intrinsic	coverage	10	methylkit	0.2-0.4	qvalue	0.05	2551	935	78854	2456	0.5094867185939684	0.011718407299251776	0.7317842799770511	0.6007300129518427	NaN	intrinsic	NaN	2026013
methylkit	simulator_intrinsic	coverage	10	methylkit	0.4-0.6	qvalue	0.05	3982	935	78854	1103	0.7830875122910521	0.011718407299251776	0.8098434004474273	0.7962407518496301	NaN	intrinsic	NaN	2026013
methylkit	simulator_intrinsic	coverage	10	methylkit	0.6-0.8	qvalue	0.05	4099	935	78854	965	0.8094391785150079	0.011718407299251776	0.8142630115216528	0.8118439294909883	NaN	intrinsic	NaN	2026013
methylkit	simulator_intrinsic	coverage	10	methylkit	0.8-1.0	qvalue	0.05	4068	935	78854	986	0.8049070043529878	0.011718407299251776	0.8131121327203678	0.8089887640449438	NaN	intrinsic	NaN	2026013
dss	simulator_intrinsic	coverage	10	dss	all	pvalue	0.001	94	53	79737	20116	0.004651162790697674	0.0006642436395538287	0.6394557823129252	0.009235152527386157	0.6297230824680248	intrinsic	NaN	2026013
dss	simulator_intrinsic	coverage	10	dss	all	pvalue	0.005	289	256	79534	19921	0.014299851558634339	0.003208422108033588	0.5302752293577981	0.02784871115393881	0.6297230824680248	intrinsic	NaN	2026013
dss	simulator_intrinsic	coverage	10	dss	all	pvalue	0.01	480	457	79333	19730	0.02375061850569025	0.005727534778794335	0.512273212379936	0.045396510143282734	0.6297230824680248	intrinsic	NaN	2026013
dss	simulator_intrinsic	coverage	10	dss	all	pvalue	0.05	1491	1860	77930	18719	0.07377535873330035	0.02331119187868154	0.4449418084153984	0.1265650863715462	0.6297230824680248	intrinsic	NaN	2026013
dss	simulator_intrinsic	coverage	10	dss	all	qvalue	0.05	2	0	79790	20208	0.00009896091044037604	0.0	1.0	0.00019790223629527012	0.6297230824680248	intrinsic	NaN	2026013
dss	simulator_intrinsic	coverage	10	dss	0.2-0.4	qvalue	0.05	0	0	79790	5007	0.0	0.0	0.0	0.0	NaN	intrinsic	NaN	2026013
dss	simulator_intrinsic	coverage	10	dss	0.4-0.6	qvalue	0.05	0	0	79790	5085	0.0	0.0	0.0	0.0	NaN	intrinsic	NaN	2026013
dss	simulator_intrinsic	coverage	10	dss	0.6-0.8	qvalue	0.05	1	0	79790	5063	0.00019747235387045813	0.0	1.0	0.0003948667324777887	NaN	intrinsic	NaN	2026013
dss	simulator_intrinsic	coverage	10	dss	0.8-1.0	qvalue	0.05	1	0	79790	5053	0.00019786307874950534	0.0	1.0	0.0003956478733926805	NaN	intrinsic	NaN	2026013
dss_nosmooth	simulator_intrinsic	coverage	10	dss_nosmooth	all	pvalue	0.001	11145	77	79713	9065	0.5514596734289956	0.0009650332121819777	0.9931384779896631	0.7091499109188089	0.9068729533655236	intrinsic	NaN	2026013
dss_nosmooth	simulator_intrinsic	coverage	10	dss_nosmooth	all	pvalue	0.005	12645	314	79476	7565	0.6256803562592775	0.003935330241884948	0.9757697353190833	0.7624589224878652	0.9068729533655236	intrinsic	NaN	2026013
dss_nosmooth	simulator_intrinsic	coverage	10	dss_nosmooth	all	pvalue	0.01	13459	620	79170	6751	0.6659574468085107	0.007770397292893846	0.955962781447546	0.785033100994488	0.9068729533655236	intrinsic	NaN	2026013
dss_nosmooth	simulator_intrinsic	coverage	10	dss_nosmooth	all	pvalue	0.05	15148	2875	76915	5062	0.7495299356754083	0.036032084221080334	0.8404816068357099	0.7924044673449637	0.9068729533655236	intrinsic	NaN	2026013
dss_nosmooth	simulator_intrinsic	coverage	10	dss_nosmooth	all	qvalue	0.05	13247	489	79301	6963	0.6554675903018308	0.006128587542298534	0.9644001164822364	0.7804748718552996	0.9068729533655236	intrinsic	NaN	2026013
dss_nosmooth	simulator_intrinsic	coverage	10	dss_nosmooth	0.2-0.4	qvalue	0.05	1985	489	79301	3022	0.396444977032155	0.006128587542298534	0.8023443815683104	0.5306777168827697	NaN	intrinsic	NaN	2026013
dss_nosmooth	simulator_intrinsic	coverage	10	dss_nosmooth	0.4-0.6	qvalue	0.05	3555	489	79301	1530	0.6991150442477876	0.006128587542298534	0.879080118694362	0.7788366743345383	NaN	intrinsic	NaN	2026013
dss_nosmooth	simulator_intrinsic	coverage	10	dss_nosmooth	0.6-0.8	qvalue	0.05	3868	489	79301	1196	0.7638230647709321	0.006128587542298534	0.8877668120266238	0.8211442522025263	NaN	intrinsic	NaN	2026013
dss_nosmooth	simulator_intrinsic	coverage	10	dss_nosmooth	0.8-1.0	qvalue	0.05	3839	489	79301	1215	0.759596359319351	0.006128587542298534	0.887014787430684	0.8183756128757195	NaN	intrinsic	NaN	2026013
methylkit	simulator_intrinsic	coverage	10	methylkit	all	pvalue	0.001	11779	0	79852	8368	0.584652801905991	0.0	1.0	0.737893879596567	0.9866741323089749	threshold	0.2	2026013
methylkit	simulator_intrinsic	coverage	10	methylkit	all	pvalue	0.005	13911	210	79642	6236	0.6904750086861567	0.0026298652507138207	0.9851285319736562	0.811894478814054	0.9866741323089749	threshold	0.2	2026013
methylkit	simulator_intrinsic	coverage	10	methylkit	all	pvalue	0.01	14656	979	78873	5491	0.7274532188415148	0.01226018133547062	0.9373840741925168	0.8191828293555419	0.9866741323089749	threshold	0.2	2026013
methylkit	simulator_intrinsic	coverage	10	methylkit	all	pvalue	0.05	17582	3717	76135	2565	0.8726857596664516	0.046548614937634625	0.8254847645429363	0.84842928147469	0.9866741323089749	threshold	0.2	2026013
methylkit	simulator_intrinsic	coverage	10	methylkit	all	qvalue	0.05	14656	979	78873	5491	0.7274532188415148	0.01226018133547062	0.9373840741925168	0.8191828293555419	0.9866741323089749	threshold	0.2	2026013
methylkit	simulator_intrinsic	coverage	10	methylkit	0.2-0.4	qvalue	0.05	5261	979	78873	5491	0.48930431547619047	0.01226018133547062	0.8431089743589744	0.6192325800376648	NaN	threshold	0.2	2026013
methylkit	simulator_intrinsic	coverage	10	methylkit	0.4-0.6	qvalue	0.05	4545	979	78873	0	1.0	0.01226018133547062	0.8227733526430123	0.9027708809216407	NaN	threshold	0.2	2026013
methylkit	simulator_intrinsic	coverage	10	methylkit	0.6-0.8	qvalue	0.05	3295	979	78873	0	1.0	0.01226018133547062	0.7709405708937763	0.8706566257101335	NaN	threshold	0.2	2026013
methylkit	simulator_intrinsic	coverage	10	methylkit	0.8-1.0	qvalue	0.05	1555	979	78873	0	1.0	0.01226018133547062	0.6136543014996053	0.760577158229396	NaN	threshold	0.2	2026013
dss	simulator_intrinsic	coverage	10	dss	all	pvalue	0.001	91	56	79797	20056	0.004516801508909515	0.0007012886178352723	0.6190476190476191	0.008968167931408299	0.642111564618043	threshold	0.2	2026013
dss	simulator_intrinsic	coverage	10	dss	all	pvalue	0.005	284	261	79592	19863	0.014096391522311014	0.00326850587955368	0.5211009174311927	0.02745022230813841	0.642111564618043	threshold	0.2	2026013
dss	simulator_intrinsic	coverage	10	dss	all	pvalue	0.01	476	461	79392	19671	0.023626346354295925	0.005773108086108224	0.5080042689434365	0.0451527224435591	0.642111564618043	threshold	0.2	2026013
dss	simulator_intrinsic	coverage	10	dss	all	pvalue	0.05	1492	1859	77994	18655	0.07405569067354942	0.023280277509924487	0.44524022679797076	0.12698953102391694	0.642111564618043	threshold	0.2	2026013
dss	simulator_intrinsic	coverage	10	dss	all	qvalue	0.05	2	0	79853	20145	0.00009927036283317616	0.0	1.0	0.00019852101841282447	0.642111564618043	threshold	0.2	2026013
dss	simulator_intrinsic	coverage	10	dss	0.2-0.4	qvalue	0.05	0	0	79853	10752	0.0	0.0	0.0	0.0	NaN	threshold	0.2	2026013
dss	simulator_intrinsic	coverage	10	dss	0.4-0.6	qvalue	0.05	0	0	79853	4545	0.0	0.0	0.0	0.0	NaN	threshold	0.2	2026013
dss	simulator_intrinsic	coverage	10	dss	0.6-0.8	qvalue	0.05	1	0	79853	3294	0.00030349013657056146	0.0	1.0	0.0006067961165048543	NaN	threshold	0.2	2026013
dss	simulator_intrinsic	coverage	10	dss	0.8-1.0	qvalue	0.05	1	0	79853	1554	0.0006430868167202572	0.0	1.0	0.0012853470437017994	NaN	threshold	0.2	2026013
dss_nosmooth	simulator_intrinsic	coverage	10	dss_nosmooth	all	pvalue	0.001	11222	0	79853	8925	0.5570060058569514	0.0	1.0	0.7154834390640441	0.9864755617473762	threshold	0.2	2026013
dss_nosmooth	simulator_intrinsic	coverage	10	dss_nosmooth	all	pvalue	0.005	12920	39	79814	7227	0.641286543902318	0.000488397430278136	0.9969905085268925	0.7805231680057996	0.9864755617473762	threshold	0.2	2026013
dss_nosmooth	simulator_intrinsic	coverage	10	dss_nosmooth	all	pvalue	0.01	13904	175	79678	6243	0.6901275624162406	0.002191526930735226	0.9875701399247105	0.8124817390288085	0.9864755617473762	threshold	0.2	2026013
dss_nosmooth	simulator_intrinsic	coverage	10	dss_nosmooth	all	pvalue	0.05	16570	1453	78400	3577	0.8224549560728645	0.01819593503061876	0.9193807912112301	0.8682211160597327	0.9864755617473762	threshold	0.2	2026013
dss_nosmooth	simulator_intrinsic	coverage	10	dss_nosmooth	all	qvalue	0.05	13561	175	79678	6586	0.6731026951903509	0.002191526930735226	0.9872597553873035	0.8004604078741552	0.9864755617473762	threshold	0.2	2026013
dss_nosmooth	simulator_intrinsic	coverage	10	dss_nosmooth	0.2-0.4	qvalue	0.05	4279	175	79678	6473	0.39797247023809523	0.002191526930735226	0.9607094746295465	0.5628041562541102	NaN	threshold	0.2	2026013
dss_nosmooth	simulator_intrinsic	coverage	10	dss_nosmooth	0.4-0.6	qvalue	0.05	4432	175	79678	113	0.9751375137513751	0.002191526930735226	0.9620143260256132	0.9685314685314685	NaN	threshold	0.2	2026013
dss_nosmooth	simulator_intrinsic	coverage	10	dss_nosmooth	0.6-0.8	qvalue	0.05	3295	175	79678	0	1.0	0.002191526930735226	0.9495677233429395	0.9741315594974131	NaN	threshold	0.2	2026013
dss_nosmooth	simulator_intrinsic	coverage	10	dss_nosmooth	0.8-1.0	qvalue	0.05	1555	175	79678	0	1.0	0.002191526930735226	0.8988439306358381	0.9467275494672754	NaN	threshold	0.2	2026013
methylkit	simulator_intrinsic	coverage	10	methylkit	all	pvalue	0.001	11506	86	80120	8287	0.5813166270903855	0.0010722389846146174	0.9925810904071773	0.7332165046996973	0.9292685220441811	intrinsic	NaN	2026014
methylkit	simulator_intrinsic	coverage	10	methylkit	all	pvalue	0.005	13456	400	79806	6337	0.6798363057646643	0.004987158067974964	0.9711316397228638	0.7997860263306488	0.9292685220441811	intrinsic	NaN	2026014
methylkit	simulator_intrinsic	coverage	10	methylkit	all	pvalue	0.01	14436	877	79329	5357	0.7293487596625069	0.01093434406403511	0.9427284007052831	0.822423517347462	0.9292685220441811	intrinsic	NaN	2026014
methylkit	simulator_intrinsic	coverage	10	methylkit	all	pvalue	0.05	16541	4584	75622	3252	0.8356994897185874	0.057152831458993095	0.7830059171597633	0.8084950388582042	0.9292685220441811	intrinsic	NaN	2026014
methylkit	simulator_intrinsic	coverage	10	methylkit	all	qvalue	0.05	14436	877	79329	5357	0.7293487596625069	0.01093434406403511	0.9427284007052831	0.822423517347462	0.9292685220441811	intrinsic	NaN	2026014
methylkit	simulator_intrinsic	coverage	10	methylkit	0.2-0.4	qvalue	0.05	2535	877	79329	2475	0.5059880239520959	0.01093434406403511	0.7429660023446659	0.6019947755877464	NaN	intrinsic	NaN	2026014
methylkit	simulator_intrinsic	coverage	10	methylkit	0.4-0.6	qvalue	0.05	3884	877	79329	1003	0.7947616124411705	0.01093434406403511	0.8157950010501995	0.8051409618573798	NaN	intrinsic	NaN	2026014
methylkit	simulator_intrinsic	coverage	10	methylkit	0.6-0.8	qvalue	0.05	4002	877	79329	921	0.8129189518586228	0.01093434406403511	0.8202500512400082	0.8165680473372781	NaN	intrinsic	NaN	2026014
methylkit	simulator_intrinsic	coverage	10	methylkit	0.8-1.0	qvalue	0.05	4015	877	79329	958	0.8073597426100945	0.01093434406403511	0.820727718724448	0.8139888494678155	NaN	intrinsic	NaN	2026014
dss	simulator_intrinsic	coverage	10	dss	all	pvalue	0.001	83	64	80143	19710	0.004193401707674431	0.0007979353423017941	0.564625850340136	0.008324974924774324	0.6339395492987742	intrinsic	NaN	2026014
dss	simulator_intrinsic	coverage	10	dss	all	pvalue	0.005	299	266	79941	19494	0.01510635073005608	0.0033164187664418317	0.5292035398230088	0.02937420178799489	0.6339395492987742	intrinsic	NaN	2026014
dss	simulator_intrinsic	coverage	10	dss	all	pvalue	0.01	526	465	79742	19267	0.026575051785984943	0.005797498971411473	0.5307769929364279	0.05061585835257891	0.6339395492987742	intrinsic	NaN	2026014
dss	simulator_intrinsic	coverage	10	dss	all	pvalue	0.05	1482	1845	78362	18311	0.07487495579245187	0.023002979789793907	0.4454463480613165	0.12820069204152248	0.6339395492987742	intrinsic	NaN	2026014
dss	simulator_intrinsic	coverage	10	dss	all	qvalue	0.05	5	1	80206	19788	0.00025261456070327896	0.000012467739723465532	0.8333333333333334	0.000505076013940098	0.6339395492987742	intrinsic	NaN	2026014
dss	simulator_intrinsic	coverage	10	dss	0.2-0.4	qvalue	0.05	0	1	80206	5010	0.0	0.000012467739723465532	0.0	0.0	NaN	intrinsic	NaN	2026014
dss	simulator_intrinsic	coverage	10	dss	0.4-0.6	qvalue	0.05	1	1	80206	4886	0.0002046245140167792	0.000012467739723465532	0.5	0.00040908161178155044	NaN	intrinsic	NaN	2026014
dss	simulator_intrinsic	coverage	10	dss	0.6-0.8	qvalue	0.05	3	1	80206	4920	0.0006093845216331506	0.000012467739723465532	0.75	0.0012177795818956768	NaN	intrinsic	NaN	2026014
dss	simulator_intrinsic	coverage	10	dss	0.8-1.0	qvalue	0.05	1	1	80206	4972	0.00020108586366378444	0.000012467739723465532	0.5	0.0004020100502512563	NaN	intrinsic	NaN	2026014
dss_nosmooth	simulator_intrinsic	coverage	10	dss_nosmooth	all	pvalue	0.001	10954	91	80116	8839	0.5534279795887435	0.0011345643148353635	0.9917609778180172	0.7104222063687659	0.9120088938315498	intrinsic	NaN	2026014
dss_nosmooth	simulator_intrinsic	coverage	10	dss_nosmooth	all	pvalue	0.005	12429	336	79871	7364	0.6279492749962108	0.004189160547084419	0.9736780258519389	0.7634989864242275	0.9120088938315498	intrinsic	NaN	2026014
dss_nosmooth	simulator_intrinsic	coverage	10	dss_nosmooth	all	pvalue	0.01	13211	605	79602	6582	0.6674581922902036	0.007542982532696647	0.9562101910828026	0.7861584694575857	0.9120088938315498	intrinsic	NaN	2026014
dss_nosmooth	simulator_intrinsic	coverage	10	dss_nosmooth	all	pvalue	0.05	14984	2811	77396	4809	0.7570353155155863	0.03504681636266161	0.842034279291936	0.7972757262956263	0.9120088938315498	intrinsic	NaN	2026014
dss_nosmooth	simulator_intrinsic	coverage	10	dss_nosmooth	all	qvalue	0.05	12991	451	79756	6802	0.6563431516192594	0.0056229506152829555	0.9664484451718495	0.7817662103204454	0.9120088938315498	intrinsic	NaN	2026014
dss_nosmooth	simulator_intrinsic	coverage	10	dss_nosmooth	0.2-0.4	qvalue	0.05	1954	451	79756	3056	0.3900199600798403	0.0056229506152829555	0.8124740124740125	0.5270397842211733	NaN	intrinsic	NaN	2026014
dss_nosmooth	simulator_intrinsic	coverage	10	dss_nosmooth	0.4-0.6	qvalue	0.05	3503	451	79756	1384	0.7167996726007776	0.0056229506152829555	0.8859382903388974	0.7924442936319421	NaN	intrinsic	NaN	2026014
dss_nosmooth	simulator_intrinsic	coverage	10	dss_nosmooth	0.6-0.8	qvalue	0.05	3764	451	79756	1159	0.7645744464757261	0.0056229506152829555	0.8930011862396204	0.8238126504705625	NaN	intrinsic	NaN	2026014
dss_nosmooth	simulator_intrinsic	coverage	10	dss_nosmooth	0.8-1.0	qvalue	0.05	3770	451	79756	1203	0.7580937060124673	0.0056229506152829555	0.8931532812129827	0.8201000652599522	NaN	intrinsic	NaN	2026014
methylkit	simulator_intrinsic	coverage	10	methylkit	all	pvalue	0.001	11592	0	80112	8295	0.5828933474128828	0.0	1.0	0.7364909939959974	0.9862025607389425	threshold	0.2	2026014
methylkit	simulator_intrinsic	coverage	10	methylkit	all	pvalue	0.005	13657	199	79913	6230	0.6867300246392115	0.002484022368683843	0.9856379907621247	0.8094715941084076	0.9862025607389425	threshold	0.2	2026014
methylkit	simulator_intrinsic	coverage	10	methylkit	all	pvalue	0.01	14346	967	79145	5541	0.7213757731181174	0.01207060115837827	0.9368510415986416	0.8151136363636363	0.9862025607389425	threshold	0.2	2026014
methylkit	simulator_intrinsic	coverage	10	methylkit	all	pvalue	0.05	17293	3832	76280	2594	0.8695630311258611	0.047833033752746154	0.818603550295858	0.8433141519555252	0.9862025607389425	threshold	0.2	2026014
methylkit	simulator_intrinsic	coverage	10	methylkit	all	qvalue	0.05	14346	967	79145	5541	0.7213757731181174	0.01207060115837827	0.9368510415986416	0.8151136363636363	0.9862025607389425	threshold	0.2	2026014
methylkit	simulator_intrinsic	coverage	10	methylkit	0.2-0.4	qvalue	0.05	5121	967	79145	5541	0.4803038829487901	0.01207060115837827	0.8411629434954008	0.6114626865671642	NaN	threshold	0.2	2026014
methylkit	simulator_intrinsic	coverage	10	methylkit	0.4-0.6	qvalue	0.05	4486	967	79145	0	1.0	0.01207060115837827	0.8226664221529434	0.9027065097092263	NaN	threshold	0.2	2026014
methylkit	simulator_intrinsic	coverage	10	methylkit	0.6-0.8	qvalue	0.05	3230	967	79145	0	1.0	0.01207060115837827	0.7695973314272099	0.8697993806382119	NaN	threshold	0.2	2026014
methylkit	simulator_intrinsic	coverage	10	methylkit	0.8-1.0	qvalue	0.05	1509	967	79145	0	1.0	0.01207060115837827	0.6094507269789984	0.7573400250941029	NaN	threshold	0.2	2026014
dss	simulator_intrinsic	coverage	10	dss	all	pvalue	0.001	86	61	80052	19801	0.004324433046713934	0.0007614244879108259	0.5850340136054422	0.008585404811819906	0.6455216038371093	threshold	0.2	2026014
dss	simulator_intrinsic	coverage	10	dss	all	pvalue	0.005	296	269	79844	19591	0.014884095137527028	0.0033577571680001995	0.5238938053097345	0.02894582436925484	0.6455216038371093	threshold	0.2	2026014
dss	simulator_intrinsic	coverage	10	dss	all	pvalue	0.01	527	464	79649	19360	0.026499723437421432	0.005791819055583987	0.5317860746720484	0.050483762812529934	0.6455216038371093	threshold	0.2	2026014
dss	simulator_intrinsic	coverage	10	dss	all	pvalue	0.05	1540	1787	78326	18347	0.07743752199929602	0.02230599278519092	0.4628794709948903	0.1326785560437667	0.6455216038371093	threshold	0.2	2026014
dss	simulator_intrinsic	coverage	10	dss	all	qvalue	0.05	5	1	80112	19882	0.0002514205259717403	0.000012482368654275835	0.8333333333333334	0.0005026893882270145	0.6455216038371093	threshold	0.2	2026014
dss	simulator_intrinsic	coverage	10	dss	0.2-0.4	qvalue	0.05	0	1	80112	10662	0.0	0.000012482368654275835	0.0	0.0	NaN	threshold	0.2	2026014
dss	simulator_intrinsic	coverage	10	dss	0.4-0.6	qvalue	0.05	1	1	80112	4485	0.00022291573785109228	0.000012482368654275835	0.5	0.000445632798573975	NaN	threshold	0.2	2026014
dss	simulator_intrinsic	coverage	10	dss	0.6-0.8	qvalue	0.05	3	1	80112	3227	0.0009287925696594427	0.000012482368654275835	0.75	0.0018552875695732839	NaN	threshold	0.2	2026014
dss	simulator_intrinsic	coverage	10	dss	0.8-1.0	qvalue	0.05	1	1	80112	1508	0.0006626905235255136	0.000012482368654275835	0.5	0.0013236267372600927	NaN	threshold	0.2	2026014
dss_nosmooth	simulator_intrinsic	coverage	10	dss_nosmooth	all	pvalue	0.001	11045	0	80113	8842	0.5553879418715744	0.0	1.0	0.7141471615155826	0.9859386010406577	threshold	0.2	2026014
dss_nosmooth	simulator_intrinsic	coverage	10	dss_nosmooth	all	pvalue	0.005	12738	27	80086	7149	0.6405189319656057	0.00033702395366544754	0.9978848413631022	0.7802278574053657	0.9859386010406577	threshold	0.2	2026014
dss_nosmooth	simulator_intrinsic	coverage	10	dss_nosmooth	all	pvalue	0.01	13653	163	79950	6234	0.6865288882184342	0.002034626090646961	0.9882020845396642	0.810194938136071	0.9859386010406577	threshold	0.2	2026014
dss_nosmooth	simulator_intrinsic	coverage	10	dss_nosmooth	all	pvalue	0.05	16267	1528	78585	3620	0.81797153919646	0.019073059303733476	0.9141331834785053	0.8633830476089379	0.9859386010406577	threshold	0.2	2026014
dss_nosmooth	simulator_intrinsic	coverage	10	dss_nosmooth	all	qvalue	0.05	13279	163	79950	6608	0.667722632875748	0.002034626090646961	0.9878738282993602	0.7968435896666567	0.9859386010406577	threshold	0.2	2026014
dss_nosmooth	simulator_intrinsic	coverage	10	dss_nosmooth	0.2-0.4	qvalue	0.05	4180	163	79950	6482	0.3920465203526543	0.002034626090646961	0.9624683398572416	0.5571476174608464	NaN	threshold	0.2	2026014
dss_nosmooth	simulator_intrinsic	coverage	10	dss_nosmooth	0.4-0.6	qvalue	0.05	4360	163	79950	126	0.9719126170307624	0.002034626090646961	0.9639619721423833	0.9679209679209679	NaN	threshold	0.2	2026014
dss_nosmooth	simulator_intrinsic	coverage	10	dss_nosmooth	0.6-0.8	qvalue	0.05	3230	163	79950	0	1.0	0.002034626090646961	0.9519599174771588	0.9753887966178469	NaN	threshold	0.2	2026014
dss_nosmooth	simulator_intrinsic	coverage	10	dss_nosmooth	0.8-1.0	qvalue	0.05	1509	163	79950	0	1.0	0.002034626090646961	0.902511961722488	0.9487582521219742	NaN	threshold	0.2	2026014
methylkit	simulator_intrinsic	coverage	10	methylkit	all	pvalue	0.001	11640	68	79865	8426	0.5800857171334596	0.0008507124716950446	0.9941920054663478	0.7326745137533832	0.9266659147090479	intrinsic	NaN	2026015
methylkit	simulator_intrinsic	coverage	10	methylkit	all	pvalue	0.005	13623	398	79535	6443	0.6789095983255258	0.004979170054920996	0.9716140075600884	0.7993076539443189	0.9266659147090479	intrinsic	NaN	2026015
methylkit	simulator_intrinsic	coverage	10	methylkit	all	pvalue	0.01	14648	903	79030	5418	0.7299910296023123	0.011296961205009195	0.9419329946627226	0.8225285678187383	0.9266659147090479	intrinsic	NaN	2026015
methylkit	simulator_intrinsic	coverage	10	methylkit	all	pvalue	0.05	16674	4509	75424	3392	0.8309578391308682	0.056409743159896414	0.7871406316385781	0.8084559625687896	0.9266659147090479	intrinsic	NaN	2026015
methylkit	simulator_intrinsic	coverage	10	methylkit	all	qvalue	0.05	14648	903	79030	5418	0.7299910296023123	0.011296961205009195	0.9419329946627226	0.8225285678187383	0.9266659147090479	intrinsic	NaN	2026015
methylkit	simulator_intrinsic	coverage	10	methylkit	0.2-0.4	qvalue	0.05	2463	903	79030	2493	0.49697336561743344	0.011296961205009195	0.731729055258467	0.5919250180245134	NaN	intrinsic	NaN	2026015
methylkit	simulator_intrinsic	coverage	10	methylkit	0.4-0.6	qvalue	0.05	3972	903	79030	1060	0.7893481717011129	0.011296961205009195	0.8147692307692308	0.8018572726355102	NaN	intrinsic	NaN	2026015
methylkit	simulator_intrinsic	coverage	10	methylkit	0.6-0.8	qvalue	0.05	4082	903	79030	933	0.8139581256231306	0.011296961205009195	0.8188565697091273	0.8164	NaN	intrinsic	NaN	2026015
methylkit	simulator_intrinsic	coverage	10	methylkit	0.8-1.0	qvalue	0.05	4131	903	79030	932	0.8159194153663836	0.011296961205009195	0.8206197854588796	0.8182628503515896	NaN	intrinsic	NaN	2026015
dss	simulator_intrinsic	coverage	10	dss	all	pvalue	0.001	82	57	79877	19984	0.004086514502142928	0.0007130882978457228	0.5899280575539568	0.00811680277159119	0.6313898228971224	intrinsic	NaN	2026015
dss	simulator_intrinsic	coverage	10	dss	all	pvalue	0.005	265	246	79688	19801	0.013206418817900927	0.0030775389696499613	0.5185909980430529	0.02575691305826894	0.6313898228971224	intrinsic	NaN	2026015
dss	simulator_intrinsic	coverage	10	dss	all	pvalue	0.01	488	465	79469	19578	0.02431974484202133	0.005817299271899317	0.5120671563483735	0.046434178600314	0.6313898228971224	intrinsic	NaN	2026015
dss	simulator_intrinsic	coverage	10	dss	all	pvalue	0.05	1523	1849	78085	18543	0.07589953154589854	0.02313158355643406	0.45166073546856467	0.12995989418892398	0.6313898228971224	intrinsic	NaN	2026015
dss	simulator_intrinsic	coverage	10	dss	all	qvalue	0.05	3	1	79933	20063	0.0001495066281271803	0.000012510321014837241	0.75	0.00029895366218236175	0.6313898228971224	intrinsic	NaN	2026015
dss	simulator_intrinsic	coverage	10	dss	0.2-0.4	qvalue	0.05	0	1	79933	4956	0.0	0.000012510321014837241	0.0	0.0	NaN	intrinsic	NaN	2026015
dss	simulator_intrinsic	coverage	10	dss	0.4-0.6	qvalue	0.05	0	1	79933	5032	0.0	0.000012510321014837241	0.0	0.0	NaN	intrinsic	NaN	2026015
dss	simulator_intrinsic	coverage	10	dss	0.6-0.8	qvalue	0.05	1	1	79933	5014	0.00019940179461615153	0.000012510321014837241	0.5	0.00039864460833167234	NaN	intrinsic	NaN	2026015
dss	simulator_intrinsic	coverage	10	dss	0.8-1.0	qvalue	0.05	2	1	79933	5061	0.00039502271380604387	0.000012510321014837241	0.6666666666666666	0.0007895775759968417	NaN	intrinsic	NaN	2026015
dss_nosmooth	simulator_intrinsic	coverage	10	dss_nosmooth	all	pvalue	0.001	11084	68	79866	8982	0.5523771553872222	0.0008507018290089324	0.9939024390243902	0.710103145621116	0.9098839487608673	intrinsic	NaN	2026015
dss_nosmooth	simulator_intrinsic	coverage	10	dss_nosmooth	all	pvalue	0.005	12559	314	79620	7507	0.6258845808830859	0.003928240798658894	0.9756078614153655	0.762561097786818	0.9098839487608673	intrinsic	NaN	2026015
dss_nosmooth	simulator_intrinsic	coverage	10	dss_nosmooth	all	pvalue	0.01	13352	612	79322	6714	0.6654041662513704	0.0076563164610803916	0.9561730163276998	0.7847193652659418	0.9098839487608673	intrinsic	NaN	2026015
dss_nosmooth	simulator_intrinsic	coverage	10	dss_nosmooth	all	pvalue	0.05	15085	2794	77140	4981	0.7517691617661716	0.03495383691545525	0.8437272778119581	0.7950981684016339	0.9098839487608673	intrinsic	NaN	2026015
dss_nosmooth	simulator_intrinsic	coverage	10	dss_nosmooth	all	qvalue	0.05	13136	446	79488	6930	0.6546396890262135	0.00557960317261741	0.9671624208511265	0.780789348549691	0.9098839487608673	intrinsic	NaN	2026015
dss_nosmooth	simulator_intrinsic	coverage	10	dss_nosmooth	0.2-0.4	qvalue	0.05	1852	446	79488	3104	0.37368845843422116	0.00557960317261741	0.8059181897302001	0.5106148331954784	NaN	intrinsic	NaN	2026015
dss_nosmooth	simulator_intrinsic	coverage	10	dss_nosmooth	0.4-0.6	qvalue	0.05	3559	446	79488	1473	0.7072734499205088	0.00557960317261741	0.8886392009987516	0.7876507690605289	NaN	intrinsic	NaN	2026015
dss_nosmooth	simulator_intrinsic	coverage	10	dss_nosmooth	0.6-0.8	qvalue	0.05	3840	446	79488	1175	0.765702891326022	0.00557960317261741	0.8959402706486235	0.8257176647672293	NaN	intrinsic	NaN	2026015
dss_nosmooth	simulator_intrinsic	coverage	10	dss_nosmooth	0.8-1.0	qvalue	0.05	3885	446	79488	1178	0.7673316215682402	0.00557960317261741	0.8970214731009005	0.827123695976155	NaN	intrinsic	NaN	2026015
methylkit	simulator_intrinsic	coverage	10	methylkit	all	pvalue	0.001	11708	0	79999	8292	0.5854	0.0	1.0	0.7384887094739498	0.9865619328125	threshold	0.2	2026015
methylkit	simulator_intrinsic	coverage	10	methylkit	all	pvalue	0.005	13816	205	79794	6184	0.6908	0.0025625320316503956	0.9853790742457742	0.8122042268010934	0.9865619328125	threshold	0.2	2026015
methylkit	simulator_intrinsic	coverage	10	methylkit	all	pvalue	0.01	14561	990	79009	5439	0.72805	0.012375154689433617	0.9363384991318886	0.8191612050293944	0.9865619328125	threshold	0.2	2026015
methylkit	simulator_intrinsic	coverage	10	methylkit	all	pvalue	0.05	17422	3761	76238	2578	0.8711	0.0470130876635958	0.8224519661993107	0.846077264890853	0.9865619328125	threshold	0.2	2026015
methylkit	simulator_intrinsic	coverage	10	methylkit	all	qvalue	0.05	14561	990	79009	5439	0.72805	0.012375154689433617	0.9363384991318886	0.8191612050293944	0.9865619328125	threshold	0.2	2026015
methylkit	simulator_intrinsic	coverage	10	methylkit	0.2-0.4	qvalue	0.05	5173	990	79009	5439	0.487467018469657	0.012375154689433617	0.8393639461301314	0.6167511177347242	NaN	threshold	0.2	2026015
methylkit	simulator_intrinsic	coverage	10	methylkit	0.4-0.6	qvalue	0.05	4687	990	79009	0	1.0	0.012375154689433617	0.8256121190769773	0.9044770358934774	NaN	threshold	0.2	2026015
methylkit	simulator_intrinsic	coverage	10	methylkit	0.6-0.8	qvalue	0.05	3165	990	79009	0	1.0	0.012375154689433617	0.7617328519855595	0.8647540983606558	NaN	threshold	0.2	2026015
methylkit	simulator_intrinsic	coverage	10	methylkit	0.8-1.0	qvalue	0.05	1536	990	79009	0	1.0	0.012375154689433617	0.6080760095011877	0.7562776957163959	NaN	threshold	0.2	2026015
dss	simulator_intrinsic	coverage	10	dss	all	pvalue	0.001	82	57	79943	19918	0.0041	0.0007125	0.5899280575539568	0.008143403346740156	0.6434545115625	threshold	0.2	2026015
dss	simulator_intrinsic	coverage	10	dss	all	pvalue	0.005	255	256	79744	19745	0.01275	0.0032	0.49902152641878667	0.024864706742723418	0.6434545115625	threshold	0.2	2026015
dss	simulator_intrinsic	coverage	10	dss	all	pvalue	0.01	484	469	79531	19516	0.0242	0.0058625	0.5078698845750262	0.046198635040328354	0.6434545115625	threshold	0.2	2026015
dss	simulator_intrinsic	coverage	10	dss	all	pvalue	0.05	1555	1817	78183	18445	0.07775	0.0227125	0.4611506524317912	0.13306520622967655	0.6434545115625	threshold	0.2	2026015
dss	simulator_intrinsic	coverage	10	dss	all	qvalue	0.05	3	1	79999	19997	0.00015	0.0000125	0.75	0.00029994001199760045	0.6434545115625	threshold	0.2	2026015
dss	simulator_intrinsic	coverage	10	dss	0.2-0.4	qvalue	0.05	0	1	79999	10612	0.0	0.0000125	0.0	0.0	NaN	threshold	0.2	2026015
dss	simulator_intrinsic	coverage	10	dss	0.4-0.6	qvalue	0.05	1	1	79999	4686	0.0002133560913164071	0.0000125	0.5	0.00042653017701002344	NaN	threshold	0.2	2026015
dss	simulator_intrinsic	coverage	10	dss	0.6-0.8	qvalue	0.05	0	1	79999	3165	0.0	0.0000125	0.0	0.0	NaN	threshold	0.2	2026015
dss	simulator_intrinsic	coverage	10	dss	0.8-1.0	qvalue	0.05	2	1	79999	1534	0.0013020833333333333	0.0000125	0.6666666666666666	0.002599090318388564	NaN	threshold	0.2	2026015
dss_nosmooth	simulator_intrinsic	coverage	10	dss_nosmooth	all	pvalue	0.001	11152	0	80000	8848	0.5576	0.0	1.0	0.7159732922444787	0.9864684015625	threshold	0.2	2026015
dss_nosmooth	simulator_intrinsic	coverage	10	dss_nosmooth	all	pvalue	0.005	12839	34	79966	7161	0.64195	0.000425	0.9973588130194981	0.7811273689654123	0.9864684015625	threshold	0.2	2026015
dss_nosmooth	simulator_intrinsic	coverage	10	dss_nosmooth	all	pvalue	0.01	13795	169	79831	6205	0.68975	0.0021125	0.9878974505872243	0.8123307030973972	0.9864684015625	threshold	0.2	2026015
dss_nosmooth	simulator_intrinsic	coverage	10	dss_nosmooth	all	pvalue	0.05	16385	1494	78506	3615	0.81925	0.018675	0.9164382795458359	0.8651231553103302	0.9864684015625	threshold	0.2	2026015
dss_nosmooth	simulator_intrinsic	coverage	10	dss_nosmooth	all	qvalue	0.05	13413	169	79831	6587	0.67065	0.0021125	0.9875570608157856	0.7988207968554583	0.9864684015625	threshold	0.2	2026015
dss_nosmooth	simulator_intrinsic	coverage	10	dss_nosmooth	0.2-0.4	qvalue	0.05	4165	169	79831	6447	0.3924802110817942	0.0021125	0.9610059990770651	0.557339756456577	NaN	threshold	0.2	2026015
dss_nosmooth	simulator_intrinsic	coverage	10	dss_nosmooth	0.4-0.6	qvalue	0.05	4547	169	79831	140	0.970130147215703	0.0021125	0.964164546225615	0.967138147399766	NaN	threshold	0.2	2026015
dss_nosmooth	simulator_intrinsic	coverage	10	dss_nosmooth	0.6-0.8	qvalue	0.05	3165	169	79831	0	1.0	0.0021125	0.9493101379724055	0.9739959993845207	NaN	threshold	0.2	2026015
dss_nosmooth	simulator_intrinsic	coverage	10	dss_nosmooth	0.8-1.0	qvalue	0.05	1536	169	79831	0	1.0	0.0021125	0.9008797653958944	0.9478556001234187	NaN	threshold	0.2	2026015
methylkit	simulator_intrinsic	coverage	10	methylkit	all	pvalue	0.001	11630	59	79968	8342	0.582315241337873	0.0007372511777275169	0.9949525194627428	0.7346577808660497	0.925347661277195	intrinsic	NaN	2026016
methylkit	simulator_intrinsic	coverage	10	methylkit	all	pvalue	0.005	13558	409	79618	6414	0.6788503905467654	0.005110775113399228	0.9707166893391566	0.7989628451044521	0.925347661277195	intrinsic	NaN	2026016
methylkit	simulator_intrinsic	coverage	10	methylkit	all	pvalue	0.01	14544	919	79108	5428	0.7282195073102343	0.011483624276806577	0.9405678070232167	0.8208833074643714	0.925347661277195	intrinsic	NaN	2026016
methylkit	simulator_intrinsic	coverage	10	methylkit	all	pvalue	0.05	16604	4517	75510	3368	0.8313639094732626	0.05644345033551176	0.7861370200274608	0.8081181709780254	0.925347661277195	intrinsic	NaN	2026016
methylkit	simulator_intrinsic	coverage	10	methylkit	all	qvalue	0.05	14544	919	79108	5428	0.7282195073102343	0.011483624276806577	0.9405678070232167	0.8208833074643714	0.925347661277195	intrinsic	NaN	2026016
methylkit	simulator_intrinsic	coverage	10	methylkit	0.2-0.4	qvalue	0.05	2576	919	79108	2395	0.5182055924361295	0.011483624276806577	0.7370529327610873	0.6085518544767304	NaN	intrinsic	NaN	2026016
methylkit	simulator_intrinsic	coverage	10	methylkit	0.4-0.6	qvalue	0.05	3959	919	79108	1115	0.7802522664564446	0.011483624276806577	0.8116031160311603	0.7956189710610932	NaN	intrinsic	NaN	2026016
methylkit	simulator_intrinsic	coverage	10	methylkit	0.6-0.8	qvalue	0.05	4043	919	79108	982	0.8045771144278607	0.011483624276806577	0.8147924224103185	0.8096525483128066	NaN	intrinsic	NaN	2026016
methylkit	simulator_intrinsic	coverage	10	methylkit	0.8-1.0	qvalue	0.05	3966	919	79108	936	0.8090575275397797	0.011483624276806577	0.8118730808597748	0.8104628588944518	NaN	intrinsic	NaN	2026016
dss	simulator_intrinsic	coverage	10	dss	all	pvalue	0.001	88	64	79964	19884	0.004406168636090527	0.000799720097965712	0.5789473684210527	0.008745776187636653	0.6302467457164076	intrinsic	NaN	2026016
dss	simulator_intrinsic	coverage	10	dss	all	pvalue	0.005	272	228	79800	19700	0.01361906669337072	0.002849002849002849	0.544	0.02657288003126221	0.6302467457164076	intrinsic	NaN	2026016
dss	simulator_intrinsic	coverage	10	dss	all	pvalue	0.01	459	434	79594	19513	0.02298217504506309	0.005423101914329985	0.5139977603583427	0.043997124370956146	0.6302467457164076	intrinsic	NaN	2026016
dss	simulator_intrinsic	coverage	10	dss	all	pvalue	0.05	1466	1797	78231	18506	0.07340276386941719	0.02245464087569351	0.44927980386147714	0.12618893910049495	0.6302467457164076	intrinsic	NaN	2026016
dss	simulator_intrinsic	coverage	10	dss	all	qvalue	0.05	1	1	80027	19971	0.00005007009813739235	0.00001249562653071425	0.5	0.00010013016921998598	0.6302467457164076	intrinsic	NaN	2026016
dss	simulator_intrinsic	coverage	10	dss	0.2-0.4	qvalue	0.05	0	1	80027	4971	0.0	0.00001249562653071425	0.0	0.0	NaN	intrinsic	NaN	2026016
dss	simulator_intrinsic	coverage	10	dss	0.4-0.6	qvalue	0.05	0	1	80027	5074	0.0	0.00001249562653071425	0.0	0.0	NaN	intrinsic	NaN	2026016
dss	simulator_intrinsic	coverage	10	dss	0.6-0.8	qvalue	0.05	0	1	80027	5025	0.0	0.00001249562653071425	0.0	0.0	NaN	intrinsic	NaN	2026016
dss	simulator_intrinsic	coverage	10	dss	0.8-1.0	qvalue	0.05	1	1	80027	4901	0.0002039983680130559	0.00001249562653071425	0.5	0.0004078303425774878	NaN	intrinsic	NaN	2026016
dss_nosmooth	simulator_intrinsic	coverage	10	dss_nosmooth	all	pvalue	0.001	10992	70	79958	8980	0.5503705187262167	0.0008746938571499975	0.9936720303742542	0.7083843526454856	0.9085312595653608	intrinsic	NaN	2026016
dss_nosmooth	simulator_intrinsic	coverage	10	dss_nosmooth	all	pvalue	0.005	12503	302	79726	7469	0.6260264370118166	0.0037736792122757034	0.976415462709879	0.7629130182750099	0.9085312595653608	intrinsic	NaN	2026016
dss_nosmooth	simulator_intrinsic	coverage	10	dss_nosmooth	all	pvalue	0.01	13295	589	79439	6677	0.6656819547366313	0.0073599240265906935	0.9575770671276289	0.7853851606805293	0.9085312595653608	intrinsic	NaN	2026016
dss_nosmooth	simulator_intrinsic	coverage	10	dss_nosmooth	all	pvalue	0.05	15001	2875	77153	4971	0.7511015421590226	0.035924926275803466	0.839169836652495	0.7926971042062989	0.9085312595653608	intrinsic	NaN	2026016
dss_nosmooth	simulator_intrinsic	coverage	10	dss_nosmooth	all	qvalue	0.05	13082	448	79580	6890	0.6550170238333667	0.005598040685759984	0.9668883961566889	0.7809683003999761	0.9085312595653608	intrinsic	NaN	2026016
dss_nosmooth	simulator_intrinsic	coverage	10	dss_nosmooth	0.2-0.4	qvalue	0.05	1995	448	79580	2976	0.4013277006638503	0.005598040685759984	0.8166189111747851	0.5381710277852711	NaN	intrinsic	NaN	2026016
dss_nosmooth	simulator_intrinsic	coverage	10	dss_nosmooth	0.4-0.6	qvalue	0.05	3525	448	79580	1549	0.6947181710681908	0.005598040685759984	0.8872388623206645	0.7792638443682989	NaN	intrinsic	NaN	2026016
dss_nosmooth	simulator_intrinsic	coverage	10	dss_nosmooth	0.6-0.8	qvalue	0.05	3833	448	79580	1192	0.7627860696517413	0.005598040685759984	0.8953515533753796	0.8237696110036535	NaN	intrinsic	NaN	2026016
dss_nosmooth	simulator_intrinsic	coverage	10	dss_nosmooth	0.8-1.0	qvalue	0.05	3729	448	79580	1173	0.7607099143206855	0.005598040685759984	0.8927459899449366	0.8214561075008261	NaN	intrinsic	NaN	2026016
methylkit	simulator_intrinsic	coverage	10	methylkit	all	pvalue	0.001	11689	0	80079	8231	0.5867971887550201	0.0	1.0	0.739599481160429	0.9862010633066732	threshold	0.2	2026016
methylkit	simulator_intrinsic	coverage	10	methylkit	all	pvalue	0.005	13751	216	79863	6169	0.6903112449799197	0.0026973363803244298	0.9845349752989189	0.8115796618172161	0.9862010633066732	threshold	0.2	2026016
methylkit	simulator_intrinsic	coverage	10	methylkit	all	pvalue	0.01	14460	1003	79076	5460	0.7259036144578314	0.0125251314327102	0.9351354847054258	0.8173416612497527	0.9862010633066732	threshold	0.2	2026016
methylkit	simulator_intrinsic	coverage	10	methylkit	all	pvalue	0.05	17293	3828	76251	2627	0.8681224899598393	0.04780279474019406	0.8187585815065574	0.8427182573524037	0.9862010633066732	threshold	0.2	2026016
methylkit	simulator_intrinsic	coverage	10	methylkit	all	qvalue	0.05	14460	1003	79076	5460	0.7259036144578314	0.0125251314327102	0.9351354847054258	0.8173416612497527	0.9862010633066732	threshold	0.2	2026016
methylkit	simulator_intrinsic	coverage	10	methylkit	0.2-0.4	qvalue	0.05	5048	1003	79076	5460	0.48039588884659307	0.0125251314327102	0.8342422740042968	0.60969865330032	NaN	threshold	0.2	2026016
methylkit	simulator_intrinsic	coverage	10	methylkit	0.4-0.6	qvalue	0.05	4763	1003	79076	0	1.0	0.0125251314327102	0.8260492542490462	0.9047392914806724	NaN	threshold	0.2	2026016
methylkit	simulator_intrinsic	coverage	10	methylkit	0.6-0.8	qvalue	0.05	3186	1003	79076	0	1.0	0.0125251314327102	0.7605633802816901	0.864	NaN	threshold	0.2	2026016
methylkit	simulator_intrinsic	coverage	10	methylkit	0.8-1.0	qvalue	0.05	1463	1003	79076	0	1.0	0.0125251314327102	0.5932684509326845	0.7447187579536778	NaN	threshold	0.2	2026016
dss	simulator_intrinsic	coverage	10	dss	all	pvalue	0.001	89	63	80017	19831	0.004467871485943775	0.0007867132867132868	0.5855263157894737	0.008868074930251097	0.6415246826466706	threshold	0.2	2026016
dss	simulator_intrinsic	coverage	10	dss	all	pvalue	0.005	269	231	79849	19651	0.013504016064257027	0.0028846153846153848	0.538	0.026346718903036238	0.6415246826466706	threshold	0.2	2026016
dss	simulator_intrinsic	coverage	10	dss	all	pvalue	0.01	461	432	79648	19459	0.023142570281124496	0.005394605394605395	0.5162374020156775	0.04429923605438908	0.6415246826466706	threshold	0.2	2026016
dss	simulator_intrinsic	coverage	10	dss	all	pvalue	0.05	1494	1769	78311	18426	0.075	0.02209040959040959	0.4578608642353662	0.12888754690937324	0.6415246826466706	threshold	0.2	2026016
dss	simulator_intrinsic	coverage	10	dss	all	qvalue	0.05	1	1	80079	19919	0.00005020080321285141	0.000012487512487512488	0.5	0.00010039152695512498	0.6415246826466706	threshold	0.2	2026016
dss	simulator_intrinsic	coverage	10	dss	0.2-0.4	qvalue	0.05	0	1	80079	10508	0.0	0.000012487512487512488	0.0	0.0	NaN	threshold	0.2	2026016
dss	simulator_intrinsic	coverage	10	dss	0.4-0.6	qvalue	0.05	0	1	80079	4763	0.0	0.000012487512487512488	0.0	0.0	NaN	threshold	0.2	2026016
dss	simulator_intrinsic	coverage	10	dss	0.6-0.8	qvalue	0.05	0	1	80079	3186	0.0	0.000012487512487512488	0.0	0.0	NaN	threshold	0.2	2026016
dss	simulator_intrinsic	coverage	10	dss	0.8-1.0	qvalue	0.05	1	1	80079	1462	0.000683526999316473	0.000012487512487512488	0.5	0.0013651877133105802	NaN	threshold	0.2	2026016
dss_nosmooth	simulator_intrinsic	coverage	10	dss_nosmooth	all	pvalue	0.001	11062	0	80080	8858	0.5553212851405622	0.0	1.0	0.7140920534503905	0.985963449201401	threshold	0.2	2026016
dss_nosmooth	simulator_intrinsic	coverage	10	dss_nosmooth	all	pvalue	0.005	12764	41	80039	7156	0.6407630522088353	0.000511988011988012	0.9967981257321359	0.7800763941940413	0.985963449201401	threshold	0.2	2026016
dss_nosmooth	simulator_intrinsic	coverage	10	dss_nosmooth	all	pvalue	0.01	13706	178	79902	6214	0.6880522088353414	0.002222777222777223	0.9871794871794872	0.8109099514850313	0.985963449201401	threshold	0.2	2026016
dss_nosmooth	simulator_intrinsic	coverage	10	dss_nosmooth	all	pvalue	0.05	16324	1552	78528	3596	0.8194779116465863	0.01938061938061938	0.9131796822555381	0.8637951105937136	0.985963449201401	threshold	0.2	2026016
dss_nosmooth	simulator_intrinsic	coverage	10	dss_nosmooth	all	qvalue	0.05	13352	178	79902	6568	0.6702811244979919	0.002222777222777223	0.9868440502586844	0.7983258594917788	0.985963449201401	threshold	0.2	2026016
dss_nosmooth	simulator_intrinsic	coverage	10	dss_nosmooth	0.2-0.4	qvalue	0.05	4091	178	79902	6417	0.38932242101256187	0.002222777222777223	0.9583040524713048	0.5536983149489071	NaN	threshold	0.2	2026016
dss_nosmooth	simulator_intrinsic	coverage	10	dss_nosmooth	0.4-0.6	qvalue	0.05	4612	178	79902	151	0.9682972916229268	0.002222777222777223	0.962839248434238	0.9655605568931226	NaN	threshold	0.2	2026016
dss_nosmooth	simulator_intrinsic	coverage	10	dss_nosmooth	0.6-0.8	qvalue	0.05	3186	178	79902	0	1.0	0.002222777222777223	0.9470868014268727	0.972824427480916	NaN	threshold	0.2	2026016
dss_nosmooth	simulator_intrinsic	coverage	10	dss_nosmooth	0.8-1.0	qvalue	0.05	1463	178	79902	0	1.0	0.002222777222777223	0.8915295551492992	0.9426546391752577	NaN	threshold	0.2	2026016
methylkit	simulator_intrinsic	coverage	10	methylkit	all	pvalue	0.001	11554	84	79974	8387	0.5794092573090618	0.001049239301506408	0.9927822649939853	0.7317521137464771	0.926429395913914	intrinsic	NaN	2026017
methylkit	simulator_intrinsic	coverage	10	methylkit	all	pvalue	0.005	13557	405	79653	6384	0.6798555739431322	0.0050588323465487525	0.9709926944563816	0.7997522343155473	0.926429395913914	intrinsic	NaN	2026017
methylkit	simulator_intrinsic	coverage	10	methylkit	all	pvalue	0.01	14605	879	79179	5336	0.7324106113033448	0.010979539833620626	0.9432317230689744	0.8245589273112209	0.926429395913914	intrinsic	NaN	2026017
methylkit	simulator_intrinsic	coverage	10	methylkit	all	pvalue	0.05	16638	4551	75507	3303	0.8343613660297878	0.05684628644232931	0.7852187455755345	0.8090444930707513	0.926429395913914	intrinsic	NaN	2026017
methylkit	simulator_intrinsic	coverage	10	methylkit	all	qvalue	0.05	14605	879	79179	5336	0.7324106113033448	0.010979539833620626	0.9432317230689744	0.8245589273112209	0.926429395913914	intrinsic	NaN	2026017
methylkit	simulator_intrinsic	coverage	10	methylkit	0.2-0.4	qvalue	0.05	2515	879	79179	2384	0.5133700755256174	0.010979539833620626	0.7410135533294049	0.6065356324611118	NaN	intrinsic	NaN	2026017
methylkit	simulator_intrinsic	coverage	10	methylkit	0.4-0.6	qvalue	0.05	3940	879	79179	1058	0.7883153261304522	0.010979539833620626	0.8175970118281801	0.8026892125904044	NaN	intrinsic	NaN	2026017
methylkit	simulator_intrinsic	coverage	10	methylkit	0.6-0.8	qvalue	0.05	4073	879	79179	957	0.8097415506958251	0.010979539833620626	0.8224959612277868	0.816068924063314	NaN	intrinsic	NaN	2026017
methylkit	simulator_intrinsic	coverage	10	methylkit	0.8-1.0	qvalue	0.05	4077	879	79179	937	0.8131232548863183	0.010979539833620626	0.822639225181598	0.8178535606820462	NaN	intrinsic	NaN	2026017
dss	simulator_intrinsic	coverage	10	dss	all	pvalue	0.001	91	64	79995	19850	0.004563462213529913	0.0007994104348043318	0.5870967741935483	0.009056528662420382	0.6291858012075304	intrinsic	NaN	2026017
dss	simulator_intrinsic	coverage	10	dss	all	pvalue	0.005	275	233	79826	19666	0.013790682513414573	0.0029103536142095206	0.5413385826771654	0.02689618074233459	0.6291858012075304	intrinsic	NaN	2026017
dss	simulator_intrinsic	coverage	10	dss	all	pvalue	0.01	478	405	79654	19463	0.023970713605135148	0.005058769157746162	0.5413363533408834	0.04590856703803304	0.6291858012075304	intrinsic	NaN	2026017
dss	simulator_intrinsic	coverage	10	dss	all	pvalue	0.05	1512	1849	78210	18429	0.07582367985557395	0.0230954670930189	0.44986611127640586	0.12977426830314995	0.6291858012075304	intrinsic	NaN	2026017
dss	simulator_intrinsic	coverage	10	dss	all	qvalue	0.05	5	2	80057	19936	0.0002507396820620831	0.00002498157608763537	0.7142857142857143	0.0005013033888109083	0.6291858012075304	intrinsic	NaN	2026017
dss	simulator_intrinsic	coverage	10	dss	0.2-0.4	qvalue	0.05	0	2	80057	4899	0.0	0.00002498157608763537	0.0	0.0	NaN	intrinsic	NaN	2026017
dss	simulator_intrinsic	coverage	10	dss	0.4-0.6	qvalue	0.05	0	2	80057	4998	0.0	0.00002498157608763537	0.0	0.0	NaN	intrinsic	NaN	2026017
dss	simulator_intrinsic	coverage	10	dss	0.6-0.8	qvalue	0.05	1	2	80057	5029	0.00019880715705765408	0.00002498157608763537	0.3333333333333333	0.00039737730975561295	NaN	intrinsic	NaN	2026017
dss	simulator_intrinsic	coverage	10	dss	0.8-1.0	qvalue	0.05	4	2	80057	5010	0.0007977662544874351	0.00002498157608763537	0.6666666666666666	0.0015936254980079682	NaN	intrinsic	NaN	2026017
dss_nosmooth	simulator_intrinsic	coverage	10	dss_nosmooth	all	pvalue	0.001	11019	81	79978	8922	0.5525801113284189	0.0010117538315492325	0.9927027027027027	0.7099642408427563	0.9089573553866392	intrinsic	NaN	2026017
dss_nosmooth	simulator_intrinsic	coverage	10	dss_nosmooth	all	pvalue	0.005	12511	334	79725	7430	0.6274008324557444	0.004171923206635107	0.9739976644608798	0.7631916061733667	0.9089573553866392	intrinsic	NaN	2026017
dss_nosmooth	simulator_intrinsic	coverage	10	dss_nosmooth	all	pvalue	0.01	13286	595	79464	6655	0.6662654831753674	0.007432018886071522	0.957135653050933	0.785642481225238	0.9089573553866392	intrinsic	NaN	2026017
dss_nosmooth	simulator_intrinsic	coverage	10	dss_nosmooth	all	pvalue	0.05	15017	2813	77246	4924	0.7530715611052605	0.03513658676725915	0.8422321929332586	0.7951603081729369	0.9089573553866392	intrinsic	NaN	2026017
dss_nosmooth	simulator_intrinsic	coverage	10	dss_nosmooth	all	qvalue	0.05	13056	463	79596	6885	0.6547314578005116	0.005783234864287588	0.9657519047266809	0.7803945008965929	0.9089573553866392	intrinsic	NaN	2026017
dss_nosmooth	simulator_intrinsic	coverage	10	dss_nosmooth	0.2-0.4	qvalue	0.05	1904	463	79596	2995	0.3886507450500102	0.005783234864287588	0.8043937473595268	0.5240847784200385	NaN	intrinsic	NaN	2026017
dss_nosmooth	simulator_intrinsic	coverage	10	dss_nosmooth	0.4-0.6	qvalue	0.05	3496	463	79596	1502	0.6994797919167667	0.005783234864287588	0.88305127557464	0.780618510662052	NaN	intrinsic	NaN	2026017
dss_nosmooth	simulator_intrinsic	coverage	10	dss_nosmooth	0.6-0.8	qvalue	0.05	3838	463	79596	1192	0.7630218687872763	0.005783234864287588	0.8923506161357824	0.8226342299860679	NaN	intrinsic	NaN	2026017
dss_nosmooth	simulator_intrinsic	coverage	10	dss_nosmooth	0.8-1.0	qvalue	0.05	3818	463	79596	1196	0.7614678899082569	0.005783234864287588	0.8918476991357159	0.8215169445938677	NaN	intrinsic	NaN	2026017
methylkit	simulator_intrinsic	coverage	10	methylkit	all	pvalue	0.001	11638	0	80134	8227	0.5858545179964763	0.0	1.0	0.7388502682284227	0.9863120664221436	threshold	0.2	2026017
methylkit	simulator_intrinsic	coverage	10	methylkit	all	pvalue	0.005	13766	196	79938	6099	0.692977598791845	0.0024459031122869195	0.9859618965764217	0.8139060513790759	0.9863120664221436	threshold	0.2	2026017
methylkit	simulator_intrinsic	coverage	10	methylkit	all	pvalue	0.01	14481	1003	79131	5384	0.72897055122074	0.01251653480420296	0.9352234564711961	0.8193159636764831	0.9863120664221436	threshold	0.2	2026017
methylkit	simulator_intrinsic	coverage	10	methylkit	all	pvalue	0.05	17308	3881	76253	2557	0.8712811477472943	0.048431377442783335	0.8168389258577564	0.8431821503385785	0.9863120664221436	threshold	0.2	2026017
methylkit	simulator_intrinsic	coverage	10	methylkit	all	qvalue	0.05	14481	1003	79131	5384	0.72897055122074	0.01251653480420296	0.9352234564711961	0.8193159636764831	0.9863120664221436	threshold	0.2	2026017
methylkit	simulator_intrinsic	coverage	10	methylkit	0.2-0.4	qvalue	0.05	5213	1003	79131	5384	0.4919316787770124	0.01251653480420296	0.8386422136422137	0.6201153869029917	NaN	threshold	0.2	2026017
methylkit	simulator_intrinsic	coverage	10	methylkit	0.4-0.6	qvalue	0.05	4575	1003	79131	0	1.0	0.01251653480420296	0.8201864467551093	0.9012114645917463	NaN	threshold	0.2	2026017
methylkit	simulator_intrinsic	coverage	10	methylkit	0.6-0.8	qvalue	0.05	3170	1003	79131	0	1.0	0.01251653480420296	0.7596453390845914	0.8634073267057061	NaN	threshold	0.2	2026017
methylkit	simulator_intrinsic	coverage	10	methylkit	0.8-1.0	qvalue	0.05	1523	1003	79131	0	1.0	0.01251653480420296	0.602929532858274	0.7522845146949864	NaN	threshold	0.2	2026017
dss	simulator_intrinsic	coverage	10	dss	all	pvalue	0.001	91	64	80071	19774	0.004580921218223006	0.0007986522742871405	0.5870967741935483	0.00909090909090909	0.6412746138135792	threshold	0.2	2026017
dss	simulator_intrinsic	coverage	10	dss	all	pvalue	0.005	273	235	79900	19592	0.013742763654669015	0.002932551319648094	0.5374015748031497	0.026800176704461786	0.6412746138135792	threshold	0.2	2026017
dss	simulator_intrinsic	coverage	10	dss	all	pvalue	0.01	473	410	79725	19392	0.02381072237603826	0.005116366132151993	0.535673839184598	0.04559475612107191	0.6412746138135792	threshold	0.2	2026017
dss	simulator_intrinsic	coverage	10	dss	all	pvalue	0.05	1516	1845	78290	18349	0.07631512710797886	0.02302364759468397	0.45105623326390953	0.1305433565831396	0.6412746138135792	threshold	0.2	2026017
dss	simulator_intrinsic	coverage	10	dss	all	qvalue	0.05	5	2	80133	19860	0.0002516989680342311	0.00002495788357147314	0.7142857142857143	0.000503220611916264	0.6412746138135792	threshold	0.2	2026017
dss	simulator_intrinsic	coverage	10	dss	0.2-0.4	qvalue	0.05	0	2	80133	10597	0.0	0.00002495788357147314	0.0	0.0	NaN	threshold	0.2	2026017
dss	simulator_intrinsic	coverage	10	dss	0.4-0.6	qvalue	0.05	0	2	80133	4575	0.0	0.00002495788357147314	0.0	0.0	NaN	threshold	0.2	2026017
dss	simulator_intrinsic	coverage	10	dss	0.6-0.8	qvalue	0.05	1	2	80133	3169	0.0003154574132492114	0.00002495788357147314	0.3333333333333333	0.0006303183107469272	NaN	threshold	0.2	2026017
dss	simulator_intrinsic	coverage	10	dss	0.8-1.0	qvalue	0.05	4	2	80133	1519	0.0026263952724885093	0.00002495788357147314	0.6666666666666666	0.005232177894048398	NaN	threshold	0.2	2026017
dss_nosmooth	simulator_intrinsic	coverage	10	dss_nosmooth	all	pvalue	0.001	11100	0	80135	8765	0.5587717090359929	0.0	1.0	0.7169384789278217	0.9858566227382055	threshold	0.2	2026017
dss_nosmooth	simulator_intrinsic	coverage	10	dss_nosmooth	all	pvalue	0.005	12824	21	80114	7041	0.6455575132141959	0.000262057777500468	0.9983651226158038	0.7841027208804647	0.9858566227382055	threshold	0.2	2026017
dss_nosmooth	simulator_intrinsic	coverage	10	dss_nosmooth	all	pvalue	0.01	13722	159	79976	6143	0.6907626478731437	0.0019841517439321147	0.9885454938405014	0.8132519409707817	0.9858566227382055	threshold	0.2	2026017
dss_nosmooth	simulator_intrinsic	coverage	10	dss_nosmooth	all	pvalue	0.05	16282	1548	78587	3583	0.81963251950667	0.01931740188432021	0.9131800336511497	0.8638811513463324	0.9858566227382055	threshold	0.2	2026017
dss_nosmooth	simulator_intrinsic	coverage	10	dss_nosmooth	all	qvalue	0.05	13360	159	79976	6505	0.6725396425874653	0.0019841517439321147	0.9882387750573267	0.8003834172058472	0.9858566227382055	threshold	0.2	2026017
dss_nosmooth	simulator_intrinsic	coverage	10	dss_nosmooth	0.2-0.4	qvalue	0.05	4214	159	79976	6383	0.39765971501368313	0.0019841517439321147	0.9636405213812028	0.5629926519706079	NaN	threshold	0.2	2026017
dss_nosmooth	simulator_intrinsic	coverage	10	dss_nosmooth	0.4-0.6	qvalue	0.05	4453	159	79976	122	0.9733333333333334	0.0019841517439321147	0.9655247181266262	0.969413301404158	NaN	threshold	0.2	2026017
dss_nosmooth	simulator_intrinsic	coverage	10	dss_nosmooth	0.6-0.8	qvalue	0.05	3170	159	79976	0	1.0	0.0019841517439321147	0.9522379092820666	0.9755346976457917	NaN	threshold	0.2	2026017
dss_nosmooth	simulator_intrinsic	coverage	10	dss_nosmooth	0.8-1.0	qvalue	0.05	1523	159	79976	0	1.0	0.0019841517439321147	0.9054696789536266	0.950390015600624	NaN	threshold	0.2	2026017
methylkit	simulator_intrinsic	coverage	10	methylkit	all	pvalue	0.001	11642	62	79951	8344	0.5825077554288002	0.0007748740829615188	0.9947026657552973	0.7347428210792047	0.9262809963866687	intrinsic	NaN	2026018
methylkit	simulator_intrinsic	coverage	10	methylkit	all	pvalue	0.005	13572	398	79615	6414	0.6790753527469229	0.0049741916938497496	0.9715103793843951	0.7993874425727412	0.9262809963866687	intrinsic	NaN	2026018
methylkit	simulator_intrinsic	coverage	10	methylkit	all	pvalue	0.01	14524	865	79148	5462	0.7267086960872611	0.010810743254221189	0.9437910195594256	0.8211448763250884	0.9262809963866687	intrinsic	NaN	2026018
methylkit	simulator_intrinsic	coverage	10	methylkit	all	pvalue	0.05	16588	4554	75459	3398	0.8299809866906834	0.05691575119043155	0.7845993756503642	0.8066524022563704	0.9262809963866687	intrinsic	NaN	2026018
methylkit	simulator_intrinsic	coverage	10	methylkit	all	qvalue	0.05	14524	865	79148	5462	0.7267086960872611	0.010810743254221189	0.9437910195594256	0.8211448763250884	0.9262809963866687	intrinsic	NaN	2026018
methylkit	simulator_intrinsic	coverage	10	methylkit	0.2-0.4	qvalue	0.05	2523	865	79148	2581	0.4943181818181818	0.010810743254221189	0.7446871310507674	0.5942063118228922	NaN	intrinsic	NaN	2026018
methylkit	simulator_intrinsic	coverage	10	methylkit	0.4-0.6	qvalue	0.05	3920	865	79148	1067	0.7860437136555043	0.010810743254221189	0.819226750261233	0.8022922636103151	NaN	intrinsic	NaN	2026018
methylkit	simulator_intrinsic	coverage	10	methylkit	0.6-0.8	qvalue	0.05	4097	865	79148	943	0.8128968253968254	0.010810743254221189	0.8256751309955663	0.8192361527694461	NaN	intrinsic	NaN	2026018
methylkit	simulator_intrinsic	coverage	10	methylkit	0.8-1.0	qvalue	0.05	3984	865	79148	871	0.8205973223480948	0.010810743254221189	0.8216127036502372	0.8211046990931574	NaN	intrinsic	NaN	2026018
dss	simulator_intrinsic	coverage	10	dss	all	pvalue	0.001	76	69	79944	19911	0.0038024716065442536	0.0008623598665216903	0.5241379310344828	0.007550168885356646	0.6297634577669265	intrinsic	NaN	2026018
dss	simulator_intrinsic	coverage	10	dss	all	pvalue	0.005	268	257	79756	19719	0.013408715665182369	0.0032119780535662954	0.5104761904761905	0.02613104524180967	0.6297634577669265	intrinsic	NaN	2026018
dss	simulator_intrinsic	coverage	10	dss	all	pvalue	0.01	477	495	79518	19510	0.023865512583179066	0.0061864946946121255	0.49074074074074076	0.045517438809103486	0.6297634577669265	intrinsic	NaN	2026018
dss	simulator_intrinsic	coverage	10	dss	all	pvalue	0.05	1479	1928	78085	18508	0.07399809876419673	0.024096084386287228	0.43410625183445845	0.1264426776096435	0.6297634577669265	intrinsic	NaN	2026018
dss	simulator_intrinsic	coverage	10	dss	all	qvalue	0.05	0	0	80013	19987	0.0	0.0	0.0	0.0	0.6297634577669265	intrinsic	NaN	2026018
dss	simulator_intrinsic	coverage	10	dss	0.2-0.4	qvalue	0.05	0	0	80013	5104	0.0	0.0	0.0	0.0	NaN	intrinsic	NaN	2026018
dss	simulator_intrinsic	coverage	10	dss	0.4-0.6	qvalue	0.05	0	0	80013	4987	0.0	0.0	0.0	0.0	NaN	intrinsic	NaN	2026018
dss	simulator_intrinsic	coverage	10	dss	0.6-0.8	qvalue	0.05	0	0	80013	5040	0.0	0.0	0.0	0.0	NaN	intrinsic	NaN	2026018
dss	simulator_intrinsic	coverage	10	dss	0.8-1.0	qvalue	0.05	0	0	80013	4856	0.0	0.0	0.0	0.0	NaN	intrinsic	NaN	2026018
dss_nosmooth	simulator_intrinsic	coverage	10	dss_nosmooth	all	pvalue	0.001	11101	67	79946	8886	0.5554110171611547	0.0008373639283616412	0.9940007163323782	0.7126303964050714	0.9094255710239502	intrinsic	NaN	2026018
dss_nosmooth	simulator_intrinsic	coverage	10	dss_nosmooth	all	pvalue	0.005	12574	295	79718	7413	0.629108920798519	0.0036869008786072264	0.9770766959359701	0.7654005356708059	0.9094255710239502	intrinsic	NaN	2026018
dss_nosmooth	simulator_intrinsic	coverage	10	dss_nosmooth	all	pvalue	0.01	13325	585	79428	6662	0.6666833441737129	0.00731131191181433	0.9579439252336449	0.7862052689028528	0.9094255710239502	intrinsic	NaN	2026018
dss_nosmooth	simulator_intrinsic	coverage	10	dss_nosmooth	all	pvalue	0.05	15047	2846	77167	4940	0.7528393455746235	0.03556922000174972	0.8409433856815515	0.7944561774023231	0.9094255710239502	intrinsic	NaN	2026018
dss_nosmooth	simulator_intrinsic	coverage	10	dss_nosmooth	all	qvalue	0.05	13074	423	79590	6913	0.6541251813678891	0.005286640920850362	0.9686597021560347	0.780910285509497	0.9094255710239502	intrinsic	NaN	2026018
dss_nosmooth	simulator_intrinsic	coverage	10	dss_nosmooth	0.2-0.4	qvalue	0.05	1931	423	79590	3173	0.3783307210031348	0.005286640920850362	0.8203058623619371	0.5178331992491284	NaN	intrinsic	NaN	2026018
dss_nosmooth	simulator_intrinsic	coverage	10	dss_nosmooth	0.4-0.6	qvalue	0.05	3510	423	79590	1477	0.7038299578905154	0.005286640920850362	0.8924485125858124	0.7869955156950673	NaN	intrinsic	NaN	2026018
dss_nosmooth	simulator_intrinsic	coverage	10	dss_nosmooth	0.6-0.8	qvalue	0.05	3856	423	79590	1184	0.765079365079365	0.005286640920850362	0.9011451273662071	0.8275566047859212	NaN	intrinsic	NaN	2026018
dss_nosmooth	simulator_intrinsic	coverage	10	dss_nosmooth	0.8-1.0	qvalue	0.05	3777	423	79590	1079	0.7778006589785832	0.005286640920850362	0.8992857142857142	0.8341431095406361	NaN	intrinsic	NaN	2026018
methylkit	simulator_intrinsic	coverage	10	methylkit	all	pvalue	0.001	11704	0	79992	8303	0.5849952516619183	0.0	1.0	0.738166566806471	0.9869168433029613	threshold	0.2	2026018
methylkit	simulator_intrinsic	coverage	10	methylkit	all	pvalue	0.005	13788	182	79810	6219	0.6891587944219523	0.0022752275227522754	0.9869720830350751	0.8116078523707214	0.9869168433029613	threshold	0.2	2026018
methylkit	simulator_intrinsic	coverage	10	methylkit	all	pvalue	0.01	14496	893	79099	5511	0.7245464087569351	0.011163616361636163	0.9419715381116381	0.819075601762911	0.9869168433029613	threshold	0.2	2026018
methylkit	simulator_intrinsic	coverage	10	methylkit	all	pvalue	0.05	17470	3672	76320	2537	0.8731943819663118	0.04590459045904591	0.8263172831331	0.8491093343702155	0.9869168433029613	threshold	0.2	2026018
methylkit	simulator_intrinsic	coverage	10	methylkit	all	qvalue	0.05	14496	893	79099	5511	0.7245464087569351	0.011163616361636163	0.9419715381116381	0.819075601762911	0.9869168433029613	threshold	0.2	2026018
methylkit	simulator_intrinsic	coverage	10	methylkit	0.2-0.4	qvalue	0.05	5137	893	79099	5511	0.4824380165289256	0.011163616361636163	0.8519071310116086	0.6160211056481593	NaN	threshold	0.2	2026018
methylkit	simulator_intrinsic	coverage	10	methylkit	0.4-0.6	qvalue	0.05	4619	893	79099	0	1.0	0.011163616361636163	0.8379898403483309	0.911854703385648	NaN	threshold	0.2	2026018
methylkit	simulator_intrinsic	coverage	10	methylkit	0.6-0.8	qvalue	0.05	3192	893	79099	0	1.0	0.011163616361636163	0.7813953488372093	0.8772845953002611	NaN	threshold	0.2	2026018
methylkit	simulator_intrinsic	coverage	10	methylkit	0.8-1.0	qvalue	0.05	1548	893	79099	0	1.0	0.011163616361636163	0.634166325276526	0.7761343695161694	NaN	threshold	0.2	2026018
dss	simulator_intrinsic	coverage	10	dss	all	pvalue	0.001	72	73	79920	19935	0.003598740440845704	0.0009125798507369395	0.496551724137931	0.007145692735212386	0.6402446831906559	threshold	0.2	2026018
dss	simulator_intrinsic	coverage	10	dss	all	pvalue	0.005	264	261	79732	19743	0.013195381616434248	0.0032627854937307015	0.5028571428571429	0.02571595558153127	0.6402446831906559	threshold	0.2	2026018
dss	simulator_intrinsic	coverage	10	dss	all	pvalue	0.01	483	489	79504	19524	0.02414155045733993	0.006113034890552924	0.49691358024691357	0.04604604604604605	0.6402446831906559	threshold	0.2	2026018
dss	simulator_intrinsic	coverage	10	dss	all	pvalue	0.05	1516	1891	78102	18491	0.07577347928225121	0.023639568462240447	0.4449662459641914	0.1294951738276245	0.6402446831906559	threshold	0.2	2026018
dss	simulator_intrinsic	coverage	10	dss	all	qvalue	0.05	0	0	79993	20007	0.0	0.0	0.0	0.0	0.6402446831906559	threshold	0.2	2026018
dss	simulator_intrinsic	coverage	10	dss	0.2-0.4	qvalue	0.05	0	0	79993	10648	0.0	0.0	0.0	0.0	NaN	threshold	0.2	2026018
dss	simulator_intrinsic	coverage	10	dss	0.4-0.6	qvalue	0.05	0	0	79993	4619	0.0	0.0	0.0	0.0	NaN	threshold	0.2	2026018
dss	simulator_intrinsic	coverage	10	dss	0.6-0.8	qvalue	0.05	0	0	79993	3192	0.0	0.0	0.0	0.0	NaN	threshold	0.2	2026018
dss	simulator_intrinsic	coverage	10	dss	0.8-1.0	qvalue	0.05	0	0	79993	1548	0.0	0.0	0.0	0.0	NaN	threshold	0.2	2026018
dss_nosmooth	simulator_intrinsic	coverage	10	dss_nosmooth	all	pvalue	0.001	11168	0	79993	8839	0.558204628380067	0.0	1.0	0.7164715316760224	0.9864035499017595	threshold	0.2	2026018
dss_nosmooth	simulator_intrinsic	coverage	10	dss_nosmooth	all	pvalue	0.005	12841	28	79965	7166	0.6418253611236068	0.000350030627679922	0.997824228766804	0.7811777588514418	0.9864035499017595	threshold	0.2	2026018
dss_nosmooth	simulator_intrinsic	coverage	10	dss_nosmooth	all	pvalue	0.01	13764	146	79847	6243	0.6879592142750037	0.001825159701473879	0.9895039539899353	0.8116283869446	0.9864035499017595	threshold	0.2	2026018
dss_nosmooth	simulator_intrinsic	coverage	10	dss_nosmooth	all	pvalue	0.05	16440	1453	78540	3567	0.821712400659769	0.01816408935781881	0.9187950595204829	0.8675461741424803	0.9864035499017595	threshold	0.2	2026018
dss_nosmooth	simulator_intrinsic	coverage	10	dss_nosmooth	all	qvalue	0.05	13351	146	79847	6656	0.6673164392462638	0.001825159701473879	0.9891827813588204	0.7969794651384909	0.9864035499017595	threshold	0.2	2026018
dss_nosmooth	simulator_intrinsic	coverage	10	dss_nosmooth	0.2-0.4	qvalue	0.05	4128	146	79847	6520	0.3876784372652141	0.001825159701473879	0.9658399625643426	0.5532770406111781	NaN	threshold	0.2	2026018
dss_nosmooth	simulator_intrinsic	coverage	10	dss_nosmooth	0.4-0.6	qvalue	0.05	4484	146	79847	135	0.9707728945659233	0.001825159701473879	0.9684665226781858	0.9696183371175262	NaN	threshold	0.2	2026018
dss_nosmooth	simulator_intrinsic	coverage	10	dss_nosmooth	0.6-0.8	qvalue	0.05	3191	146	79847	1	0.99968671679198	0.001825159701473879	0.9562481270602338	0.9774850666258232	NaN	threshold	0.2	2026018
dss_nosmooth	simulator_intrinsic	coverage	10	dss_nosmooth	0.8-1.0	qvalue	0.05	1548	146	79847	0	1.0	0.001825159701473879	0.9138134592680047	0.9549660703269587	NaN	threshold	0.2	2026018
methylkit	simulator_intrinsic	coverage	10	methylkit	all	pvalue	0.001	11743	64	79810	8382	0.5835031055900621	0.0008012619876305181	0.9945794867451512	0.7355004384316673	0.9292515959914074	intrinsic	NaN	2026019
methylkit	simulator_intrinsic	coverage	10	methylkit	all	pvalue	0.005	13788	376	79498	6337	0.6851180124223603	0.004707414177329294	0.9734538266026547	0.8042229286360058	0.9292515959914074	intrinsic	NaN	2026019
methylkit	simulator_intrinsic	coverage	10	methylkit	all	pvalue	0.01	14769	895	78979	5356	0.7338633540372671	0.011205148108270526	0.9428626149131767	0.8253373941713934	0.9292515959914074	intrinsic	NaN	2026019
methylkit	simulator_intrinsic	coverage	10	methylkit	all	pvalue	0.05	16816	4551	75323	3309	0.8355776397515527	0.05697723915166387	0.7870080029952731	0.810565892220187	0.9292515959914074	intrinsic	NaN	2026019
methylkit	simulator_intrinsic	coverage	10	methylkit	all	qvalue	0.05	14769	895	78979	5356	0.7338633540372671	0.011205148108270526	0.9428626149131767	0.8253373941713934	0.9292515959914074	intrinsic	NaN	2026019
methylkit	simulator_intrinsic	coverage	10	methylkit	0.2-0.4	qvalue	0.05	2672	895	78979	2442	0.5224872897927259	0.011205148108270526	0.7490888701990468	0.6155972814191913	NaN	intrinsic	NaN	2026019
methylkit	simulator_intrinsic	coverage	10	methylkit	0.4-0.6	qvalue	0.05	3819	895	78979	1062	0.7824216349108789	0.011205148108270526	0.8101400084853627	0.7960396039603961	NaN	intrinsic	NaN	2026019
methylkit	simulator_intrinsic	coverage	10	methylkit	0.6-0.8	qvalue	0.05	4113	895	78979	921	0.8170441001191895	0.011205148108270526	0.8212859424920128	0.8191595299741088	NaN	intrinsic	NaN	2026019
methylkit	simulator_intrinsic	coverage	10	methylkit	0.8-1.0	qvalue	0.05	4165	895	78979	931	0.8173076923076923	0.011205148108270526	0.8231225296442688	0.8202048050413548	NaN	intrinsic	NaN	2026019
dss	simulator_intrinsic	coverage	10	dss	all	pvalue	0.001	71	62	79813	20054	0.003527950310559006	0.0007762128325508607	0.5338345864661654	0.0070095764636193105	0.6244846451462398	intrinsic	NaN	2026019
dss	simulator_intrinsic	coverage	10	dss	all	pvalue	0.005	256	223	79652	19869	0.012720496894409938	0.0027918622848200313	0.534446764091858	0.024849543777907202	0.6244846451462398	intrinsic	NaN	2026019
dss	simulator_intrinsic	coverage	10	dss	all	pvalue	0.01	405	414	79461	19720	0.020124223602484472	0.005183098591549295	0.4945054945054945	0.03867456073338426	0.6244846451462398	intrinsic	NaN	2026019
dss	simulator_intrinsic	coverage	10	dss	all	pvalue	0.05	1343	1762	78113	18782	0.06673291925465838	0.022059467918622847	0.4325281803542673	0.11562634524321998	0.6244846451462398	intrinsic	NaN	2026019
dss	simulator_intrinsic	coverage	10	dss	all	qvalue	0.05	0	0	79875	20125	0.0	0.0	0.0	0.0	0.6244846451462398	intrinsic	NaN	2026019
dss	simulator_intrinsic	coverage	10	dss	0.2-0.4	qvalue	0.05	0	0	79875	5114	0.0	0.0	0.0	0.0	NaN	intrinsic	NaN	2026019
dss	simulator_intrinsic	coverage	10	dss	0.4-0.6	qvalue	0.05	0	0	79875	4881	0.0	0.0	0.0	0.0	NaN	intrinsic	NaN	2026019
dss	simulator_intrinsic	coverage	10	dss	0.6-0.8	qvalue	0.05	0	0	79875	5034	0.0	0.0	0.0	0.0	NaN	intrinsic	NaN	2026019
dss	simulator_intrinsic	coverage	10	dss	0.8-1.0	qvalue	0.05	0	0	79875	5096	0.0	0.0	0.0	0.0	NaN	intrinsic	NaN	2026019
dss_nosmooth	simulator_intrinsic	coverage	10	dss_nosmooth	all	pvalue	0.001	11141	69	79806	8984	0.5535900621118013	0.0008638497652582159	0.9938447814451382	0.7110898356470401	0.9122442095276976	intrinsic	NaN	2026019
dss_nosmooth	simulator_intrinsic	coverage	10	dss_nosmooth	all	pvalue	0.005	12671	313	79562	7454	0.6296149068322981	0.003918622848200313	0.9758934072704868	0.7654112174937329	0.9122442095276976	intrinsic	NaN	2026019
dss_nosmooth	simulator_intrinsic	coverage	10	dss_nosmooth	all	pvalue	0.01	13437	583	79292	6688	0.6676770186335403	0.007298904538341158	0.9584165477888731	0.7870552057402255	0.9122442095276976	intrinsic	NaN	2026019
dss_nosmooth	simulator_intrinsic	coverage	10	dss_nosmooth	all	pvalue	0.05	15170	2792	77083	4955	0.7537888198757764	0.034954616588419404	0.8445607393386038	0.7965972641583743	0.9122442095276976	intrinsic	NaN	2026019
dss_nosmooth	simulator_intrinsic	coverage	10	dss_nosmooth	all	qvalue	0.05	13254	432	79443	6871	0.658583850931677	0.005408450704225352	0.968434896975011	0.7840052054065245	0.9122442095276976	intrinsic	NaN	2026019
dss_nosmooth	simulator_intrinsic	coverage	10	dss_nosmooth	0.2-0.4	qvalue	0.05	2093	432	79443	3021	0.4092686742276105	0.005408450704225352	0.8289108910891089	0.5479774839638696	NaN	intrinsic	NaN	2026019
dss_nosmooth	simulator_intrinsic	coverage	10	dss_nosmooth	0.4-0.6	qvalue	0.05	3401	432	79443	1480	0.6967834460151608	0.005408450704225352	0.8872945473519437	0.7805829699334405	NaN	intrinsic	NaN	2026019
dss_nosmooth	simulator_intrinsic	coverage	10	dss_nosmooth	0.6-0.8	qvalue	0.05	3850	432	79443	1184	0.7647993643226063	0.005408450704225352	0.899112564222326	0.8265349935594676	NaN	intrinsic	NaN	2026019
dss_nosmooth	simulator_intrinsic	coverage	10	dss_nosmooth	0.8-1.0	qvalue	0.05	3910	432	79443	1186	0.7672684458398744	0.005408450704225352	0.9005066789497927	0.8285653740199195	NaN	intrinsic	NaN	2026019
methylkit	simulator_intrinsic	coverage	10	methylkit	all	pvalue	0.001	11807	0	79911	8281	0.5877638391079252	0.0	1.0	0.7403668286565293	0.9865742652565971	threshold	0.2	2026019
methylkit	simulator_intrinsic	coverage	10	methylkit	all	pvalue	0.005	13943	221	79690	6145	0.6940959776981283	0.0027655767040832926	0.9843970629765603	0.8141422398692048	0.9865742652565971	threshold	0.2	2026019
methylkit	simulator_intrinsic	coverage	10	methylkit	all	pvalue	0.01	14661	1003	78908	5427	0.7298387096774194	0.012551463503147252	0.935967824310521	0.8201499216827031	0.9865742652565971	threshold	0.2	2026019
methylkit	simulator_intrinsic	coverage	10	methylkit	all	pvalue	0.05	17541	3826	76085	2547	0.8732078853046595	0.04787826456933338	0.8209388309074741	0.8462670365456519	0.9865742652565971	threshold	0.2	2026019
methylkit	simulator_intrinsic	coverage	10	methylkit	all	qvalue	0.05	14661	1003	78908	5427	0.7298387096774194	0.012551463503147252	0.935967824310521	0.8201499216827031	0.9865742652565971	threshold	0.2	2026019
methylkit	simulator_intrinsic	coverage	10	methylkit	0.2-0.4	qvalue	0.05	5395	1003	78908	5427	0.4985215302162262	0.012551463503147252	0.8432322600812754	0.6265969802555168	NaN	threshold	0.2	2026019
methylkit	simulator_intrinsic	coverage	10	methylkit	0.4-0.6	qvalue	0.05	4606	1003	78908	0	1.0	0.012551463503147252	0.821180246033161	0.901811062163485	NaN	threshold	0.2	2026019
methylkit	simulator_intrinsic	coverage	10	methylkit	0.6-0.8	qvalue	0.05	3177	1003	78908	0	1.0	0.012551463503147252	0.7600478468899522	0.8636672556748675	NaN	threshold	0.2	2026019
methylkit	simulator_intrinsic	coverage	10	methylkit	0.8-1.0	qvalue	0.05	1483	1003	78908	0	1.0	0.012551463503147252	0.5965406275140789	0.7472915091962711	NaN	threshold	0.2	2026019
dss	simulator_intrinsic	coverage	10	dss	all	pvalue	0.001	72	61	79851	20016	0.0035842293906810036	0.0007633396736410051	0.5413533834586466	0.00712130952969685	0.6387196017172055	threshold	0.2	2026019
dss	simulator_intrinsic	coverage	10	dss	all	pvalue	0.005	260	219	79693	19828	0.012943050577459179	0.002740514566022625	0.5427974947807933	0.025283220693343707	0.6387196017172055	threshold	0.2	2026019
dss	simulator_intrinsic	coverage	10	dss	all	pvalue	0.01	417	402	79510	19671	0.020758661887694145	0.00503053358694564	0.5091575091575091	0.03989094561630076	0.6387196017172055	threshold	0.2	2026019
dss	simulator_intrinsic	coverage	10	dss	all	pvalue	0.05	1379	1726	78186	18709	0.06864794902429311	0.021598758634497946	0.44412238325281805	0.11891518992799552	0.6387196017172055	threshold	0.2	2026019
dss	simulator_intrinsic	coverage	10	dss	all	qvalue	0.05	0	0	79912	20088	0.0	0.0	0.0	0.0	0.6387196017172055	threshold	0.2	2026019
dss	simulator_intrinsic	coverage	10	dss	0.2-0.4	qvalue	0.05	0	0	79912	10822	0.0	0.0	0.0	0.0	NaN	threshold	0.2	2026019
dss	simulator_intrinsic	coverage	10	dss	0.4-0.6	qvalue	0.05	0	0	79912	4606	0.0	0.0	0.0	0.0	NaN	threshold	0.2	2026019
dss	simulator_intrinsic	coverage	10	dss	0.6-0.8	qvalue	0.05	0	0	79912	3177	0.0	0.0	0.0	0.0	NaN	threshold	0.2	2026019
dss	simulator_intrinsic	coverage	10	dss	0.8-1.0	qvalue	0.05	0	0	79912	1483	0.0	0.0	0.0	0.0	NaN	threshold	0.2	2026019
dss_nosmooth	simulator_intrinsic	coverage	10	dss_nosmooth	all	pvalue	0.001	11210	0	79912	8878	0.5580446037435285	0.0	1.0	0.7163397022173941	0.9864354087485082	threshold	0.2	2026019
dss_nosmooth	simulator_intrinsic	coverage	10	dss_nosmooth	all	pvalue	0.005	12948	36	79876	7140	0.6445639187574671	0.0004504955450996096	0.9972273567467652	0.7830188679245284	0.9864354087485082	threshold	0.2	2026019
dss_nosmooth	simulator_intrinsic	coverage	10	dss_nosmooth	all	pvalue	0.01	13836	184	79728	6252	0.6887694145758662	0.002302532786064671	0.9868758915834522	0.8113052656268324	0.9864354087485082	threshold	0.2	2026019
dss_nosmooth	simulator_intrinsic	coverage	10	dss_nosmooth	all	pvalue	0.05	16493	1469	78443	3595	0.8210374352847472	0.0183827209930924	0.9182162342723528	0.8669119579500657	0.9864354087485082	threshold	0.2	2026019
dss_nosmooth	simulator_intrinsic	coverage	10	dss_nosmooth	all	qvalue	0.05	13502	184	79728	6586	0.672142572680207	0.002302532786064671	0.9865556042671343	0.7995499496654231	0.9864354087485082	threshold	0.2	2026019
dss_nosmooth	simulator_intrinsic	coverage	10	dss_nosmooth	0.2-0.4	qvalue	0.05	4380	184	79728	6442	0.40473110330807616	0.002302532786064671	0.9596844872918493	0.569348758611725	NaN	threshold	0.2	2026019
dss_nosmooth	simulator_intrinsic	coverage	10	dss_nosmooth	0.4-0.6	qvalue	0.05	4462	184	79728	144	0.9687364307425098	0.002302532786064671	0.9603960396039604	0.964548205793342	NaN	threshold	0.2	2026019
dss_nosmooth	simulator_intrinsic	coverage	10	dss_nosmooth	0.6-0.8	qvalue	0.05	3177	184	79728	0	1.0	0.002302532786064671	0.9452543885748289	0.9718568369531967	NaN	threshold	0.2	2026019
dss_nosmooth	simulator_intrinsic	coverage	10	dss_nosmooth	0.8-1.0	qvalue	0.05	1483	184	79728	0	1.0	0.002302532786064671	0.889622075584883	0.9415873015873016	NaN	threshold	0.2	2026019
methylkit	simulator_intrinsic	coverage	10	methylkit	all	pvalue	0.001	11729	78	79806	8386	0.5830971911508824	0.0009764158029142257	0.993393749470653	0.7348537059081511	0.9224059931042745	intrinsic	NaN	2026100
methylkit	simulator_intrinsic	coverage	10	methylkit	all	pvalue	0.005	13617	426	79458	6498	0.6769574944071588	0.005332732462070002	0.9696646015808588	0.7972949235903741	0.9224059931042745	intrinsic	NaN	2026100
methylkit	simulator_intrinsic	coverage	10	methylkit	all	pvalue	0.01	14653	938	78946	5462	0.7284613472532936	0.011742025937609533	0.9398370854980438	0.820758415952501	0.9224059931042745	intrinsic	NaN	2026100
methylkit	simulator_intrinsic	coverage	10	methylkit	all	pvalue	0.05	16667	4652	75232	3448	0.8285856326124782	0.05823443993790997	0.7817908907547259	0.804508374764686	0.9224059931042745	intrinsic	NaN	2026100
methylkit	simulator_intrinsic	coverage	10	methylkit	all	qvalue	0.05	14653	938	78946	5462	0.7284613472532936	0.011742025937609533	0.9398370854980438	0.820758415952501	0.9224059931042745	intrinsic	NaN	2026100
methylkit	simulator_intrinsic	coverage	10	methylkit	0.2-0.4	qvalue	0.05	2593	938	78946	2437	0.515506958250497	0.011742025937609533	0.7343528745397905	0.6057703539306156	NaN	intrinsic	NaN	2026100
methylkit	simulator_intrinsic	coverage	10	methylkit	0.4-0.6	qvalue	0.05	3927	938	78946	1087	0.7832070203430395	0.011742025937609533	0.8071942446043165	0.7950197388399636	NaN	intrinsic	NaN	2026100
methylkit	simulator_intrinsic	coverage	10	methylkit	0.6-0.8	qvalue	0.05	4101	938	78946	969	0.8088757396449704	0.011742025937609533	0.8138519547529272	0.8113562172321693	NaN	intrinsic	NaN	2026100
methylkit	simulator_intrinsic	coverage	10	methylkit	0.8-1.0	qvalue	0.05	4032	938	78946	969	0.8062387522495501	0.011742025937609533	0.8112676056338028	0.8087453615484906	NaN	intrinsic	NaN	2026100
dss	simulator_intrinsic	coverage	10	dss	all	pvalue	0.001	87	57	79828	20028	0.004325130499627144	0.000713525693183952	0.6041666666666666	0.00858877535909966	0.6269116767732437	intrinsic	NaN	2026100
dss	simulator_intrinsic	coverage	10	dss	all	pvalue	0.005	269	252	79633	19846	0.013373104648272434	0.0031545346435501035	0.5163147792706334	0.02607094398139174	0.6269116767732437	intrinsic	NaN	2026100
dss	simulator_intrinsic	coverage	10	dss	all	pvalue	0.01	473	490	79395	19642	0.023514789957742976	0.006133817362458534	0.49117341640706125	0.044880918493215675	0.6269116767732437	intrinsic	NaN	2026100
dss	simulator_intrinsic	coverage	10	dss	all	pvalue	0.05	1416	1780	78105	18699	0.0703952274422073	0.02228203041872692	0.4430538172715895	0.12148770966496504	0.6269116767732437	intrinsic	NaN	2026100
dss	simulator_intrinsic	coverage	10	dss	all	qvalue	0.05	0	1	79884	20115	0.0	0.000012517994617262314	0.0	0.0	0.6269116767732437	intrinsic	NaN	2026100
dss	simulator_intrinsic	coverage	10	dss	0.2-0.4	qvalue	0.05	0	1	79884	5030	0.0	0.000012517994617262314	0.0	0.0	NaN	intrinsic	NaN	2026100
dss	simulator_intrinsic	coverage	10	dss	0.4-0.6	qvalue	0.05	0	1	79884	5014	0.0	0.000012517994617262314	0.0	0.0	NaN	intrinsic	NaN	2026100
dss	simulator_intrinsic	coverage	10	dss	0.6-0.8	qvalue	0.05	0	1	79884	5070	0.0	0.000012517994617262314	0.0	0.0	NaN	intrinsic	NaN	2026100
dss	simulator_intrinsic	coverage	10	dss	0.8-1.0	qvalue	0.05	0	1	79884	5001	0.0	0.000012517994617262314	0.0	0.0	NaN	intrinsic	NaN	2026100
dss_nosmooth	simulator_intrinsic	coverage	10	dss_nosmooth	all	pvalue	0.001	11136	91	79794	8979	0.5536167039522745	0.0011391375101708705	0.9918945399483389	0.7106119583944867	0.9051509621765355	intrinsic	NaN	2026100
dss_nosmooth	simulator_intrinsic	coverage	10	dss_nosmooth	all	pvalue	0.005	12592	329	79556	7523	0.6260004971414367	0.004118420229079302	0.9745375744911384	0.7623198934495702	0.9051509621765355	intrinsic	NaN	2026100
dss_nosmooth	simulator_intrinsic	coverage	10	dss_nosmooth	all	pvalue	0.01	13337	646	79239	6778	0.6630375341784738	0.008086624522751456	0.953801044125009	0.7822746202123292	0.9051509621765355	intrinsic	NaN	2026100
dss_nosmooth	simulator_intrinsic	coverage	10	dss_nosmooth	all	pvalue	0.05	15073	2878	77007	5042	0.7493412875963211	0.03602678850848094	0.8396746699348225	0.7919403141911417	0.9051509621765355	intrinsic	NaN	2026100
dss_nosmooth	simulator_intrinsic	coverage	10	dss_nosmooth	all	qvalue	0.05	13128	483	79402	6987	0.6526472781506338	0.0060461914001376975	0.9645139960326207	0.7785091620708059	0.9051509621765355	intrinsic	NaN	2026100
dss_nosmooth	simulator_intrinsic	coverage	10	dss_nosmooth	0.2-0.4	qvalue	0.05	1973	483	79402	3057	0.3922465208747515	0.0060461914001376975	0.8033387622149837	0.5271172855997863	NaN	intrinsic	NaN	2026100
dss_nosmooth	simulator_intrinsic	coverage	10	dss_nosmooth	0.4-0.6	qvalue	0.05	3491	483	79402	1523	0.6962504986039091	0.0060461914001376975	0.8784599899345747	0.7768135291499777	NaN	intrinsic	NaN	2026100
dss_nosmooth	simulator_intrinsic	coverage	10	dss_nosmooth	0.6-0.8	qvalue	0.05	3869	483	79402	1201	0.7631163708086784	0.0060461914001376975	0.8890165441176471	0.8212693695606028	NaN	intrinsic	NaN	2026100
dss_nosmooth	simulator_intrinsic	coverage	10	dss_nosmooth	0.8-1.0	qvalue	0.05	3795	483	79402	1206	0.7588482303539292	0.0060461914001376975	0.8870967741935484	0.8179760750080828	NaN	intrinsic	NaN	2026100
methylkit	simulator_intrinsic	coverage	10	methylkit	all	pvalue	0.001	11776	31	84529	3663	0.7627437010169053	0.00036660359508041627	0.9973744388921826	0.864420465389415	0.9926292342204347	threshold	0.2	2026100
methylkit	simulator_intrinsic	coverage	10	methylkit	all	pvalue	0.005	13515	528	84032	1924	0.8753805298270614	0.0062440870387890255	0.9624011963255714	0.9168306085068856	0.9926292342204347	threshold	0.2	2026100
methylkit	simulator_intrinsic	coverage	10	methylkit	all	pvalue	0.01	14154	1437	83123	1285	0.9167692208044562	0.016993850520340588	0.9078314412160862	0.9122784402191427	0.9926292342204347	threshold	0.2	2026100
methylkit	simulator_intrinsic	coverage	10	methylkit	all	pvalue	0.05	14960	6359	78201	479	0.9689746745255522	0.07520104068117313	0.7017214691120597	0.8139724685782687	0.9926292342204347	threshold	0.2	2026100
methylkit	simulator_intrinsic	coverage	10	methylkit	all	qvalue	0.05	14154	1437	83123	1285	0.9167692208044562	0.016993850520340588	0.9078314412160862	0.9122784402191427	0.9926292342204347	threshold	0.2	2026100
methylkit	simulator_intrinsic	coverage	10	methylkit	0.2-0.4	qvalue	0.05	5036	1437	83123	1281	0.7972138673420928	0.016993850520340588	0.7780009269272362	0.7874902267396403	NaN	threshold	0.2	2026100
methylkit	simulator_intrinsic	coverage	10	methylkit	0.4-0.6	qvalue	0.05	4721	1437	83123	4	0.9991534391534391	0.016993850520340588	0.7666450146151348	0.8675916567123035	NaN	threshold	0.2	2026100
methylkit	simulator_intrinsic	coverage	10	methylkit	0.6-0.8	qvalue	0.05	3145	1437	83123	0	1.0	0.016993850520340588	0.6863814927979048	0.8140287304257797	NaN	threshold	0.2	2026100
methylkit	simulator_intrinsic	coverage	10	methylkit	0.8-1.0	qvalue	0.05	1252	1437	83123	0	1.0	0.016993850520340588	0.46560059501673484	0.6353717330626745	NaN	threshold	0.2	2026100
dss	simulator_intrinsic	coverage	10	dss	all	pvalue	0.001	84	60	84501	15355	0.005440766889047218	0.0007095469542696988	0.5833333333333334	0.0107809792722839	0.6650076803360282	threshold	0.2	2026100
dss	simulator_intrinsic	coverage	10	dss	all	pvalue	0.005	253	268	84293	15186	0.016387071701535073	0.0031693097290713215	0.4856046065259117	0.031704260651629075	0.6650076803360282	threshold	0.2	2026100
dss	simulator_intrinsic	coverage	10	dss	all	pvalue	0.01	443	520	84041	14996	0.028693568236284734	0.006149406937004056	0.46002076843198336	0.05401780270698695	0.6650076803360282	threshold	0.2	2026100
dss	simulator_intrinsic	coverage	10	dss	all	pvalue	0.05	1302	1894	82667	14137	0.08433188678023187	0.02239803218978016	0.4073842302878598	0.13973705393077543	0.6650076803360282	threshold	0.2	2026100
dss	simulator_intrinsic	coverage	10	dss	all	qvalue	0.05	0	1	84560	15439	0.0	0.000011825782571161647	0.0	0.0	0.6650076803360282	threshold	0.2	2026100
dss	simulator_intrinsic	coverage	10	dss	0.2-0.4	qvalue	0.05	0	1	84560	6317	0.0	0.000011825782571161647	0.0	0.0	NaN	threshold	0.2	2026100
dss	simulator_intrinsic	coverage	10	dss	0.4-0.6	qvalue	0.05	0	1	84560	4725	0.0	0.000011825782571161647	0.0	0.0	NaN	threshold	0.2	2026100
dss	simulator_intrinsic	coverage	10	dss	0.6-0.8	qvalue	0.05	0	1	84560	3145	0.0	0.000011825782571161647	0.0	0.0	NaN	threshold	0.2	2026100
dss	simulator_intrinsic	coverage	10	dss	0.8-1.0	qvalue	0.05	0	1	84560	1252	0.0	0.000011825782571161647	0.0	0.0	NaN	threshold	0.2	2026100
dss_nosmooth	simulator_intrinsic	coverage	10	dss_nosmooth	all	pvalue	0.001	11186	41	84520	4253	0.7245287907247879	0.0004848570854176275	0.9963480894272735	0.8389709742743569	0.9914119794353264	threshold	0.2	2026100
dss_nosmooth	simulator_intrinsic	coverage	10	dss_nosmooth	all	pvalue	0.005	12652	269	84292	2787	0.8194831271455405	0.003181135511642483	0.979181177927405	0.8922425952045134	0.9914119794353264	threshold	0.2	2026100
dss_nosmooth	simulator_intrinsic	coverage	10	dss_nosmooth	all	pvalue	0.01	13339	644	83917	2100	0.8639808277738196	0.007615803975828101	0.9539440749481514	0.9067364557134118	0.9914119794353264	threshold	0.2	2026100
dss_nosmooth	simulator_intrinsic	coverage	10	dss_nosmooth	all	pvalue	0.05	14524	3427	81134	915	0.9407345035300214	0.040526956871370964	0.8090914155200267	0.8699610661874813	0.9914119794353264	threshold	0.2	2026100
dss_nosmooth	simulator_intrinsic	coverage	10	dss_nosmooth	all	qvalue	0.05	13065	546	84015	2374	0.8462335643500226	0.006456877283854259	0.9598853868194842	0.8994836488812392	0.9914119794353264	threshold	0.2	2026100
dss_nosmooth	simulator_intrinsic	coverage	10	dss_nosmooth	0.2-0.4	qvalue	0.05	4092	546	84015	2225	0.647775842963432	0.006456877283854259	0.8822768434670116	0.7470561387494294	NaN	threshold	0.2	2026100
dss_nosmooth	simulator_intrinsic	coverage	10	dss_nosmooth	0.4-0.6	qvalue	0.05	4576	546	84015	149	0.9684656084656085	0.006456877283854259	0.8934010152284264	0.9294201279577536	NaN	threshold	0.2	2026100
dss_nosmooth	simulator_intrinsic	coverage	10	dss_nosmooth	0.6-0.8	qvalue	0.05	3145	546	84015	0	1.0	0.006456877283854259	0.8520726090490383	0.9201287302516091	NaN	threshold	0.2	2026100
dss_nosmooth	simulator_intrinsic	coverage	10	dss_nosmooth	0.8-1.0	qvalue	0.05	1252	546	84015	0	1.0	0.006456877283854259	0.696329254727475	0.820983606557377	NaN	threshold	0.2	2026100
