dmr_index,chrom,dmr_start,dmr_end,dmr_midpoint,dmr_type,mean_meth_diff,gene,tss,distance_tss_to_midpoint,abs_distance
0,chr1,6435144,6435417,6435280,hyper,0.5372070074081421,MIR4252,6429896,-5384,5384
0,chr1,6435144,6435417,6435280,hyper,0.5372070074081421,ESPN,6424775,-10505,10505
0,chr1,6435144,6435417,6435280,hyper,0.5372070074081421,HES2,6419919,-15361,15361
0,chr1,6435144,6435417,6435280,hyper,0.5372070074081421,TNFRSF25,6466195,30915,30915
0,chr1,6435144,6435417,6435280,hyper,0.5372070074081421,ACOT7,6393767,-41513,41513
0,chr1,6435144,6435417,6435280,hyper,0.5372070074081421,PLEKHG5,6520092,84812,84812
1,chr1,6435527,6435628,6435577,hyper,0.5185083746910095,MIR4252,6429896,-5681,5681
1,chr1,6435527,6435628,6435577,hyper,0.5185083746910095,ESPN,6424775,-10802,10802
1,chr1,6435527,6435628,6435577,hyper,0.5185083746910095,HES2,6419919,-15658,15658
1,chr1,6435527,6435628,6435577,hyper,0.5185083746910095,TNFRSF25,6466195,30618,30618
1,chr1,6435527,6435628,6435577,hyper,0.5185083746910095,ACOT7,6393767,-41810,41810
1,chr1,6435527,6435628,6435577,hyper,0.5185083746910095,PLEKHG5,6520092,84515,84515
3,chr1,8908454,8908668,8908561,hyper,0.41403740644454956,ENO1-AS1,8878834,-29727,29727
3,chr1,8908454,8908668,8908561,hyper,0.41403740644454956,ENO1,8878686,-29875,29875
3,chr1,8908454,8908668,8908561,hyper,0.41403740644454956,CA6,8945867,37306,37306
3,chr1,8908454,8908668,8908561,hyper,0.41403740644454956,MIR6728,8866590,-41971,41971
3,chr1,8908454,8908668,8908561,hyper,0.41403740644454956,RERE,8817640,-90921,90921
4,chr1,10161184,10161388,10161286,hyper,0.3849030137062073,KIF1B,10210569,49283,49283
5,chr1,16796340,16796493,16796416,hypo,-0.5511652231216431,MST1L,16764480,-31936,31936
5,chr1,16796340,16796493,16796416,hypo,-0.5511652231216431,RNVU1-18,16740515,-55901,55901
5,chr1,16796340,16796493,16796416,hypo,-0.5511652231216431,RNU1-1,16740515,-55901,55901
5,chr1,16796340,16796493,16796416,hypo,-0.5511652231216431,RNU1-2,16740515,-55901,55901
5,chr1,16796340,16796493,16796416,hypo,-0.5511652231216431,RNU1-3,16740515,-55901,55901
5,chr1,16796340,16796493,16796416,hypo,-0.5511652231216431,RNU1-4,16740515,-55901,55901
5,chr1,16796340,16796493,16796416,hypo,-0.5511652231216431,MIR3675,16859021,62605,62605
5,chr1,16796340,16796493,16796416,hypo,-0.5511652231216431,LOC112267871,16872225,75809,75809
5,chr1,16796340,16796493,16796416,hypo,-0.5511652231216431,ESPNP,16720157,-76259,76259
5,chr1,16796340,16796493,16796416,hypo,-0.5511652231216431,LOC105376805,16889666,93250,93250
6,chr1,18458944,18459063,18459003,hyper,0.40843671560287476,KLHDC7A,18480929,21926,21926
7,chr1,18588123,18588327,18588225,hyper,0.4392283856868744,PAX7,18630845,42620,42620
8,chr1,18722631,18722701,18722666,hypo,-0.4520474970340729,PAX7,18630845,-91821,91821
9,chr1,20711917,20712026,20711971,hyper,0.48607829213142395,KIF17,20718007,6036,6036
9,chr1,20711917,20712026,20711971,hyper,0.48607829213142395,SH2D5,20732703,20732,20732
9,chr1,20711917,20712026,20711971,hyper,0.48607829213142395,DDOST,20661369,-50602,50602
9,chr1,20711917,20712026,20711971,hyper,0.48607829213142395,PINK1-AS,20652193,-59778,59778
9,chr1,20711917,20712026,20711971,hyper,0.48607829213142395,HP1BP3,20787307,75336,75336
9,chr1,20711917,20712026,20711971,hyper,0.48607829213142395,MIR6084,20633678,-78293,78293
9,chr1,20711917,20712026,20711971,hyper,0.48607829213142395,PINK1,20633457,-78514,78514
10,chr1,25567776,25567884,25567830,hyper,0.5157389044761658,LDLRAP1,25543605,-24225,24225
10,chr1,25567776,25567884,25567830,hyper,0.5157389044761658,MAN1C1,25616790,48960,48960
12,chr1,33898974,33899177,33899075,hyper,0.4525254964828491,CSMD2-AS1,33868955,-30120,30120
12,chr1,33898974,33899177,33899075,hyper,0.4525254964828491,HMGB4,33860474,-38601,38601
14,chr1,50417722,50417926,50417824,hyper,0.4342289865016937,DMRTA2,50423443,5619,5619
15,chr1,50418067,50418459,50418263,hyper,0.5207810997962952,DMRTA2,50423443,5180,5180
16,chr1,57832373,57832506,57832439,hyper,0.36156949400901794,DAB1-AS1,57860580,28141,28141
17,chr1,59697517,59697677,59697597,hyper,0.4773077070713043,MIR4711,59733296,35699,35699
17,chr1,59697517,59697677,59697597,hyper,0.4773077070713043,LOC101926944,59772794,75197,75197
18,chr1,61156536,61156649,61156592,hypo,-0.34378018975257874,NFIA,61077226,-79366,79366
18,chr1,61156536,61156649,61156592,hypo,-0.34378018975257874,NFIA-AS1,61253518,96926,96926
19,chr1,62954920,62955011,62954965,hyper,0.33768412470817566,LINC01739,63012471,57506,57506
20,chr1,76679905,76679992,76679948,hyper,0.33832231163978577,LINC02567,76779267,99319,99319
21,chr1,78474750,78474873,78474811,hyper,0.4121764600276947,PTGFR,78490973,16162,16162
23,chr1,82843909,82844207,82844058,hyper,0.4055477976799011,LINC01362,82903182,59124,59124
24,chr1,84428432,84428568,84428500,hyper,0.38447946310043335,DNASE2B,84398483,-30017,30017
24,chr1,84428432,84428568,84428500,hyper,0.38447946310043335,UOX,84384801,-43699,43699
24,chr1,84428432,84428568,84428500,hyper,0.38447946310043335,RPF1,84479265,50765,50765
24,chr1,84428432,84428568,84428500,hyper,0.38447946310043335,SPATA1,84506385,77885,77885
24,chr1,84428432,84428568,84428500,hyper,0.38447946310043335,GNG5,84506581,78081,78081
25,chr1,84719694,84719822,84719758,hypo,-0.41589778661727905,SSX2IP,84690468,-29290,29290
25,chr1,84719694,84719822,84719758,hypo,-0.41589778661727905,LINC01555,84635020,-84738,84738
25,chr1,84719694,84719822,84719758,hypo,-0.41589778661727905,LINC01461,84621031,-98727,98727
26,chr1,84719956,84720007,84719981,hypo,-0.3914699852466583,SSX2IP,84690468,-29513,29513
26,chr1,84719956,84720007,84719981,hypo,-0.3914699852466583,LINC01555,84635020,-84961,84961
26,chr1,84719956,84720007,84719981,hypo,-0.3914699852466583,LINC01461,84621031,-98950,98950
28,chr1,87284678,87284875,87284776,hyper,0.4586942791938782,LMO4,87328879,44103,44103
28,chr1,87284678,87284875,87284776,hyper,0.4586942791938782,LINC02801,87212668,-72108,72108
28,chr1,87284678,87284875,87284776,hyper,0.4586942791938782,LINC01364,87371655,86879,86879
29,chr1,87285047,87285158,87285102,hyper,0.5256434679031372,LMO4,87328879,43777,43777
29,chr1,87285047,87285158,87285102,hyper,0.5256434679031372,LINC02801,87212668,-72434,72434
29,chr1,87285047,87285158,87285102,hyper,0.5256434679031372,LINC01364,87371655,86553,86553
30,chr1,100423875,100423944,100423909,hyper,0.3822121322154999,CDC14A,100345014,-78895,78895
31,chr1,145616727,145616885,145616806,hyper,0.4127250611782074,GPR89A,145607959,-8847,8847
31,chr1,145616727,145616885,145616806,hyper,0.4127250611782074,NBPF25P,145607858,-8948,8948
31,chr1,145616727,145616885,145616806,hyper,0.4127250611782074,PDZK1,145707400,90594,90594
32,chr1,171143011,171143064,171143037,hypo,-0.6529302597045898,FMO6P,171137739,-5298,5298
32,chr1,171143011,171143064,171143037,hypo,-0.6529302597045898,MIR1295A,171101806,-41231,41231
32,chr1,171143011,171143064,171143037,hypo,-0.6529302597045898,MIR1295B,171101738,-41299,41299
32,chr1,171143011,171143064,171143037,hypo,-0.6529302597045898,FMO2,171185207,42170,42170
32,chr1,171143011,171143064,171143037,hypo,-0.6529302597045898,FMO3,171090904,-52133,52133
34,chr1,175044643,175044864,175044753,hyper,0.41275832056999207,MRPS14,175023455,-21298,21298
34,chr1,175044643,175044864,175044753,hyper,0.41275832056999207,TNN,175067832,23079,23079
34,chr1,175044643,175044864,175044753,hyper,0.41275832056999207,CACYBP,174999434,-45319,45319
34,chr1,175044643,175044864,175044753,hyper,0.41275832056999207,RABGAP1L-AS1,174954261,-90492,90492
35,chr1,176437096,176437211,176437153,hyper,0.49900275468826294,PAPPA2,176463174,26021,26021
36,chr1,177411460,177411548,177411504,hypo,-0.5372300148010254,LINC01645,177351585,-59919,59919
37,chr1,181491135,181491287,181491211,hyper,0.49308353662490845,CACNA1E,181483516,-7695,7695
38,chr1,184027944,184028072,184028008,hypo,-0.3063812851905823,COLGALT2,184037728,9720,9720
38,chr1,184027944,184028072,184028008,hypo,-0.3063812851905823,TSEN15,184051729,23721,23721
41,chr1,205449150,205449294,205449222,hypo,-0.4330021142959595,MIR135B,205448398,-824,824
41,chr1,205449150,205449294,205449222,hypo,-0.4330021142959595,LEMD1-DT,205456057,6835,6835
41,chr1,205449150,205449294,205449222,hypo,-0.4330021142959595,BLACAT1,205456086,6864,6864
41,chr1,205449150,205449294,205449222,hypo,-0.4330021142959595,LEMD1,205422056,-27166,27166
41,chr1,205449150,205449294,205449222,hypo,-0.4330021142959595,CDK18,205504668,55446,55446
41,chr1,205449150,205449294,205449222,hypo,-0.4330021142959595,LEMD1-AS1,205373251,-75971,75971
41,chr1,205449150,205449294,205449222,hypo,-0.4330021142959595,KLHDC8A,205357090,-92132,92132
42,chr1,206421659,206421779,206421719,hypo,-0.38961851596832275,IKBKE,206470475,48756,48756
42,chr1,206421659,206421779,206421719,hypo,-0.38961851596832275,MIR6769B,206474802,53083,53083
42,chr1,206421659,206421779,206421719,hypo,-0.38961851596832275,RASSF5,206507530,85811,85811
43,chr1,207171702,207172022,207171862,hyper,0.5127949714660645,C4BPA,207104232,-67630,67630
43,chr1,207171702,207172022,207171862,hyper,0.5127949714660645,C4BPB,207088859,-83003,83003
44,chr1,212570498,212570602,212570550,hyper,0.28335797786712646,ATF3,212565333,-5217,5217
44,chr1,212570498,212570602,212570550,hyper,0.28335797786712646,LINC01740,212545693,-24857,24857
44,chr1,212570498,212570602,212570550,hyper,0.28335797786712646,FAM71A,212624473,53923,53923
46,chr1,221788351,221788651,221788501,hypo,-0.40679511427879333,DUSP10,221742176,-46325,46325
46,chr1,221788351,221788651,221788501,hypo,-0.40679511427879333,LINC01655,221840666,52165,52165
47,chr1,222892465,222892633,222892549,hyper,0.3479372262954712,DISP1,222815038,-77511,77511
50,chr1,230636903,230637075,230636989,hyper,0.4066116511821747,COG2,230642480,5491,5491
50,chr1,230636903,230637075,230636989,hyper,0.4066116511821747,LINC01737,230595583,-41406,41406
51,chr1,230638004,230638056,230638030,hyper,0.43379083275794983,COG2,230642480,4450,4450
51,chr1,230638004,230638056,230638030,hyper,0.43379083275794983,LINC01737,230595583,-42447,42447
52,chr1,231987036,231987098,231987067,hyper,0.3831254243850708,DISC1-IT1,231925833,-61234,61234
53,chr1,233885594,233885719,233885656,hypo,-0.46846505999565125,SLC35F3,233904675,19019,19019
54,chr1,239310781,239310841,239310811,hyper,0.30070221424102783,CHRM3,239386567,75756,75756
57,chr1,244118053,244118579,244118316,hyper,0.4837794303894043,ZBTB18,244048938,-69378,69378
60,chr10,2529330,2529414,2529372,hyper,0.38018307089805603,LINC02645,2501462,-27910,27910
61,chr10,3013489,3013569,3013529,hyper,0.4741365909576416,LOC101927824,3066933,53404,53404
61,chr10,3013489,3013569,3013529,hyper,0.4741365909576416,PFKP,3067547,54018,54018
62,chr10,3822711,3822865,3822788,hyper,0.4036882221698761,LINC02639,3833949,11161,11161
62,chr10,3822711,3822865,3822788,hyper,0.4036882221698761,KLF6,3785281,-37507,37507
63,chr10,3823020,3823171,3823095,hyper,0.35740339756011963,LINC02639,3833949,10854,10854
63,chr10,3823020,3823171,3823095,hyper,0.35740339756011963,KLF6,3785281,-37814,37814
64,chr10,4023566,4023707,4023636,hyper,0.36780601739883423,LOC101927964,4051725,28089,28089
64,chr10,4023566,4023707,4023636,hyper,0.36780601739883423,MIR6078,3991159,-32477,32477
65,chr10,8614891,8615054,8614972,hyper,0.47944560647010803,LOC105376398,8594391,-20581,20581
68,chr10,10870719,10870945,10870832,hyper,0.3633130192756653,SFTA1P,10794914,-75918,75918
68,chr10,10870719,10870945,10870832,hyper,0.3633130192756653,LINC00710,10952163,81331,81331
69,chr10,11708046,11708303,11708174,hyper,0.4749699532985687,ECHDC3,11742381,34207,34207
69,chr10,11708046,11708303,11708174,hyper,0.4749699532985687,USP6NL,11611789,-96385,96385
69,chr10,11708046,11708303,11708174,hyper,0.4749699532985687,LOC107984208,11611300,-96874,96874
70,chr10,13085432,13085525,13085478,hyper,0.4117352068424225,CCDC3,13099989,14511,14511
70,chr10,13085432,13085525,13085478,hyper,0.4117352068424225,OPTN,13100081,14603,14603
70,chr10,13085432,13085525,13085478,hyper,0.4117352068424225,MCM10,13161557,76079,76079
72,chr10,14007966,14008127,14008046,hyper,0.6394915580749512,LOC101928453,14074283,66237,66237
73,chr10,14008306,14008615,14008460,hyper,0.46835893392562866,LOC101928453,14074283,65823,65823
74,chr10,15868097,15868266,15868181,hyper,0.555814802646637,MINDY3,15860533,-7648,7648
75,chr10,21499128,21499501,21499314,hyper,0.35450801253318787,MIR1915HG,21497260,-2054,2054
75,chr10,21499128,21499501,21499314,hyper,0.35450801253318787,MIR1915,21496641,-2673,2673
75,chr10,21499128,21499501,21499314,hyper,0.35450801253318787,SKIDA1,21525682,26368,26368
75,chr10,21499128,21499501,21499314,hyper,0.35450801253318787,MLLT10,21533348,34034,34034
76,chr10,21507687,21507794,21507740,hyper,0.3647647798061371,MIR1915HG,21497260,-10480,10480
76,chr10,21507687,21507794,21507740,hyper,0.3647647798061371,MIR1915,21496641,-11099,11099
76,chr10,21507687,21507794,21507740,hyper,0.3647647798061371,SKIDA1,21525682,17942,17942
76,chr10,21507687,21507794,21507740,hyper,0.3647647798061371,MLLT10,21533348,25608,25608
77,chr10,26154748,26154805,26154776,hyper,0.2884581685066223,GAD2,26216306,61530,61530
79,chr10,33145910,33145997,33145953,hyper,0.4075709879398346,IATPR,33116807,-29146,29146
82,chr10,46052453,46052559,46052506,hypo,-0.42938971519470215,MSMB,46046269,-6237,6237
82,chr10,46052453,46052559,46052506,hypo,-0.42938971519470215,NCOA4,46030714,-21792,21792
82,chr10,46052453,46052559,46052506,hypo,-0.42938971519470215,AGAP7P,46109494,56988,56988
82,chr10,46052453,46052559,46052506,hypo,-0.42938971519470215,SNORA74C-1,45984607,-67899,67899
82,chr10,46052453,46052559,46052506,hypo,-0.42938971519470215,TIMM23,45972452,-80054,80054
82,chr10,46052453,46052559,46052506,hypo,-0.42938971519470215,PARGP1,45972428,-80078,80078
82,chr10,46052453,46052559,46052506,hypo,-0.42938971519470215,PARGP1-AGAP4,45972374,-80132,80132
83,chr10,49278919,49279140,49279029,hypo,-0.5579829216003418,C10orf71-AS1,49298893,19864,19864
83,chr10,49278919,49279140,49279029,hypo,-0.5579829216003418,C10orf71,49299169,20140,20140
83,chr10,49278919,49279140,49279029,hypo,-0.5579829216003418,TMEM273,49188391,-90638,90638
86,chr10,67609378,67609487,67609432,hyper,0.4341018497943878,CTNNA3,67696195,86763,86763
87,chr10,73442329,73442415,73442372,hypo,-0.3536628782749176,MSS51,73433561,-8811,8811
87,chr10,73442329,73442415,73442372,hypo,-0.3536628782749176,ANXA7,73414058,-28314,28314
87,chr10,73442329,73442415,73442372,hypo,-0.3536628782749176,PPP3CB-AS1,73495751,53379,53379
87,chr10,73442329,73442415,73442372,hypo,-0.3536628782749176,PPP3CB,73496024,53652,53652
87,chr10,73442329,73442415,73442372,hypo,-0.3536628782749176,CFAP70,73358864,-83508,83508
90,chr10,88500100,88500156,88500128,hypo,-0.6114609241485596,RNLS,88583325,83197,83197
90,chr10,88500100,88500156,88500128,hypo,-0.6114609241485596,LIPJ,88586761,86633,86633
91,chr10,88789809,88789883,88789846,hyper,0.33432117104530334,LIPM,88802729,12883,12883
91,chr10,88789809,88789883,88789846,hyper,0.33432117104530334,LIPN,88760019,-29827,29827
91,chr10,88789809,88789883,88789846,hyper,0.33432117104530334,ANKRD22,88851844,61998,61998
91,chr10,88789809,88789883,88789846,hyper,0.33432117104530334,LIPK,88706248,-83598,83598
91,chr10,88789809,88789883,88789846,hyper,0.33432117104530334,STAMBPL1,88880244,90398,90398
92,chr10,91435595,91435751,91435673,hyper,0.3093087375164032,HECTD2,91409234,-26439,26439
93,chr10,99464071,99464136,99464103,hyper,0.3728380501270294,GOT1,99430624,-33479,33479
93,chr10,99464071,99464136,99464103,hyper,0.3728380501270294,LINC01475,99531177,67074,67074
93,chr10,99464071,99464136,99464103,hyper,0.3728380501270294,NKX2-3,99532941,68838,68838
94,chr10,99994396,99994560,99994478,hyper,0.38085466623306274,DNMBP,100009947,15469,15469
94,chr10,99994396,99994560,99994478,hyper,0.38085466623306274,DNMBP-AS1,99927204,-67274,67274
94,chr10,99994396,99994560,99994478,hyper,0.38085466623306274,CPN1,100081869,87391,87391
95,chr10,104515117,104515169,104515143,hypo,-0.5107083916664124,LINC02620,104480275,-34868,34868
97,chr10,117132566,117132678,117132622,hyper,0.35719361901283264,VAX1,117138270,5648,5648
97,chr10,117132566,117132678,117132622,hyper,0.35719361901283264,SHTN1,117126586,-6036,6036
97,chr10,117132566,117132678,117132622,hyper,0.35719361901283264,MIR3663,117167774,35152,35152
97,chr10,117132566,117132678,117132622,hyper,0.35719361901283264,MIR3663HG,117169055,36433,36433
97,chr10,117132566,117132678,117132622,hyper,0.35719361901283264,KCNK18,117197488,64866,64866
99,chr10,120516493,120516603,120516548,hypo,-0.36704954504966736,PLPP4,120456953,-59595,59595
99,chr10,120516493,120516603,120516548,hypo,-0.36704954504966736,LINC01561,120597948,81400,81400
101,chr10,124319032,124319130,124319081,hyper,0.39211633801460266,OAT,124418976,99895,99895
106,chr10,131350595,131350979,131350787,hyper,0.5208642482757568,TCERG1L,131311721,-39066,39066
107,chr10,131380210,131380485,131380347,hypo,-0.4726486802101135,TCERG1L,131311721,-68626,68626
109,chr10,132330033,132330190,132330111,hyper,0.4579371511936188,STK32C,132331880,1769,1769
109,chr10,132330033,132330190,132330111,hyper,0.4579371511936188,LRRC27,132332192,2081,2081
109,chr10,132330033,132330190,132330111,hyper,0.4579371511936188,PWWP2B,132397199,67088,67088
110,chr11,3532686,3532784,3532735,hyper,0.6497777700424194,LOC101927708,3571987,39252,39252
110,chr11,3532686,3532784,3532735,hyper,0.6497777700424194,LOC105376526,3477073,-55662,55662
110,chr11,3532686,3532784,3532735,hyper,0.6497777700424194,LOC115995503,3610323,77588,77588
110,chr11,3532686,3532784,3532735,hyper,0.6497777700424194,TRPC2,3626459,93724,93724
111,chr11,3576369,3576489,3576429,hyper,0.5742788910865784,LOC101927708,3571987,-4442,4442
111,chr11,3576369,3576489,3576429,hyper,0.5742788910865784,LOC115995503,3610323,33894,33894
111,chr11,3576369,3576489,3576429,hyper,0.5742788910865784,TRPC2,3626459,50030,50030
111,chr11,3576369,3576489,3576429,hyper,0.5742788910865784,ART5,3642316,65887,65887
111,chr11,3576369,3576489,3576429,hyper,0.5742788910865784,ART1,3645127,68698,68698
111,chr11,3576369,3576489,3576429,hyper,0.5742788910865784,CHRNA10,3671384,94955,94955
111,chr11,3576369,3576489,3576429,hyper,0.5742788910865784,LOC105376526,3477073,-99356,99356
112,chr11,11733425,11733584,11733504,hyper,0.4315292537212372,MIR8070,11783222,49718,49718
112,chr11,11733425,11733584,11733504,hyper,0.4315292537212372,MIR4299,11656722,-76782,76782
113,chr11,12441445,12441648,12441546,hypo,-0.5987153053283691,PARVA,12377570,-63976,63976
114,chr11,13983574,13983678,13983626,hyper,0.3963407576084137,SPON1,13962722,-20904,20904
114,chr11,13983574,13983678,13983626,hyper,0.3963407576084137,LINC02683,13924863,-58763,58763
116,chr11,27469411,27469484,27469447,hyper,0.45248374342918396,LGR4-AS1,27471730,2283,2283
116,chr11,27469411,27469484,27469447,hyper,0.45248374342918396,LGR4,27472790,3343,3343
116,chr11,27469411,27469484,27469447,hyper,0.45248374342918396,LIN7C,27506769,37322,37322
116,chr11,27469411,27469484,27469447,hyper,0.45248374342918396,BDNF-AS,27506851,37404,37404
116,chr11,27469411,27469484,27469447,hyper,0.45248374342918396,MIR8087,27515047,45600,45600
117,chr11,27469755,27469881,27469818,hyper,0.4298393130302429,LGR4-AS1,27471730,1912,1912
117,chr11,27469755,27469881,27469818,hyper,0.4298393130302429,LGR4,27472790,2972,2972
117,chr11,27469755,27469881,27469818,hyper,0.4298393130302429,LIN7C,27506769,36951,36951
117,chr11,27469755,27469881,27469818,hyper,0.4298393130302429,BDNF-AS,27506851,37033,37033
117,chr11,27469755,27469881,27469818,hyper,0.4298393130302429,MIR8087,27515047,45229,45229
118,chr11,31820798,31820872,31820835,hyper,0.47480136156082153,PAX6,31817961,-2874,2874
118,chr11,31820798,31820872,31820835,hyper,0.47480136156082153,PAX6-AS1,31816565,-4270,4270
118,chr11,31820798,31820872,31820835,hyper,0.47480136156082153,PAUPAR,31826566,5731,5731
119,chr11,35205868,35206069,35205968,hyper,0.36506742238998413,SNORD164,35162949,-43019,43019
119,chr11,35205868,35206069,35205968,hyper,0.36506742238998413,CD44,35139170,-66798,66798
119,chr11,35205868,35206069,35205968,hyper,0.36506742238998413,LOC100507144,35138032,-67936,67936
121,chr11,44147954,44148008,44147981,hyper,0.4838709533214569,EXT2,44095677,-52304,52304
121,chr11,44147954,44148008,44147981,hyper,0.4838709533214569,ACCS,44066269,-81712,81712
122,chr11,46952331,46952503,46952417,hypo,-0.3563670516014099,C11orf49,46936688,-15729,15729
122,chr11,46952331,46952503,46952417,hypo,-0.3563670516014099,LRP4,46918550,-33867,33867
123,chr11,49194679,49194807,49194743,hyper,0.39224275946617126,FOLH1,49208602,13859,13859
124,chr11,49200548,49200699,49200623,hyper,0.32418447732925415,FOLH1,49208602,7979,7979
125,chr11,49225489,49225621,49225555,hypo,-0.346979022026062,FOLH1,49208602,-16953,16953
126,chr11,61603371,61603521,61603446,hypo,-0.5078627467155457,RPLP0P2,61615035,11589,11589
126,chr11,61603371,61603521,61603446,hypo,-0.5078627467155457,LOC101927495,61588493,-14953,14953
126,chr11,61603371,61603521,61603446,hypo,-0.5078627467155457,SYT7,61581076,-22370,22370
126,chr11,61603371,61603521,61603446,hypo,-0.5078627467155457,DAGLA,61680390,76944,76944
126,chr11,61603371,61603521,61603446,hypo,-0.5078627467155457,LRRC10B,61508748,-94698,94698
126,chr11,61603371,61603521,61603446,hypo,-0.5078627467155457,MIR4488,61508595,-94851,94851
127,chr11,70364909,70364983,70364946,hyper,0.3628803491592407,CTTN,70398505,33559,33559
127,chr11,70364909,70364983,70364946,hyper,0.3628803491592407,MIR548K,70283954,-80992,80992
127,chr11,70364909,70364983,70364946,hyper,0.3628803491592407,PPFIA1,70270689,-94257,94257
128,chr11,70634223,70634324,70634273,hyper,0.455159991979599,SHANK2-AS1,70631093,-3180,3180
129,chr11,70885838,70886202,70886020,hyper,0.5547212958335876,MIR3664,70872368,-13652,13652
129,chr11,70885838,70886202,70886020,hyper,0.5547212958335876,SHANK2-AS3,70862789,-23231,23231
130,chr11,70886329,70886413,70886371,hyper,0.467453271150589,MIR3664,70872368,-14003,14003
130,chr11,70886329,70886413,70886371,hyper,0.467453271150589,SHANK2-AS3,70862789,-23582,23582
134,chr11,86713768,86713901,86713834,hypo,-0.4108400344848633,ME3,86672636,-41198,41198
134,chr11,86713768,86713901,86713834,hypo,-0.4108400344848633,PRSS23,86791070,77236,77236
138,chr11,102840470,102840577,102840523,hyper,0.38216981291770935,MMP3,102843609,3086,3086
138,chr11,102840470,102840577,102840523,hyper,0.38216981291770935,MMP12,102874982,34459,34459
138,chr11,102840470,102840577,102840523,hyper,0.38216981291770935,MMP1,102798160,-42363,42363
138,chr11,102840470,102840577,102840523,hyper,0.38216981291770935,WTAPP1,102783675,-56848,56848
138,chr11,102840470,102840577,102840523,hyper,0.38216981291770935,MMP10,102780628,-59895,59895
139,chr11,105153674,105153923,105153798,hyper,0.4011557996273041,CARD18,105139769,-14029,14029
139,chr11,105153674,105153923,105153798,hyper,0.4011557996273041,CARD17,105101431,-52367,52367
139,chr11,105153674,105153923,105153798,hyper,0.4011557996273041,CASP1P2,105071530,-82268,82268
140,chr11,107647507,107647632,107647569,hyper,0.3456002175807953,ELMOD1,107591090,-56479,56479
140,chr11,107647507,107647632,107647569,hyper,0.3456002175807953,SLN,107712056,64487,64487
140,chr11,107647507,107647632,107647569,hyper,0.3456002175807953,ALKBH8,107565735,-81834,81834
141,chr11,107678524,107678603,107678563,hyper,0.3537621796131134,SLN,107712056,33493,33493
141,chr11,107678524,107678603,107678563,hyper,0.3537621796131134,ELMOD1,107591090,-87473,87473
142,chr11,112525519,112525592,112525555,hyper,0.3637159764766693,LINC02764,112555802,30247,30247
142,chr11,112525519,112525592,112525555,hyper,0.3637159764766693,LINC02763,112482231,-43324,43324
143,chr11,113062379,113062466,113062422,hyper,0.37658601999282837,LOC101928847,112963460,-98962,98962
144,chr11,118472060,118472217,118472138,hypo,-0.4229660630226135,KMT2A,118436491,-35647,35647
144,chr11,118472060,118472217,118472138,hypo,-0.4229660630226135,LOC100131626,118418815,-53323,53323
144,chr11,118472060,118472217,118472138,hypo,-0.4229660630226135,TTC36,118527473,55335,55335
144,chr11,118472060,118472217,118472138,hypo,-0.4229660630226135,LOC101929089,118531094,58956,58956
144,chr11,118472060,118472217,118472138,hypo,-0.4229660630226135,TMEM25,118531191,59053,59053
144,chr11,118472060,118472217,118472138,hypo,-0.4229660630226135,ATP5MG,118401388,-70750,70750
144,chr11,118472060,118472217,118472138,hypo,-0.4229660630226135,IFT46,118566076,93938,93938
145,chr11,123257710,123257800,123257755,hyper,0.32311493158340454,CLMP,123195248,-62507,62507
146,chr11,125980566,125980731,125980648,hyper,0.37452712655067444,VSIG10L2,125946055,-34593,34593
146,chr11,125980566,125980731,125980648,hyper,0.37452712655067444,DDX25,125903327,-77321,77321
146,chr11,125980566,125980731,125980648,hyper,0.37452712655067444,PUS3,125903221,-77427,77427
146,chr11,125980566,125980731,125980648,hyper,0.37452712655067444,CDON,126063292,82644,82644
146,chr11,125980566,125980731,125980648,hyper,0.37452712655067444,HYLS1,125883613,-97035,97035
147,chr11,126101048,126101339,126101193,hyper,0.5279080271720886,CDON,126063292,-37901,37901
148,chr11,126997243,126997366,126997304,hyper,0.34644803404808044,KIRREL3,127000870,3566,3566
148,chr11,126997243,126997366,126997304,hyper,0.34644803404808044,KIRREL3-AS3,127002909,5605,5605
148,chr11,126997243,126997366,126997304,hyper,0.34644803404808044,MIR3167,126988542,-8762,8762
148,chr11,126997243,126997366,126997304,hyper,0.34644803404808044,KIRREL3-AS2,126940745,-56559,56559
148,chr11,126997243,126997366,126997304,hyper,0.34644803404808044,LOC101929473,127067001,69697,69697
149,chr11,130415016,130415073,130415044,hyper,0.33734798431396484,ADAMTS8,130428609,13565,13565
149,chr11,130415016,130415073,130415044,hyper,0.33734798431396484,ADAMTS15,130448973,33929,33929
156,chr12,15329094,15329360,15329227,hyper,0.3158475160598755,PTPRO,15322507,-6720,6720
157,chr12,20350459,20350685,20350572,hyper,0.29704520106315613,PDE3A,20368536,17964,17964
158,chr12,24287453,24287544,24287498,hyper,0.4596795439720154,SOX5-AS1,24223270,-64228,64228
158,chr12,24287453,24287544,24287498,hyper,0.4596795439720154,MIR920,24212420,-75078,75078
159,chr12,25828204,25828293,25828248,hyper,0.43195614218711853,MIR4302,25874079,45831,45831
162,chr12,43674728,43674902,43674815,hyper,0.48367729783058167,PUS7L,43758790,83975,83975
162,chr12,43674728,43674902,43674815,hyper,0.48367729783058167,IRAK4,43758943,84128,84128
164,chr12,76422558,76422631,76422594,hypo,-0.5397037267684937,BBS10,76348415,-74179,74179
165,chr12,76692248,76692472,76692360,hyper,0.46647870540618896,ZDHHC17,76764114,71754,71754
166,chr12,76692580,76692719,76692649,hyper,0.6395935416221619,ZDHHC17,76764114,71465,71465
167,chr12,78951803,78951934,78951868,hypo,-0.3737223148345947,SYT1,78863981,-87887,87887
170,chr12,93972845,93972900,93972872,hypo,-0.4609692096710205,LOC105369911,93943606,-29266,29266
171,chr12,95156360,95156589,95156474,hyper,0.3573761582374573,FGD6,95217467,60993,60993
171,chr12,95156360,95156589,95156474,hyper,0.3573761582374573,VEZT,95217745,61271,61271
171,chr12,95156360,95156589,95156474,hyper,0.3573761582374573,NR2C1,95073618,-82856,82856
172,chr12,97457676,97457757,97457716,hyper,0.3186194896697998,RMST,97462775,5059,5059
172,chr12,97457676,97457757,97457716,hyper,0.3186194896697998,MIR1251,97491908,34192,34192
173,chr12,104599359,104599598,104599478,hyper,0.36369380354881287,MIR3922,104591632,-7846,7846
174,chr12,105736107,105736292,105736199,hyper,0.37459221482276917,CASC18,105704202,-31997,31997
176,chr12,108804389,108804543,108804466,hyper,0.487415075302124,MIR619,108837006,32540,32540
176,chr12,108804389,108804543,108804466,hyper,0.487415075302124,SSH1,108857583,53117,53117
176,chr12,108804389,108804543,108804466,hyper,0.487415075302124,CORO1C,108731518,-72948,72948
176,chr12,108804389,108804543,108804466,hyper,0.487415075302124,DAO,108880091,75625,75625
177,chr12,108972330,108972445,108972387,hyper,0.4441990554332733,SVOP,109021068,48681,48681
177,chr12,108972330,108972445,108972387,hyper,0.4441990554332733,USP30,109023088,50701,50701
177,chr12,108972330,108972445,108972387,hyper,0.4441990554332733,USP30-AS1,109053965,81578,81578
177,chr12,108972330,108972445,108972387,hyper,0.4441990554332733,DAO,108880091,-92296,92296
178,chr12,109444353,109444459,109444406,hyper,0.3958263397216797,KCTD10,109477300,32894,32894
178,chr12,109444353,109444459,109444406,hyper,0.3958263397216797,UBE3B,109477622,33216,33216
178,chr12,109444353,109444459,109444406,hyper,0.3958263397216797,MYO1H,109388718,-55688,55688
178,chr12,109444353,109444459,109444406,hyper,0.3958263397216797,LINC01486,109359488,-84918,84918
179,chr12,112602694,112602784,112602739,hypo,-0.4473162591457367,RPH3A,112575235,-27504,27504
179,chr12,112602694,112602784,112602739,hypo,-0.4473162591457367,MIR1302-1,112695176,92437,92437
182,chr12,118881327,118881381,118881354,hyper,0.36832132935523987,LINC02439,118833536,-47818,47818
183,chr12,119147495,119147555,119147525,hyper,0.31991612911224365,LOC105370024,119176484,28959,28959
183,chr12,119147495,119147555,119147525,hyper,0.31991612911224365,HSPB8,119178930,31405,31405
184,chr12,123072002,123072228,123072115,hypo,-0.447574257850647,PITPNM2-AS1,123081383,9268,9268
184,chr12,123072002,123072228,123072115,hypo,-0.447574257850647,MIR4304,123010728,-61387,61387
184,chr12,123072002,123072228,123072115,hypo,-0.447574257850647,PITPNM2,123151090,78975,78975
184,chr12,123072002,123072228,123072115,hypo,-0.447574257850647,ARL6IP4,122980059,-92056,92056
184,chr12,123072002,123072228,123072115,hypo,-0.447574257850647,OGFOD2,122974725,-97390,97390
185,chr12,123945201,123945440,123945320,hyper,0.453262597322464,CCDC92,123972831,27511,27511
185,chr12,123945201,123945440,123945320,hyper,0.453262597322464,ZNF664,123973214,27894,27894
185,chr12,123945201,123945440,123945320,hyper,0.453262597322464,ZNF664-RFLNA,123973214,27894,27894
187,chr12,130101124,130101306,130101215,hyper,0.32255810499191284,LINC02419,130071334,-29881,29881
187,chr12,130101124,130101306,130101215,hyper,0.32255810499191284,LINC02418,130042342,-58873,58873
187,chr12,130101124,130101306,130101215,hyper,0.32255810499191284,FZD10-AS1,130161678,60463,60463
187,chr12,130101124,130101306,130101215,hyper,0.32255810499191284,FZD10,130162458,61243,61243
188,chr12,131216990,131217371,131217180,hyper,0.5435667634010315,LINC01257,131165010,-52170,52170
188,chr12,131216990,131217371,131217180,hyper,0.5435667634010315,LINC02415,131297972,80792,80792
189,chr12,131604605,131604736,131604670,hyper,0.348305344581604,LINC02414,131648121,43451,43451
190,chr12,131604985,131605060,131605022,hyper,0.5265688896179199,LINC02414,131648121,43099,43099
191,chr12,132836436,132836514,132836475,hyper,0.5511642098426819,GOLGA3,132828869,-7606,7606
191,chr12,132836436,132836514,132836475,hyper,0.5511642098426819,CHFR,132887618,51143,51143
191,chr12,132836436,132836514,132836475,hyper,0.5511642098426819,LOC101928530,132887841,51366,51366
191,chr12,132836436,132836514,132836475,hyper,0.5511642098426819,ANKLE2,132761832,-74643,74643
192,chr13,20331897,20331982,20331939,hyper,0.424314022064209,GJB6,20232395,-99544,99544
193,chr13,20332159,20332278,20332218,hyper,0.33326712250709534,GJB6,20232395,-99823,99823
194,chr13,21785656,21785756,21785706,hypo,-0.38552674651145935,LINC00424,21878160,92454,92454
195,chr13,22884109,22884163,22884136,hyper,0.3859950602054596,BASP1P1,22898181,14045,14045
195,chr13,22884109,22884163,22884136,hyper,0.3859950602054596,LINC00621,22916369,32233,32233
196,chr13,23382036,23382223,23382129,hypo,-0.2940370440483093,SACS-AS1,23418970,36841,36841
196,chr13,23382036,23382223,23382129,hypo,-0.2940370440483093,SACS,23433702,51573,51573
196,chr13,23382036,23382223,23382129,hypo,-0.2940370440483093,LINC00327,23469511,87382,87382
197,chr13,30713180,30713271,30713225,hyper,0.4595728814601898,ALOX5AP,30713477,252,252
197,chr13,30713180,30713271,30713225,hyper,0.4595728814601898,LINC00398,30803205,89980,89980
197,chr13,30713180,30713271,30713225,hyper,0.4595728814601898,USPL1,30617919,-95306,95306
197,chr13,30713180,30713271,30713225,hyper,0.4595728814601898,HMGB1,30617597,-95628,95628
199,chr13,44820759,44820879,44820819,hypo,-0.3416513502597809,LINC00330,44809630,-11189,11189
200,chr13,50128659,50128881,50128770,hyper,0.3835966885089874,DLEU2,50125541,-3229,3229
200,chr13,50128659,50128881,50128770,hyper,0.3835966885089874,ST13P4,50172017,43247,43247
200,chr13,50128659,50128881,50128770,hyper,0.3835966885089874,DLEU1,50082168,-46602,46602
200,chr13,50128659,50128881,50128770,hyper,0.3835966885089874,MIR15A,50049201,-79569,79569
200,chr13,50128659,50128881,50128770,hyper,0.3835966885089874,MIR16-1,50049061,-79709,79709
201,chr13,51105316,51105405,51105360,hyper,0.33884063363075256,GUCY1B2,51066157,-39203,39203
201,chr13,51105316,51105405,51105360,hyper,0.33884063363075256,C13orf42,51172388,67028,67028
202,chr13,52894616,52894668,52894642,hyper,0.38327765464782715,PCDH8,52848640,-46002,46002
202,chr13,52894616,52894668,52894642,hyper,0.38327765464782715,MIR759,52810049,-84593,84593
203,chr13,52932845,52933117,52932981,hyper,0.5081419944763184,PCDH8,52848640,-84341,84341
203,chr13,52932845,52933117,52932981,hyper,0.5081419944763184,OLFM4,53028812,95831,95831
204,chr13,52933234,52933328,52933281,hyper,0.4886416792869568,PCDH8,52848640,-84641,84641
204,chr13,52933234,52933328,52933281,hyper,0.4886416792869568,OLFM4,53028812,95531,95531
205,chr13,52933466,52933575,52933520,hyper,0.5422655344009399,PCDH8,52848640,-84880,84880
205,chr13,52933466,52933575,52933520,hyper,0.5422655344009399,OLFM4,53028812,95292,95292
210,chr13,75173759,75173901,75173830,hyper,0.40209847688674927,CTAGE11P,75240381,66551,66551
210,chr13,75173759,75173901,75173830,hyper,0.40209847688674927,LINC01078,75240587,66757,66757
211,chr13,77675641,77675706,77675673,hyper,0.2857125401496887,LOC100129307,77662803,-12870,12870
211,chr13,77675641,77675706,77675673,hyper,0.2857125401496887,SLAIN1,77697686,22013,22013
211,chr13,77675641,77675706,77675673,hyper,0.2857125401496887,MIR3665,77698116,22443,22443
211,chr13,77675641,77675706,77675673,hyper,0.2857125401496887,SCEL-AS1,77606551,-69122,69122
212,chr13,80277054,80277269,80277161,hypo,-0.42107513546943665,SPRY2,80341126,63965,63965
214,chr13,92512958,92513130,92513044,hyper,0.40717950463294983,MIR548AS,92490162,-22882,22882
215,chr13,94859404,94859507,94859455,hyper,0.42870524525642395,LOC101927284,94760940,-98515,98515
216,chr13,99433115,99433202,99433158,hyper,0.4292539656162262,LINC01232,99499306,66148,66148
216,chr13,99433115,99433202,99433158,hyper,0.4292539656162262,LINC00449,99501063,67905,67905
216,chr13,99433115,99433202,99433158,hyper,0.4292539656162262,TM9SF2,99501471,68313,68313
216,chr13,99433115,99433202,99433158,hyper,0.4292539656162262,MIR623,99356130,-77028,77028
216,chr13,99433115,99433202,99433158,hyper,0.4292539656162262,FKSG29,99351419,-81739,81739
218,chr13,106467389,106467561,106467475,hyper,0.3835097551345825,EFNB2,106535662,68187,68187
218,chr13,106467389,106467561,106467475,hyper,0.3835097551345825,LINC00460,106376563,-90912,90912
221,chr13,109672823,109672957,109672890,hypo,-0.36419832706451416,LINC00676,109728273,55383,55383
222,chr13,112160313,112160441,112160377,hyper,0.4815276265144348,LOC100506016,112160710,333,333
222,chr13,112160313,112160441,112160377,hyper,0.4815276265144348,LINC01070,112197332,36955,36955
222,chr13,112160313,112160441,112160377,hyper,0.4815276265144348,SOX1,112067148,-93229,93229
228,chr14,49946942,49947051,49946996,hypo,-0.28767696022987366,MIR6076,49966398,19402,19402
228,chr14,49946942,49947051,49946996,hypo,-0.28767696022987366,ARF6,49893081,-53915,53915
228,chr14,49946942,49947051,49946996,hypo,-0.28767696022987366,LINC01588,50007520,60524,60524
228,chr14,49946942,49947051,49946996,hypo,-0.28767696022987366,RN7SL2,49862849,-84147,84147
228,chr14,49946942,49947051,49946996,hypo,-0.28767696022987366,RN7SL3,49853914,-93082,93082
228,chr14,49946942,49947051,49946996,hypo,-0.28767696022987366,NEMF,49853203,-93793,93793
230,chr14,54650490,54650553,54650521,hyper,0.38172516226768494,SAMD4A,54567127,-83394,83394
231,chr14,54650823,54651011,54650917,hyper,0.44311341643333435,SAMD4A,54567127,-83790,83790
232,chr14,55760931,55761000,55760965,hyper,0.32646578550338745,RPL13AP3,55766244,5279,5279
232,chr14,55760931,55761000,55760965,hyper,0.32646578550338745,LINC00520,55796674,35709,35709
233,chr14,56797657,56797816,56797736,hyper,0.5222687721252441,OTX2,56810479,12743,12743
233,chr14,56797657,56797816,56797736,hyper,0.5222687721252441,OTX2-AS1,56812005,14269,14269
234,chr14,56798636,56798843,56798739,hyper,0.6067575216293335,OTX2,56810479,11740,11740
234,chr14,56798636,56798843,56798739,hyper,0.6067575216293335,OTX2-AS1,56812005,13266,13266
235,chr14,56799115,56799391,56799253,hyper,0.5018113851547241,OTX2,56810479,11226,11226
235,chr14,56799115,56799391,56799253,hyper,0.5018113851547241,OTX2-AS1,56812005,12752,12752
236,chr14,56799508,56799584,56799546,hyper,0.49026772379875183,OTX2,56810479,10933,10933
236,chr14,56799508,56799584,56799546,hyper,0.49026772379875183,OTX2-AS1,56812005,12459,12459
237,chr14,56803928,56804020,56803974,hyper,0.5804533362388611,OTX2,56810479,6505,6505
237,chr14,56803928,56804020,56803974,hyper,0.5804533362388611,OTX2-AS1,56812005,8031,8031
238,chr14,56804137,56804535,56804336,hyper,0.6449947953224182,OTX2,56810479,6143,6143
238,chr14,56804137,56804535,56804336,hyper,0.6449947953224182,OTX2-AS1,56812005,7669,7669
239,chr14,56812441,56812952,56812696,hyper,0.5444508194923401,OTX2-AS1,56812005,-691,691
239,chr14,56812441,56812952,56812696,hyper,0.5444508194923401,OTX2,56810479,-2217,2217
240,chr14,64623690,64623822,64623756,hypo,-0.4142637252807617,PPP1R36,64549960,-73796,73796
240,chr14,64623690,64623822,64623756,hypo,-0.4142637252807617,PLEKHG3,64704423,80667,80667
240,chr14,64623690,64623822,64623756,hypo,-0.4142637252807617,HSPA2,64540467,-83289,83289
240,chr14,64623690,64623822,64623756,hypo,-0.4142637252807617,LOC102723809,64540368,-83388,83388
241,chr14,69572158,69572344,69572251,hyper,0.5830156207084656,CCDC177,69574871,2620,2620
241,chr14,69572158,69572344,69572251,hyper,0.5830156207084656,SUSD6,69611595,39344,39344
241,chr14,69572158,69572344,69572251,hyper,0.5830156207084656,PLEKHD1,69484727,-87524,87524
242,chr14,69850255,69850585,69850420,hyper,0.5034069418907166,SMOC1,69879415,28995,28995
242,chr14,69850255,69850585,69850420,hyper,0.5034069418907166,LOC100506358,69811759,-38661,38661
242,chr14,69850255,69850585,69850420,hyper,0.5034069418907166,SLC10A1,69797241,-53179,53179
242,chr14,69850255,69850585,69850420,hyper,0.5034069418907166,LOC100289511,69767713,-82707,82707
242,chr14,69850255,69850585,69850420,hyper,0.5034069418907166,SRSF5,69767141,-83279,83279
244,chr14,81122951,81123076,81123013,hyper,0.4186643064022064,SNORA79,81202834,79821,79821
244,chr14,81122951,81123076,81123013,hyper,0.4186643064022064,LOC101928504,81221217,98204,98204
244,chr14,81122951,81123076,81123013,hyper,0.4186643064022064,GTF2A1,81221390,98377,98377
247,chr14,95656782,95657002,95656892,hyper,0.3676161766052246,TCL6,95652096,-4796,4796
247,chr14,95656782,95657002,95656892,hyper,0.3676161766052246,TCL1B,95686425,29533,29533
247,chr14,95656782,95657002,95656892,hyper,0.3676161766052246,TCL1A,95714125,57233,57233
247,chr14,95656782,95657002,95656892,hyper,0.3676161766052246,LOC107984703,95715482,58590,58590
247,chr14,95656782,95657002,95656892,hyper,0.3676161766052246,LINC02318,95573561,-83331,83331
248,chr15,26882669,26882796,26882732,hyper,0.471407413482666,GABRA5,26867061,-15671,15671
248,chr15,26882669,26882796,26882732,hyper,0.471407413482666,GABRG3,26971180,88448,88448
250,chr15,28777373,28777820,28777596,hyper,0.4567998945713043,LOC100289656,28788242,10646,10646
250,chr15,28777373,28777820,28777596,hyper,0.4567998945713043,PDCD6IPP2,28789833,12237,12237
250,chr15,28777373,28777820,28777596,hyper,0.4567998945713043,WHAMMP2,28737582,-40014,40014
250,chr15,28777373,28777820,28777596,hyper,0.4567998945713043,GOLGA8M,28712421,-65175,65175
250,chr15,28777373,28777820,28777596,hyper,0.4567998945713043,GOLGA6L7,28848685,71089,71089
250,chr15,28777373,28777820,28777596,hyper,0.4567998945713043,LOC101928042,28702727,-74869,74869
251,chr15,36921699,36921830,36921764,hyper,0.3623541295528412,LOC145845,36886533,-35231,35231
251,chr15,36921699,36921830,36921764,hyper,0.3623541295528412,MIR8063,36972901,51137,51137
252,chr15,38412669,38412763,38412716,hyper,0.37920770049095154,FAM98B,38454126,41410,41410
253,chr15,48040301,48040395,48040348,hypo,-0.377521276473999,SLC24A5,48120989,80641,80641
254,chr15,57547314,57547501,57547407,hyper,0.4758628308773041,GCOM1,57591903,44496,44496
254,chr15,57547314,57547501,57547407,hyper,0.4758628308773041,MYZAP,57591903,44496,44496
256,chr15,69548892,69549054,69548973,hyper,0.615980327129364,DRAIC,69561719,12746,12746
256,chr15,69548892,69549054,69548973,hyper,0.615980327129364,PCAT29,69592199,43226,43226
256,chr15,69548892,69549054,69548973,hyper,0.615980327129364,RPLP1,69452817,-96156,96156
257,chr15,69549322,69549398,69549360,hyper,0.4632766544818878,DRAIC,69561719,12359,12359
257,chr15,69549322,69549398,69549360,hyper,0.4632766544818878,PCAT29,69592199,42839,42839
257,chr15,69549322,69549398,69549360,hyper,0.4632766544818878,RPLP1,69452817,-96543,96543
258,chr15,73842795,73842865,73842830,hyper,0.38830462098121643,TBC1D21,73873563,30733,30733
258,chr15,73842795,73842865,73842830,hyper,0.38830462098121643,INSYN1-AS1,73768085,-74745,74745
258,chr15,73842795,73842865,73842830,hyper,0.38830462098121643,LOXL1,73926461,83631,83631
258,chr15,73842795,73842865,73842830,hyper,0.38830462098121643,LOXL1-AS1,73928248,85418,85418
258,chr15,73842795,73842865,73842830,hyper,0.38830462098121643,INSYN1,73753351,-89479,89479
259,chr15,86076557,86076645,86076601,hypo,-0.40600499510765076,AGBL1,86079619,3018,3018
259,chr15,86076557,86076645,86076601,hypo,-0.40600499510765076,LINC01584,86116717,40116,40116
262,chr15,91926690,91926834,91926762,hyper,0.6185321807861328,SLCO3A1,91853707,-73055,73055
265,chr15,100252446,100252550,100252498,hyper,0.4452795684337616,ADAMTS17,100341975,89477,89477
265,chr15,100252446,100252550,100252498,hyper,0.4452795684337616,SPATA41,100350718,98220,98220
266,chr15,100471547,100471638,100471592,hypo,-0.380829393863678,CERS3,100544683,73091,73091
266,chr15,100471547,100471638,100471592,hypo,-0.380829393863678,LOC102723335,100558665,87073,87073
266,chr15,100471547,100471638,100471592,hypo,-0.380829393863678,PRKXP1,100559283,87691,87691
266,chr15,100471547,100471638,100471592,hypo,-0.380829393863678,CERS3-AS1,100372938,-98654,98654
267,chr16,5159640,5159789,5159714,hypo,-0.4240312874317169,EEF2KMT,5097820,-61894,61894
267,chr16,5159640,5159789,5159714,hypo,-0.4240312874317169,ALG1,5071842,-87872,87872
267,chr16,5159640,5159789,5159714,hypo,-0.4240312874317169,C16orf89,5066145,-93569,93569
269,chr16,5642284,5642388,5642336,hypo,-0.679150402545929,MIR8065,5632466,-9870,9870
269,chr16,5642284,5642388,5642336,hypo,-0.679150402545929,LINC01570,5616250,-26086,26086
273,chr16,8582125,8582182,8582153,hyper,0.5473868250846863,TMEM114,8590511,8358,8358
273,chr16,8582125,8582182,8582153,hyper,0.5473868250846863,METTL22,8621697,39544,39544
273,chr16,8582125,8582182,8582153,hyper,0.5473868250846863,ABAT,8674616,92463,92463
278,chr16,15811700,15811750,15811725,hypo,-0.423136442899704,MYH11,15857030,45305,45305
278,chr16,15811700,15811750,15811725,hypo,-0.423136442899704,CEP20,15888603,76878,76878
280,chr16,18832806,18833156,18832981,hypo,-0.41713789105415344,ARL6IP1,18801549,-31432,31432
280,chr16,18832806,18833156,18832981,hypo,-0.41713789105415344,RPS15A,18790334,-42647,42647
280,chr16,18832806,18833156,18832981,hypo,-0.41713789105415344,SMG1,18926408,93427,93427
281,chr16,19901262,19901477,19901369,hypo,-0.4755220413208008,GPRC5B,19885634,-15735,15735
282,chr16,20016349,20016571,20016460,hypo,-0.37228891253471375,GPR139,20073890,57430,57430
283,chr16,21527474,21527553,21527513,hyper,0.42550671100616455,SLC7A5P2,21520444,-7069,7069
283,chr16,21527474,21527553,21527513,hyper,0.42550671100616455,SMG1P3,21502281,-25232,25232
283,chr16,21527474,21527553,21527513,hyper,0.42550671100616455,RRN3P3,21501525,-25988,25988
283,chr16,21527474,21527553,21527513,hyper,0.42550671100616455,METTL9,21597220,69707,69707
283,chr16,21527474,21527553,21527513,hyper,0.42550671100616455,LOC101927814,21599385,71872,71872
284,chr16,21527680,21527782,21527731,hyper,0.4051694869995117,SLC7A5P2,21520444,-7287,7287
284,chr16,21527680,21527782,21527731,hyper,0.4051694869995117,SMG1P3,21502281,-25450,25450
284,chr16,21527680,21527782,21527731,hyper,0.4051694869995117,RRN3P3,21501525,-26206,26206
284,chr16,21527680,21527782,21527731,hyper,0.4051694869995117,METTL9,21597220,69489,69489
284,chr16,21527680,21527782,21527731,hyper,0.4051694869995117,LOC101927814,21599385,71654,71654
285,chr16,23051636,23051999,23051817,hyper,0.4550779163837433,USP31,23149270,97453,97453
290,chr16,60984453,60984543,60984498,hypo,-0.28907519578933716,MIR4426,61055766,71268,71268
294,chr16,84286787,84287096,84286941,hyper,0.44149380922317505,WFDC1,84294877,7936,7936
294,chr16,84286787,84287096,84286941,hyper,0.44149380922317505,KCNG4,84239750,-47191,47191
294,chr16,84286787,84287096,84286941,hyper,0.44149380922317505,ATP2C2,84368522,81581,81581
294,chr16,84286787,84287096,84286941,hyper,0.44149380922317505,LOC654780,84197053,-89888,89888
294,chr16,84286787,84287096,84286941,hyper,0.44149380922317505,ADAD2,84191156,-95785,95785
294,chr16,84286787,84287096,84286941,hyper,0.44149380922317505,TAF1C,84187070,-99871,99871
295,chr17,6567939,6568136,6568037,hyper,0.41073334217071533,PITPNM3,6556555,-11482,11482
295,chr17,6567939,6568136,6568037,hyper,0.41073334217071533,KIAA0753,6640711,72674,72674
295,chr17,6567939,6568136,6568037,hyper,0.41073334217071533,TXNDC17,6641059,73022,73022
295,chr17,6567939,6568136,6568037,hyper,0.41073334217071533,MED31,6651605,83568,83568
295,chr17,6567939,6568136,6568037,hyper,0.41073334217071533,C17orf100,6651761,83724,83724
295,chr17,6567939,6568136,6568037,hyper,0.41073334217071533,MIR4520-2,6655448,87411,87411
295,chr17,6567939,6568136,6568037,hyper,0.41073334217071533,MIR4520-1,6655509,87472,87472
295,chr17,6567939,6568136,6568037,hyper,0.41073334217071533,ALOX15P1,6657718,89681,89681
296,chr17,6903584,6903683,6903633,hypo,-0.39046376943588257,ALOX12P2,6853575,-50058,50058
296,chr17,6903584,6903683,6903633,hypo,-0.39046376943588257,TEKT1,6831729,-71904,71904
296,chr17,6903584,6903683,6903633,hypo,-0.39046376943588257,ALOX12,6996048,92415,92415
297,chr17,14078617,14078688,14078652,hyper,0.32005012035369873,COX10,14069503,-9149,9149
297,chr17,14078617,14078688,14078652,hyper,0.32005012035369873,COX10-AS1,14069458,-9194,9194
297,chr17,14078617,14078688,14078652,hyper,0.32005012035369873,CDRT15P1,14024497,-54155,54155
299,chr17,15038729,15038822,15038775,hypo,-0.38640421628952026,CDRT7,15030974,-7801,7801
299,chr17,15038729,15038822,15038775,hypo,-0.38640421628952026,LOC101928475,15014804,-23971,23971
299,chr17,15038729,15038822,15038775,hypo,-0.38640421628952026,CDRT8,15106187,67412,67412
300,chr17,15591955,15592031,15591993,hypo,-0.41684389114379883,CDRT1,15619704,27711,27711
300,chr17,15591955,15592031,15591993,hypo,-0.41684389114379883,TVP23C,15563631,-28362,28362
300,chr17,15591955,15592031,15591993,hypo,-0.41684389114379883,TVP23C-CDRT4,15563483,-28510,28510
300,chr17,15591955,15592031,15591993,hypo,-0.41684389114379883,TRIM16,15684311,92318,92318
301,chr17,15592195,15592247,15592221,hypo,-0.46654924750328064,CDRT1,15619704,27483,27483
301,chr17,15592195,15592247,15592221,hypo,-0.46654924750328064,TVP23C,15563631,-28590,28590
301,chr17,15592195,15592247,15592221,hypo,-0.46654924750328064,TVP23C-CDRT4,15563483,-28738,28738
301,chr17,15592195,15592247,15592221,hypo,-0.46654924750328064,TRIM16,15684311,92090,92090
302,chr17,30271300,30271426,30271363,hyper,0.4936724603176117,BLMH,30291944,20581,20581
302,chr17,30271300,30271426,30271363,hyper,0.4936724603176117,SLC6A4,30235697,-35666,35666
302,chr17,30271300,30271426,30271363,hyper,0.4936724603176117,TMIGD1,30334057,62694,62694
303,chr17,31584073,31584243,31584158,hyper,0.42598190903663635,MIR365B,31575410,-8748,8748
303,chr17,31584073,31584243,31584158,hyper,0.42598190903663635,MIR4725,31575268,-8890,8890
303,chr17,31584073,31584243,31584158,hyper,0.42598190903663635,MIR193A,31559995,-24163,24163
303,chr17,31584073,31584243,31584158,hyper,0.42598190903663635,MIR4724,31534882,-49276,49276
304,chr17,34130864,34130981,34130922,hyper,0.36082738637924194,ASIC2,34156806,25884,25884
304,chr17,34130864,34130981,34130922,hyper,0.36082738637924194,LINC01989,34183632,52710,52710
305,chr17,34131119,34131189,34131154,hyper,0.34869301319122314,ASIC2,34156806,25652,25652
305,chr17,34131119,34131189,34131154,hyper,0.34869301319122314,LINC01989,34183632,52478,52478
306,chr17,36059637,36059798,36059717,hyper,0.4971843957901001,CCL18,36064271,4554,4554
306,chr17,36059637,36059798,36059717,hyper,0.4971843957901001,CCL23,36017972,-41745,41745
306,chr17,36059637,36059798,36059717,hyper,0.4971843957901001,CCL4L1,36103672,43955,43955
306,chr17,36059637,36059798,36059717,hyper,0.4971843957901001,CCL4,36103826,44109,44109
306,chr17,36059637,36059798,36059717,hyper,0.4971843957901001,CCL4L2,36103826,44109,44109
306,chr17,36059637,36059798,36059717,hyper,0.4971843957901001,CCL15-CCL14,36002038,-57679,57679
306,chr17,36059637,36059798,36059717,hyper,0.4971843957901001,CCL15,36001553,-58164,58164
306,chr17,36059637,36059798,36059717,hyper,0.4971843957901001,CCL14,35986729,-72988,72988
306,chr17,36059637,36059798,36059717,hyper,0.4971843957901001,CCL16,35981497,-78220,78220
307,chr17,42925368,42925527,42925447,hyper,0.4985907971858978,G6PC,42900798,-24649,24649
307,chr17,42925368,42925527,42925447,hyper,0.4985907971858978,LINC00671,42898734,-26713,26713
307,chr17,42925368,42925527,42925447,hyper,0.4985907971858978,AARSD1,42964454,39007,39007
307,chr17,42925368,42925527,42925447,hyper,0.4985907971858978,PTGES3L,42980080,54633,54633
307,chr17,42925368,42925527,42925447,hyper,0.4985907971858978,PTGES3L-AARSD1,42980528,55081,55081
307,chr17,42925368,42925527,42925447,hyper,0.4985907971858978,RUNDC1,42980564,55117,55117
307,chr17,42925368,42925527,42925447,hyper,0.4985907971858978,AOC4P,42867144,-58303,58303
307,chr17,42925368,42925527,42925447,hyper,0.4985907971858978,RPL27,42998272,72825,72825
307,chr17,42925368,42925527,42925447,hyper,0.4985907971858978,AOC3,42851183,-74264,74264
307,chr17,42925368,42925527,42925447,hyper,0.4985907971858978,AOC2,42844579,-80868,80868
307,chr17,42925368,42925527,42925447,hyper,0.4985907971858978,IFI35,43006783,81336,81336
307,chr17,42925368,42925527,42925447,hyper,0.4985907971858978,PSME3,42833396,-92051,92051
307,chr17,42925368,42925527,42925447,hyper,0.4985907971858978,VAT1,43022385,96938,96938
307,chr17,42925368,42925527,42925447,hyper,0.4985907971858978,RND2,43025230,99783,99783
308,chr17,43591757,43592151,43591954,hyper,0.4590306878089905,ETV4,43546340,-45614,45614
308,chr17,43591757,43592151,43591954,hyper,0.4590306878089905,MEOX1,43661922,69968,69968
309,chr17,54906782,54906945,54906863,hyper,0.36108168959617615,TOM1L1,54900690,-6173,6173
309,chr17,54906782,54906945,54906863,hyper,0.36108168959617615,STXBP4,54968764,61901,61901
309,chr17,54906782,54906945,54906863,hyper,0.36108168959617615,COX11,54968785,61922,61922
310,chr17,57073211,57073338,57073274,hyper,0.41790810227394104,AKAP1,57085245,11971,11971
310,chr17,57073211,57073338,57073274,hyper,0.41790810227394104,RNF126P1,57045477,-27797,27797
310,chr17,57073211,57073338,57073274,hyper,0.41790810227394104,SCPEP1,56978130,-95144,95144
311,chr17,59194428,59194603,59194515,hypo,-0.3369365930557251,SMG8,59210009,15494,15494
311,chr17,59194428,59194603,59194515,hypo,-0.3369365930557251,GDPD1,59220510,25995,25995
311,chr17,59194428,59194603,59194515,hypo,-0.3369365930557251,PRR11,59155745,-38770,38770
311,chr17,59194428,59194603,59194515,hypo,-0.3369365930557251,SKA2,59155186,-39329,39329
311,chr17,59194428,59194603,59194515,hypo,-0.3369365930557251,MIR301A,59151221,-43294,43294
311,chr17,59194428,59194603,59194515,hypo,-0.3369365930557251,MIR454,59137872,-56643,56643
311,chr17,59194428,59194603,59194515,hypo,-0.3369365930557251,TRIM37,59106880,-87635,87635
312,chr17,59297058,59297135,59297096,hypo,-0.39835938811302185,YPEL2,59331654,34558,34558
312,chr17,59297058,59297135,59297096,hypo,-0.39835938811302185,MIR4729,59366082,68986,68986
312,chr17,59297058,59297135,59297096,hypo,-0.39835938811302185,GDPD1,59220510,-76586,76586
312,chr17,59297058,59297135,59297096,hypo,-0.39835938811302185,SMG8,59210009,-87087,87087
313,chr17,65403339,65403675,65403507,hyper,0.5634375810623169,LINC02563,65457540,54033,54033
314,chr17,67700192,67700397,67700294,hypo,-0.5427714586257935,NOL11,67717832,17538,17538
314,chr17,67700192,67700397,67700294,hypo,-0.5427714586257935,SNORA38B,67740669,40375,40375
315,chr17,68383521,68383818,68383669,hyper,0.4365648925304413,PRKAR1A,68413622,29953,29953
315,chr17,68383521,68383818,68383669,hyper,0.4365648925304413,MIR635,68424548,40879,40879
315,chr17,68383521,68383818,68383669,hyper,0.4365648925304413,WIPI1,68457524,73855,73855
315,chr17,68383521,68383818,68383669,hyper,0.4365648925304413,SLC16A6,68291127,-92542,92542
316,chr17,68564003,68564157,68564080,hyper,0.4827187657356262,FAM20A,68601367,37287,37287
316,chr17,68564003,68564157,68564080,hyper,0.4827187657356262,LINC01482,68628153,64073,64073
317,chr17,70104774,70104848,70104811,hyper,0.37213486433029175,KCNJ16,70075224,-29587,29587
317,chr17,70104774,70104848,70104811,hyper,0.37213486433029175,LINC01028,70051270,-53541,53541
317,chr17,70104774,70104848,70104811,hyper,0.37213486433029175,KCNJ2-AS1,70169402,64591,64591
317,chr17,70104774,70104848,70104811,hyper,0.37213486433029175,KCNJ2,70169531,64720,64720
319,chr17,73396956,73397085,73397020,hyper,0.4727672338485718,CDC42EP4,73312001,-85019,85019
320,chr17,77163022,77163244,77163133,hyper,0.515515148639679,MIR6516,77089416,-73717,73717
320,chr17,77163022,77163244,77163133,hyper,0.515515148639679,SCARNA16,77089306,-73827,73827
320,chr17,77163022,77163244,77163133,hyper,0.515515148639679,SEC14L1,77088684,-74449,74449
320,chr17,77163022,77163244,77163133,hyper,0.515515148639679,SNHG20,77088642,-74491,74491
321,chr17,77163629,77163796,77163712,hyper,0.4532589912414551,MIR6516,77089416,-74296,74296
321,chr17,77163629,77163796,77163712,hyper,0.4532589912414551,SCARNA16,77089306,-74406,74406
321,chr17,77163629,77163796,77163712,hyper,0.4532589912414551,SEC14L1,77088684,-75028,75028
321,chr17,77163629,77163796,77163712,hyper,0.4532589912414551,SNHG20,77088642,-75070,75070
322,chr17,78082101,78082240,78082170,hyper,0.39150744676589966,TMC8,78130770,48600,48600
322,chr17,78082101,78082240,78082170,hyper,0.39150744676589966,TMC6,78132427,50257,50257
322,chr17,78082101,78082240,78082170,hyper,0.39150744676589966,C17orf99,78146384,64214,64214
322,chr17,78082101,78082240,78082170,hyper,0.39150744676589966,TNRC6C,78004236,-77934,77934
322,chr17,78082101,78082240,78082170,hyper,0.39150744676589966,SYNGR2,78168544,86374,86374
323,chr17,78592194,78592817,78592505,hyper,0.566246747970581,DNAH17,78577396,-15109,15109
323,chr17,78592194,78592817,78592505,hyper,0.566246747970581,SCAT1,78632057,39552,39552
324,chr17,78824798,78824977,78824887,hyper,0.3474600613117218,USP36,78841439,16552,16552
324,chr17,78824798,78824977,78824887,hyper,0.3474600613117218,CYTH1,78782342,-42545,42545
324,chr17,78824798,78824977,78824887,hyper,0.3474600613117218,CEP295NL,78903201,78314,78314
325,chr17,83151423,83151496,83151459,hyper,0.4722953736782074,METRNL,83079608,-71851,71851
325,chr17,83151423,83151496,83151459,hyper,0.4722953736782074,RPL23AP87,83226896,75437,75437
325,chr17,83151423,83151496,83151459,hyper,0.4722953736782074,B3GNTL1,83051810,-99649,99649
326,chr18,463523,463762,463642,hyper,0.39479246735572815,COLEC12,500701,37059,37059
326,chr18,463523,463762,463642,hyper,0.39479246735572815,LINC01925,515294,51652,51652
327,chr18,5638514,5638608,5638561,hyper,0.34830188751220703,EPB41L3,5630663,-7898,7898
328,chr18,7290256,7290325,7290290,hypo,-0.48155489563941956,LRRC30,7231103,-59187,59187
330,chr18,11850118,11850400,11850259,hyper,0.390047550201416,CHMP1B,11851412,1153,1153
330,chr18,11850118,11850400,11850259,hyper,0.390047550201416,MPPE1,11908317,58058,58058
331,chr18,21240854,21241175,21241014,hyper,0.4636367857456207,GREB1L,21242241,1227,1227
332,chr18,21244550,21244842,21244696,hyper,0.5638324618339539,GREB1L,21242241,-2455,2455
333,chr18,23532864,23532962,23532913,hypo,-0.3582286834716797,RMC1,23503469,-29444,29444
333,chr18,23532864,23532962,23532913,hypo,-0.3582286834716797,NPC1,23586506,53593,53593
333,chr18,23532864,23532962,23532913,hypo,-0.3582286834716797,RIOK3,23453286,-79627,79627
333,chr18,23532864,23532962,23532913,hypo,-0.3582286834716797,TMEM241,23437969,-94944,94944
336,chr18,42243050,42243176,42243113,hyper,0.42132243514060974,LINC00907,42186667,-56446,56446
337,chr18,44474193,44474296,44474244,hyper,0.4722713232040405,LINC01478,44531697,57453,57453
337,chr18,44474193,44474296,44474244,hyper,0.4722713232040405,LINC01601,44531778,57534,57534
338,chr18,55458855,55458973,55458914,hyper,0.46073901653289795,TCF4-AS1,55452532,-6382,6382
338,chr18,55458855,55458973,55458914,hyper,0.46073901653289795,MIR4529,55479220,20306,20306
341,chr18,67840855,67840997,67840926,hyper,0.28720495104789734,LINC01903,67814822,-26104,26104
343,chr18,76771726,76771895,76771810,hypo,-0.549471914768219,ZNF236-DT,76822295,50485,50485
343,chr18,76771726,76771895,76771810,hypo,-0.549471914768219,ZNF236,76822556,50746,50746
343,chr18,76771726,76771895,76771810,hypo,-0.549471914768219,LINC01879,76690028,-81782,81782
344,chr18,77042654,77042805,77042729,hyper,0.40228140354156494,MBP,77132783,90054,90054
346,chr18,77924622,77924717,77924669,hyper,0.3096016049385071,LINC01029,77993727,69058,69058
348,chr19,7287690,7287932,7287811,hyper,0.4162241816520691,INSR,7294414,6603,6603
348,chr19,7287690,7287932,7287811,hyper,0.4162241816520691,ARHGEF18,7348936,61125,61125
349,chr19,9774847,9775024,9774935,hyper,0.35345450043678284,ZNF846,9786183,11248,11248
349,chr19,9774847,9775024,9774935,hyper,0.35345450043678284,LOC100505555,9793180,18245,18245
349,chr19,9774847,9775024,9774935,hyper,0.35345450043678284,FBXL12,9819079,44144,44144
349,chr19,9774847,9775024,9774935,hyper,0.35345450043678284,UBL5,9827917,52982,52982
349,chr19,9774847,9775024,9774935,hyper,0.35345450043678284,PIN1,9835206,60271,60271
349,chr19,9774847,9775024,9774935,hyper,0.35345450043678284,ZNF812P,9700776,-74159,74159
349,chr19,9774847,9775024,9774935,hyper,0.35345450043678284,ZNF562,9675100,-99835,99835
350,chr19,18457666,18457767,18457716,hypo,-0.4650571644306183,ISYNA1,18438133,-19583,19583
350,chr19,18457666,18457767,18457716,hypo,-0.4650571644306183,SSBP4,18419397,-38319,38319
350,chr19,18457666,18457767,18457716,hypo,-0.4650571644306183,LRRC25,18397622,-60094,60094
350,chr19,18457666,18457767,18457716,hypo,-0.4650571644306183,ELL,18522070,64354,64354
350,chr19,18457666,18457767,18457716,hypo,-0.4650571644306183,MIR3189,18386561,-71155,71155
350,chr19,18457666,18457767,18457716,hypo,-0.4650571644306183,GDF15,18386157,-71559,71559
350,chr19,18457666,18457767,18457716,hypo,-0.4650571644306183,FKBP8,18543573,85857,85857
352,chr19,34557424,34557589,34557506,hypo,-0.43229150772094727,ZNF807P,34545386,-12120,12120
352,chr19,34557424,34557589,34557506,hypo,-0.43229150772094727,SCGB2B2,34594585,37079,37079
352,chr19,34557424,34557589,34557506,hypo,-0.43229150772094727,WTIP,34481757,-75749,75749
352,chr19,34557424,34557589,34557506,hypo,-0.43229150772094727,SCGB2B3P,34645872,88366,88366
353,chr19,47004365,47004435,47004400,hyper,0.49340319633483887,NPAS1,47019836,15436,15436
353,chr19,47004365,47004435,47004400,hyper,0.49340319633483887,TMEM160,47048624,44224,44224
354,chr19,52176545,52176645,52176595,hyper,0.43922320008277893,ZNF836,52171621,-4974,4974
354,chr19,52176545,52176645,52176595,hyper,0.43922320008277893,PPP2R1A,52190051,13456,13456
354,chr19,52176545,52176645,52176595,hyper,0.43922320008277893,ZNF616,52139938,-36657,36657
354,chr19,52176545,52176645,52176595,hyper,0.43922320008277893,MIR6801,52222019,45424,45424
354,chr19,52176545,52176645,52176595,hyper,0.43922320008277893,ZNF841,52095765,-80830,80830
354,chr19,52176545,52176645,52176595,hyper,0.43922320008277893,ZNF766,52269586,92991,92991
355,chr19,53658122,53658246,53658184,hyper,0.39776545763015747,MIR512-2,53666672,8488,8488
355,chr19,53658122,53658246,53658184,hyper,0.39776545763015747,MIR512-1,53666678,8494,8494
355,chr19,53658122,53658246,53658184,hyper,0.39776545763015747,MIR1323,53671967,13783,13783
355,chr19,53658122,53658246,53658184,hyper,0.39776545763015747,MIR498,53674196,16012,16012
355,chr19,53658122,53658246,53658184,hyper,0.39776545763015747,MIR520E,53675710,17526,17526
355,chr19,53658122,53658246,53658184,hyper,0.39776545763015747,MIR515-1,53679002,20818,20818
355,chr19,53658122,53658246,53658184,hyper,0.39776545763015747,MIR515-2,53679002,20818,20818
355,chr19,53658122,53658246,53658184,hyper,0.39776545763015747,MIR519E,53679939,21755,21755
355,chr19,53658122,53658246,53658184,hyper,0.39776545763015747,MIR520F,53682158,23974,23974
355,chr19,53658122,53658246,53658184,hyper,0.39776545763015747,DPRX,53632055,-26129,26129
355,chr19,53658122,53658246,53658184,hyper,0.39776545763015747,MIR519C,53686468,28284,28284
355,chr19,53658122,53658246,53658184,hyper,0.39776545763015747,MIR1283-1,53688480,30296,30296
355,chr19,53658122,53658246,53658184,hyper,0.39776545763015747,MIR520A,53690880,32696,32696
355,chr19,53658122,53658246,53658184,hyper,0.39776545763015747,MIR526B,53694392,36208,36208
355,chr19,53658122,53658246,53658184,hyper,0.39776545763015747,MIR519B,53695212,37028,37028
355,chr19,53658122,53658246,53658184,hyper,0.39776545763015747,MIR525,53697532,39348,39348
355,chr19,53658122,53658246,53658184,hyper,0.39776545763015747,MIR523,53698384,40200,40200
355,chr19,53658122,53658246,53658184,hyper,0.39776545763015747,MIR518F,53700014,41830,41830
355,chr19,53658122,53658246,53658184,hyper,0.39776545763015747,MIR520B,53701226,43042,43042
355,chr19,53658122,53658246,53658184,hyper,0.39776545763015747,MIR518B,53702736,44552,44552
355,chr19,53658122,53658246,53658184,hyper,0.39776545763015747,MIR526A1,53706251,48067,48067
355,chr19,53658122,53658246,53658184,hyper,0.39776545763015747,MIR520C,53707452,49268,49268
355,chr19,53658122,53658246,53658184,hyper,0.39776545763015747,MIR518C,53708734,50550,50550
355,chr19,53658122,53658246,53658184,hyper,0.39776545763015747,MIR524,53711001,52817,52817
355,chr19,53658122,53658246,53658184,hyper,0.39776545763015747,MIR517A,53712267,54083,54083
355,chr19,53658122,53658246,53658184,hyper,0.39776545763015747,LOC284379,53603497,-54687,54687
355,chr19,53658122,53658246,53658184,hyper,0.39776545763015747,MIR519D,53713346,55162,55162
355,chr19,53658122,53658246,53658184,hyper,0.39776545763015747,MIR521-2,53716593,58409,58409
355,chr19,53658122,53658246,53658184,hyper,0.39776545763015747,MIR520D,53720095,61911,61911
355,chr19,53658122,53658246,53658184,hyper,0.39776545763015747,MIR517B,53721075,62891,62891
355,chr19,53658122,53658246,53658184,hyper,0.39776545763015747,MIR520G,53722165,63981,63981
355,chr19,53658122,53658246,53658184,hyper,0.39776545763015747,MIR516B2,53725441,67257,67257
355,chr19,53658122,53658246,53658184,hyper,0.39776545763015747,MIR526A2,53726921,68737,68737
355,chr19,53658122,53658246,53658184,hyper,0.39776545763015747,MIR518E,53729837,71653,71653
355,chr19,53658122,53658246,53658184,hyper,0.39776545763015747,MIR518A1,53731005,72821,72821
355,chr19,53658122,53658246,53658184,hyper,0.39776545763015747,MIR518D,53734876,76692,76692
355,chr19,53658122,53658246,53658184,hyper,0.39776545763015747,MIR516B1,53736844,78660,78660
355,chr19,53658122,53658246,53658184,hyper,0.39776545763015747,MIR518A2,53739332,81148,81148
355,chr19,53658122,53658246,53658184,hyper,0.39776545763015747,MIR517C,53741312,83128,83128
355,chr19,53658122,53658246,53658184,hyper,0.39776545763015747,MIR520H,53742511,84327,84327
355,chr19,53658122,53658246,53658184,hyper,0.39776545763015747,MIR521-1,53748635,90451,90451
355,chr19,53658122,53658246,53658184,hyper,0.39776545763015747,MIR522,53751210,93026,93026
355,chr19,53658122,53658246,53658184,hyper,0.39776545763015747,MIR519A1,53752396,94212,94212
355,chr19,53658122,53658246,53658184,hyper,0.39776545763015747,MIR527,53754017,95833,95833
355,chr19,53658122,53658246,53658184,hyper,0.39776545763015747,MIR516A1,53756740,98556,98556
356,chr19,54224117,54224291,54224204,hyper,0.36733362078666687,LILRB3,54223007,-1197,1197
356,chr19,54224117,54224291,54224204,hyper,0.36733362078666687,LILRA6,54242795,18591,18591
356,chr19,54224117,54224291,54224204,hyper,0.36733362078666687,RPS9,54200857,-23347,23347
356,chr19,54224117,54224291,54224204,hyper,0.36733362078666687,LILRB5,54257273,33069,33069
356,chr19,54224117,54224291,54224204,hyper,0.36733362078666687,TSEN34,54190267,-33937,33937
356,chr19,54224117,54224291,54224204,hyper,0.36733362078666687,MBOAT7,54189882,-34322,34322
356,chr19,54224117,54224291,54224204,hyper,0.36733362078666687,TMC4,54173160,-51044,51044
356,chr19,54224117,54224291,54224204,hyper,0.36733362078666687,LILRB2,54281178,56974,56974
356,chr19,54224117,54224291,54224204,hyper,0.36733362078666687,MIR4752,54282108,57904,57904
356,chr19,54224117,54224291,54224204,hyper,0.36733362078666687,LENG1,54159721,-64483,64483
356,chr19,54224117,54224291,54224204,hyper,0.36733362078666687,CNOT3,54137761,-86443,86443
356,chr19,54224117,54224291,54224204,hyper,0.36733362078666687,LILRA5,54313166,88962,88962
359,chr2,1456079,1456338,1456208,hyper,0.5346155166625977,TPO,1413460,-42748,42748
359,chr2,1456079,1456338,1456208,hyper,0.5346155166625977,LOC102723730,1551929,95721,95721
360,chr2,3040796,3041073,3040934,hyper,0.4596233069896698,LINC01250,3126026,85092,85092
362,chr2,6448922,6449159,6449040,hyper,0.46809205412864685,LINC01247,6375422,-73618,73618
363,chr2,6674454,6674538,6674496,hypo,-0.42192068696022034,MIR7515HG,6650519,-23977,23977
363,chr2,6674454,6674538,6674496,hypo,-0.42192068696022034,MIR7515,6650372,-24124,24124
363,chr2,6674454,6674538,6674496,hypo,-0.42192068696022034,LINC01246,6634706,-39790,39790
363,chr2,6674454,6674538,6674496,hypo,-0.42192068696022034,LINC00487,6770311,95815,95815
365,chr2,9961311,9961472,9961391,hyper,0.3955400586128235,GRHL1,9951692,-9699,9699
365,chr2,9961311,9961472,9961391,hyper,0.3955400586128235,LOC101929882,10043401,82010,82010
365,chr2,9961311,9961472,9961391,hyper,0.3955400586128235,KLF11,10043549,82158,82158
366,chr2,9990976,9991045,9991010,hyper,0.40743184089660645,GRHL1,9951692,-39318,39318
366,chr2,9990976,9991045,9991010,hyper,0.40743184089660645,LOC101929882,10043401,52391,52391
366,chr2,9990976,9991045,9991010,hyper,0.40743184089660645,KLF11,10043549,52539,52539
366,chr2,9990976,9991045,9991010,hyper,0.40743184089660645,CYS1,10080411,89401,89401
369,chr2,26339844,26339977,26339910,hypo,-0.4590502679347992,SELENOI,26346142,6232,6232
369,chr2,26339844,26339977,26339910,hypo,-0.4590502679347992,ADGRF3,26346789,6879,6879
369,chr2,26339844,26339977,26339910,hypo,-0.4590502679347992,DRC1,26401919,62009,62009
369,chr2,26339844,26339977,26339910,hypo,-0.4590502679347992,HADHB,26244747,-95163,95163
369,chr2,26339844,26339977,26339910,hypo,-0.4590502679347992,HADHA,26244632,-95278,95278
370,chr2,27809291,27809525,27809408,hypo,-0.38407912850379944,MRPL33,27771716,-37692,37692
370,chr2,27809291,27809525,27809408,hypo,-0.38407912850379944,BABAM2,27888708,79300,79300
370,chr2,27809291,27809525,27809408,hypo,-0.38407912850379944,RBKS,27890396,80988,80988
370,chr2,27809291,27809525,27809408,hypo,-0.38407912850379944,BABAM2-AS1,27891114,81706,81706
370,chr2,27809291,27809525,27809408,hypo,-0.38407912850379944,LOC105374378,27716122,-93286,93286
370,chr2,27809291,27809525,27809408,hypo,-0.38407912850379944,LINC01460,27715732,-93676,93676
371,chr2,38213879,38213989,38213934,hyper,0.4504963457584381,CYP1B1-AS1,38131104,-82830,82830
372,chr2,39515818,39515877,39515847,hyper,0.40521180629730225,MAP4K3-DT,39437415,-78432,78432
372,chr2,39515818,39515877,39515847,hyper,0.40521180629730225,MAP4K3,39437285,-78562,78562
373,chr2,39922646,39922755,39922700,hyper,0.3830353319644928,SLC8A1-AS1,39917633,-5067,5067
374,chr2,44929730,44930241,44929985,hyper,0.4213750660419464,LINC01833,44939199,9214,9214
374,chr2,44929730,44930241,44929985,hyper,0.4213750660419464,SIX3,44941701,11716,11716
374,chr2,44929730,44930241,44929985,hyper,0.4213750660419464,SIX3-AS1,44941878,11893,11893
374,chr2,44929730,44930241,44929985,hyper,0.4213750660419464,SIX2,45009452,79467,79467
375,chr2,44930633,44930883,44930758,hyper,0.3381131589412689,LINC01833,44939199,8441,8441
375,chr2,44930633,44930883,44930758,hyper,0.3381131589412689,SIX3,44941701,10943,10943
375,chr2,44930633,44930883,44930758,hyper,0.3381131589412689,SIX3-AS1,44941878,11120,11120
375,chr2,44930633,44930883,44930758,hyper,0.3381131589412689,SIX2,45009452,78694,78694
376,chr2,44932625,44932960,44932792,hyper,0.5082923769950867,LINC01833,44939199,6407,6407
376,chr2,44932625,44932960,44932792,hyper,0.5082923769950867,SIX3,44941701,8909,8909
376,chr2,44932625,44932960,44932792,hyper,0.5082923769950867,SIX3-AS1,44941878,9086,9086
376,chr2,44932625,44932960,44932792,hyper,0.5082923769950867,SIX2,45009452,76660,76660
377,chr2,44933237,44933587,44933412,hyper,0.46511268615722656,LINC01833,44939199,5787,5787
377,chr2,44933237,44933587,44933412,hyper,0.46511268615722656,SIX3,44941701,8289,8289
377,chr2,44933237,44933587,44933412,hyper,0.46511268615722656,SIX3-AS1,44941878,8466,8466
377,chr2,44933237,44933587,44933412,hyper,0.46511268615722656,SIX2,45009452,76040,76040
378,chr2,44953016,44953131,44953073,hyper,0.47406262159347534,SIX3-AS1,44941878,-11195,11195
378,chr2,44953016,44953131,44953073,hyper,0.47406262159347534,SIX3,44941701,-11372,11372
378,chr2,44953016,44953131,44953073,hyper,0.47406262159347534,LINC01833,44939199,-13874,13874
378,chr2,44953016,44953131,44953073,hyper,0.47406262159347534,SIX2,45009452,56379,56379
379,chr2,63058510,63059033,63058771,hyper,0.583821177482605,OTX1,63049734,-9037,9037
379,chr2,63058510,63059033,63058771,hyper,0.583821177482605,LOC100132215,63048521,-10250,10250
379,chr2,63058510,63059033,63058771,hyper,0.583821177482605,DBIL5P2,63119542,60771,60771
380,chr2,63059428,63059823,63059625,hyper,0.6353357434272766,OTX1,63049734,-9891,9891
380,chr2,63059428,63059823,63059625,hyper,0.6353357434272766,LOC100132215,63048521,-11104,11104
380,chr2,63059428,63059823,63059625,hyper,0.6353357434272766,DBIL5P2,63119542,59917,59917
381,chr2,63060005,63060288,63060146,hyper,0.39537256956100464,OTX1,63049734,-10412,10412
381,chr2,63060005,63060288,63060146,hyper,0.39537256956100464,LOC100132215,63048521,-11625,11625
381,chr2,63060005,63060288,63060146,hyper,0.39537256956100464,DBIL5P2,63119542,59396,59396
382,chr2,63060551,63060649,63060600,hyper,0.4922736883163452,OTX1,63049734,-10866,10866
382,chr2,63060551,63060649,63060600,hyper,0.4922736883163452,LOC100132215,63048521,-12079,12079
382,chr2,63060551,63060649,63060600,hyper,0.4922736883163452,DBIL5P2,63119542,58942,58942
383,chr2,63993575,63993641,63993608,hypo,-0.3595185875892639,VPS54,64019428,25820,25820
384,chr2,64931807,64931885,64931846,hypo,-0.38399744033813477,LINC02245,64932447,601,601
384,chr2,64931807,64931885,64931846,hypo,-0.38399744033813477,SLC1A4,64988478,56632,56632
384,chr2,64931807,64931885,64931846,hypo,-0.38399744033813477,LINC01800,64863631,-68215,68215
385,chr2,65088587,65088665,65088626,hypo,-0.39254239201545715,CEP68,65056415,-32211,32211
385,chr2,65088587,65088665,65088626,hypo,-0.39254239201545715,RAB1A,65130301,41675,41675
386,chr2,65278498,65278623,65278560,hyper,0.42832180857658386,ACTR2,65227694,-50866,50866
388,chr2,69196378,69196515,69196446,hyper,0.36758455634117126,MIR3126,69103681,-92765,92765
389,chr2,74044600,74044756,74044678,hyper,0.3377399444580078,TET3,73984909,-59769,59769
389,chr2,74044600,74044756,74044678,hyper,0.3377399444580078,DGUOK-AS1,73981439,-63239,63239
390,chr2,77959466,77959537,77959501,hyper,0.2991379499435425,SNAR-H,77955026,-4475,4475
390,chr2,77959466,77959537,77959501,hyper,0.2991379499435425,LINC01851,77915933,-43568,43568
392,chr2,97397976,97398199,97398087,hypo,-0.3075833022594452,LOC100506123,97424027,25940,25940
392,chr2,97397976,97398199,97398087,hypo,-0.3075833022594452,LOC100506076,97429244,31157,31157
393,chr2,100045185,100045407,100045296,hyper,0.5760694742202759,AFF3,100142590,97294,97294
395,chr2,105081933,105082061,105081997,hyper,0.38442322611808777,MRPS9-AS1,105102944,20947,20947
395,chr2,105081933,105082061,105081997,hyper,0.38442322611808777,MRPS9-AS2,105038496,-43501,43501
395,chr2,105081933,105082061,105081997,hyper,0.38442322611808777,MRPS9,105038068,-43929,43929
395,chr2,105081933,105082061,105081997,hyper,0.38442322611808777,LINC01918,105144112,62115,62115
396,chr2,105082298,105082411,105082354,hyper,0.34621700644493103,MRPS9-AS1,105102944,20590,20590
396,chr2,105082298,105082411,105082354,hyper,0.34621700644493103,MRPS9-AS2,105038496,-43858,43858
396,chr2,105082298,105082411,105082354,hyper,0.34621700644493103,MRPS9,105038068,-44286,44286
396,chr2,105082298,105082411,105082354,hyper,0.34621700644493103,LINC01918,105144112,61758,61758
397,chr2,105584253,105584454,105584353,hyper,0.3653261363506317,LOC285000,105610559,26206,26206
398,chr2,106281709,106281812,106281760,hyper,0.5032181143760681,UXS1,106194301,-87459,87459
398,chr2,106281709,106281812,106281760,hyper,0.5032181143760681,ANAPC1P6,106369744,87984,87984
399,chr2,106281930,106282418,106282174,hyper,0.5357649922370911,ANAPC1P6,106369744,87570,87570
399,chr2,106281930,106282418,106282174,hyper,0.5357649922370911,UXS1,106194301,-87873,87873
399,chr2,106281930,106282418,106282174,hyper,0.5357649922370911,PLGLA,106382113,99939,99939
400,chr2,109700397,109700485,109700441,hyper,0.37111061811447144,RGPD6,109760438,59997,59997
400,chr2,109700397,109700485,109700441,hyper,0.37111061811447144,SOWAHC,109614363,-86078,86078
400,chr2,109700397,109700485,109700441,hyper,0.37111061811447144,SEPTIN10,109613966,-86475,86475
400,chr2,109700397,109700485,109700441,hyper,0.37111061811447144,RGPD5,109792757,92316,92316
400,chr2,109700397,109700485,109700441,hyper,0.37111061811447144,RGPD8,109794273,93832,93832
401,chr2,112078672,112078840,112078756,hypo,-0.2781584858894348,TMEM87B,112055268,-23488,23488
401,chr2,112078672,112078840,112078756,hypo,-0.2781584858894348,FBLN7,112138384,59628,59628
402,chr2,118618581,118618687,118618634,hypo,-0.4283602833747864,LOC101927709,118602966,-15668,15668
407,chr2,126655116,126655271,126655193,hyper,0.3954905867576599,GYPC,126655934,741,741
408,chr2,127480936,127481168,127481052,hyper,0.3450082838535309,IWS1,127526489,45437,45437
408,chr2,127480936,127481168,127481052,hyper,0.3450082838535309,MYO7B,127535801,54749,54749
408,chr2,127480936,127481168,127481052,hyper,0.3450082838535309,MIR4783,127423618,-57434,57434
408,chr2,127480936,127481168,127481052,hyper,0.3450082838535309,PROC,127418426,-62626,62626
408,chr2,127480936,127481168,127481052,hyper,0.3450082838535309,LOC105373609,127570962,89910,89910
408,chr2,127480936,127481168,127481052,hyper,0.3450082838535309,MAP3K2,127388465,-92587,92587
411,chr2,130195425,130195527,130195476,hyper,0.45418184995651245,TUBA3E,130198439,2963,2963
411,chr2,130195425,130195527,130195476,hyper,0.45418184995651245,MZT2B,130182261,-13215,13215
411,chr2,130195425,130195527,130195476,hyper,0.45418184995651245,SMPD4,130181757,-13719,13719
411,chr2,130195425,130195527,130195476,hyper,0.45418184995651245,CCDC74B,130145112,-50364,50364
411,chr2,130195425,130195527,130195476,hyper,0.45418184995651245,MED15P9,130129622,-65854,65854
411,chr2,130195425,130195527,130195476,hyper,0.45418184995651245,POTEF,130129222,-66254,66254
412,chr2,134876884,134877065,134876974,hyper,0.35437068343162537,MIR5590,134857819,-19155,19155
412,chr2,134876884,134877065,134876974,hyper,0.35437068343162537,ACMSD,134838615,-38359,38359
412,chr2,134876884,134877065,134876974,hyper,0.35437068343162537,CCNT2-AS1,134918606,41632,41632
412,chr2,134876884,134877065,134876974,hyper,0.35437068343162537,CCNT2,134918821,41847,41847
413,chr2,136111922,136111986,136111954,hyper,0.4271816313266754,CXCR4,136118149,6195,6195
414,chr2,148953512,148953761,148953636,hypo,-0.42683714628219604,KIF5C,148875226,-78410,78410
414,chr2,148953512,148953761,148953636,hypo,-0.42683714628219604,LYPD6B,149038466,84830,84830
415,chr2,150586957,150587049,150587003,hyper,0.40354546904563904,LINC01920,150572221,-14782,14782
415,chr2,150586957,150587049,150587003,hyper,0.40354546904563904,LINC02612,150628896,41893,41893
415,chr2,150586957,150587049,150587003,hyper,0.40354546904563904,RND3,150487695,-99308,99308
416,chr2,150619789,150619861,150619825,hyper,0.32220005989074707,LINC02612,150628896,9071,9071
416,chr2,150619789,150619861,150619825,hyper,0.32220005989074707,LINC01920,150572221,-47604,47604
417,chr2,160227427,160227483,160227455,hyper,0.39485296607017517,ITGB6,160200313,-27142,27142
417,chr2,160227427,160227483,160227455,hyper,0.39485296607017517,LINC02478,160271895,44440,44440
419,chr2,165892709,165892813,165892761,hyper,0.6196073889732361,LOC100506124,165871941,-20820,20820
419,chr2,165892709,165892813,165892761,hyper,0.6196073889732361,TTC21B-AS1,165933856,41095,41095
419,chr2,165892709,165892813,165892761,hyper,0.6196073889732361,TTC21B,165953776,61015,61015
419,chr2,165892709,165892813,165892761,hyper,0.6196073889732361,LOC102724058,165957417,64656,64656
419,chr2,165892709,165892813,165892761,hyper,0.6196073889732361,GALNT3,165794247,-98514,98514
420,chr2,169293998,169294208,169294103,hyper,0.47520771622657776,LRP2,169362534,68431,68431
422,chr2,176643794,176643874,176643834,hyper,0.33758413791656494,LINC01117,176637753,-6081,6081
422,chr2,176643794,176643874,176643834,hyper,0.33758413791656494,LINC01116,176637574,-6260,6260
422,chr2,176643794,176643874,176643834,hyper,0.33758413791656494,MIR1246,176601052,-42782,42782
423,chr2,177711803,177711921,177711862,hyper,0.4200341999530792,PDE11A-AS1,177673321,-38541,38541
423,chr2,177711803,177711921,177711862,hyper,0.4200341999530792,TTC30A,177618742,-93120,93120
425,chr2,186408716,186408828,186408772,hypo,-0.3750089704990387,ZC3H15,186486259,77487,77487
426,chr2,188976965,188977102,188977033,hyper,0.3717115819454193,MIR1245A,188978091,1058,1058
426,chr2,188976965,188977102,188977033,hyper,0.3717115819454193,MIR1245B,188978161,1128,1128
426,chr2,188976965,188977102,188977033,hyper,0.3717115819454193,COL3A1,188974372,-2661,2661
426,chr2,188976965,188977102,188977033,hyper,0.3717115819454193,MIR3606,188995629,18596,18596
427,chr2,188978411,188978563,188978487,hyper,0.4372521638870239,MIR1245B,188978161,-326,326
427,chr2,188978411,188978563,188978487,hyper,0.4372521638870239,MIR1245A,188978091,-396,396
427,chr2,188978411,188978563,188978487,hyper,0.4372521638870239,COL3A1,188974372,-4115,4115
427,chr2,188978411,188978563,188978487,hyper,0.4372521638870239,MIR3606,188995629,17142,17142
428,chr2,191093727,191093989,191093858,hypo,-0.4131890535354614,STAT4,191151596,57738,57738
428,chr2,191093727,191093989,191093858,hypo,-0.4131890535354614,LOC105373805,191021525,-72333,72333
428,chr2,191093727,191093989,191093858,hypo,-0.4131890535354614,STAT1,191014250,-79608,79608
429,chr2,194346973,194347079,194347026,hyper,0.508441686630249,LINC01821,194344268,-2758,2758
430,chr2,197619964,197620040,197620002,hyper,0.5128949284553528,RFTN2,197675587,55585,55585
430,chr2,197619964,197620040,197620002,hyper,0.5128949284553528,MARS2,197705368,85366,85366
431,chr2,209922278,209922402,209922340,hyper,0.3107141852378845,RPE,210002564,80224,80224
432,chr2,217712537,217712676,217712606,hyper,0.43875399231910706,DIRC3,217756593,43987,43987
433,chr2,219722347,219722474,219722410,hyper,0.43320339918136597,SLC4A3,219627569,-94841,94841
435,chr2,224958252,224958373,224958312,hypo,-0.3738347589969635,MIR4439,225010540,52228,52228
435,chr2,224958252,224958373,224958312,hypo,-0.3738347589969635,DOCK10,225042468,84156,84156
436,chr2,226796003,226796212,226796107,hyper,0.4496671259403229,IRS1,226799820,3713,3713
436,chr2,226796003,226796212,226796107,hyper,0.4496671259403229,RHBDD1,226800158,4051,4051
437,chr2,232975045,232975161,232975103,hypo,-0.34378114342689514,LOC101928881,233012613,37510,37510
437,chr2,232975045,232975161,232975103,hypo,-0.34378114342689514,NGEF,233013256,38153,38153
437,chr2,232975045,232975161,232975103,hypo,-0.34378114342689514,NEU2,233032671,57568,57568
437,chr2,232975045,232975161,232975103,hypo,-0.34378114342689514,INPP5D,233060341,85238,85238
439,chr2,238763579,238763770,238763674,hypo,-0.4934414029121399,LOC100287387,238847907,84233,84233
439,chr2,238763579,238763770,238763674,hypo,-0.4934414029121399,TWIST2,238848084,84410,84410
440,chr20,1972261,1972370,1972315,hypo,-0.4395484924316406,PDYN,1994285,21970,21970
440,chr20,1972261,1972370,1972315,hypo,-0.4395484924316406,PDYN-AS1,1947209,-25106,25106
440,chr20,1972261,1972370,1972315,hypo,-0.4395484924316406,SIRPA,1894166,-78149,78149
441,chr20,3461644,3461741,3461692,hyper,0.39744213223457336,ATRN,3471017,9325,9325
441,chr20,3461644,3461741,3461692,hyper,0.39744213223457336,C20orf194,3407662,-54030,54030
442,chr20,9785994,9786086,9786040,hyper,0.4895646274089813,PAK5,9839076,53036,53036
444,chr20,14915230,14915319,14915274,hypo,-0.31010356545448303,MACROD2-AS1,14929518,14244,14244
446,chr20,17771262,17771338,17771300,hyper,0.5320935249328613,BANF2,17693674,-77626,77626
446,chr20,17771262,17771338,17771300,hyper,0.5320935249328613,RRBP1,17682242,-89058,89058
447,chr20,17771449,17771506,17771477,hyper,0.5627972483634949,BANF2,17693674,-77803,77803
447,chr20,17771449,17771506,17771477,hyper,0.5627972483634949,RRBP1,17682242,-89235,89235
448,chr20,17771671,17771909,17771790,hyper,0.5819922685623169,BANF2,17693674,-78116,78116
448,chr20,17771671,17771909,17771790,hyper,0.5819922685623169,RRBP1,17682242,-89548,89548
449,chr20,21978209,21978368,21978288,hyper,0.4770761728286743,LINC01432,22054089,75801,75801
450,chr20,22367054,22367165,22367109,hyper,0.4554498493671417,LOC284788,22420643,53534,53534
450,chr20,22367054,22367165,22367109,hyper,0.4554498493671417,LINC01427,22282801,-84308,84308
451,chr20,23065264,23065325,23065294,hyper,0.32416659593582153,THBD,23049672,-15622,15622
451,chr20,23065264,23065325,23065294,hyper,0.32416659593582153,CD93,23086324,21030,21030
451,chr20,23065264,23065325,23065294,hyper,0.32416659593582153,SSTR4,23035311,-29983,29983
451,chr20,23065264,23065325,23065294,hyper,0.32416659593582153,LINC00656,23132636,67342,67342
452,chr20,23086396,23086602,23086499,hyper,0.46571409702301025,CD93,23086324,-175,175
452,chr20,23086396,23086602,23086499,hyper,0.46571409702301025,THBD,23049672,-36827,36827
452,chr20,23086396,23086602,23086499,hyper,0.46571409702301025,LINC00656,23132636,46137,46137
452,chr20,23086396,23086602,23086499,hyper,0.46571409702301025,SSTR4,23035311,-51188,51188
453,chr20,24081161,24081285,24081223,hyper,0.420536607503891,GGTLC1,23988779,-92444,92444
455,chr20,24386984,24387060,24387022,hyper,0.4742469787597656,SYNDIG1,24469198,82176,82176
456,chr20,25864765,25864890,25864827,hyper,0.47804179787635803,LOC101926935,25854021,-10806,10806
456,chr20,25864765,25864890,25864827,hyper,0.47804179787635803,FAM182B,25801291,-63536,63536
456,chr20,25864765,25864890,25864827,hyper,0.47804179787635803,LINC01733,25955811,90984,90984
457,chr20,26219739,26219867,26219803,hyper,0.35827741026878357,MIR663AHG,26209233,-10570,10570
457,chr20,26219739,26219867,26219803,hyper,0.35827741026878357,MIR663A,26208278,-11525,11525
459,chr20,33612127,33612233,33612180,hypo,-0.3532939851284027,C20orf144,33662326,50146,50146
459,chr20,33612127,33612233,33612180,hypo,-0.3532939851284027,ACTL10,33666942,54762,54762
459,chr20,33612127,33612233,33612180,hypo,-0.3532939851284027,NECAB3,33674428,62248,62248
459,chr20,33612127,33612233,33612180,hypo,-0.3532939851284027,E2F1,33686385,74205,74205
460,chr20,36249423,36249596,36249509,hypo,-0.5368680357933044,AAR2,36236416,-13093,13093
460,chr20,36249423,36249596,36249509,hypo,-0.5368680357933044,DLGAP4,36306338,56829,56829
460,chr20,36249423,36249596,36249509,hypo,-0.5368680357933044,LOC100130373,36155760,-93749,93749
464,chr20,61092265,61092497,61092381,hyper,0.37911707162857056,LINC01718,61079063,-13318,13318
468,chr21,29824684,29824850,29824767,hyper,0.400622695684433,GRIK1-AS1,29748174,-76593,76593
472,chr21,31583453,31583554,31583503,hyper,0.4534575045108795,LOC150051,31559232,-24271,24271
472,chr21,31583453,31583554,31583503,hyper,0.4534575045108795,TIAM1,31559087,-24416,24416
472,chr21,31583453,31583554,31583503,hyper,0.4534575045108795,SOD1,31659692,76189,76189
473,chr21,31583676,31583769,31583722,hyper,0.3404504060745239,LOC150051,31559232,-24490,24490
473,chr21,31583676,31583769,31583722,hyper,0.3404504060745239,TIAM1,31559087,-24635,24635
473,chr21,31583676,31583769,31583722,hyper,0.3404504060745239,SOD1,31659692,75970,75970
474,chr21,32521091,32521214,32521152,hypo,-0.398970365524292,TCP10L,32585523,64371,64371
474,chr21,32521091,32521214,32521152,hypo,-0.398970365524292,CFAP298-TCP10L,32612377,91225,91225
474,chr21,32521091,32521214,32521152,hypo,-0.398970365524292,CFAP298,32612871,91719,91719
475,chr21,32807940,32808094,32808017,hypo,-0.5159732103347778,C21orf62,32813703,5686,5686
475,chr21,32807940,32808094,32808017,hypo,-0.5159732103347778,C21orf62-AS1,32772099,-35918,35918
475,chr21,32807940,32808094,32808017,hypo,-0.5159732103347778,PAXBP1,32771858,-36159,36159
475,chr21,32807940,32808094,32808017,hypo,-0.5159732103347778,PAXBP1-AS1,32728113,-79904,79904
475,chr21,32807940,32808094,32808017,hypo,-0.5159732103347778,SYNJ1,32728040,-79977,79977
478,chr21,38744353,38744467,38744410,hyper,0.5605031251907349,LINC00114,38773477,29067,29067
478,chr21,38744353,38744467,38744410,hyper,0.5605031251907349,ETS2,38805182,60772,60772
478,chr21,38744353,38744467,38744410,hyper,0.5605031251907349,ERG,38661783,-82627,82627
479,chr21,39851190,39851362,39851276,hyper,0.5550932288169861,PCP4,39867437,16161,16161
480,chr21,42409402,42409608,42409505,hyper,0.42174968123435974,UBASH3A,42403901,-5604,5604
480,chr21,42409402,42409608,42409505,hyper,0.42174968123435974,TMPRSS3,42396052,-13453,13453
480,chr21,42409402,42409608,42409505,hyper,0.42174968123435974,TFF1,42366535,-42970,42970
480,chr21,42409402,42409608,42409505,hyper,0.42174968123435974,TFF2,42350994,-58511,58511
480,chr21,42409402,42409608,42409505,hyper,0.42174968123435974,RSPH1,42496224,86719,86719
480,chr21,42409402,42409608,42409505,hyper,0.42174968123435974,LOC101930094,42496538,87033,87033
480,chr21,42409402,42409608,42409505,hyper,0.42174968123435974,SLC37A1,42499621,90116,90116
480,chr21,42409402,42409608,42409505,hyper,0.42174968123435974,TFF3,42315409,-94096,94096
481,chr21,42668428,42668839,42668633,hyper,0.5585964918136597,PDE9A,42653620,-15013,15013
481,chr21,42668428,42668839,42668633,hyper,0.5585964918136597,LINC01671,42615095,-53538,53538
482,chr21,43592151,43592268,43592209,hyper,0.38268816471099854,MIR6070,43609989,17780,17780
482,chr21,43592151,43592268,43592209,hyper,0.38268816471099854,H2BS1,43565181,-27028,27028
482,chr21,43592151,43592268,43592209,hyper,0.38268816471099854,HSF2BP,43659488,67279,67279
482,chr21,43592151,43592268,43592209,hyper,0.38268816471099854,RRP1B,43659559,67350,67350
483,chr22,17140094,17140169,17140131,hyper,0.3113884925842285,LINC01664,17121594,-18537,18537
483,chr22,17140094,17140169,17140131,hyper,0.3113884925842285,TMEM121B,17121360,-18771,18771
483,chr22,17140094,17140169,17140131,hyper,0.3113884925842285,HDHD5-AS1,17159388,19257,19257
483,chr22,17140094,17140169,17140131,hyper,0.3113884925842285,HDHD5,17165287,25156,25156
483,chr22,17140094,17140169,17140131,hyper,0.3113884925842285,IL17RA,17084958,-55173,55173
483,chr22,17140094,17140169,17140131,hyper,0.3113884925842285,ADA2,17221848,81717,81717
486,chr22,43263506,43263621,43263563,hyper,0.4839666783809662,SCUBE1-AS1,43275941,12378,12378
486,chr22,43263506,43263621,43263563,hyper,0.4839666783809662,SCUBE1-AS2,43212673,-50890,50890
486,chr22,43263506,43263621,43263563,hyper,0.4839666783809662,TTLL12,43187134,-76429,76429
486,chr22,43263506,43263621,43263563,hyper,0.4839666783809662,SCUBE1,43343372,79809,79809
487,chr22,44134103,44134322,44134212,hyper,0.45480504631996155,PARVG,44172955,38743,38743
488,chr22,44595842,44595925,44595883,hyper,0.510920524597168,LINC00207,44569339,-26544,26544
488,chr22,44595842,44595925,44595883,hyper,0.510920524597168,LINC00229,44625419,29536,29536
488,chr22,44595842,44595925,44595883,hyper,0.510920524597168,PRR5,44668546,72663,72663
488,chr22,44595842,44595925,44595883,hyper,0.510920524597168,RTL6,44498233,-97650,97650
490,chr22,48257416,48257483,48257449,hyper,0.4877859354019165,MIR3201,48274363,16914,16914
493,chr3,335477,335660,335568,hypo,-0.39714089035987854,CHL1-AS1,385795,50227,50227
494,chr3,668147,668217,668182,hypo,-0.3231101632118225,LINC01266,592104,-76078,76078
496,chr3,11146067,11146173,11146120,hyper,0.47101449966430664,HRH1,11137237,-8883,8883
497,chr3,11168412,11168657,11168534,hyper,0.43514111638069153,HRH1,11137237,-31297,31297
499,chr3,24770452,24770537,24770494,hyper,0.32548728585243225,RARB,24829322,58828,58828
502,chr3,40328580,40328708,40328644,hyper,0.37955155968666077,EIF1B,40309706,-18938,18938
502,chr3,40328580,40328708,40328644,hyper,0.37955155968666077,EIF1B-AS1,40309698,-18946,18946
502,chr3,40328580,40328708,40328644,hyper,0.37955155968666077,ENTPD3,40387183,58539,58539
503,chr3,40593664,40593879,40593771,hypo,-0.3722825050354004,ZNF621,40524877,-68894,68894
503,chr3,40593664,40593879,40593771,hypo,-0.3722825050354004,ZNF620,40506038,-87733,87733
504,chr3,43388266,43388479,43388372,hyper,0.5043877363204956,SNRK-AS1,43351962,-36410,36410
506,chr3,56633748,56633908,56633828,hypo,-0.4670585095882416,TASOR,56683265,49437,49437
506,chr3,56633748,56633908,56633828,hypo,-0.4670585095882416,CCDC66,56557155,-76673,76673
508,chr3,62377685,62377792,62377738,hyper,0.4699675440788269,FEZF2,62373550,-4188,4188
508,chr3,62377685,62377792,62377738,hyper,0.4699675440788269,C3orf14,62318972,-58766,58766
508,chr3,62377685,62377792,62377738,hyper,0.4699675440788269,PTPRG-AS1,62318947,-58791,58791
509,chr3,62377898,62377968,62377933,hyper,0.4703182876110077,FEZF2,62373550,-4383,4383
509,chr3,62377898,62377968,62377933,hyper,0.4703182876110077,C3orf14,62318972,-58961,58961
509,chr3,62377898,62377968,62377933,hyper,0.4703182876110077,PTPRG-AS1,62318947,-58986,58986
511,chr3,67614444,67614549,67614496,hyper,0.41493141651153564,SUCLG2,67654614,40118,40118
511,chr3,67614444,67614549,67614496,hyper,0.41493141651153564,SUCLG2-AS1,67654696,40200,40200
514,chr3,71851071,71851214,71851142,hyper,0.5849626660346985,PROK2,71785148,-65994,65994
514,chr3,71851071,71851214,71851142,hyper,0.5849626660346985,EIF4E3,71754773,-96369,96369
514,chr3,71851071,71851214,71851142,hyper,0.5849626660346985,GPR27,71753854,-97288,97288
518,chr3,86954719,86954795,86954757,hyper,0.43387570977211,VGLL3,86991149,36392,36392
519,chr3,86974662,86974777,86974719,hyper,0.3115772008895874,VGLL3,86991149,16430,16430
520,chr3,86993731,86993801,86993766,hyper,0.4622960686683655,VGLL3,86991149,-2617,2617
520,chr3,86993731,86993801,86993766,hyper,0.4622960686683655,LINC00506,87089279,95513,95513
522,chr3,96300464,96300515,96300489,hyper,0.3776792287826538,MIR8060,96359963,59474,59474
523,chr3,111074764,111074875,111074819,hyper,0.48515671491622925,NECTIN3,111071815,-3004,3004
523,chr3,111074764,111074875,111074819,hyper,0.48515671491622925,NECTIN3-AS1,111069959,-4860,4860
524,chr3,111075111,111075218,111075164,hyper,0.5044097900390625,NECTIN3,111071815,-3349,3349
524,chr3,111075111,111075218,111075164,hyper,0.5044097900390625,NECTIN3-AS1,111069959,-5205,5205
525,chr3,112002900,112002969,112002934,hyper,0.4718998670578003,TAGLN3,111998738,-4196,4196
525,chr3,112002900,112002969,112002934,hyper,0.4718998670578003,ABHD10,111979025,-23909,23909
525,chr3,112002900,112002969,112002934,hyper,0.4718998670578003,TMPRSS7,112039617,36683,36683
525,chr3,112002900,112002969,112002934,hyper,0.4718998670578003,C3orf52,112086334,83400,83400
526,chr3,114759097,114759153,114759125,hypo,-0.35502851009368896,MIR4796,114743525,-15600,15600
527,chr3,120573730,120573874,120573802,hyper,0.4659140110015869,NDUFB4,120596335,22533,22533
528,chr3,125387004,125387092,125387048,hypo,-0.40825286507606506,ZNF148,125375354,-11694,11694
529,chr3,128563754,128563827,128563790,hyper,0.4729806184768677,LINC01565,128576086,12296,12296
529,chr3,128563754,128563827,128563790,hyper,0.4729806184768677,LOC90246,128507834,-55956,55956
529,chr3,128563754,128563827,128563790,hyper,0.4729806184768677,GATA2,128493201,-70589,70589
529,chr3,128563754,128563827,128563790,hyper,0.4729806184768677,GATA2-AS1,128489202,-74588,74588
529,chr3,128563754,128563827,128563790,hyper,0.4729806184768677,RPN1,128650818,87028,87028
529,chr3,128563754,128563827,128563790,hyper,0.4729806184768677,DNAJB8,128467248,-96542,96542
530,chr3,128999624,128999839,128999731,hyper,0.44230592250823975,EFCC1,129001303,1572,1572
530,chr3,128999624,128999839,128999731,hyper,0.44230592250823975,CFAP92,129004002,4271,4271
530,chr3,128999624,128999839,128999731,hyper,0.44230592250823975,GP9,129060778,61047,61047
531,chr3,130200997,130201110,130201053,hyper,0.5623747110366821,COL6A4P2,130212819,11766,11766
531,chr3,130200997,130201110,130201053,hyper,0.5623747110366821,LINC02021,130111706,-89347,89347
531,chr3,130200997,130201110,130201053,hyper,0.5623747110366821,FAM86HP,130111433,-89620,89620
532,chr3,133613406,133613552,133613479,hyper,0.3606525659561157,CDV3,133573685,-39794,39794
532,chr3,133613406,133613552,133613479,hyper,0.3606525659561157,TOPBP1,133661941,48462,48462
532,chr3,133613406,133613552,133613479,hyper,0.3606525659561157,TF,133661997,48518,48518
534,chr3,139229251,139229353,139229302,hyper,0.37731143832206726,PISRT1,139233522,4220,4220
535,chr3,141070803,141070929,141070866,hyper,0.4507937431335449,SPSB4,141051346,-19520,19520
536,chr3,143081874,143082044,143081959,hyper,0.6331933736801147,CHST2,143119770,37811,37811
536,chr3,143081874,143082044,143081959,hyper,0.6331933736801147,U2SURP,143001569,-80390,80390
536,chr3,143081874,143082044,143081959,hyper,0.6331933736801147,LOC100289361,143001467,-80492,80492
537,chr3,143752331,143752471,143752401,hypo,-0.5037070512771606,SLC9A9,143848468,96067,96067
538,chr3,146626764,146626849,146626806,hyper,0.36623311042785645,PLSCR5,146606216,-20590,20590
538,chr3,146626764,146626849,146626806,hyper,0.36623311042785645,PLSCR1,146544607,-82199,82199
539,chr3,150549741,150549822,150549781,hyper,0.33688950538635254,EIF2A,150546677,-3104,3104
539,chr3,150549741,150549822,150549781,hyper,0.33688950538635254,SERP1,150546496,-3285,3285
539,chr3,150549741,150549822,150549781,hyper,0.33688950538635254,SELENOT,150603320,53539,53539
540,chr3,151974265,151974416,151974340,hypo,-0.30946826934814453,AADACL2-AS1,151928175,-46165,46165
541,chr3,155648374,155648578,155648476,hyper,0.3472224473953247,PLCH1,155745071,96595,96595
542,chr3,157631571,157631772,157631671,hyper,0.3926571011543274,SLC66A1L,157543311,-88360,88360
543,chr3,158058978,158059083,158059030,hyper,0.48496928811073303,SHOX2,158106420,47390,47390
543,chr3,158058978,158059083,158059030,hyper,0.48496928811073303,RSRC1,158110051,51021,51021
545,chr3,168828222,168828328,168828275,hyper,0.4653252959251404,LINC02082,168901944,73669,73669
546,chr3,171194515,171194600,171194557,hypo,-0.39462801814079285,MIR569,171106759,-87798,87798
547,chr3,172112283,172112540,172112411,hyper,0.5152546167373657,FNDC3B,172039577,-72834,72834
549,chr3,175347126,175347219,175347172,hypo,-0.3434819281101227,MIR4789,175369539,22367,22367
549,chr3,175347126,175347219,175347172,hypo,-0.3434819281101227,NAALADL2-AS2,175271096,-76076,76076
550,chr3,177131016,177131194,177131105,hyper,0.47323817014694214,TBL1XR1,177197482,66377,66377
552,chr3,181359761,181359868,181359814,hyper,0.3474494218826294,LOC102724604,181442486,82672,82672
553,chr3,185630092,185630208,185630150,hypo,-0.38020285964012146,SENP2,185586294,-43856,43856
553,chr3,185630092,185630208,185630150,hypo,-0.38020285964012146,LIPH,185552588,-77562,77562
553,chr3,185630092,185630208,185630150,hypo,-0.38020285964012146,IGF2BP2-AS1,185713251,83101,83101
555,chr3,190545962,190546063,190546012,hyper,0.4179864525794983,IL1RAP,190514084,-31928,31928
555,chr3,190545962,190546063,190546012,hyper,0.4179864525794983,TMEM207,190449876,-96136,96136
556,chr3,194323987,194324191,194324089,hyper,0.5275949835777283,LINC00887,194312804,-11285,11285
556,chr3,194323987,194324191,194324089,hyper,0.5275949835777283,CPN2,194351328,27239,27239
556,chr3,194323987,194324191,194324089,hyper,0.5275949835777283,LRRC15,194369743,45654,45654
556,chr3,194323987,194324191,194324089,hyper,0.5275949835777283,LINC02036,194250153,-73936,73936
556,chr3,194323987,194324191,194324089,hyper,0.5275949835777283,GP5,194399266,75177,75177
556,chr3,194323987,194324191,194324089,hyper,0.5275949835777283,LINC02037,194247647,-76442,76442
558,chr4,4939785,4939912,4939848,hyper,0.407251238822937,LOC101928306,4920807,-19041,19041
558,chr4,4939785,4939912,4939848,hyper,0.407251238822937,CYTL1,5019458,79610,79610
558,chr4,4939785,4939912,4939848,hyper,0.407251238822937,MSX1,4859664,-80184,80184
558,chr4,4939785,4939912,4939848,hyper,0.407251238822937,LINC01396,4844436,-95412,95412
559,chr4,6016844,6017093,6016968,hyper,0.40802398324012756,C4orf50,6018546,1578,1578
559,chr4,6016844,6017093,6016968,hyper,0.40802398324012756,MIR378D1,5923328,-93640,93640
560,chr4,8090618,8090831,8090724,hyper,0.4406300187110901,ABLIM2,8158813,68089,68089
560,chr4,8090618,8090831,8090724,hyper,0.4406300187110901,MIR95,8005381,-85343,85343
561,chr4,9106161,9106345,9106253,hypo,-0.38024720549583435,FAM90A26,9173172,66919,66919
564,chr4,20676867,20677049,20676958,hyper,0.49726274609565735,PACRGL,20696281,19323,19323
566,chr4,22373657,22373768,22373712,hyper,0.4225822985172272,LOC100505912,22339666,-34046,34046
568,chr4,31998301,31998454,31998377,hyper,0.4059875011444092,LINC02506,31997378,-999,999
568,chr4,31998301,31998454,31998377,hyper,0.4059875011444092,LOC105377651,32022422,24045,24045
569,chr4,40672617,40672819,40672718,hypo,-0.40619587898254395,RBM47,40630594,-42124,42124
569,chr4,40672617,40672819,40672718,hypo,-0.40619587898254395,NSUN7,40749954,77236,77236
572,chr4,53963465,53963581,53963523,hypo,-0.4376188814640045,RPL21P44,53987282,23759,23759
575,chr4,86387099,86387273,86387186,hyper,0.3793230354785919,MAPK10,86453195,66009,66009
576,chr4,87600428,87600551,87600489,hypo,-0.5265562534332275,DSPP,87608528,8039,8039
576,chr4,87600428,87600551,87600489,hypo,-0.5265562534332275,DMP1,87650279,49790,49790
576,chr4,87600428,87600551,87600489,hypo,-0.5265562534332275,SPARCL1,87529503,-70986,70986
577,chr4,95539215,95539282,95539248,hyper,0.3491157293319702,UNC5C,95548973,9725,9725
581,chr4,117806945,117807089,117807017,hyper,0.33777183294296265,LINC02264,117834400,27383,27383
582,chr4,123338908,123339135,123339021,hypo,-0.6154695749282837,SPRY1,123396794,57773,57773
583,chr4,137529586,137529913,137529749,hyper,0.47782188653945923,PCDH18,137532494,2745,2745
583,chr4,137529586,137529913,137529749,hyper,0.47782188653945923,LINC02172,137545730,15981,15981
584,chr4,137530165,137530431,137530298,hyper,0.5694245100021362,PCDH18,137532494,2196,2196
584,chr4,137530165,137530431,137530298,hyper,0.5694245100021362,LINC02172,137545730,15432,15432
588,chr4,143352877,143353000,143352938,hypo,-0.32818806171417236,MIR3139,143343459,-9479,9479
588,chr4,143352877,143353000,143352938,hypo,-0.32818806171417236,GAB1,143336875,-16063,16063
589,chr4,144587651,144587794,144587722,hyper,0.4894956052303314,HHIP-AS1,144646019,58297,58297
589,chr4,144587651,144587794,144587722,hyper,0.4894956052303314,HHIP,144646155,58433,58433
590,chr4,147492890,147493101,147492995,hyper,0.4075523912906647,EDNRA,147480916,-12079,12079
591,chr4,155674882,155674970,155674926,hyper,0.4427499771118164,GUCY1A1,155666847,-8079,8079
591,chr4,155674882,155674970,155674926,hyper,0.4427499771118164,GUCY1B1,155759020,84094,84094
592,chr4,157014879,157014999,157014939,hyper,0.4800780713558197,PDGFC,156971799,-43140,43140
592,chr4,157014879,157014999,157014939,hyper,0.4800780713558197,GLRB,157076124,61185,61185
593,chr4,157015109,157015201,157015155,hyper,0.41790926456451416,PDGFC,156971799,-43356,43356
593,chr4,157015109,157015201,157015155,hyper,0.41790926456451416,GLRB,157076124,60969,60969
594,chr4,158524245,158524331,158524288,hypo,-0.36957183480262756,RXFP1,158521713,-2575,2575
603,chr5,1428686,1428944,1428815,hyper,0.6554727554321289,SLC6A3,1445440,16625,16625
603,chr5,1428686,1428944,1428815,hyper,0.6554727554321289,LINC01511,1380073,-48742,48742
603,chr5,1428686,1428944,1428815,hyper,0.6554727554321289,MIR6075,1510856,82041,82041
603,chr5,1428686,1428944,1428815,hyper,0.6554727554321289,CLPTM1L,1345099,-83716,83716
603,chr5,1428686,1428944,1428815,hyper,0.6554727554321289,LPCAT1,1523960,95145,95145
604,chr5,1429095,1429183,1429139,hyper,0.6524890065193176,SLC6A3,1445440,16301,16301
604,chr5,1429095,1429183,1429139,hyper,0.6524890065193176,LINC01511,1380073,-49066,49066
604,chr5,1429095,1429183,1429139,hyper,0.6524890065193176,MIR6075,1510856,81717,81717
604,chr5,1429095,1429183,1429139,hyper,0.6524890065193176,CLPTM1L,1345099,-84040,84040
604,chr5,1429095,1429183,1429139,hyper,0.6524890065193176,LPCAT1,1523960,94821,94821
605,chr5,1943079,1943139,1943109,hyper,0.31590715050697327,CTD-2194D22.4,1887330,-55779,55779
605,chr5,1943079,1943139,1943109,hyper,0.31590715050697327,IRX4,1887179,-55930,55930
605,chr5,1943079,1943139,1943109,hyper,0.31590715050697327,LINC02116,1856568,-86541,86541
607,chr5,2746408,2746554,2746481,hyper,0.46868762373924255,IRX2,2751677,5196,5196
607,chr5,2746408,2746554,2746481,hyper,0.46868762373924255,C5orf38,2751892,5411,5411
607,chr5,2746408,2746554,2746481,hyper,0.46868762373924255,LSINCT5,2712590,-33891,33891
608,chr5,2746854,2747042,2746948,hyper,0.5831955671310425,IRX2,2751677,4729,4729
608,chr5,2746854,2747042,2746948,hyper,0.5831955671310425,C5orf38,2751892,4944,4944
608,chr5,2746854,2747042,2746948,hyper,0.5831955671310425,LSINCT5,2712590,-34358,34358
609,chr5,2747556,2748339,2747947,hyper,0.5727493166923523,IRX2,2751677,3730,3730
609,chr5,2747556,2748339,2747947,hyper,0.5727493166923523,C5orf38,2751892,3945,3945
609,chr5,2747556,2748339,2747947,hyper,0.5727493166923523,LSINCT5,2712590,-35357,35357
610,chr5,2749297,2749492,2749394,hyper,0.5526211261749268,IRX2,2751677,2283,2283
610,chr5,2749297,2749492,2749394,hyper,0.5526211261749268,C5orf38,2751892,2498,2498
610,chr5,2749297,2749492,2749394,hyper,0.5526211261749268,LSINCT5,2712590,-36804,36804
611,chr5,3518159,3518356,3518257,hyper,0.44408130645751953,LINC01017,3504004,-14253,14253
611,chr5,3518159,3518356,3518257,hyper,0.44408130645751953,LINC01019,3536094,17837,17837
611,chr5,3518159,3518356,3518257,hyper,0.44408130645751953,LINC02162,3452815,-65442,65442
611,chr5,3518159,3518356,3518257,hyper,0.44408130645751953,IRX1,3595831,77574,77574
612,chr5,5040833,5040903,5040868,hyper,0.355083703994751,LINC01020,5034358,-6510,6510
612,chr5,5040833,5040903,5040868,hyper,0.355083703994751,LINC02121,5078311,37443,37443
612,chr5,5040833,5040903,5040868,hyper,0.355083703994751,CTD-2297D10.2,5140054,99186,99186
612,chr5,5040833,5040903,5040868,hyper,0.355083703994751,ADAMTS16,5140329,99461,99461
616,chr5,7877046,7877121,7877083,hypo,-0.37612292170524597,MTRR,7869147,-7936,7936
616,chr5,7877046,7877121,7877083,hypo,-0.37612292170524597,FASTKD3,7869037,-8046,8046
616,chr5,7877046,7877121,7877083,hypo,-0.37612292170524597,C5orf49,7851133,-25950,25950
617,chr5,9443042,9443185,9443113,hyper,0.5184787511825562,SEMA5A-AS1,9511332,68219,68219
618,chr5,14160174,14160294,14160234,hyper,0.40174296498298645,TRIO,14143341,-16893,16893
622,chr5,38264249,38264325,38264287,hyper,0.485882431268692,EGFLAM,38258558,-5729,5729
622,chr5,38264249,38264325,38264287,hyper,0.485882431268692,EGFLAM-AS4,38290986,26699,26699
623,chr5,41419233,41419346,41419289,hyper,0.3855009078979492,PLCXD3,41510601,91312,91312
625,chr5,66440153,66440314,66440233,hyper,0.39829349517822266,LINC02229,66511604,71371,71371
626,chr5,72495571,72495676,72495623,hyper,0.373357355594635,ZNF366,72507410,11787,11787
626,chr5,72495571,72495676,72495623,hyper,0.373357355594635,LOC102503427,72557076,61453,61453
627,chr5,76867041,76867127,76867084,hyper,0.36239394545555115,S100Z,76850013,-17071,17071
627,chr5,76867041,76867127,76867084,hyper,0.36239394545555115,F2RL1,76819029,-48055,48055
627,chr5,76867041,76867127,76867084,hyper,0.36239394545555115,CRHBP,76953044,85960,85960
629,chr5,78915351,78915438,78915394,hyper,0.35052964091300964,ARSB,78985958,70564,70564
630,chr5,81167602,81167675,81167638,hyper,0.5000755190849304,CKMT2,81233319,65681,65681
633,chr5,93821215,93821273,93821244,hyper,0.2760164141654968,POU5F2,93741600,-79644,79644
634,chr5,100774933,100775179,100775056,hyper,0.6172440052032471,MIR548P,100816565,41509,41509
636,chr5,107651438,107651638,107651538,hyper,0.38783279061317444,EFNA5,107670937,19399,19399
637,chr5,107668623,107668741,107668682,hyper,0.43436145782470703,EFNA5,107670937,2255,2255
640,chr5,135112468,135112585,135112526,hypo,-0.3865843415260315,C5orf66-AS1,135040047,-72479,72479
640,chr5,135112468,135112585,135112526,hypo,-0.3865843415260315,PITX1,135034228,-78298,78298
640,chr5,135112468,135112585,135112526,hypo,-0.3865843415260315,C5orf66,135033273,-79253,79253
648,chr5,172156680,172156914,172156797,hyper,0.47093501687049866,STK10,172188224,31427,31427
648,chr5,172156680,172156914,172156797,hyper,0.47093501687049866,EFCAB9,172194171,37374,37374
650,chr5,180724624,180724708,180724666,hyper,0.42474067211151123,OR2Y1,180740058,15392,15392
650,chr5,180724624,180724708,180724666,hyper,0.42474067211151123,LINC02222,180684095,-40571,40571
650,chr5,180724624,180724708,180724666,hyper,0.42474067211151123,FLT4,180649600,-75066,75066
650,chr5,180724624,180724708,180724666,hyper,0.42474067211151123,MGAT1,180815616,90950,90950
652,chr6,1056231,1056284,1056257,hyper,0.4482206404209137,LINC01622,1101332,45075,45075
653,chr6,1665969,1666292,1666130,hyper,0.3763580322265625,FOXC1,1609914,-56216,56216
653,chr6,1665969,1666292,1666130,hyper,0.3763580322265625,FOXCUT,1605530,-60600,60600
654,chr6,3009105,3009311,3009208,hyper,0.41352379322052,NQO2,2999815,-9393,9393
654,chr6,3009105,3009311,3009208,hyper,0.41352379322052,HTATSF1P2,3023890,14682,14682
654,chr6,3009105,3009311,3009208,hyper,0.41352379322052,LOC101927759,3024062,14854,14854
654,chr6,3009105,3009311,3009208,hyper,0.41352379322052,LINC01011,2987966,-21242,21242
654,chr6,3009105,3009311,3009208,hyper,0.41352379322052,SERPINB6,2971793,-37415,37415
654,chr6,3009105,3009311,3009208,hyper,0.41352379322052,RIPK1,3063966,54758,54758
655,chr6,3340326,3340429,3340377,hyper,0.3995293080806732,PSMG4,3258946,-81431,81431
656,chr6,3340546,3340766,3340656,hyper,0.525655210018158,PSMG4,3258946,-81710,81710
658,chr6,15266362,15266562,15266462,hyper,0.4821215569972992,JARID2-AS1,15248696,-17766,17766
658,chr6,15266362,15266562,15266462,hyper,0.4821215569972992,JARID2,15246068,-20394,20394
659,chr6,16768939,16769048,16768993,hyper,0.4836830496788025,ATXN1,16761490,-7503,7503
659,chr6,16768939,16769048,16768993,hyper,0.4836830496788025,ATXN1-AS1,16761137,-7856,7856
660,chr6,27977660,27977803,27977731,hyper,0.5692425966262817,OR2B6,27957240,-20491,20491
660,chr6,27977660,27977803,27977731,hyper,0.5692425966262817,OR2B2,27912396,-65335,65335
660,chr6,27977660,27977803,27977731,hyper,0.5692425966262817,H2BC17,27893424,-84307,84307
660,chr6,27977660,27977803,27977731,hyper,0.5692425966262817,H2AC17,27893185,-84546,84546
660,chr6,27977660,27977803,27977731,hyper,0.5692425966262817,H3C12,27890826,-86905,86905
660,chr6,27977660,27977803,27977731,hyper,0.5692425966262817,OR1F12,28073315,95584,95584
661,chr6,28001844,28001962,28001903,hyper,0.46715036034584045,OR2B6,27957240,-44663,44663
661,chr6,28001844,28001962,28001903,hyper,0.46715036034584045,OR1F12,28073315,71412,71412
661,chr6,28001844,28001962,28001903,hyper,0.46715036034584045,ZNF165,28080281,78378,78378
661,chr6,28001844,28001962,28001903,hyper,0.46715036034584045,ZSCAN12P1,28090806,88903,88903
661,chr6,28001844,28001962,28001903,hyper,0.46715036034584045,OR2B2,27912396,-89507,89507
662,chr6,31087192,31087302,31087247,hyper,0.3667812943458557,C6orf15,31112575,25328,25328
662,chr6,31087192,31087302,31087247,hyper,0.3667812943458557,PSORS1C1,31114799,27552,27552
662,chr6,31087192,31087302,31087247,hyper,0.3667812943458557,CDSN,31120446,33199,33199
662,chr6,31087192,31087302,31087247,hyper,0.3667812943458557,HCG22,31053449,-33798,33798
662,chr6,31087192,31087302,31087247,hyper,0.3667812943458557,PSORS1C2,31139066,51819,51819
662,chr6,31087192,31087302,31087247,hyper,0.3667812943458557,CCHCR1,31158197,70950,70950
662,chr6,31087192,31087302,31087247,hyper,0.3667812943458557,TCF19,31158588,71341,71341
662,chr6,31087192,31087302,31087247,hyper,0.3667812943458557,MUC22,31005951,-81296,81296
662,chr6,31087192,31087302,31087247,hyper,0.3667812943458557,POU5F1,31170682,83435,83435
662,chr6,31087192,31087302,31087247,hyper,0.3667812943458557,PSORS1C3,31186317,99070,99070
663,chr6,37542129,37542504,37542316,hyper,0.42094066739082336,MIR4462,37555422,13106,13106
663,chr6,37542129,37542504,37542316,hyper,0.42094066739082336,LINC02520,37507347,-34969,34969
663,chr6,37542129,37542504,37542316,hyper,0.42094066739082336,CCDC167,37499893,-42423,42423
664,chr6,50840505,50840668,50840586,hypo,-0.3353623151779175,TFAP2B,50818870,-21716,21716
665,chr6,55874470,55874736,55874603,hyper,0.6875946521759033,BMP5,55875590,987,987
669,chr6,75156346,75156438,75156392,hyper,0.4843676686286926,SNORD156,75128782,-27610,27610
669,chr6,75156346,75156438,75156392,hyper,0.4843676686286926,COL12A1,75206053,49661,49661
669,chr6,75156346,75156438,75156392,hyper,0.4843676686286926,COX7A2,75250298,93906,93906
670,chr6,79334846,79334914,79334880,hypo,-0.6335488557815552,LCAL1,79313384,-21496,21496
671,chr6,83429920,83430083,83430001,hyper,0.40863046050071716,ME1,83431051,1050,1050
671,chr6,83429920,83430083,83430001,hyper,0.40863046050071716,PRSS35,83512533,82532,82532
672,chr6,84263748,84263804,84263776,hyper,0.5054589509963989,CEP162,84227643,-36133,36133
673,chr6,88006570,88006736,88006653,hyper,0.6125798225402832,SPACA1,88047840,41187,41187
674,chr6,89269027,89269148,89269087,hyper,0.35534757375717163,GABRR1,89231288,-37799,37799
674,chr6,89269027,89269148,89269087,hyper,0.35534757375717163,GABRR2,89315299,46212,46212
674,chr6,89269027,89269148,89269087,hyper,0.35534757375717163,UBE2J1,89352722,83635,83635
676,chr6,100538913,100538964,100538938,hyper,0.4966529905796051,SIM1,100464921,-74017,74017
679,chr6,108174413,108176264,108175338,hyper,0.5668814182281494,NR2E1,108166021,-9317,9317
679,chr6,108174413,108176264,108175338,hyper,0.5668814182281494,OSTM1-AS1,108123632,-51706,51706
679,chr6,108174413,108176264,108175338,hyper,0.5668814182281494,SNX3,108261040,85702,85702
680,chr6,108176504,108176861,108176682,hyper,0.6885427832603455,NR2E1,108166021,-10661,10661
680,chr6,108176504,108176861,108176682,hyper,0.6885427832603455,OSTM1-AS1,108123632,-53050,53050
680,chr6,108176504,108176861,108176682,hyper,0.6885427832603455,SNX3,108261040,84358,84358
683,chr6,117396290,117396409,117396349,hyper,0.3612438142299652,ROS1,117425942,29593,29593
683,chr6,117396290,117396409,117396349,hyper,0.3612438142299652,DCBLD1,117482603,86254,86254
685,chr6,125918901,125919018,125918959,hypo,-0.4328760802745819,HINT3,125956769,37810,37810
685,chr6,125918901,125919018,125918959,hypo,-0.4328760802745819,TRMT11,125986429,67470,67470
689,chr6,135811795,135811907,135811851,hyper,0.44237080216407776,PDE7B,135851700,39849,39849
690,chr6,136193468,136193575,136193521,hyper,0.3350479304790497,MTFR2,136250311,56790,56790
690,chr6,136193468,136193575,136193521,hyper,0.3350479304790497,BCLAF1,136289851,96330,96330
693,chr6,138508143,138508335,138508239,hyper,0.40873947739601135,NHSL1,138572569,64330,64330
693,chr6,138508143,138508335,138508239,hyper,0.40873947739601135,MIR3145,138435294,-72945,72945
694,chr6,138543859,138543960,138543909,hyper,0.3538966774940491,NHSL1,138572569,28660,28660
695,chr6,138560178,138560444,138560311,hyper,0.38934075832366943,NHSL1,138572569,12258,12258
698,chr6,151021770,151021879,151021824,hyper,0.34797966480255127,MIR12131,151102674,80850,80850
699,chr6,151375051,151375170,151375110,hyper,0.5027342438697815,ZBTB2,151391559,16449,16449
699,chr6,151375051,151375170,151375110,hyper,0.5027342438697815,RMND1,151452181,77071,77071
699,chr6,151375051,151375170,151375110,hyper,0.5027342438697815,ARMT1,151452257,77147,77147
701,chr6,154042078,154042231,154042154,hypo,-0.4526093900203705,OPRM1,154010495,-31659,31659
704,chr6,158301492,158301558,158301525,hypo,-0.4166274964809418,TULP4,158312464,10939,10939
704,chr6,158301492,158301558,158301525,hypo,-0.4166274964809418,SNORA116,158322981,21456,21456
706,chr6,162689137,162689272,162689204,hyper,0.2904413342475891,PACRG,162727131,37927,37927
706,chr6,162689137,162689272,162689204,hyper,0.2904413342475891,PRKN,162727766,38562,38562
707,chr6,163341311,163341368,163341339,hyper,0.40938258171081543,DKFZp451B082,163347033,5694,5694
707,chr6,163341311,163341368,163341339,hyper,0.40938258171081543,PACRG-AS1,163324473,-16866,16866
707,chr6,163341311,163341368,163341339,hyper,0.40938258171081543,CAHM,163413950,72611,72611
707,chr6,163341311,163341368,163341339,hyper,0.40938258171081543,QKI,163414717,73378,73378
708,chr6,163341979,163342270,163342124,hyper,0.49396196007728577,DKFZp451B082,163347033,4909,4909
708,chr6,163341979,163342270,163342124,hyper,0.49396196007728577,PACRG-AS1,163324473,-17651,17651
708,chr6,163341979,163342270,163342124,hyper,0.49396196007728577,CAHM,163413950,71826,71826
708,chr6,163341979,163342270,163342124,hyper,0.49396196007728577,QKI,163414717,72593,72593
711,chr6,166905204,166905279,166905241,hyper,0.46052369475364685,RPS6KA2-AS1,166903697,-1544,1544
711,chr6,166905204,166905279,166905241,hyper,0.46052369475364685,RPS6KA2,166862525,-42716,42716
711,chr6,166905204,166905279,166905241,hyper,0.46052369475364685,RNASET2,166956550,51309,51309
711,chr6,166905204,166905279,166905241,hyper,0.46052369475364685,MIR3939,166997912,92671,92671
711,chr6,166905204,166905279,166905241,hyper,0.46052369475364685,CEP43,166999316,94075,94075
712,chr6,167278867,167278980,167278923,hyper,0.3480929434299469,UNC93A,167291314,12391,12391
712,chr6,167278867,167278980,167278923,hyper,0.3480929434299469,TTLL2,167325085,46162,46162
712,chr6,167278867,167278980,167278923,hyper,0.3480929434299469,HPAT5,167228299,-50624,50624
713,chr6,167834494,167834582,167834538,hyper,0.4582849442958832,AFDN-DT,167826796,-7742,7742
713,chr6,167834494,167834582,167834538,hyper,0.4582849442958832,AFDN,167826563,-7975,7975
713,chr6,167834494,167834582,167834538,hyper,0.4582849442958832,LINC01558,167796859,-37679,37679
713,chr6,167834494,167834582,167834538,hyper,0.4582849442958832,LOC441179,167795528,-39010,39010
714,chr6,168158361,168158483,168158422,hyper,0.4042678475379944,LOC105378137,168226517,68095,68095
714,chr6,168158361,168158483,168158422,hyper,0.4042678475379944,FRMD1,168081557,-76865,76865
714,chr6,168158361,168158483,168158422,hyper,0.4042678475379944,LOC101929420,168242937,84515,84515
715,chr6,168280264,168280655,168280459,hyper,0.47108426690101624,LOC101929420,168242937,-37522,37522
715,chr6,168280264,168280655,168280459,hyper,0.47108426690101624,DACT2,168319777,39318,39318
715,chr6,168280264,168280655,168280459,hyper,0.47108426690101624,LOC105378137,168226517,-53942,53942
716,chr6,170184290,170184362,170184326,hyper,0.5297027826309204,LOC102724511,170160641,-23685,23685
716,chr6,170184290,170184362,170184326,hyper,0.5297027826309204,LOC154449,170262569,78243,78243
716,chr6,170184290,170184362,170184326,hyper,0.5297027826309204,LINC01624,170272473,88147,88147
716,chr6,170184290,170184362,170184326,hyper,0.5297027826309204,LOC285804,170276762,92436,92436
717,chr7,6997095,6997173,6997134,hypo,-0.38575711846351624,MIR3683,7067045,69911,69911
717,chr7,6997095,6997173,6997134,hypo,-0.38575711846351624,LOC100131257,7096786,99652,99652
718,chr7,16678731,16678992,16678861,hyper,0.5937885642051697,BZW2,16646133,-32728,32728
718,chr7,16678731,16678992,16678861,hyper,0.5937885642051697,ANKMY2,16645754,-33107,33107
718,chr7,16678731,16678992,16678861,hyper,0.5937885642051697,TSPAN13,16753754,74893,74893
719,chr7,20336074,20336301,20336187,hyper,0.3698388636112213,LOC101927811,20331762,-4425,4425
719,chr7,20336074,20336301,20336187,hyper,0.3698388636112213,ITGB8,20330899,-5288,5288
719,chr7,20336074,20336301,20336187,hyper,0.3698388636112213,LOC101927769,20296707,-39480,39480
720,chr7,20794653,20794793,20794723,hyper,0.390408992767334,SP8,20786886,-7837,7837
720,chr7,20794653,20794793,20794723,hyper,0.390408992767334,RPL23P8,20827297,32574,32574
720,chr7,20794653,20794793,20794723,hyper,0.390408992767334,LINC01162,20835430,40707,40707
724,chr7,38590108,38590205,38590156,hyper,0.385854572057724,AMPH,38631567,41411,41411
724,chr7,38590108,38590205,38590156,hyper,0.385854572057724,FAM183BP,38687089,96933,96933
726,chr7,41783265,41783688,41783476,hyper,0.5241917371749878,INHBA,41703090,-80386,80386
726,chr7,41783265,41783688,41783476,hyper,0.5241917371749878,INHBA-AS1,41693918,-89558,89558
727,chr7,47507572,47507634,47507603,hyper,0.43673986196517944,SNORD151,47464803,-42800,42800
727,chr7,47507572,47507634,47507603,hyper,0.43673986196517944,TNS3,47582111,74508,74508
728,chr7,66679156,66679266,66679211,hyper,0.44568219780921936,RABGEF1,66654566,-24645,24645
728,chr7,66679156,66679266,66679211,hyper,0.44568219780921936,LOC100996437,66654518,-24693,24693
728,chr7,66679156,66679266,66679211,hyper,0.44568219780921936,KCTD7,66628880,-50331,50331
728,chr7,66679156,66679266,66679211,hyper,0.44568219780921936,GS1-124K5.11,66592407,-86804,86804
729,chr7,67123627,67123818,67123722,hyper,0.3727642893791199,MIR4650-2,67114397,-9325,9325
729,chr7,67123627,67123818,67123722,hyper,0.3727642893791199,MIR4650-1,67114397,-9325,9325
730,chr7,71046433,71046542,71046487,hypo,-0.2963281571865082,GALNT17,71132143,85656,85656
731,chr7,71390215,71390346,71390280,hypo,-0.4633459150791168,MIR3914-1,71307770,-82510,82510
731,chr7,71390215,71390346,71390280,hypo,-0.4633459150791168,MIR3914-2,71307673,-82607,82607
733,chr7,72918144,72918391,72918267,hyper,0.601733922958374,NSUN5P2,72954763,36496,36496
733,chr7,72918144,72918391,72918267,hyper,0.601733922958374,POM121,72879356,-38911,38911
733,chr7,72918144,72918391,72918267,hyper,0.601733922958374,SPDYE7P,72871506,-46761,46761
733,chr7,72918144,72918391,72918267,hyper,0.601733922958374,TRIM74,72969466,51199,51199
733,chr7,72918144,72918391,72918267,hyper,0.601733922958374,TRIM73,72969466,51199,51199
733,chr7,72918144,72918391,72918267,hyper,0.601733922958374,LOC541473,72969633,51366,51366
733,chr7,72918144,72918391,72918267,hyper,0.601733922958374,LOC100101148,72969681,51414,51414
733,chr7,72918144,72918391,72918267,hyper,0.601733922958374,STAG3L3,73005943,87676,87676
733,chr7,72918144,72918391,72918267,hyper,0.601733922958374,PMS2P7,73006079,87812,87812
733,chr7,72918144,72918391,72918267,hyper,0.601733922958374,SBDSP1,72829372,-88895,88895
733,chr7,72918144,72918391,72918267,hyper,0.601733922958374,TYW1B,72828200,-90067,90067
734,chr7,84469025,84469121,84469073,hyper,0.29119595885276794,LOC101927378,84532475,63402,63402
735,chr7,93142958,93143042,93143000,hyper,0.41981053352355957,SAMD9L,93148385,5385,5385
735,chr7,93142958,93143042,93143000,hyper,0.41981053352355957,SAMD9,93118023,-24977,24977
735,chr7,93142958,93143042,93143000,hyper,0.41981053352355957,HEPACAM2,93232198,89198,89198
735,chr7,93142958,93143042,93143000,hyper,0.41981053352355957,VPS50,93232339,89339,89339
736,chr7,93889094,93889206,93889150,hyper,0.2707117795944214,TFPI2,93890753,1603,1603
736,chr7,93889094,93889206,93889150,hyper,0.2707117795944214,TFPI2-DT,93890893,1743,1743
736,chr7,93889094,93889206,93889150,hyper,0.2707117795944214,GNGT1,93906566,17416,17416
736,chr7,93889094,93889206,93889150,hyper,0.2707117795944214,GNG11,93921734,32584,32584
737,chr7,93923359,93923519,93923439,hyper,0.5807226300239563,GNG11,93921734,-1705,1705
737,chr7,93923359,93923519,93923439,hyper,0.5807226300239563,GNGT1,93906566,-16873,16873
737,chr7,93923359,93923519,93923439,hyper,0.5807226300239563,TFPI2-DT,93890893,-32546,32546
737,chr7,93923359,93923519,93923439,hyper,0.5807226300239563,TFPI2,93890753,-32686,32686
737,chr7,93923359,93923519,93923439,hyper,0.5807226300239563,BET1,94004355,80916,80916
738,chr7,94395947,94396051,94395999,hyper,0.6064363718032837,COL1A2,94394894,-1105,1105
738,chr7,94395947,94396051,94395999,hyper,0.6064363718032837,COL1A2-AS1,94392192,-3807,3807
739,chr7,97887160,97887251,97887205,hyper,0.4723690152168274,ASNS,97928441,41236,41236
739,chr7,97887160,97887251,97887205,hyper,0.4723690152168274,MIR5692A1,97963657,76452,76452
739,chr7,97887160,97887251,97887205,hyper,0.4723690152168274,MIR5692A2,97963662,76457,76457
739,chr7,97887160,97887251,97887205,hyper,0.4723690152168274,MIR5692C2,97964481,77276,77276
739,chr7,97887160,97887251,97887205,hyper,0.4723690152168274,CCZ1P-OR7E38P,97972358,85153,85153
739,chr7,97887160,97887251,97887205,hyper,0.4723690152168274,CZ1P-ASNS,97972358,85153,85153
740,chr7,104768642,104768758,104768700,hyper,0.5053772926330566,LHFPL3-AS1,104804092,35392,35392
741,chr7,107386233,107386545,107386389,hyper,0.5479511022567749,GPR22,107470056,83667,83667
743,chr7,116193499,116193608,116193553,hypo,-0.28175222873687744,TES,116210538,16985,16985
743,chr7,116193499,116193608,116193553,hypo,-0.28175222873687744,LOC102724434,116286727,93174,93174
744,chr7,117226102,117226321,117226211,hyper,0.3880869150161743,ST7-OT3,117182680,-43531,43531
744,chr7,117226102,117226321,117226211,hyper,0.3880869150161743,ST7-AS2,117145592,-80619,80619
744,chr7,117226102,117226321,117226211,hyper,0.3880869150161743,WNT2,117323058,96847,96847
745,chr7,128250140,128250197,128250168,hypo,-0.527905285358429,LEP,128241277,-8891,8891
745,chr7,128250140,128250197,128250168,hypo,-0.527905285358429,MIR129-1,128207871,-42297,42297
745,chr7,128250140,128250197,128250168,hypo,-0.527905285358429,RBM28,128343908,93740,93740
746,chr7,130895068,130895189,130895128,hyper,0.4430195391178131,MIR29B1,130877539,-17589,17589
746,chr7,130895068,130895189,130895128,hyper,0.4430195391178131,MIR29A,130876810,-18318,18318
746,chr7,130895068,130895189,130895128,hyper,0.4430195391178131,LINC00513,130913463,18335,18335
749,chr7,137304950,137305170,137305060,hyper,0.38543829321861267,PTN,137343733,38673,38673
750,chr7,139731922,139732013,139731967,hypo,-0.527758777141571,HIPK2,139777998,46031,46031
750,chr7,139731922,139732013,139731967,hypo,-0.527758777141571,TBXAS1,139778241,46274,46274
751,chr7,143776367,143776474,143776420,hyper,0.26213961839675903,CTAGE6,143757696,-18724,18724
751,chr7,143776367,143776474,143776420,hyper,0.26213961839675903,TCAF2P1,143809989,33569,33569
751,chr7,143776367,143776474,143776420,hyper,0.26213961839675903,TCAF2,143836686,60266,60266
751,chr7,143776367,143776474,143776420,hyper,0.26213961839675903,LOC154761,143836717,60297,60297
753,chr7,150596065,150596134,150596099,hypo,-0.4634307324886322,GIMAP4,150567369,-28730,28730
753,chr7,150596065,150596134,150596099,hypo,-0.4634307324886322,GIMAP6,150632648,36549,36549
753,chr7,150596065,150596134,150596099,hypo,-0.4634307324886322,GIMAP7,150514871,-81228,81228
753,chr7,150596065,150596134,150596099,hypo,-0.4634307324886322,GIMAP2,150685705,89606,89606
754,chr7,151792732,151792797,151792764,hyper,0.3637549877166748,LOC644090,151806337,13573,13573
754,chr7,151792732,151792797,151792764,hyper,0.3637549877166748,PRKAG2-AS1,151877041,84277,84277
754,chr7,151792732,151792797,151792764,hyper,0.3637549877166748,PRKAG2,151877115,84351,84351
756,chr7,155492042,155492228,155492135,hyper,0.4518236517906189,EN2,155458128,-34007,34007
756,chr7,155492042,155492228,155492135,hyper,0.4518236517906189,CNPY1,155570746,78611,78611
757,chr7,155507941,155508070,155508005,hypo,-0.3501719534397125,EN2,155458128,-49877,49877
757,chr7,155507941,155508070,155508005,hypo,-0.3501719534397125,CNPY1,155570746,62741,62741
758,chr7,155789845,155790233,155790039,hyper,0.5384343266487122,SHH,155812463,22424,22424
759,chr7,155824595,155824721,155824658,hyper,0.37245380878448486,SHH,155812463,-12195,12195
760,chr8,384903,385127,385015,hypo,-0.4811204671859741,FAM87A,383174,-1841,1841
760,chr8,384903,385127,385015,hypo,-0.4811204671859741,FBXO25,406807,21792,21792
765,chr8,6420800,6420897,6420848,hyper,0.4042234718799591,MCPH1,6406591,-14257,14257
765,chr8,6420800,6420897,6420848,hyper,0.4042234718799591,LOC100287015,6406548,-14300,14300
766,chr8,11226864,11226968,11226916,hypo,-0.4364710748195648,XKR6,11201833,-25083,25083
766,chr8,11226864,11226968,11226916,hypo,-0.4364710748195648,MTMR9,11284815,57899,57899
770,chr8,19872009,19872135,19872072,hyper,0.40841394662857056,INTS10,19817148,-54924,54924
770,chr8,19872009,19872135,19872072,hyper,0.40841394662857056,LPL,19939252,67180,67180
771,chr8,24351355,24351543,24351449,hyper,0.36773622035980225,ADAMDEC1,24384284,32835,32835
771,chr8,24351355,24351543,24351449,hyper,0.36773622035980225,ADAM28,24294039,-57410,57410
771,chr8,24351355,24351543,24351449,hyper,0.36773622035980225,ADAM7,24441025,89576,89576
772,chr8,27595379,27595573,27595476,hyper,0.38647201657295227,MIR6843,27610751,15275,15275
772,chr8,27595379,27595573,27595476,hyper,0.38647201657295227,CLU,27614700,19224,19224
772,chr8,27595379,27595573,27595476,hyper,0.38647201657295227,SCARA3,27633901,38425,38425
774,chr8,29778218,29778269,29778243,hypo,-0.39253318309783936,LINC02099,29748308,-29935,29935
774,chr8,29778218,29778269,29778243,hypo,-0.39253318309783936,LINC00589,29748109,-30134,30134
774,chr8,29778218,29778269,29778243,hypo,-0.39253318309783936,LOC101929470,29828504,50261,50261
776,chr8,35794269,35794339,35794304,hyper,0.42882171273231506,LOC101929550,35710320,-83984,83984
777,chr8,35794490,35794567,35794528,hyper,0.42838355898857117,LOC101929550,35710320,-84208,84208
778,chr8,35794863,35794921,35794892,hyper,0.36810263991355896,LOC101929550,35710320,-84572,84572
779,chr8,38790895,38790965,38790930,hyper,0.30473092198371887,TACC1,38728581,-62349,62349
780,chr8,40901431,40901525,40901478,hyper,0.47713032364845276,ZMAT4,40897826,-3652,3652
781,chr8,48683147,48683324,48683235,hyper,0.4549332559108734,EFCAB1,48735311,52076,52076
781,chr8,48683147,48683324,48683235,hyper,0.4549332559108734,LOC101929217,48620402,-62833,62833
782,chr8,53511037,53511176,53511106,hyper,0.4421515464782715,LOC100507516,53523965,12859,12859
783,chr8,65143371,65143457,65143414,hyper,0.4133637547492981,LINC00251,65180340,36926,36926
789,chr8,97190835,97190953,97190894,hyper,0.38955047726631165,TSPYL5,97277928,87034,87034
790,chr8,102108438,102108610,102108524,hyper,0.37939608097076416,NCALD,102124907,16383,16383
790,chr8,102108438,102108610,102108524,hyper,0.37939608097076416,MIR5680,102125431,16907,16907
793,chr8,119671911,119672693,119672302,hyper,0.6027170419692993,ENPP2,119673390,1088,1088
794,chr8,124143095,124143305,124143200,hyper,0.4399430453777313,FER1L6-AS2,124171522,28322,28322
795,chr8,124197865,124197971,124197918,hyper,0.4561271667480469,FER1L6-AS2,124171522,-26396,26396
795,chr8,124197865,124197971,124197918,hyper,0.4561271667480469,LOC101927588,124247398,49480,49480
796,chr8,140057892,140058077,140057984,hyper,0.45106738805770874,PEG13,140100535,42551,42551
797,chr8,143060450,143060520,143060485,hyper,0.4250771701335907,MIR1302-7,143040361,-20124,20124
797,chr8,143060450,143060520,143060485,hyper,0.4250771701335907,LY6L,143080629,20144,20144
797,chr8,143060450,143060520,143060485,hyper,0.4250771701335907,C8orf31,143039208,-21277,21277
797,chr8,143060450,143060520,143060485,hyper,0.4250771701335907,LY6E,143018484,-42001,42001
797,chr8,143060450,143060520,143060485,hyper,0.4250771701335907,LY6E-DT,143018390,-42095,42095
797,chr8,143060450,143060520,143060485,hyper,0.4250771701335907,CDC42P3,142995827,-64658,64658
798,chr8,143895565,143895811,143895688,hypo,-0.36528387665748596,EPPK1,143878467,-17221,17221
798,chr8,143895565,143895811,143895688,hypo,-0.36528387665748596,MIR661,143945279,49591,49591
798,chr8,143895565,143895811,143895688,hypo,-0.36528387665748596,NRBP2,143840973,-54715,54715
798,chr8,143895565,143895811,143895688,hypo,-0.36528387665748596,MIR6845,143837816,-57872,57872
798,chr8,143895565,143895811,143895688,hypo,-0.36528387665748596,PUF60,143829315,-66373,66373
798,chr8,143895565,143895811,143895688,hypo,-0.36528387665748596,SCRIB,143815773,-79915,79915
798,chr8,143895565,143895811,143895688,hypo,-0.36528387665748596,PLEC,143976745,81057,81057
798,chr8,143895565,143895811,143895688,hypo,-0.36528387665748596,MIR937,143813042,-82646,82646
798,chr8,143895565,143895811,143895688,hypo,-0.36528387665748596,PARP10,143986460,90772,90772
798,chr8,143895565,143895811,143895688,hypo,-0.36528387665748596,GRINA,143990055,94367,94367
800,chr9,963255,963410,963332,hypo,-0.36689889430999756,DMRT3,976654,13322,13322
800,chr9,963255,963410,963332,hypo,-0.36689889430999756,LINC01230,1048142,84810,84810
800,chr9,963255,963410,963332,hypo,-0.36689889430999756,DMRT2,1050353,87021,87021
801,chr9,975443,975626,975534,hyper,0.3360634446144104,DMRT3,976654,1120,1120
801,chr9,975443,975626,975534,hyper,0.3360634446144104,LINC01230,1048142,72608,72608
801,chr9,975443,975626,975534,hyper,0.3360634446144104,DMRT2,1050353,74819,74819
802,chr9,4622059,4622242,4622150,hyper,0.4327118992805481,PLPP6,4662293,40143,40143
802,chr9,4622059,4622242,4622150,hyper,0.4327118992805481,SPATA6L,4666480,44330,44330
802,chr9,4622059,4622242,4622150,hyper,0.4327118992805481,CDC37L1-DT,4679480,57330,57330
802,chr9,4622059,4622242,4622150,hyper,0.4327118992805481,CDC37L1,4679568,57418,57418
803,chr9,4622357,4622425,4622391,hyper,0.3746221363544464,PLPP6,4662293,39902,39902
803,chr9,4622357,4622425,4622391,hyper,0.3746221363544464,SPATA6L,4666480,44089,44089
803,chr9,4622357,4622425,4622391,hyper,0.3746221363544464,CDC37L1-DT,4679480,57089,57089
803,chr9,4622357,4622425,4622391,hyper,0.3746221363544464,CDC37L1,4679568,57177,57177
804,chr9,5935389,5935514,5935451,hyper,0.39611193537712097,MLANA,5890888,-44563,44563
804,chr9,5935389,5935514,5935451,hyper,0.39611193537712097,MIR4665,6007825,72374,72374
804,chr9,5935389,5935514,5935451,hyper,0.39611193537712097,KIAA2026,6008482,73031,73031
804,chr9,5935389,5935514,5935451,hyper,0.39611193537712097,RANBP6,6015624,80173,80173
809,chr9,31446309,31446362,31446335,hyper,0.45499059557914734,LINC01243,31381490,-64845,64845
810,chr9,38422996,38423145,38423070,hyper,0.41976386308670044,IGFBPL1,38424454,1384,1384
810,chr9,38422996,38423145,38423070,hyper,0.41976386308670044,ALDH1B1,38392701,-30369,30369
811,chr9,38423346,38423463,38423404,hyper,0.45409464836120605,IGFBPL1,38424454,1050,1050
811,chr9,38423346,38423463,38423404,hyper,0.45409464836120605,ALDH1B1,38392701,-30703,30703
812,chr9,38533596,38533914,38533755,hyper,0.4804525375366211,FAM95C,38545372,11617,11617
812,chr9,38533596,38533914,38533755,hyper,0.4804525375366211,ANKRD18A,38620596,86841,86841
812,chr9,38533596,38533914,38533755,hyper,0.4804525375366211,FAM201A,38621087,87332,87332
813,chr9,65694481,65694589,65694535,hyper,0.40620091557502747,CBWD5,65675833,-18702,18702
813,chr9,65694481,65694589,65694535,hyper,0.40620091557502747,FOXD4L4,65737145,42610,42610
814,chr9,66198959,66199089,66199024,hyper,0.4240530729293823,LOC642929,66164906,-34118,34118
815,chr9,73161060,73161161,73161110,hyper,0.37753602862358093,ANXA1,73151864,-9246,9246
818,chr9,86154887,86154953,86154920,hyper,0.40350067615509033,LOC101927623,86127539,-27381,27381
818,chr9,86154887,86154953,86154920,hyper,0.40350067615509033,GOLM1,86100201,-54719,54719
820,chr9,88993839,88993975,88993907,hyper,0.455324649810791,S1PR3,88991467,-2440,2440
820,chr9,88993839,88993975,88993907,hyper,0.455324649810791,C9orf47,88990862,-3045,3045
821,chr9,91119856,91119982,91119919,hyper,0.3273671567440033,LINC00484,91119061,-858,858
821,chr9,91119856,91119982,91119919,hyper,0.3273671567440033,LOC100129316,91075132,-44787,44787
822,chr9,91900284,91900654,91900469,hyper,0.5186831951141357,ROR2,91950228,49759,49759
823,chr9,101385287,101385416,101385351,hyper,0.3677487373352051,BAAT,101385006,-345,345
823,chr9,101385287,101385416,101385351,hyper,0.3677487373352051,MRPL50,101398618,13267,13267
823,chr9,101385287,101385416,101385351,hyper,0.3677487373352051,ZNF189,101398850,13499,13499
823,chr9,101385287,101385416,101385351,hyper,0.3677487373352051,ALDOB,101435774,50423,50423
823,chr9,101385287,101385416,101385351,hyper,0.3677487373352051,TMEM246-AS1,101468438,83087,83087
824,chr9,111401247,111401351,111401299,hyper,0.5450539588928223,OR2K2,111330224,-71075,71075
824,chr9,111401247,111401351,111401299,hyper,0.5450539588928223,ECPAS,111484383,83084,83084
825,chr9,111828226,111828352,111828289,hyper,0.5410541892051697,SHOC1,111794937,-33352,33352
825,chr9,111828226,111828352,111828289,hyper,0.5410541892051697,UGCG,111896813,68524,68524
826,chr9,114054371,114054579,114054475,hyper,0.4334098696708679,AMBP,114078300,23825,23825
826,chr9,114054371,114054579,114054475,hyper,0.4334098696708679,KIF12,114099057,44582,44582
827,chr9,114060940,114061001,114060970,hyper,0.4899085760116577,AMBP,114078300,17330,17330
827,chr9,114060940,114061001,114060970,hyper,0.4899085760116577,KIF12,114099057,38087,38087
827,chr9,114060940,114061001,114060970,hyper,0.4899085760116577,COL27A1,114155536,94566,94566
828,chr9,114170630,114170889,114170759,hyper,0.48507821559906006,COL27A1,114155536,-15223,15223
828,chr9,114170630,114170889,114170759,hyper,0.48507821559906006,MIR455,114209433,38674,38674
828,chr9,114170630,114170889,114170759,hyper,0.48507821559906006,KIF12,114099057,-71702,71702
828,chr9,114170630,114170889,114170759,hyper,0.48507821559906006,AMBP,114078300,-92459,92459
829,chr9,118594439,118594510,118594474,hypo,-0.46289488673210144,LINC02578,118679670,85196,85196
832,chr9,124022759,124022869,124022814,hyper,0.5531346201896667,LHX2,124011767,-11047,11047
832,chr9,124022759,124022869,124022814,hyper,0.5531346201896667,LOC100505588,124009396,-13418,13418
832,chr9,124022759,124022869,124022814,hyper,0.5531346201896667,DENND1A,123930138,-92676,92676
833,chr9,132403400,132403454,132403427,hyper,0.45526692271232605,TTF1,132406851,3424,3424
833,chr9,132403400,132403454,132403427,hyper,0.45526692271232605,CFAP77,132410210,6783,6783
833,chr9,132403400,132403454,132403427,hyper,0.45526692271232605,SETX,132354986,-48441,48441
834,chr9,132403773,132403939,132403856,hyper,0.4022689163684845,TTF1,132406851,2995,2995
834,chr9,132403773,132403939,132403856,hyper,0.4022689163684845,CFAP77,132410210,6354,6354
834,chr9,132403773,132403939,132403856,hyper,0.4022689163684845,SETX,132354986,-48870,48870
835,chr9,132434637,132434744,132434690,hypo,-0.4246951937675476,CFAP77,132410210,-24480,24480
835,chr9,132434637,132434744,132434690,hypo,-0.4246951937675476,TTF1,132406851,-27839,27839
835,chr9,132434637,132434744,132434690,hypo,-0.4246951937675476,SETX,132354986,-79704,79704
836,chr9,132466508,132466698,132466603,hyper,0.4633221924304962,CFAP77,132410210,-56393,56393
836,chr9,132466508,132466698,132466603,hyper,0.4633221924304962,TTF1,132406851,-59752,59752
837,chr9,135042439,135042563,135042501,hyper,0.37302571535110474,OLFM1,135075504,33003,33003
838,chrX,666938,667250,667094,hyper,0.440687894821167,SHOX,624343,-42751,42751
842,chrX,1292686,1292965,1292825,hyper,0.4631447196006775,MIR3690,1293917,1092,1092
842,chrX,1292686,1292965,1292825,hyper,0.4631447196006775,CSF2RA,1268813,-24012,24012
842,chrX,1292686,1292965,1292825,hyper,0.4631447196006775,IL3RA,1336615,43790,43790
842,chrX,1292686,1292965,1292825,hyper,0.4631447196006775,CRLF2,1212723,-80102,80102
842,chrX,1292686,1292965,1292825,hyper,0.4631447196006775,SLC25A6,1392113,99288,99288
844,chrX,2440887,2441175,2441031,hyper,0.46783390641212463,DHRSX,2500976,59945,59945
844,chrX,2440887,2441175,2441031,hyper,0.46783390641212463,ZBED1,2500976,59945,59945
845,chrX,8196707,8197006,8196856,hyper,0.6330920457839966,VCX2,8171267,-25589,25589
845,chrX,8196707,8197006,8196856,hyper,0.6330920457839966,MIR651,8126964,-69892,69892
846,chrX,8197181,8197318,8197249,hyper,0.5566415190696716,VCX2,8171267,-25982,25982
846,chrX,8197181,8197318,8197249,hyper,0.5566415190696716,MIR651,8126964,-70285,70285
848,chrX,40835474,40835593,40835533,hyper,0.7399250864982605,TNIP2P1,40833196,-2337,2337
848,chrX,40835474,40835593,40835533,hyper,0.7399250864982605,MED14OS,40735689,-99844,99844
848,chrX,40835474,40835593,40835533,hyper,0.7399250864982605,MED14,40735542,-99991,99991
849,chrX,40836871,40837024,40836947,hyper,0.64458167552948,TNIP2P1,40833196,-3751,3751
850,chrX,64302903,64303059,64302981,hyper,0.6748607754707336,ASB12,64230607,-72374,72374
850,chrX,64302903,64303059,64302981,hyper,0.6748607754707336,MTMR8,64395452,92471,92471
850,chrX,64302903,64303059,64302981,hyper,0.6748607754707336,AMER1,64205708,-97273,97273
