chrom	start	end	strand	pvalue	qvalue	meth_diff	mean_beta_control	mean_beta_case	meth_diff_prop
chr6	27977500	27978000	*	2.6364817545807877e-66	3.0959097921705264e-60	55.28596496582031	0.15654206	0.7094017	0.5528596639633179
chr4	9106000	9106500	*	5.356281699944295e-57	3.144828318206594e-51	-37.422115325927734	0.44684684	0.0726257	-0.37422114610671997
chr1	217925000	217925500	*	2.4025129608165634e-55	9.40390021447512e-50	19.38260841369629	0.78186274	0.9756888	0.1938260793685913
chr10	122530000	122530500	*	1.2583184380436303e-52	3.4159619182982745e-47	46.92452621459961	0.36270493	0.8319502	0.4692452549934387
chr3	169660000	169660500	*	1.4545193297802844e-52	3.4159619182982745e-47	24.61334991455078	0.042689435	0.28882295	0.24613350629806519
chr4	19193000	19193500	*	2.3048116067320078e-51	4.5107391128298565e-46	29.975605010986328	0.6509573	0.95071334	0.2997560501098633
chr6	28001500	28002000	*	2.3644824396306374e-50	3.470640525744741e-45	37.11656188964844	0.5	0.87116563	0.3711656332015991
chr6	75156000	75156500	*	2.17037953874872e-50	3.470640525744741e-45	46.14650344848633	0.45454547	0.9160105	0.4614650309085846
chr18	463500	464000	*	3.716713132449944e-46	4.849311254982673e-41	38.34386444091797	0.1997389	0.58317757	0.3834386467933655
chr3	157631500	157632000	*	1.1456561264751042e-44	1.345295871762403e-39	36.772239685058594	0.325	0.6927224	0.36772239208221436
chr20	25864500	25865000	*	1.4773951171210821e-44	1.577130032218516e-39	49.67015075683594	0.28271028	0.7794118	0.49670150876045227
chr2	231334500	231335000	*	2.7571972635946663e-43	2.698050786961788e-38	30.407493591308594	0.6284404	0.9325153	0.3040749430656433
chr3	172222500	172223000	*	7.302759543791239e-43	6.596402935671702e-38	43.83403778076172	0.38617885	0.8245192	0.43834036588668823
chr6	155121500	155122000	*	1.3148970023227479e-42	1.1028773743953608e-37	34.2153205871582	0.1557252	0.49787837	0.3421531915664673
chr12	105736000	105736500	*	4.0289282814057254e-42	3.154000843911283e-37	42.041748046875	0.45238096	0.87279844	0.4204174876213074
chr3	60330000	60330500	*	8.59896085025063e-42	6.310874106308503e-37	41.550045013427734	0.4966443	0.9121447	0.4155004322528839
chr19	50781000	50781500	*	2.4442902869379343e-41	1.6883690727995087e-36	41.32716751098633	0.22309197	0.6363636	0.4132716655731201
chr13	109400500	109401000	*	2.3362605242483456e-39	1.5240958948237854e-34	33.53321075439453	0.37047756	0.70580965	0.33533209562301636
chr10	34918000	34918500	*	5.116654942130667e-38	3.162248946861302e-33	34.6841926574707	0.421659	0.7685009	0.3468419313430786
chr2	9961000	9961500	*	4.7336430423110805e-37	2.7792591057890625e-32	30.17888641357422	0.28125	0.58303887	0.301788866519928
chr5	38264000	38264500	*	3.863495113488309e-35	2.1603524023688356e-30	46.69301986694336	0.26060605	0.72753626	0.46693021059036255
chr5	167575500	167576000	*	5.924187003295883e-35	3.162056355507371e-30	30.438400268554688	0.571192	0.875576	0.3043839931488037
chr8	126833500	126834000	*	6.660867886557267e-35	3.400685827275202e-30	33.899009704589844	0.30185497	0.64084506	0.33899009227752686
chr6	37542000	37542500	*	1.2381892274793697e-34	6.000670060145139e-30	44.314430236816406	0.30498534	0.74812967	0.4431443214416504
chr9	973000	973500	*	1.2775450667879502e-34	6.000670060145139e-30	23.86952018737793	0.050052136	0.28874734	0.2386952042579651
chr10	127402500	127403000	*	3.4980419990729017e-34	1.579847616056672e-29	39.057437896728516	0.4475	0.8380744	0.3905743956565857
chr7	4080000	4080500	*	5.6935801076644724e-34	2.476197033357729e-29	40.17805480957031	0.26712328	0.6689038	0.40178054571151733
chr12	131573500	131574000	*	6.614276710917445e-34	2.773881193574463e-29	38.6039924621582	0.5	0.8860399	0.3860399127006531
chr4	182865500	182866000	*	2.6704842474452504e-33	1.0813232729091603e-28	27.875173568725586	0.1966581	0.47540984	0.2787517309188843
chr22	43439500	43440000	*	7.653374858485077e-33	2.9956788848583235e-28	45.345645904541016	0.36305732	0.8165138	0.45345646142959595
chr9	135350500	135351000	*	8.556034813640931e-33	3.2409652671601203e-28	43.47933578491211	0.38172042	0.8165138	0.4347933530807495
chr6	130632500	130633000	*	2.290760391659831e-32	8.406074112467781e-28	39.637386322021484	0.31494254	0.7113164	0.3963738679885864
chr14	92487500	92488000	*	4.2742256977623175e-32	1.5209223392130254e-27	41.16633987426758	0.28125	0.6929134	0.4116634130477905
chr10	131750500	131751000	*	5.174750467846964e-32	1.7366816798747676e-27	36.682289123535156	0.5124224	0.8792453	0.36682289838790894
chr13	112160000	112160500	*	5.176363183867334e-32	1.7366816798747676e-27	44.59423828125	0.2524272	0.69836956	0.44594237208366394
chr5	2745000	2745500	*	1.4520765994769454e-31	4.736423787634997e-27	37.163047790527344	0.5074627	0.87909317	0.3716304898262024
chr7	60526500	60527000	*	2.550133071597097e-31	8.093281514560713e-27	-29.194137573242188	0.7205128	0.42857143	-0.291941374540329
chr1	161532500	161533000	*	2.819151956776833e-31	8.711609838054871e-27	-31.486896514892578	0.4801444	0.16527545	-0.3148689568042755
chr17	70104500	70105000	*	5.193097128725496e-31	1.5635989354315238e-26	38.37528991699219	0.19782609	0.58157897	0.38375288248062134
chr2	219966000	219966500	*	9.927956361345923e-31	2.914495545240335e-26	41.949119567871094	0.449827	0.8693182	0.4194912016391754
chr21	43903500	43904000	*	2.8655060213854567e-30	8.206935047951325e-26	27.241849899291992	0.5633803	0.8357988	0.2724184989929199
chr20	23664000	23664500	*	3.398996576617107e-30	9.50309267158393e-26	30.726062774658203	0.57114226	0.8784029	0.3072606325149536
chr10	11003500	11004000	*	5.508702306093549e-30	1.5043343610578603e-25	29.731767654418945	0.6303419	0.9276596	0.2973176836967468
chr20	25857000	25857500	*	1.7370273174568802e-29	4.635723235777911e-25	33.333961486816406	0.5327511	0.8660907	0.3333396315574646
chr9	37383500	37384000	*	2.645960670791277e-29	6.9045344119156075e-25	40.25849533081055	0.39937106	0.801956	0.4025849401950836
chr4	28702500	28703000	*	3.2688528109130436e-29	8.344514269645932e-25	-40.3659782409668	0.6619718	0.25831202	-0.40365979075431824
chr17	16216000	16216500	*	3.3688894741234894e-29	8.416905140649575e-25	21.30948829650879	0.57225436	0.78534925	0.21309489011764526
chr4	139986000	139986500	*	5.792150733610727e-29	1.4169748616975553e-24	41.772151947021484	0.15506329	0.5727848	0.4177215099334717
chr17	17524000	17524500	*	7.230931270117614e-29	1.7328528349766876e-24	29.072528839111328	0.5797665	0.8704918	0.2907252907752991
chr6	1821500	1822000	*	1.1545264926117141e-28	2.7114239403224924e-24	40.33135223388672	0.15286624	0.55617976	0.4033135175704956
chr9	84863000	84863500	*	1.2020612907096825e-28	2.7677060531493536e-24	35.66889953613281	0.12598425	0.48267326	0.3566890060901642
chr1	230122500	230123000	*	1.3968067927478706e-28	3.1542529823817868e-24	29.901302337646484	0.5565217	0.85553473	0.29901301860809326
chr10	124319000	124319500	*	1.6587652797981949e-28	3.675129056462771e-24	33.65190505981445	0.55606407	0.89258313	0.3365190625190735
chr19	55142000	55142500	*	2.520582372617821e-28	5.4811370661212174e-24	24.07196807861328	0.559956	0.8006757	0.24071967601776123
chr2	129480000	129480500	*	3.6834015079302603e-28	7.864115796180313e-24	38.92580795288086	0.14739884	0.5366569	0.38925808668136597
chr10	117553000	117553500	*	4.178209477834976e-28	8.761242687542042e-24	18.380460739135742	0.060913704	0.24471831	0.18380460143089294
chr14	89085000	89085500	*	5.8342371068511295e-28	1.2019122099327709e-23	30.627483367919922	0.4745223	0.7807971	0.3062748312950134
chr1	8599000	8599500	*	7.2144216359144825e-28	1.4606193657492532e-23	30.1583194732666	0.28	0.5815832	0.3015832006931305
chr13	20332000	20332500	*	9.664559823653789e-28	1.9235062185430594e-23	31.99930763244629	0.5518018	0.8717949	0.3199930787086487
chr9	73161000	73161500	*	1.2795566734078767e-27	2.5042161003376442e-23	33.58953094482422	0.43145162	0.7673469	0.335895299911499
chr18	33750000	33750500	*	2.924255280277738e-27	5.629229765423566e-23	42.21794509887695	0.34579438	0.76797384	0.4221794605255127
chr17	6903500	6904000	*	5.274160186189548e-27	9.989072245023493e-23	-36.604000091552734	0.64464694	0.27860695	-0.3660399913787842
chr5	9596000	9596500	*	6.102296644577503e-27	1.1374080402013158e-22	34.321319580078125	0.5073892	0.8506024	0.34321320056915283
chr2	128289500	128290000	*	1.3519062711324152e-26	2.4804480533240745e-22	31.694656372070312	0.49889135	0.8158379	0.3169465661048889
chr11	123257500	123258000	*	2.1483033398836108e-26	3.8810190512077677e-22	31.772459030151367	0.62057877	0.93830335	0.3177245855331421
chr11	27460000	27460500	*	2.2182324108941167e-26	3.946632052048036e-22	37.6436767578125	0.46264368	0.83908045	0.3764367699623108
chr19	479500	480000	*	3.6260423891382186e-26	6.355088483260695e-22	20.01432228088379	0.73006135	0.9302046	0.2001432180404663
chr8	41250000	41250500	*	3.849089918609701e-26	6.646800925951162e-22	34.04991149902344	0.4493392	0.7898383	0.3404991030693054
chr4	86387000	86387500	*	5.521728867364374e-26	9.39700622657037e-22	38.432735443115234	0.4198895	0.80421686	0.38432735204696655
chr19	30403000	30403500	*	7.741283792200276e-26	1.298609203323073e-21	23.961442947387695	0.081455804	0.32107022	0.23961442708969116
chr6	407500	408000	*	7.931067025110123e-26	1.311706887714333e-21	31.03579330444336	0.6418605	0.9522184	0.310357928276062
chr8	97190500	97191000	*	1.180047777706211e-25	1.9245563102135275e-21	36.48263931274414	0.48199445	0.84682083	0.36482638120651245
chr10	133030500	133031000	*	1.4253718546073433e-25	2.2928141140376846e-21	18.012798309326172	0.12116041	0.3012884	0.18012797832489014
chr1	109658000	109658500	*	1.6565173795154672e-25	2.628619979777126e-21	36.274070739746094	0.36453202	0.72727275	0.36274072527885437
chr2	109677500	109678000	*	2.4425552511890643e-25	3.824253392201024e-21	33.35158920288086	0.13636364	0.4698795	0.33351588249206543
chr5	100774500	100775000	*	2.581907972017028e-25	3.989244857111541e-21	36.43476104736328	0.34474328	0.7090909	0.3643476068973541
chr1	2249000	2249500	*	3.4341565491557753e-25	5.23712441701112e-21	29.30194091796875	0.512012	0.8050314	0.2930194139480591
chr22	45455000	45455500	*	4.270864176252739e-25	6.429610802407935e-21	24.860769271850586	0.52286047	0.77146816	0.24860769510269165
chrX	2707500	2708000	*	4.574783663744852e-25	6.799970019521141e-21	30.82548713684082	0.4925926	0.8008475	0.3082548677921295
chr19	43407500	43408000	*	4.789143099774203e-25	7.029611997568321e-21	25.413721084594727	0.46365422	0.71779144	0.25413721799850464
chr5	2515000	2515500	*	9.301169033500365e-25	1.3483916230790212e-20	20.477657318115234	0.052542374	0.25731894	0.2047765702009201
chr6	165775500	165776000	*	1.1666047122279467e-24	1.6706035563065416e-20	28.2539005279541	0.2823344	0.5648734	0.2825390100479126
chr9	128887500	128888000	*	1.24366216014671e-24	1.7594942660838017e-20	30.80213737487793	0.42727274	0.7352941	0.3080213665962219
chr16	73859500	73860000	*	1.714223444500349e-24	2.396357849395346e-20	29.773265838623047	0.49822694	0.7959596	0.2977326512336731
chr15	27386000	27386500	*	2.0342934628438644e-24	2.8103357330495415e-20	30.628686904907227	0.6032609	0.90954775	0.30628687143325806
chr10	117165500	117166000	*	2.3554716786461024e-24	3.21619937491118e-20	13.18011474609375	0.032432433	0.16423358	0.13180114328861237
chr16	88268500	88269000	*	4.1517341512106635e-24	5.603686253945208e-20	25.218368530273438	0.66134185	0.9135255	0.2521836757659912
chr1	232625000	232625500	*	7.019132342410028e-24	9.366218529697403e-20	28.38591957092285	0.5375	0.8213592	0.2838591933250427
chr6	29798000	29798500	*	1.1592666890705216e-23	1.529526049184913e-19	-34.519309997558594	0.88448846	0.5392954	-0.345193088054657
chr3	195198500	195199000	*	1.3608122851843284e-23	1.775494124862199e-19	27.360179901123047	0.45973155	0.73333335	0.27360180020332336
chr7	4144500	4145000	*	1.5954414241745552e-23	2.0587470943608402e-19	30.97652816772461	0.16806723	0.47783253	0.3097652792930603
chr15	28777000	28777500	*	3.249443033730493e-23	4.147483128154675e-19	23.397743225097656	0.6956522	0.9296296	0.23397743701934814
chrX	10743000	10743500	*	3.2971230144707093e-23	4.1630893298132752e-19	35.4738883972168	0.39257294	0.74731183	0.35473889112472534
chr22	30209000	30209500	*	4.1600876665721675e-23	5.196825769333723e-19	21.95665168762207	0.6337854	0.85335195	0.21956652402877808
chr11	16863500	16864000	*	4.55276345157149e-23	5.627493584332036e-19	33.99630355834961	0.16153847	0.5015015	0.33996301889419556
chr2	1496500	1497000	*	4.964911221275788e-23	6.073007000909234e-19	25.272106170654297	0.65256125	0.9052823	0.25272107124328613
chr5	168072500	168073000	*	5.668170018442708e-23	6.861746380944842e-19	30.496871948242188	0.5422535	0.8472222	0.3049687147140503
chr15	85879500	85880000	*	9.071422374729174e-23	1.0869581933576256e-18	25.305015563964844	0.62545455	0.8785047	0.25305014848709106
chr12	23599000	23599500	*	1.4008127376591872e-22	1.6480559879876506e-18	17.601240158081055	0.7960644	0.9720768	0.17601239681243896
chr12	96216000	96216500	*	1.4034871280311914e-22	1.6480559879876506e-18	31.06040382385254	0.52112675	0.8317308	0.3106040358543396
chr8	6421000	6421500	*	1.420012385873113e-22	1.650951390307515e-18	24.125749588012695	0.7057471	0.9470046	0.24125748872756958
chr4	185745500	185746000	*	1.441162742906283e-22	1.6591145883918099e-18	31.90863800048828	0.5468354	0.8659218	0.31908637285232544
chr18	49518500	49519000	*	1.473455540051718e-22	1.6798222869417964e-18	27.367124557495117	0.41307577	0.686747	0.2736712396144867
chr1	223092000	223092500	*	1.491879540615902e-22	1.6844725823120654e-18	31.794857025146484	0.48677248	0.80472106	0.317948579788208
chr17	73719000	73719500	*	2.1067339027624136e-22	2.3560467992285585e-18	28.90619659423828	0.35809523	0.6471572	0.289061963558197
chr13	25544000	25544500	*	2.475996372116962e-22	2.7428854225748294e-18	27.850526809692383	0.6643519	0.94285715	0.27850526571273804
chr21	44486000	44486500	*	2.659363027511979e-22	2.9184844018319266e-18	-27.46286964416504	0.872549	0.5979203	-0.2746286988258362
chr9	23028000	23028500	*	2.98914133366385e-22	3.2500214112828198e-18	-32.041343688964844	0.7648579	0.44444445	-0.3204134404659271
chrX	9144500	9145000	*	3.36800714191415e-22	3.628357183898922e-18	31.453350067138672	0.38900635	0.70353985	0.3145335018634796
chr13	41548000	41548500	*	7.298236000071912e-22	7.790920008156766e-18	33.71263885498047	0.59765625	0.9347826	0.33712637424468994
chr10	13505000	13505500	*	7.971169200328041e-22	8.432620903458383e-18	23.320209503173828	0.6713781	0.9045802	0.23320209980010986
chr18	77749000	77749500	*	1.0306444868733962e-21	1.0805736909526612e-17	31.067546844482422	0.2652174	0.57589287	0.3106754720211029
chr6	108163000	108163500	*	1.0614372194901301e-21	1.1030098641451692e-17	32.887699127197266	0.171123	0.5	0.3288770020008087
chr12	19382500	19383000	*	1.334506708359709e-21	1.3746098055658379e-17	31.235153198242188	0.5	0.8123515	0.3123515248298645
chr16	58188000	58188500	*	1.5232962994590883e-21	1.5554285791393306e-17	21.566301345825195	0.7294589	0.94512194	0.21566301584243774
chr3	86971500	86972000	*	2.2792818110226045e-21	2.307297328317053e-17	22.883033752441406	0.71727747	0.9461078	0.22883033752441406
chr17	6547000	6547500	*	4.172859675741784e-21	4.1880460317240986e-17	36.32417297363281	0.29577464	0.6590164	0.3632417321205139
chr13	23939500	23940000	*	4.996511838601796e-21	4.9721983038753114e-17	29.725200653076172	0.625	0.922252	0.29725199937820435
chr17	61309000	61309500	*	5.189871030897529e-21	5.1212164512602274e-17	22.326379776000977	0.7324324	0.9556962	0.22326380014419556
chr5	166868000	166868500	*	6.59941968544094e-21	6.457851134155424e-17	28.65074348449707	0.6213873	0.90789473	0.28650742769241333
chr11	70554000	70554500	*	9.336362724563771e-21	9.060577372083309e-17	22.74346923828125	0.74147725	0.96891195	0.2274346947669983
chr11	52316500	52317000	*	1.0980345200920779e-20	1.0568654258149862e-16	-26.891023635864258	0.78253704	0.5136268	-0.2689102292060852
chr15	66756000	66756500	*	1.3033875113236927e-20	1.2443196847739324e-16	-33.85777282714844	0.8327974	0.49421966	-0.3385777473449707
chr5	990500	991000	*	1.8156258410637902e-20	1.7193654587708742e-16	27.774837493896484	0.36594912	0.6436975	0.27774837613105774
chr1	82844000	82844500	*	2.3388290598187327e-20	2.1971109872997003e-16	35.86149215698242	0.5137255	0.87234044	0.3586149215698242
chr8	81570500	81571000	*	2.6800996155752113e-20	2.4977209637985053e-16	31.804353713989258	0.61003864	0.92808217	0.3180435299873352
chr14	104439500	104440000	*	2.957333695301723e-20	2.734387992423315e-16	23.036468505859375	0.6003063	0.83067095	0.23036468029022217
chr12	93824500	93825000	*	3.3500445948196564e-20	3.0494702835842946e-16	30.032846450805664	0.41528925	0.7156177	0.30032846331596375
chr12	125151500	125152000	*	3.3339573732306485e-20	3.0494702835842946e-16	23.50419807434082	0.6337793	0.86882126	0.23504197597503662
chr17	20581500	20582000	*	3.40700034933373e-20	3.0774595509291747e-16	34.59201431274414	0.5486111	0.89453125	0.3459201455116272
chr3	27075500	27076000	*	3.601200186222455e-20	3.2280443727276396e-16	26.914501190185547	0.5496183	0.8187633	0.26914501190185547
chr11	134643500	134644000	*	3.96685459676343e-20	3.5288717765804785e-16	22.25620460510254	0.16216215	0.3847242	0.2225620448589325
chr10	114337500	114338000	*	4.1830890199032444e-20	3.6932524408522885e-16	24.261775970458984	0.3280116	0.57062936	0.24261775612831116
chr22	49397000	49397500	*	5.080522183863776e-20	4.452122252671276e-16	25.11591911315918	0.16296296	0.41412213	0.2511591911315918
chr20	21977500	21978000	*	5.1225353983010433e-20	4.455687534620879e-16	37.33375549316406	0.38434163	0.75767916	0.3733375370502472
chr16	26317000	26317500	*	5.181051666462583e-20	4.473449535115456e-16	29.007402420043945	0.40083507	0.6909091	0.29007402062416077
chr4	183728500	183729000	*	6.422038782821473e-20	5.504474756962319e-16	27.22848129272461	0.6005222	0.872807	0.2722848057746887
chr15	29071000	29071500	*	6.734332934911656e-20	5.730321973538762e-16	31.29737091064453	0.2783505	0.5913242	0.3129737079143524
chr3	179464500	179465000	*	8.960132326811737e-20	7.569429543753451e-16	25.099008560180664	0.61100566	0.86199576	0.250990092754364
chr5	181036500	181037000	*	1.1945656435953519e-19	1.0019487596549933e-15	26.830860137939453	0.4619666	0.7302752	0.2683086097240448
chr6	163284000	163284500	*	1.4192397796018576e-19	1.173880146022705e-15	26.34823989868164	0.66764706	0.93112946	0.26348239183425903
chr8	71591500	71592000	*	1.419543070902852e-19	1.173880146022705e-15	31.468164443969727	0.42777777	0.7424594	0.31468164920806885
chr17	83070500	83071000	*	1.588010104652287e-19	1.3040094891390105e-15	22.852676391601562	0.5168237	0.7453505	0.228526771068573
chr6	731500	732000	*	1.6802024434115851e-19	1.3701327505525008e-15	-25.2990779876709	0.8597561	0.60676533	-0.2529907822608948
chr10	60448500	60449000	*	1.772259664529031e-19	1.4352345442417453e-15	27.233224868774414	0.65749234	0.9298246	0.27233225107192993
chr2	170718000	170718500	*	1.871816840868675e-19	1.5054766437840882e-15	18.51089859008789	0.22930542	0.4144144	0.1851089894771576
chr5	145450000	145450500	*	2.375826430194476e-19	1.897845709025378e-15	27.26541519165039	0.43529412	0.70794827	0.27265414595603943
chrX	2229000	2229500	*	2.4300166975000695e-19	1.928017937279079e-15	26.29315948486328	0.56437767	0.82730925	0.26293158531188965
chr17	19992000	19992500	*	2.5210932633227217e-19	1.98685498872672e-15	30.716251373291016	0.5261708	0.8333333	0.3071625232696533
chr1	33668000	33668500	*	2.5661451140321405e-19	2.008877619542102e-15	30.667478561401367	0.6007326	0.9074074	0.3066747784614563
chr6	83429500	83430000	*	2.91312463289062e-19	2.2654039107078632e-15	31.834012985229492	0.40782124	0.72616136	0.31834012269973755
chr5	1588000	1588500	*	3.3877642902837004e-19	2.6171771841973405e-15	18.056869506835938	0.80184335	0.98241204	0.18056869506835938
chr3	182482500	182483000	*	3.5552517525131954e-19	2.7286162172566274e-15	-28.87339210510254	0.7181818	0.42944786	-0.28873392939567566
chr19	33496500	33497000	*	3.7824347935707905e-19	2.8841261791096424e-15	21.302730560302734	0.682243	0.8952703	0.21302729845046997
chr10	79382500	79383000	*	3.8476607439526505e-19	2.9149331676595815e-15	22.6893367767334	0.57575756	0.8026509	0.2268933653831482
chr5	135219500	135220000	*	4.761156814715402e-19	3.5838631275218456e-15	18.094890594482422	0.70125	0.8821989	0.1809489130973816
chr16	14421000	14421500	*	5.165745060624901e-19	3.8636416964326585e-15	19.892192840576172	0.732852	0.9317739	0.19892191886901855
chr8	71228000	71228500	*	5.322149478890044e-19	3.955428229609155e-15	28.954256057739258	0.6257669	0.9153094	0.289542555809021
chr8	54397500	54398000	*	5.516397776255128e-19	4.074008943364651e-15	36.22290802001953	0.37461302	0.7368421	0.3622290790081024
chr10	81696500	81697000	*	5.961792391830333e-19	4.375426506528689e-15	29.84231185913086	0.58204335	0.88046646	0.2984231114387512
chr19	50616500	50617000	*	6.036973205394706e-19	4.403083280882222e-15	26.694339752197266	0.24756335	0.51450676	0.26694339513778687
chr3	54279000	54279500	*	7.08616309674236e-19	5.1364096948484506e-15	-29.144493103027344	0.64912283	0.3576779	-0.29144492745399475
chr22	20616000	20616500	*	8.5011941637651e-19	6.124291568315631e-15	25.94357681274414	0.54754096	0.80697674	0.259435772895813
chr6	168697500	168698000	*	1.0685432526037612e-18	7.650886967780411e-15	18.64388656616211	0.71472394	0.9011628	0.18643885850906372
chr1	18449000	18449500	*	1.0900685163170775e-18	7.757707126263388e-15	26.209983825683594	0.35661766	0.6187175	0.26209983229637146
chr4	185806500	185807000	*	1.2203340322366444e-18	8.632451807386372e-15	16.00050926208496	0.80851066	0.96851575	0.1600050926208496
chrX	413000	413500	*	1.6635243273132948e-18	1.1697046404444641e-14	22.118934631347656	0.11901682	0.34020618	0.22118934988975525
chr1	59704000	59704500	*	1.7358190519705632e-18	1.213273457338601e-14	24.52692413330078	0.63656884	0.8818381	0.24526923894882202
chr16	11114500	11115000	*	1.8253888024662444e-18	1.264016757799174e-14	27.691984176635742	0.5933504	0.87027025	0.2769198417663574
chr2	114295000	114295500	*	1.829945794074723e-18	1.264016757799174e-14	33.818729400634766	0.3119777	0.650165	0.3381873071193695
chr7	70760500	70761000	*	2.3802799282891376e-18	1.634539618732717e-14	24.399078369140625	0.65316457	0.89715534	0.24399077892303467
chr19	57632000	57632500	*	2.8056653932998495e-18	1.915450600817148e-14	17.564027786254883	0.74920636	0.92484665	0.1756402850151062
chr14	96423000	96423500	*	3.6200730153781344e-18	2.457167456006877e-14	32.30294418334961	0.52290076	0.8459302	0.32302945852279663
chr15	26081500	26082000	*	3.712133490524853e-18	2.5051738208716857e-14	25.255870819091797	0.58898306	0.84154177	0.25255870819091797
chr10	129091000	129091500	*	4.388997196527538e-18	2.945037182857162e-14	25.97435188293457	0.6658228	0.9255663	0.25974351167678833
chr21	38987500	38988000	*	4.468551279817596e-18	2.9813818686000286e-14	26.29372215270996	0.23391813	0.49685535	0.2629372179508209
chr5	55923000	55923500	*	5.089320193863023e-18	3.376370029494467e-14	25.50591278076172	0.58220506	0.8372642	0.2550591230392456
chr2	120229500	120230000	*	6.001781721004765e-18	3.959348427046974e-14	26.880037307739258	0.6124661	0.8812665	0.26880037784576416
chr12	5721000	5721500	*	6.313039035910613e-18	4.141417090631466e-14	26.21942710876465	0.65957445	0.9217687	0.26219427585601807
chr20	59223500	59224000	*	6.609292685321362e-18	4.31167489448894e-14	22.85272216796875	0.35666665	0.5851939	0.2285272181034088
chr11	133667000	133667500	*	7.120252306898968e-18	4.619344327842303e-14	27.513444900512695	0.59574467	0.8708791	0.27513444423675537
chr15	46764500	46765000	*	8.713949241394459e-18	5.622211323242513e-14	25.36650848388672	0.5485327	0.8021978	0.25366508960723877
chr7	152005000	152005500	*	9.33784985605309e-18	5.991827812168956e-14	19.511449813842773	0.7188049	0.9139194	0.19511449337005615
chr12	117565000	117565500	*	9.806449827392025e-18	6.258316392072666e-14	25.57579231262207	0.13493976	0.3906977	0.2557579278945923
chr17	14373000	14373500	*	9.951954395602675e-18	6.31684435928195e-14	33.2491569519043	0.25	0.5824916	0.33249157667160034
chr2	36786500	36787000	*	1.114190752453213e-17	7.03412583115164e-14	26.86890411376953	0.516	0.784689	0.26868903636932373
chr16	77457000	77457500	*	1.2912358379619023e-17	8.108256751943676e-14	25.296831130981445	0.5407925	0.79376084	0.25296831130981445
chr22	26555500	26556000	*	1.3188516178973855e-17	8.237617357068872e-14	26.207763671875	0.5108481	0.77292573	0.2620776295661926
chr14	75579000	75579500	*	1.3925286279764308e-17	8.651787733493903e-14	17.739212036132812	0.71879107	0.8961832	0.1773921251296997
chr17	6684500	6685000	*	1.462380634850232e-17	9.037958734305074e-14	26.783477783203125	0.53594774	0.8037825	0.26783478260040283
chr6	157037000	157037500	*	1.5047785671088505e-17	9.251299846367041e-14	21.697532653808594	0.6333333	0.85030866	0.21697533130645752
chr12	102874500	102875000	*	2.1128774878610077e-17	1.2922204651774433e-13	34.915645599365234	0.23076923	0.57992566	0.3491564393043518
chr14	22429000	22429500	*	2.1438967082223512e-17	1.3043978553387365e-13	28.81218719482422	0.47658402	0.7647059	0.28812187910079956
chr6	108156500	108157000	*	2.2091080935730593e-17	1.337145799867481e-13	30.6735897064209	0.19166666	0.49840257	0.30673590302467346
chr20	48393500	48394000	*	3.2581801685727173e-17	1.962022629942493e-13	19.73358917236328	0.7545872	0.9519231	0.19733589887619019
chr2	66525500	66526000	*	3.4448632512066445e-17	2.0638562406303122e-13	32.671043395996094	0.46984127	0.7965517	0.32671043276786804
chr5	93880500	93881000	*	3.571382444951926e-17	2.1287941152509435e-13	18.247705459594727	0.74455446	0.9270315	0.18247705698013306
chr12	130535000	130535500	*	3.6432048562831825e-17	2.160637600065342e-13	28.152311325073242	0.5298913	0.8114144	0.28152310848236084
chr6	15437500	15438000	*	4.3679765208054595e-17	2.5774529514411947e-13	27.982837677001953	0.5643275	0.84415585	0.27982836961746216
chr11	118093000	118093500	*	4.5004165677620905e-17	2.642325079013588e-13	33.643089294433594	0.25742576	0.59385663	0.3364308774471283
chr18	51667500	51668000	*	5.1701844842260965e-17	3.0204629313822723e-13	18.712980270385742	0.6807947	0.8679245	0.18712979555130005
chr17	73688500	73689000	*	5.272181591536398e-17	3.064802678868489e-13	26.12624168395996	0.6688963	0.93015873	0.2612624168395996
chr16	86640500	86641000	*	5.607358631131521e-17	3.2435890302833686e-13	18.849885940551758	0.73472947	0.9232283	0.188498854637146
chr13	75699500	75700000	*	5.90587869352539e-17	3.3995222073047733e-13	20.374435424804688	0.7058824	0.9096267	0.20374435186386108
chr5	167665500	167666000	*	6.832260002167626e-17	3.913578519817245e-13	-20.536827087402344	0.9330025	0.7276342	-0.2053682804107666
chr22	44572000	44572500	*	7.410837875811986e-17	4.2243862438714714e-13	23.62445640563965	0.546	0.78224456	0.2362445592880249
chr16	83797000	83797500	*	7.87300558202422e-17	4.4661544873123653e-13	25.278776168823242	0.5011389	0.7539267	0.2527877688407898
chr11	47268500	47269000	*	8.463136706125354e-17	4.777839414548724e-13	24.7354679107666	0.3962264	0.6435811	0.2473546862602234
chr18	75349500	75350000	*	8.609709256846986e-17	4.837330130395516e-13	25.43103790283203	0.42068964	0.675	0.25431036949157715
chr11	128521000	128521500	*	8.71369177492696e-17	4.872439179162944e-13	25.377485275268555	0.11263736	0.36641222	0.25377485156059265
chr7	42687500	42688000	*	8.809770602539633e-17	4.902816875922741e-13	22.46353530883789	0.57536465	0.8	0.22463536262512207
chr17	33561500	33562000	*	8.890600074414919e-17	4.924461444425619e-13	27.799972534179688	0.39853302	0.67653275	0.27799972891807556
chr10	117162000	117162500	*	1.1611370270206616e-16	6.389890403209153e-13	29.61347198486328	0.19104478	0.4871795	0.29613471031188965
chr6	161251500	161252000	*	1.1645111604832657e-16	6.389890403209153e-13	30.72635841369629	0.41324922	0.7205128	0.30726358294487
chr4	138977500	138978000	*	1.260155059488872e-16	6.882544929512949e-13	32.170875549316406	0.3180428	0.63975155	0.3217087388038635
chr14	100765500	100766000	*	1.3200320854770258e-16	7.176195539944821e-13	28.375009536743164	0.46192893	0.745679	0.28375008702278137
chr13	31416000	31416500	*	1.3680468367853107e-16	7.402949043639841e-13	-27.913623809814453	0.47323942	0.1941032	-0.2791362404823303
chr12	55839500	55840000	*	1.6523692049058147e-16	8.900494301900423e-13	26.666664123535156	0.56	0.82666665	0.2666666507720947
chr19	31761000	31761500	*	1.7083537131691922e-16	9.160036595975477e-13	34.65432357788086	0.36434108	0.71088433	0.34654325246810913
chr6	115910000	115910500	*	1.7603216222780863e-16	9.395780670604642e-13	29.152315139770508	0.5592705	0.85079366	0.29152315855026245
chr6	170184500	170185000	*	1.9098093076835837e-16	1.0147551393764298e-12	29.5839786529541	0.6363636	0.9322034	0.295839786529541
chr8	61518500	61519000	*	1.9249238306894632e-16	1.0181789223323187e-12	21.13018035888672	0.6869369	0.8982387	0.2113018035888672
chr14	55702500	55703000	*	2.2222707044674095e-16	1.1701879609356463e-12	-27.422391891479492	0.78251123	0.5082873	-0.2742239236831665
chr9	132404500	132405000	*	2.2809909954760766e-16	1.195746394806137e-12	19.785303115844727	0.7298578	0.92771083	0.19785302877426147
chr2	136226000	136226500	*	2.5635232397770607e-16	1.3378834099973918e-12	30.888059616088867	0.22424242	0.533123	0.30888059735298157
chr12	120770500	120771000	*	2.59759443739005e-16	1.3463763583919572e-12	28.036134719848633	0.29792148	0.57828283	0.2803613543510437
chr4	41347500	41348000	*	2.602728134319496e-16	1.3463763583919572e-12	22.651512145996094	0.725	0.95151514	0.22651511430740356
chr18	8854500	8855000	*	2.629583469427837e-16	1.354302379668155e-12	27.3076114654541	0.51420456	0.7872807	0.2730761170387268
chr12	104639500	104640000	*	2.956836061377457e-16	1.516195807755882e-12	25.568675994873047	0.62407863	0.8797654	0.25568675994873047
chr1	160402000	160402500	*	2.993168897963435e-16	1.5281532712107597e-12	24.522090911865234	0.14138818	0.38660908	0.24522089958190918
chr7	134551500	134552000	*	3.6159490677902864e-16	1.83811996556073e-12	27.28008270263672	0.26036867	0.5331695	0.27280083298683167
chr8	19940500	19941000	*	3.7167088393339993e-16	1.8811961587321825e-12	16.350568771362305	0.17728238	0.34078807	0.1635056883096695
chr1	116478500	116479000	*	3.8393367452106537e-16	1.9349235569774987e-12	31.806806564331055	0.3443114	0.66237944	0.3180680572986603
chr11	68962500	68963000	*	4.1033636404969993e-16	2.05914853921484e-12	20.59999656677246	0.6888454	0.89484537	0.2059999704360962
chr13	94770000	94770500	*	4.3337451483562964e-16	2.1655042171993908e-12	26.24382972717285	0.56079406	0.82323235	0.2624382972717285
chr6	35418000	35418500	*	4.781337860558517e-16	2.3790356921456453e-12	20.07794952392578	0.72392637	0.92470586	0.2007794976234436
chr1	153466000	153466500	*	5.322001412392028e-16	2.6368787909336026e-12	22.00297737121582	0.08042896	0.30045873	0.2200297713279724
chr10	125233500	125234000	*	5.550560404910352e-16	2.738567210062697e-12	20.642662048339844	0.7012987	0.90772533	0.20642662048339844
chr10	130910000	130910500	*	5.593417890290664e-16	2.748165566952692e-12	-22.71915054321289	0.8174442	0.5902527	-0.2271915078163147
chr8	101041000	101041500	*	6.097762837618178e-16	2.983477830906603e-12	32.210575103759766	0.49158248	0.8136882	0.32210573554039
chr12	21558000	21558500	*	6.417558752008621e-16	3.1269168900481905e-12	21.39335823059082	0.6659836	0.8799172	0.21393358707427979
chr6	107550500	107551000	*	6.57796645076216e-16	3.1918304663384593e-12	26.460599899291992	0.61918604	0.88379204	0.2646059989929199
chr4	126533500	126534000	*	6.783056508175973e-16	3.2778017980155152e-12	-20.249706268310547	0.9273128	0.7248157	-0.20249706506729126
chr8	23547500	23548000	*	7.158963378467895e-16	3.4452745978987514e-12	21.0057315826416	0.70515466	0.915212	0.2100573182106018
chr20	23086500	23087000	*	7.993609301400082e-16	3.83124884532386e-12	25.296634674072266	0.44036698	0.6933333	0.25296634435653687
chr21	41183500	41184000	*	8.816250126529037e-16	4.208354569543795e-12	32.432960510253906	0.44709897	0.7714286	0.3243296146392822
chr5	78103000	78103500	*	9.670508129520775e-16	4.578899812562422e-12	25.362163543701172	0.22055675	0.4741784	0.2536216378211975
chr5	71706500	71707000	*	9.896561326221288e-16	4.667114983857814e-12	18.548233032226562	0.7137177	0.8992	0.18548232316970825
chr17	80192500	80193000	*	1.0496538337279672e-15	4.930257645942941e-12	26.1928653717041	0.32179227	0.5837209	0.26192864775657654
chr14	81303500	81304000	*	1.1336880245071326e-15	5.303753913472895e-12	25.75200843811035	0.4975	0.7550201	0.25752007961273193
chr9	83501000	83501500	*	1.1641854773667463e-15	5.4248178979433365e-12	29.4257755279541	0.2716763	0.56593406	0.2942577600479126
chr8	93545500	93546000	*	1.2194475590459007e-15	5.659865817352258e-12	27.038097381591797	0.607362	0.87774295	0.27038097381591797
chr10	11003000	11003500	*	1.2955307439162509e-15	5.989320237360665e-12	15.833091735839844	0.77367574	0.93200666	0.15833091735839844
chr2	222282000	222282500	*	1.3223870470564946e-15	6.089504192558687e-12	-19.455951690673828	0.9270073	0.7324478	-0.1945595145225525
chr11	16803000	16803500	*	1.3860477980007688e-15	6.357725449940573e-12	15.12761116027832	0.82589287	0.977169	0.1512761116027832
chr5	112412000	112412500	*	1.4192692350336453e-15	6.484779196078359e-12	26.28156280517578	0.42016807	0.6829837	0.2628156244754791
chr17	56602500	56603000	*	1.4822099293067722e-15	6.7461118882477205e-12	26.397502899169922	0.55647385	0.8204489	0.26397502422332764
chr15	74643000	74643500	*	1.496749345342028e-15	6.785984141940692e-12	-28.47842025756836	0.795756	0.5109718	-0.284784197807312
chr2	100106500	100107000	*	1.6685942842283049e-15	7.536000719266772e-12	26.142553329467773	0.38940093	0.65082645	0.26142552495002747
chr16	54144000	54144500	*	1.806481189000055e-15	8.096469419972619e-12	26.863754272460938	0.23136246	0.5	0.2686375379562378
chr5	152358000	152358500	*	1.8004938384801387e-15	8.096469419972619e-12	28.64246940612793	0.4075067	0.6939314	0.2864246964454651
chr18	70452500	70453000	*	1.9104617754641776e-15	8.529943055258608e-12	17.845237731933594	0.70558375	0.8840361	0.17845237255096436
chr5	174572500	174573000	*	2.08900621938332e-15	9.291788883184163e-12	20.62644386291504	0.67287785	0.8791423	0.2062644362449646
chr4	57056000	57056500	*	2.107643622088671e-15	9.339310884477731e-12	26.082246780395508	0.49242425	0.7532467	0.26082247495651245
chr2	15981000	15981500	*	2.2686998479312872e-15	1.0015184007639464e-11	17.360776901245117	0.74067795	0.9142857	0.17360776662826538
chr6	95087500	95088000	*	2.428319609277958e-15	1.0679676882964482e-11	-16.818538665771484	0.234375	0.066189624	-0.16818538308143616
chr7	98628000	98628500	*	2.5026114592367364e-15	1.0965341518285118e-11	22.043312072753906	0.65931374	0.87974685	0.22043311595916748
chr6	3008500	3009000	*	2.515065045238421e-15	1.097894144941107e-11	22.206233978271484	0.63274336	0.8548057	0.222062349319458
chr17	50571500	50572000	*	2.6472940700379806e-15	1.1513356444795034e-11	18.71415901184082	0.7557932	0.9429348	0.18714159727096558
chr1	86806000	86806500	*	3.133512214300652e-15	1.3577681866200202e-11	31.805112838745117	0.39325842	0.71130955	0.31805112957954407
chr4	23198500	23199000	*	3.2197865229310936e-15	1.3857246708245952e-11	22.479576110839844	0.7468355	0.9716312	0.22479575872421265
chr7	42686000	42686500	*	3.2216330238764776e-15	1.3857246708245952e-11	27.830406188964844	0.35026738	0.62857145	0.2783040702342987
chr1	24867000	24867500	*	3.3345634969563794e-15	1.429064913433943e-11	16.597688674926758	0.72727275	0.89324963	0.165976881980896
chr20	20876000	20876500	*	4.168440491980244e-15	1.7799362164479045e-11	-21.954477310180664	0.7266314	0.50708663	-0.21954476833343506
chr18	59269500	59270000	*	4.749980128703495e-15	2.013649930259169e-11	13.993030548095703	0.040139616	0.18006992	0.13993030786514282
chr20	51821500	51822000	*	4.7500722216224186e-15	2.013649930259169e-11	12.005292892456055	0.8513302	0.97138315	0.12005293369293213
chr9	120883000	120883500	*	4.803552867938294e-15	2.0289965408631243e-11	27.92412567138672	0.5884058	0.86764705	0.27924126386642456
chr16	27701000	27701500	*	4.835232206536406e-15	2.0350573836498305e-11	29.82295799255371	0.6025641	0.9007937	0.2982295751571655
chr10	131751000	131751500	*	5.132307012519582e-15	2.152375917109721e-11	24.407094955444336	0.6402266	0.88429755	0.24407094717025757
chr2	234864500	234865000	*	5.315156649444868e-15	2.2211264116953137e-11	21.246572494506836	0.08830549	0.3007712	0.21246571838855743
chr11	41282500	41283000	*	5.413228600060522e-15	2.254087584911301e-11	28.878292083740234	0.37127373	0.66005665	0.28878292441368103
chr19	38265500	38266000	*	5.550041276408727e-15	2.3028905898067698e-11	-21.49008560180664	0.85071576	0.6358149	-0.21490085124969482
chr2	88596500	88597000	*	5.575693670047988e-15	2.3053883442264826e-11	-18.92664337158203	0.9593496	0.7700831	-0.18926644325256348
chr1	106594000	106594500	*	5.771121632249733e-15	2.3778195598744937e-11	27.714284896850586	0.4857143	0.76285714	0.27714285254478455
chr15	66379500	66380000	*	5.840227427276365e-15	2.393234285675951e-11	13.758254051208496	0.8032544	0.94083697	0.13758254051208496
chr8	67968000	67968500	*	5.849295810537359e-15	2.393234285675951e-11	24.065317153930664	0.21987315	0.46052632	0.2406531721353531
chr9	132510500	132511000	*	5.910240851516331e-15	2.4097734728541192e-11	19.877416610717773	0.61551154	0.8142857	0.19877415895462036
chr10	124076500	124077000	*	6.076246578846275e-15	2.4688862128660448e-11	13.74363899230957	0.805	0.9424364	0.1374363899230957
chr5	178486500	178487000	*	6.22547226296272e-15	2.52079676157313e-11	16.282880783081055	0.7646048	0.9274336	0.16282880306243896
chr22	28889500	28890000	*	7.437832731536231e-15	3.001352091982224e-11	24.189830780029297	0.6016771	0.8435754	0.2418982982635498
chr3	31409500	31410000	*	7.51436328270063e-15	3.0218497258963966e-11	-23.827552795410156	0.89044946	0.65217394	-0.23827552795410156
chr10	127856000	127856500	*	8.403676781892993e-15	3.367946993362492e-11	23.88762855529785	0.5734694	0.8123457	0.23887628316879272
chr10	10797500	10798000	*	8.595078778355459e-15	3.432938780991199e-11	23.299694061279297	0.5388027	0.7717996	0.23299694061279297
chr10	11670500	11671000	*	9.092588617019106e-15	3.6193372624554645e-11	23.64417839050293	0.5714286	0.8078704	0.23644179105758667
chr4	181518000	181518500	*	9.20409114501689e-15	3.651343803974744e-11	-19.30655288696289	0.9652174	0.7721519	-0.19306552410125732
chr6	80108500	80109000	*	9.488677504952222e-15	3.751567498185247e-11	12.976539611816406	0.8312102	0.9609756	0.12976539134979248
chr11	63170000	63170500	*	1.1380848372170346e-14	4.48458129121074e-11	-25.430875778198242	0.7838542	0.5295454	-0.2543087601661682
chr8	384500	385000	*	1.361953143700178e-14	5.348777172625698e-11	-28.12832260131836	0.6405797	0.35929647	-0.2812832295894623
chr1	232548500	232549000	*	1.4051370895512615e-14	5.499978228340951e-11	25.908607482910156	0.61858976	0.87767583	0.25908607244491577
chr12	38509500	38510000	*	1.5056527027491365e-14	5.873836317025899e-11	-18.388254165649414	0.9328537	0.74897116	-0.18388253450393677
chr13	71481500	71482000	*	1.7703231921462477e-14	6.883497254845259e-11	21.976137161254883	0.59070796	0.8104693	0.21976137161254883
chr7	138000000	138000500	*	1.8066906708943045e-14	7.00171938555447e-11	17.798912048339844	0.04076087	0.21875	0.17798912525177002
chr21	36499500	36500000	*	1.9328724523087384e-14	7.466088618760377e-11	18.745893478393555	0.6853933	0.8728522	0.18745893239974976
chr3	43406500	43407000	*	1.988979631920038e-14	7.657623752849704e-11	22.88740348815918	0.6864865	0.9153605	0.22887402772903442
chr15	27028000	27028500	*	2.221936263125238e-14	8.526556968839595e-11	21.58345603942871	0.5032467	0.7190813	0.21583455801010132
chr16	6352500	6353000	*	2.4872795856301458e-14	9.513706682940988e-11	-19.217777252197266	0.8161648	0.623987	-0.19217777252197266
chr16	50933000	50933500	*	2.5804574784073404e-14	9.838061161297555e-11	16.646141052246094	0.7916667	0.9581281	0.16646140813827515
chr2	6674000	6674500	*	2.8763973912653773e-14	1.0930849993114884e-10	-29.17047119140625	0.79333335	0.50162864	-0.2917047142982483
chr2	178523500	178524000	*	3.089115921788197e-14	1.1701351884152144e-10	24.954763412475586	0.20643431	0.45598194	0.24954763054847717
chr4	184293500	184294000	*	3.123123439997327e-14	1.179213081802052e-10	21.045452117919922	0.13786009	0.3483146	0.210454523563385
chr5	2207500	2208000	*	3.158021565457657e-14	1.1885679767343516e-10	17.030261993408203	0.74475527	0.9150579	0.1703026294708252
chr18	46299500	46300000	*	3.6633172526008533e-14	1.3743385272858062e-10	20.484512329101562	0.63956046	0.8444056	0.204845130443573
chr8	61004500	61005000	*	3.8166334017136186e-14	1.4272969124297548e-10	21.809598922729492	0.22580644	0.44390243	0.21809598803520203
chr17	8939500	8940000	*	3.8290913965808484e-14	1.4274099064019791e-10	20.033580780029297	0.5658784	0.7662142	0.2003358006477356
chr8	27908000	27908500	*	3.8992109248638265e-14	1.4489492475344134e-10	25.787921905517578	0.31428573	0.57216495	0.25787922739982605
chr12	59227500	59228000	*	4.055131334415803e-14	1.502135776179316e-10	32.55315399169922	0.5253456	0.85087717	0.325531542301178
chr15	85348500	85349000	*	4.171697641349748e-14	1.5404557638163751e-10	23.945035934448242	0.30425963	0.54371	0.2394503653049469
chr7	155508000	155508500	*	4.9128975485681953e-14	1.8084668494001854e-10	-21.830841064453125	0.32828283	0.10997442	-0.21830841898918152
chr6	50113000	50113500	*	5.635267473472089e-14	2.0678930977701213e-10	26.455364227294922	0.27586207	0.5404157	0.26455363631248474
chr22	28029500	28030000	*	6.048100243469918e-14	2.212470434796417e-10	30.337451934814453	0.51369864	0.81707317	0.3033745288848877
chr3	24770500	24771000	*	6.094848824927468e-14	2.222647512876298e-10	23.27503204345703	0.21814255	0.45089287	0.2327503114938736
chr3	101319500	101320000	*	6.281906837860355e-14	2.2837706995703484e-10	-22.30791473388672	0.8888889	0.66580975	-0.2230791449546814
chr1	246098000	246098500	*	6.329041987480973e-14	2.2938049957208124e-10	18.074565887451172	0.7683284	0.9490741	0.1807456612586975
chr5	83522000	83522500	*	6.737239541088802e-14	2.434233055089186e-10	20.73112678527832	0.7307692	0.9380805	0.20731127262115479
chr11	64555000	64555500	*	6.922601825292758e-14	2.493533918455406e-10	21.551883697509766	0.5330948	0.74861366	0.21551883220672607
chr6	99514000	99514500	*	7.220139826309316e-14	2.5927544196215065e-10	19.147518157958984	0.3030303	0.4945055	0.19147518277168274
chr4	145418500	145419000	*	7.64670080438804e-14	2.7375608515728935e-10	23.165014266967773	0.40918162	0.64083177	0.23165014386177063
chr14	78524500	78525000	*	8.06907376914312e-14	2.8799922267496844e-10	-22.596771240234375	0.84042555	0.61445785	-0.22596770524978638
chr2	98904000	98904500	*	8.346991271566458e-14	2.9701579625960867e-10	25.18557357788086	0.52987015	0.7817259	0.251855731010437
chr7	1209000	1209500	*	8.380455422243048e-14	2.9730564420580897e-10	21.253454208374023	0.60350317	0.8160377	0.21253454685211182
chr10	28253000	28253500	*	9.314941938846666e-14	3.294622015429581e-10	-15.706920623779297	0.9239865	0.7669173	-0.15706920623779297
chr15	22259000	22259500	*	9.362318735853464e-14	3.3014347369747196e-10	-16.981624603271484	0.8027867	0.63297045	-0.169816255569458
chr11	128291000	128291500	*	1.0526656712203081e-13	3.700901454358732e-10	22.762357711791992	0.69666666	0.92429024	0.2276235818862915
chr7	41051500	41052000	*	1.0987023881301205e-13	3.8512240862116394e-10	-20.06781768798828	0.3715415	0.17086332	-0.20067818462848663
chr9	118342000	118342500	*	1.2725862040036605e-13	4.447453960538483e-10	20.843124389648438	0.7263514	0.9347826	0.20843124389648438
chr2	41655500	41656000	*	1.2873213562339482e-13	4.4856005968206637e-10	-11.807907104492188	0.9827957	0.86471665	-0.11807906627655029
chr14	38543000	38543500	*	1.5073490775282595e-13	5.236735837515322e-10	10.566913604736328	0.841639	0.9473081	0.10566914081573486
chr2	25192500	25193000	*	1.5600067496430419e-13	5.403688512750262e-10	25.14830780029297	0.60422164	0.8557047	0.25148308277130127
chr12	108964000	108964500	*	1.6154874542182697e-13	5.579409020633638e-10	-21.307819366455078	0.8679245	0.6548463	-0.21307820081710815
chr9	112488000	112488500	*	1.622693414046782e-13	5.587861357747057e-10	15.38986873626709	0.08503937	0.23893805	0.153898686170578
chr1	37353500	37354000	*	1.7731431993315353e-13	6.088092359534065e-10	-22.02788543701172	0.81542057	0.5951417	-0.22027885913848877
chr19	39970000	39970500	*	1.8368148919121149e-13	6.27604134633358e-10	28.10908317565918	0.35093167	0.6320225	0.2810908257961273
chr2	134160000	134160500	*	1.8385722925785912e-13	6.27604134633358e-10	14.598679542541504	0.781575	0.9275618	0.14598679542541504
chr15	26434500	26435000	*	2.0042715396154878e-13	6.82183156395885e-10	19.252317428588867	0.63121784	0.823741	0.19252318143844604
chr22	17388500	17389000	*	2.022842310277698e-13	6.865140940988639e-10	14.759672164916992	0.7917415	0.9393382	0.14759671688079834
chr2	195787500	195788000	*	2.0776079681197905e-13	7.030685237545847e-10	-21.634042739868164	0.8805195	0.6641791	-0.21634042263031006
chr5	101782500	101783000	*	2.3107415725129296e-13	7.797145912229562e-10	18.656312942504883	0.16192171	0.34848484	0.1865631341934204
chr5	61733000	61733500	*	2.3303649225024035e-13	7.84082995177028e-10	20.167917251586914	0.30088496	0.50256413	0.20167917013168335
chr2	173623500	173624000	*	2.3389267779522535e-13	7.847152801213307e-10	23.36762809753418	0.43167028	0.66534656	0.23367628455162048
chr12	92208500	92209000	*	2.409796558857707e-13	8.061888568692687e-10	-30.31294059753418	0.72527474	0.42214534	-0.3031294047832489
chr1	178393500	178394000	*	2.716913289059668e-13	9.037838994290729e-10	20.904558181762695	0.60879123	0.8178368	0.20904558897018433
chr15	90036500	90037000	*	2.71534384413028e-13	9.037838994290729e-10	29.75766372680664	0.26349208	0.5610687	0.2975766360759735
chr4	3884000	3884500	*	2.8815524455206236e-13	9.558435060938296e-10	29.683500289916992	0.44727272	0.7441077	0.2968350052833557
chr22	38231000	38231500	*	3.0711624682478494e-13	1.015869604968953e-9	18.472915649414062	0.7688312	0.95356035	0.18472915887832642
chr14	34018500	34019000	*	3.135603672889263e-13	1.034271825202135e-9	13.670211791992188	0.112009235	0.24871135	0.13670212030410767
chr15	39777500	39778000	*	3.1509386577046094e-13	1.0364187468680388e-9	20.706472396850586	0.11528822	0.32235295	0.20706471800804138
chr1	244100000	244100500	*	3.2019031905092295e-13	1.0502403454416165e-9	19.716989517211914	0.54697984	0.74414974	0.19716989994049072
chr16	6137000	6137500	*	3.307819045422227e-13	1.0819590464176637e-9	-15.754008293151855	0.9108734	0.75333333	-0.15754008293151855
chr5	31864000	31864500	*	3.4715190469381617e-13	1.1323497258387533e-9	29.62417221069336	0.3559322	0.65217394	0.29624173045158386
chr8	20566500	20567000	*	3.5006887638559185e-13	1.1387013258913916e-9	-33.21810531616211	0.70666665	0.37448558	-0.33218106627464294
chr1	160286000	160286500	*	3.534232352190704e-13	1.1464366335410914e-9	-19.771272659301758	0.82834333	0.6306306	-0.1977127194404602
chr22	35432000	35432500	*	3.551767081651717e-13	1.148950663847433e-9	11.370838165283203	0.8583196	0.97202796	0.11370837688446045
chr3	64343500	64344000	*	3.670754756949303e-13	1.1841794338971908e-9	22.660202026367188	0.42430705	0.65090907	0.22660201787948608
chr3	194333000	194333500	*	3.6843931705405685e-13	1.1853227823705828e-9	16.11866569519043	0.3112195	0.47240618	0.16118666529655457
chr2	94997000	94997500	*	3.930955503521997e-13	1.2611901496324408e-9	21.529102325439453	0.5974843	0.8127753	0.21529102325439453
chr21	42398500	42399000	*	4.083963708814526e-13	1.3067103696962201e-9	19.309574127197266	0.6640471	0.85714287	0.19309574365615845
chr17	46720500	46721000	*	4.198600351490558e-13	1.3397391444403802e-9	-21.251487731933594	0.8967254	0.68421054	-0.21251487731933594
chr6	89536500	89537000	*	4.4259053875616625e-13	1.4084430375575561e-9	19.69994354248047	0.74085367	0.9378531	0.1969994306564331
chr15	101428500	101429000	*	4.536459718888768e-13	1.4397227342115912e-9	25.443378448486328	0.48430493	0.7387387	0.2544337809085846
chr17	10945000	10945500	*	4.552414671129539e-13	1.4408920072483097e-9	29.80646514892578	0.39007092	0.68813556	0.298064649105072
chr18	13636000	13636500	*	4.608120611751438e-13	1.4546028207833389e-9	29.041316986083984	0.48736462	0.7777778	0.29041317105293274
chr2	5343500	5344000	*	4.908310971797956e-13	1.5452073525794973e-9	20.627641677856445	0.6980057	0.9042821	0.20627641677856445
chr16	12099500	12100000	*	5.121150214931438e-13	1.6079014997553368e-9	23.084009170532227	0.6702899	0.90112996	0.23084008693695068
chr13	21784500	21785000	*	5.214965825751146e-13	1.6329907574973037e-9	19.75308609008789	0.654321	0.8518519	0.1975308656692505
chr6	88162000	88162500	*	6.053028087841295e-13	1.890376770311793e-9	24.747657775878906	0.46095717	0.70843375	0.24747657775878906
chr20	42194500	42195000	*	6.197792342112631e-13	1.9304528488234735e-9	27.875831604003906	0.4659864	0.7447447	0.27875831723213196
chr1	158093500	158094000	*	7.514364166372889e-13	2.334339216210766e-9	16.284692764282227	0.7588533	0.92170024	0.16284692287445068
chr10	18753500	18754000	*	7.681660352300116e-13	2.3800134886467623e-9	-23.39767837524414	0.6310044	0.3970276	-0.23397678136825562
chr8	37504500	37505000	*	7.865154015566683e-13	2.430452637897711e-9	27.843385696411133	0.58203125	0.8604651	0.2784338593482971
chr16	86297000	86297500	*	8.546712658569305e-13	2.6341327330777623e-9	19.84657096862793	0.6904232	0.8888889	0.19846570491790771
chr22	36946000	36946500	*	8.94360844152962e-13	2.7451952608562022e-9	-16.0097713470459	0.9134438	0.7533461	-0.16009771823883057
chr5	2744000	2744500	*	8.953822625929954e-13	2.7451952608562022e-9	21.52206802368164	0.66101694	0.87623763	0.21522068977355957
chr22	45219000	45219500	*	9.288829055728208e-13	2.8331121634600767e-9	21.47891616821289	0.2617587	0.47654784	0.21478915214538574
chr17	6078500	6079000	*	9.4537105176695e-13	2.8741971582699605e-9	24.383136749267578	0.26157406	0.5054054	0.24383136630058289
chr2	26614000	26614500	*	9.472486457409485e-13	2.8741971582699605e-9	30.683231353759766	0.32173914	0.62857145	0.30683231353759766
chr4	174582500	174583000	*	9.52293222659554e-13	2.882056533643718e-9	-18.360591888427734	0.9589905	0.7753846	-0.18360590934753418
chr5	3082000	3082500	*	1.0169025353244842e-12	3.0696810728150595e-9	17.779672622680664	0.66085577	0.8386525	0.17779672145843506
chr10	116175000	116175500	*	1.0232203260141838e-12	3.0808324450891366e-9	16.023958206176758	0.73884296	0.89908254	0.160239577293396
chr2	234549000	234549500	*	1.0339511297906637e-12	3.1051800147461002e-9	25.705120086669922	0.35449734	0.61154854	0.2570511996746063
chr1	47993000	47993500	*	1.0995499311062562e-12	3.2937635280637e-9	23.15334129333496	0.5814536	0.812987	0.23153340816497803
chr16	49850500	49851000	*	1.1773418462825507e-12	3.5088910703859276e-9	24.48735809326172	0.6409396	0.8858132	0.24487358331680298
chr2	238450000	238450500	*	1.1902634750546174e-12	3.538421285292873e-9	16.2963809967041	0.76116073	0.92412454	0.16296380758285522
chr6	36769500	36770000	*	1.3363211980120832e-12	3.9625905488264464e-9	23.37909698486328	0.44131455	0.6751055	0.23379096388816833
chr2	235970500	235971000	*	1.3860763794291531e-12	4.099776516765035e-9	11.165273666381836	0.8309493	0.94260204	0.11165273189544678
chr1	12394500	12395000	*	1.394165598001876e-12	4.113341976830369e-9	-17.339866638183594	0.96253604	0.78913736	-0.1733986735343933
chr1	5192000	5192500	*	1.4292151555128592e-12	4.1956683252055475e-9	21.359222412109375	0.50873786	0.7223301	0.21359223127365112
chr2	100042000	100042500	*	1.4266379540780108e-12	4.1956683252055475e-9	17.148529052734375	0.11798839	0.28947368	0.1714852899312973
chr10	1027000	1027500	*	1.4446416547638595e-12	4.2254244258331965e-9	16.362964630126953	0.7849162	0.9485459	0.1636296510696411
chr4	9604500	9605000	*	1.4465480492233778e-12	4.2254244258331965e-9	-23.019004821777344	0.8521739	0.6219839	-0.23019003868103027
chr6	5510000	5510500	*	1.5171486058459248e-12	4.420654807948943e-9	16.794544219970703	0.74509805	0.9130435	0.16794544458389282
chr22	38244000	38244500	*	1.590918827095991e-12	4.624131584326941e-9	26.90001106262207	0.6343612	0.9033613	0.2690001130104065
chr1	110090000	110090500	*	1.6675145924241075e-12	4.8347959265944384e-9	25.22035026550293	0.30769232	0.5598958	0.25220349431037903
chr11	61834000	61834500	*	1.6803176246653769e-12	4.859917274148562e-9	16.81159782409668	0.7183811	0.8864971	0.16811597347259521
chr9	84712500	84713000	*	1.6966923387419229e-12	4.895220030236887e-9	17.655986785888672	0.68849206	0.8650519	0.17655986547470093
chr8	29354000	29354500	*	1.765895092934575e-12	5.082393235390118e-9	-25.243309020996094	0.7113703	0.4589372	-0.25243309140205383
chr20	2252500	2253000	*	1.7925331512754923e-12	5.146445949023123e-9	23.96584701538086	0.5328283	0.77248675	0.23965847492218018
chr6	16121000	16121500	*	1.838138261311636e-12	5.264508679149462e-9	21.97250747680664	0.64819944	0.8679245	0.21972507238388062
chr11	121575000	121575500	*	1.91903971578092e-12	5.456289923906711e-9	26.740842819213867	0.2521994	0.51960784	0.26740843057632446
chr4	185056000	185056500	*	1.917451289798897e-12	5.456289923906711e-9	21.45155906677246	0.38650307	0.60101867	0.2145155966281891
chr8	138274500	138275000	*	1.917024388178178e-12	5.456289923906711e-9	17.881893157958984	0.66603774	0.8448567	0.178818941116333
chr22	49764000	49764500	*	1.9931632817225597e-12	5.653352485190747e-9	15.950531005859375	0.7130584	0.8725637	0.15950530767440796
chr7	148473500	148474000	*	2.01714530469356e-12	5.707587978792411e-9	25.789228439331055	0.4307305	0.6886228	0.25789228081703186
chr8	10790500	10791000	*	2.0556824415195947e-12	5.802647962533453e-9	20.867406845092773	0.6608911	0.8695652	0.20867407321929932
chr6	30486500	30487000	*	2.1580333744400635e-12	6.076949530463405e-9	20.374595642089844	0.60496616	0.8087121	0.20374596118927002
chr6	84053000	84053500	*	2.2775615474086204e-12	6.398193463007062e-9	22.70265007019043	0.32527474	0.5523012	0.22702649235725403
chr17	53804500	53805000	*	2.2969466633623535e-12	6.4372505847889026e-9	17.33964729309082	0.75434244	0.9277389	0.17339646816253662
chr3	90516500	90517000	*	2.3280574394798707e-12	6.5089049351637e-9	14.529836654663086	0.7728119	0.91811025	0.14529836177825928
chr5	60036500	60037000	*	2.4369344725295116e-12	6.797125415305366e-9	22.564104080200195	0.46666667	0.6923077	0.22564104199409485
chr12	49515000	49515500	*	2.555227949676532e-12	7.110182136803945e-9	-20.402347564697266	0.8714653	0.66744184	-0.20402348041534424
chr9	84975500	84976000	*	2.5618805064181415e-12	7.1118408503677405e-9	25.039281845092773	0.4153132	0.66570604	0.2503928244113922
chr2	1422500	1423000	*	2.7771028844125605e-12	7.691120940671048e-9	12.23456859588623	0.83426183	0.9566075	0.1223456859588623
chr8	64698000	64698500	*	2.839512043487712e-12	7.845458195674809e-9	19.872547149658203	0.6862745	0.885	0.19872546195983887
chr6	12021000	12021500	*	2.8742575636249783e-12	7.922816756213942e-9	12.919193267822266	0.8325472	0.9617391	0.12919193506240845
chr8	10375500	10376000	*	2.9675176271621117e-12	8.160729072215753e-9	23.572763442993164	0.45588234	0.69161	0.23572763800621033
chr18	78634500	78635000	*	2.9885362350877228e-12	8.199328463415046e-9	12.344956398010254	0.8097826	0.9332322	0.12344956398010254
chr10	122311000	122311500	*	3.1087035650756715e-12	8.509137601208922e-9	14.000826835632324	0.7882136	0.9282219	0.14000827074050903
chr7	84701500	84702000	*	3.1549234203947673e-12	8.612811299406215e-9	17.630285263061523	0.7223587	0.89866155	0.17630285024642944
chr7	158733000	158733500	*	3.1612487801182356e-12	8.612811299406215e-9	22.44020652770996	0.5580913	0.78249335	0.2244020700454712
chr22	49927000	49927500	*	3.47915682989849e-12	9.457008659173475e-9	25.303274154663086	0.40493828	0.657971	0.25303274393081665
chr7	42069000	42069500	*	3.500543498500804e-12	9.471293104752436e-9	-15.309305191040039	0.2951049	0.14201184	-0.15309305489063263
chr9	28134500	28135000	*	3.497602495559777e-12	9.471293104752436e-9	24.402528762817383	0.4629156	0.7069409	0.24402529001235962
chr6	71850500	71851000	*	3.579647806540726e-12	9.663057641408965e-9	23.864639282226562	0.3680203	0.6066667	0.23864638805389404
chr17	9677500	9678000	*	3.6304444142440244e-12	9.77770274537009e-9	19.98817253112793	0.6315789	0.83146065	0.19988173246383667
chr3	74102000	74102500	*	3.810250298482166e-12	1.0215107066198791e-8	20.553237915039062	0.72168285	0.9272152	0.20553237199783325
chr1	74952500	74953000	*	3.853969052709589e-12	1.030877902482154e-8	-17.84229278564453	0.9510086	0.7725857	-0.1784229278564453
chr7	24706000	24706500	*	3.917178166792329e-12	1.0454040454048244e-8	17.866683959960938	0.75287354	0.93154037	0.1786668300628662
chr3	182643500	182644000	*	4.001192953773408e-12	1.0654042710911688e-8	24.20882225036621	0.43258426	0.6746725	0.2420882284641266
chr3	139831000	139831500	*	4.039370476938084e-12	1.0731364474000817e-8	20.60138511657715	0.5342205	0.7402344	0.20601385831832886
chr10	92527500	92528000	*	4.069435189183779e-12	1.078683256519315e-8	-11.084806442260742	0.95782316	0.8469751	-0.110848069190979
chr1	223319500	223320000	*	4.131125268418818e-12	1.0925691205952579e-8	-26.701051712036133	0.795539	0.5285285	-0.26701050996780396
chr5	72444000	72444500	*	4.1768758116840375e-12	1.1021864801969606e-8	16.082609176635742	0.7183333	0.8791594	0.16082608699798584
chr16	69309500	69310000	*	4.45438744217478e-12	1.1727802890298818e-8	19.92799949645996	0.49516442	0.6944444	0.1992799937725067
chr15	41133000	41133500	*	4.5064184145967445e-12	1.1838250278943052e-8	-19.208114624023438	0.8862559	0.69417477	-0.19208115339279175
chr1	144470000	144470500	*	4.558368091733243e-12	1.194799151487164e-8	-18.50212860107422	0.9207161	0.7356948	-0.1850212812423706
chr5	131379500	131380000	*	4.714385445838361e-12	1.2329409409486108e-8	21.45168685913086	0.5948052	0.80932206	0.21451687812805176
chr6	87879500	87880000	*	4.821221388211481e-12	1.2580795077507637e-8	19.93192481994629	0.70153064	0.9008499	0.1993192434310913
chr1	158044500	158045000	*	4.957036807964719e-12	1.290651913092469e-8	-11.792248725891113	0.9776786	0.8597561	-0.11792248487472534
chr17	28982000	28982500	*	4.982961838638355e-12	1.2945315935211941e-8	16.744178771972656	0.7164686	0.88391036	0.16744178533554077
chr2	28537000	28537500	*	5.242164675055283e-12	1.3588639750554231e-8	24.11298179626465	0.63787377	0.8790036	0.2411298155784607
chr1	2249500	2250000	*	5.268435068663072e-12	1.3626656446824145e-8	18.576759338378906	0.6673511	0.8531187	0.18576759099960327
chr14	97863000	97863500	*	5.319980794001047e-12	1.3729736279565014e-8	20.307994842529297	0.6625917	0.86567163	0.2030799388885498
chr11	63611000	63611500	*	5.37081205333248e-12	1.3800260437903919e-8	20.240625381469727	0.3197026	0.52210885	0.20240625739097595
chr4	18935500	18936000	*	5.364011252913147e-12	1.3800260437903919e-8	-22.59337615966797	0.7212389	0.49530515	-0.2259337604045868
chr15	27026500	27027000	*	5.4142765833454566e-12	1.3881566795209758e-8	17.280048370361328	0.6618705	0.83467096	0.1728004813194275
chr6	160460500	160461000	*	5.4830236100142765e-12	1.4027198994004672e-8	19.9976863861084	0.6658768	0.86585367	0.1999768614768982
chr3	72590500	72591000	*	5.533931185687793e-12	1.412665862226821e-8	20.236459732055664	0.3198128	0.5221774	0.20236459374427795
chr14	97217500	97218000	*	5.756158408631796e-12	1.4662071714974309e-8	11.947256088256836	0.82758623	0.9470588	0.11947256326675415
chr9	88742500	88743000	*	5.789095673039326e-12	1.4714051746389204e-8	-22.064315795898438	0.79726654	0.5766234	-0.22064316272735596
chr4	177696500	177697000	*	5.840252327567173e-12	1.4812015156942492e-8	23.996976852416992	0.42243436	0.6624041	0.23996976017951965
chr15	101101000	101101500	*	5.981187505473985e-12	1.5104209199576068e-8	12.689393997192383	0.8272727	0.95416665	0.12689393758773804
chr2	131345000	131345500	*	6.071875534276961e-12	1.5300318500276816e-8	-18.571430206298828	0.95238096	0.76666665	-0.18571430444717407
chr12	131602000	131602500	*	6.2836836849219194e-12	1.58001409774926e-8	16.40074920654297	0.7384868	0.9024943	0.16400748491287231
chr1	91779000	91779500	*	6.461771338428473e-12	1.621321941948791e-8	23.316516876220703	0.48337027	0.71653545	0.2331651747226715
chr1	245595000	245595500	*	6.542455753932183e-12	1.6380663131558416e-8	-18.04642677307129	0.8562992	0.67583495	-0.1804642677307129
chr15	98043500	98044000	*	6.556822536504816e-12	1.638170493206611e-8	15.273982048034668	0.73042166	0.8831615	0.15273982286453247
chr21	41752500	41753000	*	6.8455946657380764e-12	1.7066866881104593e-8	21.726566314697266	0.63037974	0.8476454	0.21726566553115845
chr20	56861000	56861500	*	6.926729651900948e-12	1.7232558702504034e-8	22.688997268676758	0.58201057	0.80890054	0.226889967918396
chr10	133054500	133055000	*	7.0182570388315745e-12	1.7423349839121116e-8	22.056276321411133	0.6333333	0.8538961	0.22056275606155396
chr14	32474000	32474500	*	7.064743235337726e-12	1.7501753717386512e-8	-16.540897369384766	0.9121339	0.7467249	-0.16540896892547607
chr1	38191000	38191500	*	7.152132568584576e-12	1.76809450225705e-8	18.867403030395508	0.77037036	0.9590444	0.18867403268814087
chr5	158899000	158899500	*	7.288231840199469e-12	1.7979547361783502e-8	-16.847789764404297	0.9147465	0.74626863	-0.1684778928756714
chr17	42705000	42705500	*	7.524197390623588e-12	1.8522744191863465e-8	-17.613208770751953	0.9584665	0.7823344	-0.17613208293914795
chr8	28166500	28167000	*	7.621945332523711e-12	1.87241219294532e-8	-14.058819770812988	0.23892406	0.098335855	-0.1405881941318512
chr11	44635000	44635500	*	7.715716081048454e-12	1.890972458367692e-8	23.519668579101562	0.48654243	0.7217391	0.23519667983055115
chr7	29442500	29443000	*	7.729704886119508e-12	1.890972458367692e-8	-14.443313598632812	0.93497366	0.7905405	-0.1444331407546997
chr2	236360500	236361000	*	7.831548805921012e-12	1.9119041242709344e-8	-16.836774826049805	0.9312039	0.76283616	-0.16836774349212646
chr5	4628500	4629000	*	8.155869250996771e-12	1.9869491109827733e-8	26.20438003540039	0.4863222	0.748366	0.2620438039302826
chr16	55372500	55373000	*	8.285011335171137e-12	2.014232058057016e-8	17.036455154418945	0.63968253	0.8100471	0.17036455869674683
chr14	61477000	61477500	*	8.669196926273834e-12	2.103279719886872e-8	23.299110412597656	0.5054348	0.7384259	0.23299109935760498
chr22	43273000	43273500	*	8.794104577677787e-12	2.129185083128817e-8	20.362228393554688	0.70383275	0.907455	0.20362228155136108
chr10	301000	301500	*	8.888059060449455e-12	2.1475050321409992e-8	12.578445434570312	0.8388521	0.96463656	0.12578445672988892
chr14	93827000	93827500	*	9.390244387595535e-12	2.264182668190792e-8	20.045846939086914	0.72324723	0.9237057	0.20045846700668335
chr1	231377500	231378000	*	9.584094595229091e-12	2.2981819744518143e-8	-22.590606689453125	0.84565914	0.61975306	-0.22590607404708862
chr6	162163500	162164000	*	9.589963768451132e-12	2.2981819744518143e-8	-17.24134635925293	0.90758294	0.7351695	-0.17241346836090088
chr6	168992500	168993000	*	9.564795748072961e-12	2.2981819744518143e-8	18.691802978515625	0.6597077	0.84662575	0.18691802024841309
chr20	62254500	62255000	*	9.72449547048679e-12	2.325675479059649e-8	18.87506866455078	0.678487	0.8672377	0.18875068426132202
chr15	34678500	34679000	*	1.0045526041196489e-11	2.3927106486854494e-8	26.95707130432129	0.4375	0.7070707	0.2695707082748413
chr7	149911500	149912000	*	1.0045546632868813e-11	2.3927106486854494e-8	16.091299057006836	0.7746479	0.9355609	0.16091299057006836
chr12	130686000	130686500	*	1.018152845863862e-11	2.4201905353813904e-8	18.263500213623047	0.6536697	0.8363047	0.18263500928878784
chr8	66436500	66437000	*	1.022455250783601e-11	2.425507591665959e-8	23.671573638916016	0.61858976	0.8553055	0.23671573400497437
chr1	36836500	36837000	*	1.0288231452702967e-11	2.435693163142758e-8	27.569902420043945	0.43373495	0.709434	0.27569901943206787
chr13	98822000	98822500	*	1.054817257139079e-11	2.4922084562044682e-8	-22.305280685424805	0.819407	0.5963542	-0.22305279970169067
chr1	215972000	215972500	*	1.0682939437106304e-11	2.518981344887063e-8	21.60862159729004	0.6138107	0.8298969	0.21608620882034302
chr18	78540500	78541000	*	1.0713752991233187e-11	2.5211844007974952e-8	15.341245651245117	0.7675277	0.92094016	0.15341246128082275
chr1	207826500	207827000	*	1.1445811502595784e-11	2.6880671446830237e-8	24.03426742553711	0.3834197	0.62376237	0.24034267663955688
chr5	6710000	6710500	*	1.1728913429157258e-11	2.7490559731527633e-8	24.35016632080078	0.6218182	0.86531985	0.2435016632080078
chr1	167502000	167502500	*	1.1882337881898827e-11	2.779468190542381e-8	20.27834701538086	0.6462264	0.8490099	0.202783465385437
chr2	105777500	105778000	*	1.2032502827087921e-11	2.808998549648232e-8	17.294025421142578	0.6896552	0.86259544	0.17294025421142578
chr6	93454500	93455000	*	1.2626937645583326e-11	2.9419211400451162e-8	25.435680389404297	0.45954692	0.7139037	0.2543568015098572
chr10	3958000	3958500	*	1.2999863120328392e-11	3.022810548109025e-8	22.066009521484375	0.62865496	0.84931505	0.22066009044647217
chr1	33235000	33235500	*	1.3680357131741632e-11	3.1622576387410756e-8	22.15515899658203	0.61878455	0.84033614	0.22155159711837769
chr1	201763500	201764000	*	1.3656403873666464e-11	3.1622576387410756e-8	-24.453296661376953	0.7198953	0.47536233	-0.244532972574234
chr8	40835500	40836000	*	1.3677313761243537e-11	3.1622576387410756e-8	30.22262191772461	0.32170543	0.62393165	0.3022262156009674
chr15	80746500	80747000	*	1.4728355877489932e-11	3.397817233003846e-8	15.834975242614746	0.785	0.9433498	0.15834975242614746
chr1	165162500	165163000	*	1.4834836088152798e-11	3.4156715598435545e-8	-24.804243087768555	0.73391813	0.4858757	-0.24804243445396423
chr12	123408000	123408500	*	1.4889819687497297e-11	3.421622287006106e-8	-20.172840118408203	0.8402062	0.6384778	-0.20172840356826782
chr21	36925000	36925500	*	1.5190458518963404e-11	3.4838901249142436e-8	17.041736602783203	0.74300253	0.9134199	0.17041736841201782
chr3	18875000	18875500	*	1.5705156856592404e-11	3.5949134659080865e-8	-14.088183403015137	0.93978494	0.7989031	-0.14088183641433716
chr19	22010000	22010500	*	1.592517931709488e-11	3.631896749785172e-8	15.998196601867676	0.28363636	0.44361833	0.15998196601867676
chr8	64442500	64443000	*	1.5928584911828267e-11	3.631896749785172e-8	24.670087814331055	0.6169355	0.8636364	0.24670088291168213
chr2	109519500	109520000	*	1.621120026710815e-11	3.689172791328272e-8	20.17275619506836	0.7015873	0.9033149	0.20172756910324097
chr2	109609500	109610000	*	1.6254219298875866e-11	3.691807939160421e-8	22.336183547973633	0.17663817	0.4	0.22336183488368988
chr4	186788000	186788500	*	1.7143402281077744e-11	3.8862504393385695e-8	14.368510246276855	0.7987928	0.9424779	0.14368510246276855
chr12	112932500	112933000	*	1.7198531850712623e-11	3.8912357637676495e-8	-26.298702239990234	0.54545456	0.28246754	-0.26298701763153076
chr20	59378000	59378500	*	1.7802078114960586e-11	4.020044739061036e-8	18.450403213500977	0.7085308	0.8930348	0.18450403213500977
chr12	113229500	113230000	*	1.8069596695640663e-11	4.0726235079903294e-8	11.558318138122559	0.83978873	0.9553719	0.11558318138122559
chr12	95712000	95712500	*	1.8153029942392662e-11	4.083590159788146e-8	18.966567993164062	0.6960486	0.8857143	0.18966567516326904
chr3	67504500	67505000	*	1.8844598067809838e-11	4.2310554565793965e-8	21.534698486328125	0.63080686	0.84615386	0.21534699201583862
chr10	110812500	110813000	*	1.904575772906304e-11	4.2680598052317e-8	15.018213272094727	0.7755991	0.92578125	0.15018212795257568
chr22	42314000	42314500	*	1.944058148969281e-11	4.348239683604514e-8	17.870899200439453	0.18544194	0.36415094	0.1787090003490448
chr11	49251000	49251500	*	2.0134161325739674e-11	4.4948098878403836e-8	23.014598846435547	0.6235955	0.85374147	0.23014599084854126
chr13	114077000	114077500	*	2.0174909658045658e-11	4.4953603539349866e-8	16.46773910522461	0.6730038	0.8376812	0.16467738151550293
chr20	17936500	17937000	*	2.1482635695736526e-11	4.777681217197762e-8	27.16049575805664	0.4722222	0.74382716	0.2716049551963806
chr12	78316000	78316500	*	2.252902380895177e-11	5.000923712637445e-8	19.88900375366211	0.5888651	0.78775513	0.19889003038406372
chr9	94992000	94992500	*	2.329502888537682e-11	5.161202646959399e-8	22.447908401489258	0.65682656	0.88130563	0.224479079246521
chr6	107079000	107079500	*	2.3407161699049563e-11	5.176280015518369e-8	18.228357315063477	0.77319586	0.95547944	0.18228358030319214
chr2	23614500	23615000	*	2.386419534532224e-11	5.2674290033472564e-8	20.83848762512207	0.5886076	0.7969925	0.20838487148284912
chr2	39515000	39515500	*	2.4352781481132487e-11	5.3651873314205765e-8	14.390921592712402	0.81313133	0.95704055	0.14390921592712402
chr12	94247500	94248000	*	2.5405896077707436e-11	5.57802412631725e-8	20.87790298461914	0.5496368	0.7584158	0.20877903699874878
chr19	33613000	33613500	*	2.5461363105093142e-11	5.57802412631725e-8	23.898574829101562	0.36982968	0.60881543	0.23898574709892273
chr9	133228500	133229000	*	2.5414321685480266e-11	5.57802412631725e-8	-18.16893196105957	0.90361446	0.72192514	-0.1816893219947815
chr20	51440500	51441000	*	2.648510620676581e-11	5.7914986674384374e-8	28.932207107543945	0.52	0.80932206	0.2893220782279968
chr10	120386000	120386500	*	2.7639401380570323e-11	6.032674384079135e-8	23.078662872314453	0.5697674	0.80055404	0.23078662157058716
chr20	48020000	48020500	*	2.83769064866884e-11	6.182153888171753e-8	22.456478118896484	0.63782054	0.86238533	0.224564790725708
chr5	111057000	111057500	*	2.864495154936407e-11	6.228993243787621e-8	-14.662760734558105	0.91935486	0.77272725	-0.14662760496139526
chr4	116063500	116064000	*	2.8712929451610624e-11	6.232234216633898e-8	20.42728042602539	0.63703704	0.84130985	0.2042728066444397
chr11	128734500	128735000	*	2.915757795911882e-11	6.317069959247039e-8	19.369243621826172	0.6473214	0.84101385	0.19369244575500488
chr2	102584500	102585000	*	3.0043801677187794e-11	6.497085537725816e-8	-19.18565559387207	0.9296188	0.7377622	-0.19185656309127808
chr1	54328000	54328500	*	3.0919575422401623e-11	6.674183602271781e-8	20.421791076660156	0.38515407	0.589372	0.20421791076660156
chr11	109788000	109788500	*	3.11001282071414e-11	6.700839329956228e-8	17.769289016723633	0.7448071	0.9225	0.17769289016723633
chr2	1972500	1973000	*	3.155220253135038e-11	6.785792351659054e-8	-17.4800968170166	0.211838	0.037037037	-0.17480096220970154
chr10	125554500	125555000	*	3.1656531737004986e-11	6.795783481614626e-8	19.24198341369629	0.71428573	0.90670556	0.19241982698440552
chr6	44186000	44186500	*	3.433446470799611e-11	7.35721165311717e-8	-23.335140228271484	0.4521964	0.21884498	-0.23335140943527222
chr4	175559000	175559500	*	3.513134646551053e-11	7.514255853897533e-8	-15.826141357421875	0.9287532	0.7704918	-0.15826141834259033
chr3	90632500	90633000	*	3.545765737810408e-11	7.570261424999589e-8	12.875402450561523	0.78441125	0.9131653	0.12875401973724365
chr5	176876000	176876500	*	3.565256160559538e-11	7.598059108142145e-8	21.58258056640625	0.57593125	0.79175705	0.21582579612731934
chr12	92399000	92399500	*	3.5933724979414096e-11	7.644105801970442e-8	-20.657718658447266	0.8211382	0.614561	-0.20657718181610107
chr3	66655500	66656000	*	3.618813457801189e-11	7.674576391298654e-8	19.547470092773438	0.17391305	0.36938775	0.19547469913959503
chr6	149616000	149616500	*	3.6207676002883984e-11	7.674576391298654e-8	20.868778228759766	0.53539824	0.744086	0.20868778228759766
chr3	186758000	186758500	*	3.74438370337006e-11	7.908044098474677e-8	-11.712837219238281	0.9611651	0.8440367	-0.11712837219238281
chr1	239589000	239589500	*	3.772830038220011e-11	7.953816615835105e-8	17.770750045776367	0.7537994	0.9315069	0.1777074933052063
chr11	82989500	82990000	*	3.794880081447725e-11	7.985964685807603e-8	22.96607208251953	0.344	0.57366073	0.22966071963310242
chr18	8232500	8233000	*	3.9578139649324346e-11	8.313944026536013e-8	22.63401222229004	0.5398936	0.76623374	0.22634011507034302
chr4	57168500	57169000	*	4.002837791245921e-11	8.393507676915808e-8	22.769052505493164	0.6421725	0.86986303	0.22769051790237427
chr16	12544000	12544500	*	4.023324489165554e-11	8.421427750443075e-8	21.162700653076172	0.6501377	0.8617647	0.21162700653076172
chr2	56084000	56084500	*	4.2170854027309875e-11	8.811292296868477e-8	21.571535110473633	0.52112675	0.7368421	0.21571534872055054
chr7	142901500	142902000	*	4.333688668791999e-11	9.038842964188908e-8	-12.708658218383789	0.92741936	0.8003328	-0.1270865797996521
chr2	118569000	118569500	*	4.4284740143163345e-11	9.20384254708508e-8	18.762636184692383	0.7258065	0.91343284	0.18762636184692383
chr1	124149000	124149500	*	4.7280022051704634e-11	9.8090007304577e-8	-17.526262283325195	0.87218046	0.69691783	-0.17526262998580933
chr12	109745000	109745500	*	4.858510173995119e-11	1.0061983139144904e-7	14.922428131103516	0.7927711	0.9419954	0.14922428131103516
chr5	24445500	24446000	*	4.95095585910101e-11	1.0235386488021538e-7	14.637130737304688	0.67496544	0.82133675	0.14637130498886108
chr2	111663500	111664000	*	5.002298758809521e-11	1.0323355599160193e-7	18.917465209960938	0.58019805	0.7693727	0.18917465209960938
chr13	103694000	103694500	*	5.0974805199302475e-11	1.0501328562056583e-7	22.95171356201172	0.33170733	0.56122446	0.2295171320438385
chr10	111476500	111477000	*	5.18849323990299e-11	1.0670104544486875e-7	-14.197248458862305	0.9391892	0.7972167	-0.14197248220443726
chr8	33290000	33290500	*	5.1984420732648166e-11	1.0671874461656988e-7	19.482540130615234	0.67761195	0.87243736	0.1948254108428955
chr2	172241000	172241500	*	5.236302676931571e-11	1.0730838235267562e-7	21.842702865600586	0.30888888	0.5273159	0.21842703223228455
chr2	136449000	136449500	*	5.362792271811246e-11	1.097090893294866e-7	21.66541290283203	0.6603175	0.8769716	0.21665412187576294
chr15	63920500	63921000	*	5.440037773049069e-11	1.1090291450182384e-7	15.537768363952637	0.7163695	0.8717472	0.15537768602371216
chr3	194802000	194802500	*	5.438920769436564e-11	1.1090291450182384e-7	23.349416732788086	0.5956873	0.8291815	0.23349416255950928
chr15	47449500	47450000	*	5.5148486716585346e-11	1.1223319188014572e-7	18.736141204833984	0.6707317	0.85809314	0.18736141920089722
chr15	79192000	79192500	*	5.560412927141117e-11	1.1296469486157221e-7	17.44231605529785	0.72131145	0.8957346	0.17442315816879272
chr21	34853000	34853500	*	5.879787933526035e-11	1.1924677062601754e-7	15.210193634033203	0.77272725	0.9248292	0.15210193395614624
chr10	130657500	130658000	*	6.197507867171079e-11	1.2525771416675693e-7	16.993118286132812	0.66969144	0.8396226	0.16993117332458496
chr1	180906000	180906500	*	6.273386467479979e-11	1.265734406620293e-7	16.796070098876953	0.65486723	0.82282794	0.16796070337295532
chr2	133711500	133712000	*	6.400993839291897e-11	1.2892655615333147e-7	23.266155242919922	0.4976415	0.73030305	0.23266154527664185
chr14	22427500	22428000	*	6.615622262319623e-11	1.3302135901552939e-7	19.46344757080078	0.25408348	0.44871795	0.19463446736335754
chr4	187560000	187560500	*	6.741782054297175e-11	1.3532635062418618e-7	19.16365623474121	0.43164062	0.6232772	0.1916365623474121
chr18	8845000	8845500	*	6.858522955172667e-11	1.3743473461254516e-7	15.63255786895752	0.73003805	0.8863636	0.1563255786895752
chr9	99779000	99779500	*	6.88357953070257e-11	1.3770184552919486e-7	17.781877517700195	0.72602737	0.90384614	0.17781877517700195
chr1	123420500	123421000	*	7.0657630662149e-11	1.4110593208515946e-7	-11.672628402709961	0.8085502	0.6918239	-0.11672627925872803
chr1	85258500	85259000	*	7.13111090613069e-11	1.4216916859781347e-7	13.074324607849121	0.1125	0.24324325	0.13074325025081635
chr19	3218500	3219000	*	7.192184029518624e-11	1.431437226124488e-7	10.901487350463867	0.7802945	0.88930935	0.10901486873626709
chr16	12544500	12545000	*	7.526893929275667e-11	1.4955186821663936e-7	24.694496154785156	0.5759717	0.8229167	0.24694496393203735
chr10	117164500	117165000	*	7.552859600672419e-11	1.4981428731362152e-7	20.238136291503906	0.112804875	0.31518623	0.20238135755062103
chr5	81857500	81858000	*	7.5728074773331e-11	1.4995665704415199e-7	-17.296554565429688	0.35912699	0.18616144	-0.17296554148197174
chr9	136147500	136148000	*	7.603808917123855e-11	1.503170614714482e-7	15.955877304077148	0.7633136	0.92287236	0.15955877304077148
chr14	92320500	92321000	*	7.654617278650928e-11	1.5106715254443832e-7	-14.355648040771484	0.9413093	0.7977528	-0.14355647563934326
chr10	128934000	128934500	*	8.024916166350143e-11	1.5784458974314884e-7	21.486377716064453	0.65804595	0.8729097	0.21486377716064453
chr18	57015500	57016000	*	8.352131835245949e-11	1.640059803443518e-7	17.61689567565918	0.058252428	0.23442137	0.17616894841194153
chr4	112751000	112751500	*	8.459715797293744e-11	1.658412179081562e-7	-14.11263370513916	0.95348835	0.812362	-0.1411263346672058
chr14	91945500	91946000	*	8.520720541944836e-11	1.6675873770238433e-7	19.001996994018555	0.6766467	0.8666667	0.19001996517181396
chr10	2539000	2539500	*	8.749349336115143e-11	1.7094831036152906e-7	22.840267181396484	0.6020067	0.83040935	0.22840267419815063
chr5	176740000	176740500	*	8.859527539785558e-11	1.7281347325271611e-7	17.616426467895508	0.6530172	0.8291815	0.17616426944732666
chr6	27721000	27721500	*	8.933957466447443e-11	1.7397630226593106e-7	-14.052661895751953	0.3451835	0.20465687	-0.14052662253379822
chr3	70133000	70133500	*	9.026435750854943e-11	1.7548616542926198e-7	22.5217227935791	0.5413534	0.7665706	0.22521722316741943
chr6	92053000	92053500	*	9.123336687834947e-11	1.7707687756006099e-7	18.369943618774414	0.754717	0.9384164	0.18369942903518677
chr15	89133000	89133500	*	9.192625651109486e-11	1.781272972247611e-7	20.614749908447266	0.58194774	0.78809524	0.20614749193191528
chr15	47720500	47721000	*	9.231807163385126e-11	1.785918190455073e-7	-24.770164489746094	0.68328446	0.43558282	-0.24770164489746094
chr12	32490500	32491000	*	9.26360107555138e-11	1.7891213275945417e-7	27.3949031829834	0.32982457	0.6037736	0.2739490270614624
chr3	14880500	14881000	*	9.28622150836064e-11	1.7905451389104347e-7	-15.058744430541992	0.87979096	0.7292035	-0.15058743953704834
chr17	77832000	77832500	*	9.308058162020929e-11	1.7918134034784216e-7	21.188861846923828	0.438326	0.6502146	0.2118886113166809
chr21	14082500	14083000	*	9.34368326243238e-11	1.7957274665102002e-7	14.182573318481445	0.7762376	0.91806334	0.14182573556900024
chr5	160565000	160565500	*	9.407122620451539e-11	1.8049655219029714e-7	14.790993690490723	0.7846482	0.9325581	0.14790993928909302
chr2	53575500	53576000	*	9.67488731063617e-11	1.8533138374572605e-7	-18.034631729125977	0.23701298	0.05666667	-0.1803463101387024
chr1	228043500	228044000	*	9.74430830544192e-11	1.8635719840605238e-7	-24.517166137695312	0.7966667	0.551495	-0.2451716661453247
chr7	142440000	142440500	*	9.903716183910809e-11	1.8909785298677624e-7	21.752559661865234	0.61490685	0.83243245	0.21752560138702393
chr6	40073500	40074000	*	1.0060429528770276e-10	1.9177824444147285e-7	26.977100372314453	0.32740214	0.59717315	0.269771009683609
chr3	9201500	9202000	*	1.0419155343323706e-10	1.98294595059005e-7	22.359865188598633	0.45591938	0.67951804	0.2235986590385437
chr4	101656500	101657000	*	1.0468851280578447e-10	1.9891799946649652e-7	14.06267261505127	0.79429734	0.93492407	0.1406267285346985
chr5	116444500	116445000	*	1.0698766686589563e-10	2.029581966375006e-7	20.06743621826172	0.3159923	0.51666665	0.20067435503005981
chr10	24992000	24992500	*	1.0747922045364968e-10	2.035618297604222e-7	17.23977279663086	0.73913044	0.91152817	0.17239773273468018
chr8	41984000	41984500	*	1.0766749004381874e-10	2.0359003466002337e-7	25.320514678955078	0.43055555	0.6837607	0.25320515036582947
chr7	128115000	128115500	*	1.0806932724682855e-10	2.040213377398817e-7	14.878612518310547	0.7536	0.9023861	0.14878612756729126
chr8	40010000	40010500	*	1.0867253246022044e-10	2.0483080356608913e-7	15.385282516479492	0.7479508	0.9018036	0.15385282039642334
chr18	13826500	13827000	*	1.1099295673118303e-10	2.08869178501996e-7	-16.593229293823242	0.89858013	0.73264784	-0.165932297706604
chr6	156539000	156539500	*	1.1256740946416187e-10	2.1149308976410845e-7	19.04636573791504	0.3761468	0.56661046	0.19046366214752197
chr3	90631500	90632000	*	1.1423687279362583e-10	2.1428683989280747e-7	15.594595909118652	0.752451	0.90839696	0.15594595670700073
chr9	88281500	88282000	*	1.163676968264997e-10	2.179357239873874e-7	20.6303768157959	0.5894207	0.79572445	0.20630377531051636
chr17	19436000	19436500	*	1.2403403688484362e-10	2.3192350331898517e-7	-22.476970672607422	0.88560885	0.66083914	-0.2247697114944458
chr15	75305500	75306000	*	1.2738438244057044e-10	2.378094279108098e-7	24.25185203552246	0.42016807	0.6626866	0.24251851439476013
chr14	36668500	36669000	*	1.2795476563338286e-10	2.384950907668649e-7	15.823030471801758	0.6745283	0.8327586	0.15823030471801758
chr18	22456000	22456500	*	1.289852908836114e-10	2.4003488066942595e-7	23.50832748413086	0.50625	0.7413333	0.23508328199386597
chr9	755500	756000	*	1.2990573773783333e-10	2.4136527181100106e-7	15.324169158935547	0.8060606	0.9593023	0.15324169397354126
chr5	113202500	113203000	*	1.3050236954431765e-10	2.420907605945835e-7	19.486690521240234	0.7056856	0.9005525	0.19486689567565918
chr2	237164500	237165000	*	1.3176869112952454e-10	2.440543213065824e-7	-14.229398727416992	0.9010417	0.7587477	-0.1422939896583557
chr11	64022500	64023000	*	1.3282939172028568e-10	2.452452450671057e-7	21.627777099609375	0.61661345	0.8328912	0.21627777814865112
chr7	75796000	75796500	*	1.326869456156396e-10	2.452452450671057e-7	21.045303344726562	0.512035	0.72248805	0.21045303344726562
chr19	19420500	19421000	*	1.369680905285928e-10	2.5248960133112137e-7	-11.372983932495117	0.9366306	0.8229008	-0.11372983455657959
chr11	29336500	29337000	*	1.3746254076746627e-10	2.5262813331506254e-7	-23.146974563598633	0.66944444	0.4379747	-0.2314697504043579
chr9	132140000	132140500	*	1.3747351705359892e-10	2.5262813331506254e-7	22.760730743408203	0.58471763	0.81232494	0.22760730981826782
chr12	131557000	131557500	*	1.4170516537087247e-10	2.599975376219843e-7	16.18553352355957	0.76785713	0.9297125	0.16185534000396729
chr3	22971500	22972000	*	1.4581519928461534e-10	2.6712116112566904e-7	-12.543594360351562	0.973262	0.84782606	-0.1254359483718872
chr11	118093500	118094000	*	1.4817148042223718e-10	2.710148695602109e-7	24.402278900146484	0.4882353	0.7322581	0.24402278661727905
chr11	41237000	41237500	*	1.503339618148146e-10	2.7454254639617504e-7	17.101821899414062	0.103535354	0.27455357	0.17101821303367615
chr22	18974000	18974500	*	1.518630284344711e-10	2.7690431062640555e-7	14.932912826538086	0.68188107	0.8312102	0.14932912588119507
chr1	88370500	88371000	*	1.5385753419386163e-10	2.801061091277761e-7	-13.327753067016602	0.93361884	0.8003413	-0.1332775354385376
chr2	65165500	65166000	*	1.564611431456026e-10	2.8440518425366725e-7	18.319679260253906	0.6719101	0.8551069	0.1831967830657959
chr1	72035000	72035500	*	1.5797238881021253e-10	2.86265958857257e-7	-16.914457321166992	0.8477801	0.67863554	-0.16914457082748413
chr8	41655500	41656000	*	1.5786313593630395e-10	2.86265958857257e-7	22.528867721557617	0.22065727	0.44594595	0.22528867423534393
chr22	25941500	25942000	*	1.7260825846365983e-10	3.1230605295380626e-7	25.629100799560547	0.44107744	0.69736844	0.256291002035141
chr6	34082500	34083000	*	1.7628781905885623e-10	3.184728951267914e-7	17.596466064453125	0.6530612	0.82902586	0.17596465349197388
chr3	135931000	135931500	*	1.772940678776679e-10	3.1979873664807154e-7	16.9832820892334	0.68421054	0.85404336	0.16983282566070557
chr1	214428000	214428500	*	1.7833489791618012e-10	3.2118279226573286e-7	22.019079208374023	0.49871466	0.71890545	0.22019079327583313
chr7	47577000	47577500	*	1.8454920965046288e-10	3.3186582821704936e-7	-16.762495040893555	0.93233085	0.7647059	-0.16762495040893555
chr16	2216000	2216500	*	1.8878813061611645e-10	3.389693771881035e-7	-10.414224624633789	0.92900854	0.8248663	-0.10414224863052368
chr10	7085500	7086000	*	1.9197230907710395e-10	3.436357007808871e-7	13.692124366760254	0.03601108	0.17293233	0.1369212418794632
chr11	780000	780500	*	1.9168252011927403e-10	3.436357007808871e-7	14.160466194152832	0.77864075	0.9202454	0.14160466194152832
chr17	50621500	50622000	*	1.9315875336378034e-10	3.4523319848926326e-7	16.34920883178711	0.5	0.6634921	0.1634920835494995
chr3	13746500	13747000	*	1.9355088702348182e-10	3.4540832445960445e-7	17.371976852416992	0.76217765	0.9358974	0.17371976375579834
chr13	19899000	19899500	*	1.9422913949697534e-10	3.460927479323813e-7	-14.004969596862793	0.95989305	0.81984335	-0.14004969596862793
chr22	15946000	15946500	*	1.9655088770903118e-10	3.496991701506539e-7	-14.005857467651367	0.6286837	0.4886251	-0.14005857706069946
chr6	159598000	159598500	*	2.008125188402819e-10	3.56740857410517e-7	-18.689722061157227	0.9326599	0.7457627	-0.18689721822738647
chr10	32982000	32982500	*	2.0870523965102663e-10	3.7020211072830095e-7	22.084135055541992	0.6058632	0.82670456	0.22084134817123413
chr7	6166500	6167000	*	2.1402441196553378e-10	3.790646726181354e-7	26.05615234375	0.5162242	0.77678573	0.2605615258216858
chr13	110395000	110395500	*	2.1643151658929801e-10	3.8275066236011434e-7	14.733636856079102	0.8082192	0.95555556	0.14733636379241943
chr12	132762500	132763000	*	2.1826461720837794e-10	3.854119892840233e-7	14.121275901794434	0.64698166	0.7881944	0.14121276140213013
chr7	48701500	48702000	*	2.2640850654168124e-10	3.9919219230423653e-7	24.437423706054688	0.42038217	0.6647564	0.24437424540519714
chr2	85215000	85215500	*	2.2705785739129894e-10	3.9973688981198187e-7	18.011260986328125	0.21653543	0.39664805	0.18011261522769928
chr10	43330000	43330500	*	2.2936081790238673e-10	4.031867893838635e-7	-21.602201461791992	0.89180326	0.67578125	-0.21602201461791992
chr8	141782000	141782500	*	2.3361975378383037e-10	4.1005958869759807e-7	13.760966300964355	0.7697263	0.90733594	0.13760966062545776
chr7	70470500	70471000	*	2.392745376889138e-10	4.193582687724009e-7	20.02338981628418	0.48775056	0.68798447	0.20023390650749207
chr10	96985000	96985500	*	2.398684713367389e-10	4.1977268467203626e-7	20.927148818969727	0.28348213	0.49275362	0.20927149057388306
chr6	83854000	83854500	*	2.4377340524468897e-10	4.2597153466639576e-7	-13.073860168457031	0.31463414	0.18389554	-0.13073860108852386
chr5	32012000	32012500	*	2.5825633751656224e-10	4.5034120417777095e-7	16.957109451293945	0.70289856	0.87246966	0.16957110166549683
chr5	134433000	134433500	*	2.5848661164396377e-10	4.5034120417777095e-7	17.284786224365234	0.6487069	0.8215548	0.17284786701202393
chr8	3890500	3891000	*	2.623901276130753e-10	4.5646475032692525e-7	13.254392623901367	0.77922076	0.9117647	0.1325439214706421
chr2	145411500	145412000	*	2.62879121821058e-10	4.5663892282744367e-7	-17.379749298095703	0.92011017	0.7463127	-0.17379748821258545
chr6	17122000	17122500	*	2.6468890229054537e-10	4.5910348748285264e-7	-19.96219253540039	0.9157509	0.716129	-0.19962191581726074
chr10	18143000	18143500	*	2.6593189488411075e-10	4.6057913720180846e-7	16.49874496459961	0.7574932	0.92248064	0.1649874448776245
chr15	23618000	23618500	*	2.6830994285596397e-10	4.6333102482082137e-7	-16.038917541503906	0.8425926	0.6822034	-0.16038918495178223
chr15	74777000	74777500	*	2.7171339874283507e-10	4.685192836724875e-7	22.651580810546875	0.30992737	0.5364432	0.22651579976081848
chr2	11357000	11357500	*	2.7980688065980506e-10	4.817675484894742e-7	18.325531005859375	0.6785714	0.8618267	0.18325531482696533
chr11	71066500	71067000	*	2.818016988890732e-10	4.844917999034924e-7	17.11327362060547	0.6968326	0.86796534	0.17113274335861206
chr1	82621000	82621500	*	2.885112761387182e-10	4.953021551112558e-7	-19.895700454711914	0.2769231	0.0779661	-0.19895699620246887
chr14	95317000	95317500	*	2.930433243417078e-10	5.023481284012337e-7	27.09971046447754	0.57589287	0.84689	0.2709971070289612
chr13	25928500	25929000	*	2.9411340165431106e-10	5.034475434399241e-7	11.809128761291504	0.82173175	0.93982303	0.11809128522872925
chr5	172446500	172447000	*	2.9896967766163436e-10	5.110153358829628e-7	20.315759658813477	0.39931154	0.60246915	0.20315760374069214
chr2	241659000	241659500	*	3.0824370888773614e-10	5.261012225451966e-7	11.28116226196289	0.65773356	0.7705452	0.1128116250038147
chr9	132732500	132733000	*	3.212558605978378e-10	5.475141717763365e-7	27.27164077758789	0.42647058	0.699187	0.2727164030075073
chr3	141642000	141642500	*	3.2382705641696036e-10	5.510963936435754e-7	-18.6009521484375	0.89411765	0.7081081	-0.18600952625274658
chr8	54554500	54555000	*	3.263699935990004e-10	5.546202256781114e-7	22.92003631591797	0.30021143	0.5294118	0.2292003631591797
chr18	8262000	8262500	*	3.2702460796880583e-10	5.54929569514789e-7	21.309106826782227	0.6895307	0.90262175	0.21309107542037964
chr3	86992000	86992500	*	3.278822570767102e-10	5.555820540120976e-7	17.753278732299805	0.72031665	0.89784944	0.17753279209136963
chr9	93196000	93196500	*	3.319062305967138e-10	5.61590124680167e-7	15.735936164855957	0.7784431	0.93580246	0.15735936164855957
chr2	128289000	128289500	*	3.3310644234770093e-10	5.627393317543779e-7	17.906057357788086	0.72852236	0.90758294	0.17906057834625244
chr2	217637000	217637500	*	3.3354388464975074e-10	5.627393317543779e-7	25.85906982421875	0.4743083	0.732899	0.2585906982421875
chr12	37355000	37355500	*	3.405836753094409e-10	5.73792116788398e-7	-21.84286117553711	0.61421317	0.39578456	-0.2184286117553711
chr14	51828000	51828500	*	3.5419622964265465e-10	5.95870710927972e-7	27.627906799316406	0.34	0.61627907	0.2762790620326996
chr11	128520500	128521000	*	3.5805961070085206e-10	6.006490890605158e-7	21.574003219604492	0.621118	0.83685803	0.21574002504348755
chr8	22375500	22376000	*	3.5764968206688764e-10	6.006490890605158e-7	-11.471986770629883	0.9529221	0.83820224	-0.11471986770629883
chr17	70271000	70271500	*	3.5898798796591403e-10	6.013473848400546e-7	-14.206618309020996	0.93398535	0.7919192	-0.14206618070602417
chr17	80782500	80783000	*	3.600453519695898e-10	6.022594514431718e-7	13.51618766784668	0.73967683	0.8748387	0.1351618766784668
chr9	137919500	137920000	*	3.709912391104669e-10	6.196862453134831e-7	17.290138244628906	0.663067	0.8359684	0.17290139198303223
chr3	63800000	63800500	*	3.787402148129696e-10	6.317311465423978e-7	14.757275581359863	0.77342045	0.9209932	0.14757275581359863
chr12	64152500	64153000	*	3.8198364569948276e-10	6.362373784847989e-7	13.185829162597656	0.81351984	0.9453781	0.13185828924179077
chr16	87242000	87242500	*	3.9178599316834625e-10	6.516399954190877e-7	15.23989486694336	0.78356165	0.9359606	0.152398943901062
chr18	75059500	75060000	*	4.1026503053020634e-10	6.804477319496314e-7	10.234748840332031	0.859375	0.9617225	0.1023474931716919
chr8	28647500	28648000	*	4.0984997899110466e-10	6.804477319496314e-7	-24.00984764099121	0.7585034	0.5184049	-0.2400984764099121
chr22	26125000	26125500	*	4.1707853416759844e-10	6.907726450981323e-7	-22.33448028564453	0.7765363	0.5531915	-0.2233448028564453
chr5	175770000	175770500	*	4.1842049453560614e-10	6.920191733413968e-7	19.35483741760254	0.7	0.89354837	0.19354838132858276
chr8	81005500	81006000	*	4.327373081071191e-10	7.146909225643452e-7	12.54941177368164	0.8487179	0.97421205	0.125494122505188
chr7	72542000	72542500	*	4.3340059217114217e-10	7.147810569686813e-7	19.95269012451172	0.49187934	0.69140625	0.19952690601348877
chr1	18947000	18947500	*	4.3540665563373004e-10	7.170823963971285e-7	20.22867202758789	0.56404495	0.7663317	0.2022867202758789
chr2	34447500	34448000	*	4.4521631249092573e-10	7.322112278332905e-7	-22.448619842529297	0.6282421	0.40375587	-0.22448620200157166
chr12	68423000	68423500	*	4.478347616263966e-10	7.354874846404045e-7	26.136362075805664	0.36363637	0.625	0.2613636255264282
chr22	49262000	49262500	*	4.508013944225545e-10	7.393256198489386e-7	-13.707571983337402	0.91977614	0.7827004	-0.13707572221755981
chr11	125163000	125163500	*	4.612265197870796e-10	7.553681041452393e-7	23.20718765258789	0.28074867	0.51282054	0.2320718765258789
chr14	30386500	30387000	*	4.6460299584654443e-10	7.598381402461998e-7	-12.280750274658203	0.92097265	0.79816514	-0.12280750274658203
chr1	3248500	3249000	*	4.696034738228016e-10	7.66948033329924e-7	11.853740692138672	0.125	0.24353741	0.11853741109371185
chr10	38813500	38814000	*	4.801199040185121e-10	7.830342197957917e-7	-10.569304466247559	0.87182206	0.766129	-0.1056930422782898
chr2	160227000	160227500	*	4.965570024923227e-10	8.087184918621773e-7	19.46519660949707	0.68209875	0.8767507	0.19465196132659912
chr9	21502000	21502500	*	5.19101100231192e-10	8.4426401628155e-7	15.712428092956543	0.70554495	0.8626692	0.15712428092956543
chr20	43347500	43348000	*	5.281841380009558e-10	8.578484778986532e-7	-17.03860855102539	0.8804598	0.7100737	-0.17038607597351074
chr13	106467500	106468000	*	5.358044165143248e-10	8.690229592918204e-7	19.356435775756836	0.23820755	0.4317719	0.19356435537338257
chr6	15628500	15629000	*	5.396925038106676e-10	8.741217105375268e-7	-18.41086769104004	0.9071856	0.72307694	-0.1841086745262146
chr17	32537000	32537500	*	5.512921889038521e-10	8.904529066820627e-7	20.84343147277832	0.40765765	0.61609197	0.2084343135356903
chr12	2785000	2785500	*	5.858472512526803e-10	9.449667878591619e-7	20.841047286987305	0.49671772	0.7051282	0.20841047167778015
chr19	22754000	22754500	*	5.883771373829442e-10	9.451738280971764e-7	-18.53888702392578	0.8447894	0.6594005	-0.18538886308670044
chr4	25938500	25939000	*	5.883903438077798e-10	9.451738280971764e-7	-17.141319274902344	0.8989071	0.72749394	-0.17141318321228027
chr9	136719000	136719500	*	5.875300021538608e-10	9.451738280971764e-7	25.036394119262695	0.56157637	0.8119403	0.25036394596099854
chr18	10671000	10671500	*	5.908454546554597e-10	9.478210408371733e-7	18.22233772277832	0.7238372	0.9060606	0.182223379611969
chr3	37302000	37302500	*	5.938658814035546e-10	9.513666605254777e-7	19.251285552978516	0.19452055	0.3870334	0.1925128549337387
chr3	27486000	27486500	*	5.96789990104867e-10	9.547485288835979e-7	-11.997908592224121	0.97183096	0.8518519	-0.11997908353805542
chr11	78990000	78990500	*	5.991591095032367e-10	9.57234527356533e-7	25.112079620361328	0.20895523	0.46007603	0.25112080574035645
chr15	99438000	99438500	*	6.018919922830083e-10	9.6029414004655e-7	17.369890213012695	0.7107232	0.8844221	0.17369890213012695
chr15	30859000	30859500	*	6.139587356830854e-10	9.782170380539327e-7	18.320802688598633	0.12631579	0.30952382	0.18320803344249725
chr5	164998500	164999000	*	6.158385586432314e-10	9.798825937605469e-7	-12.439745903015137	0.9183673	0.79396987	-0.12439745664596558
chr6	168808000	168808500	*	6.329457694568191e-10	1.0057396933028762e-6	18.06394386291504	0.6633166	0.84395605	0.18063944578170776
chr4	104422000	104422500	*	6.344781459342508e-10	1.006812214443867e-6	22.13498306274414	0.37317073	0.59452057	0.221349835395813
chr21	16285000	16285500	*	6.36376045770698e-10	1.0084610833395524e-6	17.268388748168945	0.6064257	0.7791096	0.17268389463424683
chr16	20916500	20917000	*	6.393383259548102e-10	1.0117899514272822e-6	14.60391902923584	0.84108526	0.98712444	0.1460391879081726
chr16	6884000	6884500	*	6.467306051911058e-10	1.0207373481055075e-6	-20.44947052001953	0.8184357	0.613941	-0.20449471473693848
chr21	40161000	40161500	*	6.460424415337524e-10	1.0207373481055075e-6	18.499160766601562	0.7289157	0.9139073	0.18499159812927246
chr1	184422500	184423000	*	6.662960856295311e-10	1.0473942555812073e-6	15.450448036193848	0.7454955	0.9	0.15450447797775269
chr10	44955500	44956000	*	6.741672985123642e-10	1.0583507267600692e-6	16.213119506835938	0.79742765	0.95955884	0.1621311902999878
chr18	978500	979000	*	6.921271555975665e-10	1.083647799303583e-6	-11.226767539978027	0.9807692	0.86850154	-0.11226767301559448
chr9	69173500	69174000	*	6.914042160906352e-10	1.083647799303583e-6	-14.622786521911621	0.24925816	0.1030303	-0.1462278664112091
chr8	117150000	117150500	*	6.975926374002782e-10	1.0907506460830572e-6	21.18793296813965	0.16171618	0.3735955	0.21187932789325714
chr20	49642500	49643000	*	7.022668358861228e-10	1.0965990028909133e-6	-18.894058227539062	0.87714285	0.68820226	-0.18894058465957642
chr3	10501000	10501500	*	7.041957566641762e-10	1.098150731512566e-6	16.442848205566406	0.74489796	0.90932643	0.1644284725189209
chr14	95045000	95045500	*	7.09839321027967e-10	1.1054834236494144e-6	21.134424209594727	0.5407925	0.75213677	0.21134424209594727
chr1	96598000	96598500	*	7.166148149069491e-10	1.1145571911562972e-6	15.5914306640625	0.06318682	0.21910113	0.155914306640625
chr2	30652500	30653000	*	7.186860325437277e-10	1.1163000306914454e-6	23.086380004882812	0.51754385	0.74840766	0.2308638095855713
chr10	93406500	93407000	*	7.407260526495384e-10	1.1490138614691435e-6	21.664405822753906	0.63372093	0.850365	0.2166440486907959
chr13	107035000	107035500	*	7.439208113617669e-10	1.152447182200588e-6	19.960472106933594	0.39130434	0.59090906	0.19960471987724304
chr6	157088500	157089000	*	7.780290829549546e-10	1.2010773457151388e-6	17.242908477783203	0.7234042	0.8958333	0.17242908477783203
chr7	74023000	74023500	*	7.783807818121917e-10	1.2010773457151388e-6	21.074748992919922	0.29224652	0.502994	0.21074748039245605
chr15	87737000	87737500	*	7.972720302954873e-10	1.2286129393054047e-6	18.94461441040039	0.62142855	0.8108747	0.18944615125656128
chr10	5556500	5557000	*	8.266808136289281e-10	1.2705975901181648e-6	14.346694946289062	0.78899086	0.9324578	0.14346694946289062
chr20	43513500	43514000	*	8.259880650417339e-10	1.2705975901181648e-6	22.36701011657715	0.45396146	0.67763156	0.223670095205307
chr10	105084500	105085000	*	8.354220852379949e-10	1.2806802440827642e-6	13.077801704406738	0.80470586	0.9354839	0.1307780146598816
chr10	3399000	3399500	*	8.383161319439387e-10	1.2834412313744792e-6	12.334424018859863	0.7692308	0.892575	0.12334424257278442
chr5	31158000	31158500	*	8.505229072041106e-10	1.3004340207912559e-6	16.616975784301758	0.68063873	0.8468085	0.16616976261138916
chr10	129716500	129717000	*	8.720851730179675e-10	1.3299389494775747e-6	17.909706115722656	0.43814433	0.6172414	0.17909705638885498
chr16	86192000	86192500	*	8.773399480322658e-10	1.3362171889707812e-6	16.9252986907959	0.61328125	0.78253424	0.16925299167633057
chr10	22041000	22041500	*	8.926739625419651e-10	1.357810287443786e-6	-11.93212890625	0.9660194	0.8466981	-0.11932128667831421
chr5	93665500	93666000	*	9.020254850199359e-10	1.3702595627277359e-6	14.465658187866211	0.09051724	0.23517382	0.14465658366680145
chr10	110148000	110148500	*	9.155284260257761e-10	1.3889749076074623e-6	24.01360511779785	0.26666668	0.50680274	0.240136057138443
chr6	56555500	56556000	*	9.203836003197104e-10	1.3945391041860937e-6	21.176406860351562	0.25773194	0.469496	0.21176406741142273
chr2	128172500	128173000	*	9.260728629317437e-10	1.4013511184027106e-6	12.190807342529297	0.84031415	0.9622222	0.12190806865692139
chr1	27001000	27001500	*	9.346235192469205e-10	1.4124699413949168e-6	20.331520080566406	0.6923077	0.8956229	0.20331519842147827
chr16	65825500	65826000	*	9.404710489746466e-10	1.4181476085376416e-6	21.32224464416504	0.4543379	0.66756034	0.2132224440574646
chr9	33439000	33439500	*	9.407957936423024e-10	1.4181476085376416e-6	29.782358169555664	0.44444445	0.742268	0.29782357811927795
chr1	109902000	109902500	*	9.44974340446869e-10	1.4226201013646916e-6	19.1309814453125	0.6313646	0.8226744	0.19130980968475342
chr19	1634500	1635000	*	9.535001318561718e-10	1.4336173595815168e-6	15.929418563842773	0.69491524	0.8542094	0.15929418802261353
chr3	170861000	170861500	*	9.669077456610355e-10	1.4519170787780514e-6	18.242300033569336	0.71159875	0.89402175	0.18242299556732178
chr3	90645000	90645500	*	9.916042768471037e-10	1.4852031312779672e-6	16.766231536865234	0.7009346	0.8685969	0.16766232252120972
chr5	174320000	174320500	*	1.0023853367516036e-9	1.499438217532821e-6	21.82793617248535	0.5331492	0.75142854	0.21827936172485352
chr11	120086500	120087000	*	1.0103036904371534e-9	1.5093602937981564e-6	18.82144546508789	0.35795453	0.546169	0.18821445107460022
chr2	166784000	166784500	*	1.019466323867491e-9	1.5211137058856318e-6	23.15151596069336	0.58181816	0.81333333	0.23151516914367676
chr12	131947500	131948000	*	1.0354156068592798e-9	1.542950583349447e-6	21.91625213623047	0.54189944	0.76106197	0.21916252374649048
chr3	90713500	90714000	*	1.043368614354389e-9	1.55283135913125e-6	14.963251113891602	0.6913124	0.8409449	0.1496325135231018
chr15	95596500	95597000	*	1.0508536209790708e-9	1.5600918600308428e-6	24.815134048461914	0.29351535	0.5416667	0.24815133213996887
chr22	45551000	45551500	*	1.050904197616194e-9	1.5600918600308428e-6	10.420417785644531	0.84911716	0.95332134	0.10420417785644531
chr21	36846500	36847000	*	1.0529674885083025e-9	1.561181183233311e-6	-18.5539608001709	0.8888889	0.7033493	-0.1855396032333374
chr16	63026000	63026500	*	1.0680199546253632e-9	1.581501861133001e-6	10.668068885803223	0.8604651	0.9671458	0.10668069124221802
chr11	11661500	11662000	*	1.0702089843632944e-9	1.5827474326958103e-6	23.59125518798828	0.53900707	0.7749196	0.23591256141662598
chr8	140452500	140453000	*	1.0876604577760628e-9	1.60653332556881e-6	-16.847824096679688	0.9076087	0.73913044	-0.16847825050354004
chr9	133840000	133840500	*	1.089679996351707e-9	1.6074942878843752e-6	22.683259963989258	0.2861357	0.5129683	0.22683259844779968
chr15	69699500	69700000	*	1.11891776712976e-9	1.648554754572469e-6	18.847877502441406	0.7281879	0.9166667	0.1884787678718567
chr18	51101000	51101500	*	1.141091667962876e-9	1.6791178193468057e-6	19.15937614440918	0.6210526	0.8126464	0.19159376621246338
chr21	31941500	31942000	*	1.1442285044185761e-9	1.6816263768980579e-6	17.758066177368164	0.77	0.94758064	0.17758065462112427
chr20	43969000	43969500	*	1.1607451258918325e-9	1.7037678125493642e-6	17.62789535522461	0.71260995	0.8888889	0.1762789487838745
chr8	141616000	141616500	*	1.172592581500306e-9	1.7190090131927419e-6	18.022186279296875	0.6416309	0.82185274	0.18022185564041138
chr3	90687000	90687500	*	1.1877624520488643e-9	1.7390767598728123e-6	11.038565635681152	0.7960619	0.9064475	0.11038565635681152
chr15	52261000	52261500	*	1.1933680109147317e-9	1.743578681564977e-6	11.591011047363281	0.84518826	0.9610984	0.1159101128578186
chr4	151541500	151542000	*	1.1938068635497835e-9	1.743578681564977e-6	-19.52945327758789	0.29927006	0.103975534	-0.19529452919960022
chr1	62963000	62963500	*	1.2315723806169903e-9	1.7942726061024142e-6	17.949493408203125	0.14253898	0.3220339	0.1794949322938919
chr16	79768000	79768500	*	1.2533402605527077e-9	1.8214663708862642e-6	-19.938671112060547	0.5829787	0.383592	-0.19938671588897705
chr9	110050000	110050500	*	1.2597380533229171e-9	1.828501220048037e-6	11.805896759033203	0.041394334	0.1594533	0.11805896461009979
chr16	68430500	68431000	*	1.267835583927475e-9	1.8379828112487766e-6	24.102651596069336	0.49438202	0.73540854	0.24102652072906494
chr14	99942000	99942500	*	1.273906274380388e-9	1.844506330383928e-6	12.460809707641602	0.790146	0.9147541	0.1246080994606018
chr15	89366500	89367000	*	1.3074693259744597e-9	1.8893349349382492e-6	24.8133544921875	0.52964425	0.7777778	0.24813354015350342
chr2	167424500	167425000	*	1.3080850222904988e-9	1.8893349349382492e-6	19.529157638549805	0.6494845	0.8447761	0.19529157876968384
chr15	36469000	36469500	*	1.3141418576128963e-9	1.8957513383744525e-6	-17.307126998901367	0.8900524	0.7169811	-0.1730712652206421
chr11	61484500	61485000	*	1.3432312925776283e-9	1.9353375351651784e-6	17.71082305908203	0.734375	0.9114832	0.17710822820663452
chr22	33605000	33605500	*	1.3557944732434329e-9	1.951044738433685e-6	16.251182556152344	0.76666665	0.9291785	0.16251182556152344
chr10	52949500	52950000	*	1.3651312167562893e-9	1.962076196237218e-6	16.78411293029785	0.6961207	0.8639618	0.1678411364555359
chr10	21529500	21530000	*	1.3879501899584815e-9	1.992434736137245e-6	16.72603988647461	0.57632935	0.74358976	0.16726040840148926
chr13	36795000	36795500	*	1.4072486210399244e-9	2.0176714911417575e-6	12.938910484313965	0.81152993	0.94091904	0.12938910722732544
chr3	175346500	175347000	*	1.4180900884813024e-9	2.030736135512045e-6	-16.029857635498047	0.87759817	0.7172996	-0.16029858589172363
chr6	8914500	8915000	*	1.4245456923595187e-9	2.037495950814499e-6	11.292099952697754	0.80541235	0.91833335	0.11292099952697754
chr5	160263000	160263500	*	1.4364613845612716e-9	2.0520392609636856e-6	17.214954376220703	0.7150685	0.88721806	0.17214953899383545
chr16	72857500	72858000	*	1.4416399731991418e-9	2.055330242721098e-6	-16.55780029296875	0.8948598	0.7292818	-0.16557800769805908
chr7	102006000	102006500	*	1.442265771237824e-9	2.055330242721098e-6	13.233309745788574	0.75525814	0.88759124	0.13233309984207153
chr14	68081500	68082000	*	1.4583925924330367e-9	2.0757929318851308e-6	21.789121627807617	0.59654176	0.814433	0.21789121627807617
chr1	36865000	36865500	*	1.4687875296665842e-9	2.0880575145414334e-6	22.333335876464844	0.5833333	0.8066667	0.22333335876464844
chr1	153493500	153494000	*	1.472394625499098e-9	2.0906543750294072e-6	22.683704376220703	0.5495208	0.7763578	0.22683703899383545
chr3	186383000	186383500	*	1.4926870476251502e-9	2.116907858901224e-6	20.960342407226562	0.545055	0.7546584	0.2096034288406372
chr1	38608500	38609000	*	1.4988429950422927e-9	2.1230740382055157e-6	21.78714370727539	0.26277372	0.48064515	0.21787142753601074
chrX	912500	913000	*	1.5273506220324562e-9	2.1608478153332385e-6	10.927486419677734	0.81380206	0.9230769	0.10927486419677734
chr18	7323000	7323500	*	1.5355901163689732e-9	2.1698904679509e-6	15.328112602233887	0.114	0.26728112	0.15328112244606018
chr5	135434000	135434500	*	1.5592151810713742e-9	2.200626081844363e-6	14.040780067443848	0.7692308	0.9096386	0.14040780067443848
chr5	168331500	168332000	*	1.564942687335861e-9	2.2060581874497398e-6	13.9972505569458	0.695302	0.8352745	0.1399725079536438
chr2	122007000	122007500	*	1.571148312623197e-9	2.212150449981163e-6	20.00303840637207	0.57281554	0.7728459	0.2000303864479065
chr12	53516500	53517000	*	1.5785691520144249e-9	2.2199370722229394e-6	22.450244903564453	0.61564624	0.8401487	0.22450244426727295
chr13	109390000	109390500	*	1.6016719812677263e-9	2.249732221745787e-6	13.19393539428711	0.7420886	0.87402797	0.1319393515586853
chr12	13221000	13221500	*	1.6038473258813382e-9	2.2500962403760676e-6	17.081111907958984	0.6625222	0.8333333	0.17081111669540405
chr14	99572500	99573000	*	1.6072185057856576e-9	2.252135069411521e-6	25.164810180664062	0.45487365	0.70652175	0.25164809823036194
chr4	28658500	28659000	*	1.6838641028839587e-9	2.356723353664257e-6	-11.560410499572754	0.9531568	0.8375527	-0.11560410261154175
chr3	54040500	54041000	*	1.6909001044846977e-9	2.3637535415380858e-6	-18.5920352935791	0.8153846	0.62946427	-0.1859203577041626
chr3	90485000	90485500	*	1.698038438290173e-9	2.3688165701807236e-6	11.640798568725586	0.79268295	0.90909094	0.11640799045562744
chr7	31690000	31690500	*	1.698556494477508e-9	2.3688165701807236e-6	15.737199783325195	0.08743169	0.2448037	0.15737199783325195
chr10	35848000	35848500	*	1.7202268109897284e-9	2.3961922830595215e-6	18.801624298095703	0.35059762	0.53861386	0.18801623582839966
chr1	17912500	17913000	*	1.7481707670680801e-9	2.4322316452557223e-6	19.6995906829834	0.62637365	0.82336956	0.19699591398239136
chr13	106624000	106624500	*	1.7563349988459282e-9	2.4406987255323336e-6	23.12932014465332	0.62753034	0.85882354	0.2312932014465332
chr10	49721500	49722000	*	1.7605530380222688e-9	2.4436684270945076e-6	-17.11711311340332	0.8378378	0.6666667	-0.1711711287498474
chr16	35681000	35681500	*	1.792787614736748e-9	2.4854724898530623e-6	-19.198883056640625	0.6095041	0.41751528	-0.19198882579803467
chr7	40958000	40958500	*	1.8298264642406754e-9	2.5338306182150084e-6	-14.466798782348633	0.9074492	0.7627812	-0.14466798305511475
chr4	78330500	78331000	*	1.9101780909049667e-9	2.641981042013998e-6	10.802620887756348	0.8142458	0.922272	0.10802620649337769
chr3	90479500	90480000	*	1.9938960469713476e-9	2.7545275109699773e-6	15.538167953491211	0.74307305	0.8984547	0.1553816795349121
chr16	66231000	66231500	*	2.0055003640985593e-9	2.7673029924155654e-6	15.494287490844727	0.6853933	0.84033614	0.15494287014007568
chr19	47003000	47003500	*	2.0423961036571015e-9	2.8149060609016203e-6	16.92603874206543	0.6909091	0.8601695	0.16926038265228271
chr17	67272500	67273000	*	2.0690843581713514e-9	2.8450103750088696e-6	18.07261085510254	0.5894161	0.7701422	0.18072611093521118
chr18	1221000	1221500	*	2.068006117263971e-9	2.8450103750088696e-6	11.40713119506836	0.86153847	0.9756098	0.1140713095664978
chr6	63616000	63616500	*	2.1157456438855886e-9	2.905767541868776e-6	11.245059967041016	0.786119	0.8985696	0.11245059967041016
chr7	43281000	43281500	*	2.1333994349817104e-9	2.9265903664985437e-6	20.199520111083984	0.64193547	0.84393066	0.20199519395828247
chr1	10515500	10516000	*	2.1658190289259985e-9	2.9675966409201694e-6	16.086715698242188	0.7413333	0.90220046	0.16086715459823608
chr16	17023500	17024000	*	2.2008699093638227e-9	3.012108505862172e-6	-15.161746978759766	0.9097222	0.75810474	-0.15161746740341187
chr19	30279000	30279500	*	2.2131349164387474e-9	3.0253683128143545e-6	12.104660034179688	0.8015123	0.9225589	0.12104660272598267
chr17	6710000	6710500	*	2.2372967294632063e-9	3.0512933599837462e-6	16.488117218017578	0.7145709	0.87945205	0.16488116979599
chr3	98708500	98709000	*	2.2362447251762403e-9	3.0512933599837462e-6	10.440455436706543	0.06566347	0.17006803	0.10440455377101898
chr12	130060000	130060500	*	2.2572960573066254e-9	3.07499762605657e-6	-20.04867172241211	0.77306736	0.57258064	-0.20048671960830688
chr16	19971000	19971500	*	2.2734671412440276e-9	3.093437981857392e-6	-21.960073471069336	0.83441556	0.6148148	-0.21960073709487915
chr14	22750000	22750500	*	2.278827013800934e-9	3.093561678117754e-6	-21.766841888427734	0.90254235	0.68487394	-0.21766841411590576
chr2	6993500	6994000	*	2.2782698040319146e-9	3.093561678117754e-6	16.043704986572266	0.75598085	0.9164179	0.16043704748153687
chr20	19441000	19441500	*	2.3104244555461262e-9	3.1328341805088718e-6	12.813079833984375	0.8347339	0.9628647	0.12813079357147217
chr8	101745000	101745500	*	2.3153851409395284e-9	3.1359394750050386e-6	-13.7262601852417	0.17595308	0.038690478	-0.13726259768009186
chr1	236159500	236160000	*	2.325097689397238e-9	3.145466085894265e-6	16.135150909423828	0.6931567	0.8545082	0.1613515019416809
chr9	82117000	82117500	*	2.4640337824267143e-9	3.3295873202357064e-6	-12.601116180419922	0.16806723	0.042056076	-0.12601116299629211
chr5	27766000	27766500	*	2.5014999340186287e-9	3.3763290914032723e-6	-12.628555297851562	0.9683908	0.84210527	-0.12628555297851562
chr22	45002500	45003000	*	2.5264832766106364e-9	3.4022284397090053e-6	11.170185089111328	0.8385744	0.95027626	0.1117018461227417
chr6	170286000	170286500	*	2.5242925381701325e-9	3.4022284397090053e-6	19.07120132446289	0.3855932	0.5763052	0.19071200489997864
chr12	23339000	23339500	*	2.5323750651376475e-9	3.406256219058882e-6	13.74870491027832	0.75140184	0.8888889	0.13748705387115479
chr1	123627000	123627500	*	2.5434028218046565e-9	3.4171751838978176e-6	-12.036323547363281	0.778043	0.65767974	-0.12036323547363281
chr13	38561000	38561500	*	2.5702887267055912e-9	3.441484720232445e-6	-12.250226974487305	0.9855596	0.8630573	-0.12250226736068726
chr4	140082500	140083000	*	2.5692115118815414e-9	3.441484720232445e-6	15.033441543579102	0.74807197	0.8984064	0.1503344178199768
chr6	35050000	35050500	*	2.5647862825617215e-9	3.441484720232445e-6	23.791276931762695	0.36333334	0.6012461	0.23791277408599854
chr5	179380000	179380500	*	2.637851462652379e-9	3.5279250373932315e-6	18.57786750793457	0.63961816	0.82539684	0.1857786774635315
chr22	27111000	27111500	*	2.6495678957307237e-9	3.539563479072774e-6	16.56688117980957	0.055214725	0.22088353	0.1656688153743744
chr5	348500	349000	*	2.755465343781938e-9	3.6768491177939675e-6	16.37238883972168	0.6800895	0.84381336	0.163723886013031
chr7	71305500	71306000	*	2.782702395521262e-9	3.7089790573893367e-6	20.32697868347168	0.59673023	0.8	0.20326977968215942
chr8	142564500	142565000	*	2.799559691062895e-9	3.7272169656554795e-6	14.126873016357422	0.74738675	0.8886555	0.14126873016357422
chr1	152285500	152286000	*	2.8584800935724347e-9	3.8013512091938618e-6	-18.555397033691406	0.5327511	0.34719712	-0.18555396795272827
chr3	171317500	171318000	*	2.926722119199952e-9	3.883307188980223e-6	12.819671630859375	0.8147208	0.9429175	0.12819671630859375
chr12	110829000	110829500	*	2.9405298586332273e-9	3.892830564530932e-6	-16.915618896484375	0.76554173	0.59638554	-0.16915619373321533
chr19	33668000	33668500	*	2.9389029630046635e-9	3.892830564530932e-6	20.521804809570312	0.33886257	0.5440806	0.20521804690361023
chr10	48769500	48770000	*	2.966325264542964e-9	3.9225576266798335e-6	-11.362481117248535	0.9285714	0.8149466	-0.11362481117248535
chr10	127279500	127280000	*	2.981704221650749e-9	3.934033748210298e-6	-12.717074394226074	0.9641873	0.8370166	-0.12717074155807495
chr11	117634000	117634500	*	2.979579570876615e-9	3.934033748210298e-6	12.835687637329102	0.8121951	0.940552	0.12835687398910522
chr14	95452500	95453000	*	3.0206355063719934e-9	3.980926384333742e-6	15.793741226196289	0.7390181	0.8969555	0.1579374074935913
chr9	107453500	107454000	*	3.038779594514926e-9	4.000348933964023e-6	14.350896835327148	0.8101695	0.9536785	0.14350897073745728
chr2	67854000	67854500	*	3.04857876453024e-9	4.008754762463327e-6	25.340152740478516	0.44401544	0.69741696	0.253401517868042
chr20	60869000	60869500	*	3.0722304455521282e-9	4.035336888739543e-6	17.56214141845703	0.3219316	0.49755302	0.1756214201450348
chr5	10833000	10833500	*	3.1140463801920337e-9	4.085691479677695e-6	17.0633544921875	0.6797066	0.8503401	0.17063355445861816
chr12	128867500	128868000	*	3.1489948038643345e-9	4.126933415620676e-6	-16.798131942749023	0.80212766	0.63414633	-0.1679813265800476
chr11	11081000	11081500	*	3.200410772318771e-9	4.189640972889069e-6	24.08209800720215	0.2757353	0.51655626	0.240820974111557
chr19	18477000	18477500	*	3.2387423770743372e-9	4.235099271958304e-6	14.436417579650879	0.69469833	0.8390625	0.14436417818069458
chr3	33668500	33669000	*	3.272217243082499e-9	4.274112653423325e-6	16.729026794433594	0.65462756	0.82191783	0.16729027032852173
chr11	76578500	76579000	*	3.291331235221873e-9	4.29430225956574e-6	16.244977951049805	0.72088355	0.8833333	0.16244977712631226
chr10	103021500	103022000	*	3.428277903348999e-9	4.468016375394882e-6	16.643476486206055	0.7174515	0.8838863	0.16643476486206055
chr5	87263500	87264000	*	3.467774873193244e-9	4.514481582091078e-6	-18.83904266357422	0.7853403	0.5969499	-0.18839043378829956
chr19	20154000	20154500	*	3.492518420363928e-9	4.541658577253273e-6	-18.992202758789062	0.8244048	0.63448274	-0.189922034740448
chr21	45348000	45348500	*	3.632362040902292e-9	4.7182856033471715e-6	17.069799423217773	0.6287879	0.79948586	0.17069798707962036
chr19	48558000	48558500	*	3.6463774552929286e-9	4.731257345742943e-6	16.144020080566406	0.6480836	0.8095238	0.1614401936531067
chr11	1303000	1303500	*	3.675292641816367e-9	4.7635119061743965e-6	15.199697494506836	0.21921515	0.37121212	0.15199697017669678
chr12	128734000	128734500	*	3.73717185765273e-9	4.838372603333605e-6	-23.819625854492188	0.50729924	0.269103	-0.2381962537765503
chr17	68381500	68382000	*	3.745220921888303e-9	4.84345333622766e-6	16.805553436279297	0.6875	0.85555553	0.16805553436279297
chr1	4665000	4665500	*	3.784152391344772e-9	4.888417182349536e-6	21.894258499145508	0.55390334	0.7728459	0.2189425826072693
chr11	12279000	12279500	*	3.796115959898274e-9	4.897480773140671e-6	24.516143798828125	0.4602649	0.70542634	0.24516144394874573
chr12	124752000	124752500	*	3.799509975091633e-9	4.897480773140671e-6	12.874555587768555	0.8027613	0.9315069	0.12874555587768555
chr16	86345000	86345500	*	3.8184801355057044e-9	4.916536016402037e-6	16.120195388793945	0.67906064	0.8402626	0.16120195388793945
chr8	28004000	28004500	*	3.835811777553927e-9	4.93344213174909e-6	-12.854909896850586	0.9210019	0.7924528	-0.12854909896850586
chr8	121335500	121336000	*	3.859671216849157e-9	4.958697815924351e-6	-15.045249938964844	0.9004525	0.75	-0.15045249462127686
chr7	1311500	1312000	*	3.873025123747412e-9	4.970416104657255e-6	13.961505889892578	0.7924837	0.93209875	0.13961505889892578
chr1	7246000	7246500	*	3.9538306322289774e-9	5.058114018070625e-6	19.746923446655273	0.7202797	0.9177489	0.19746923446655273
chr1	237179500	237180000	*	3.9542831886934844e-9	5.058114018070625e-6	-10.60606861114502	0.98016995	0.87410927	-0.1060606837272644
chr22	16036500	16037000	*	3.9924924750741176e-9	5.09588720521259e-6	-15.478730201721191	0.74484944	0.59006214	-0.15478730201721191
chr13	100063500	100064000	*	4.010609060534815e-9	5.113452523567308e-6	-14.852023124694824	0.9285714	0.7800512	-0.14852023124694824
chr5	2335500	2336000	*	4.078869241696291e-9	5.194842557500872e-6	12.290107727050781	0.7210811	0.84398216	0.1229010820388794
chr3	71520500	71521000	*	4.152940530894406e-9	5.2834492328569915e-6	19.283050537109375	0.53139013	0.72422063	0.19283050298690796
chr6	34560500	34561000	*	4.2068375342879826e-9	5.346225789326773e-6	18.529813766479492	0.427256	0.61255413	0.1852981448173523
chr7	57539500	57540000	*	4.222857898047999e-9	5.360783426644375e-6	-13.772749900817871	0.8947368	0.7570093	-0.1377274990081787
chr5	52599000	52599500	*	4.235876172328472e-9	5.371502680740915e-6	-16.184139251708984	0.89675516	0.73491377	-0.16184139251708984
chr16	48215500	48216000	*	4.406143210846472e-9	5.581390414759608e-6	-15.516304969787598	0.87391305	0.71875	-0.15516304969787598
chr12	124147500	124148000	*	4.42047080103355e-9	5.593505605474197e-6	24.1366024017334	0.44014084	0.6815069	0.24136602878570557
chr6	15327500	15328000	*	4.485094617368052e-9	5.66916925210051e-6	16.305953979492188	0.5839524	0.74701196	0.1630595326423645
chr11	61597000	61597500	*	4.54945910117798e-9	5.7443427368075835e-6	18.209766387939453	0.69503546	0.87713313	0.1820976734161377
chr3	64995000	64995500	*	4.602154592932664e-9	5.804636786238372e-6	14.620458602905273	0.7468085	0.8930131	0.14620459079742432
chr13	16734500	16735000	*	4.626784885389619e-9	5.829441165180089e-6	-11.312410354614258	0.5629511	0.449827	-0.11312410235404968
chr8	51209500	51210000	*	4.739677765132568e-9	5.965278170556312e-6	16.233211517333984	0.68201756	0.8443497	0.16233211755752563
chr6	88666500	88667000	*	4.81680564720084e-9	6.05585927802009e-6	11.656570434570312	0.85373133	0.97029704	0.11656570434570312
chr10	124565000	124565500	*	4.889681732481374e-9	6.140906836171244e-6	16.14207649230957	0.5740741	0.73549485	0.1614207625389099
chr11	122741500	122742000	*	5.024241146853542e-9	6.303157436561909e-6	15.981310844421387	0.71890545	0.87871855	0.15981310606002808
chr1	4848000	4848500	*	5.117210637138417e-9	6.412940798660495e-6	22.21674346923828	0.57651246	0.7986799	0.22216743230819702
chr2	11748000	11748500	*	5.20266503590107e-9	6.513082131905244e-6	20.55630111694336	0.3638814	0.5694444	0.2055630087852478
chr10	29515500	29516000	*	5.296981338524735e-9	6.624092345701149e-6	18.394893646240234	0.6365639	0.82051283	0.18394893407821655
chr9	89746500	89747000	*	5.3816699298827116e-9	6.7228393282172485e-6	14.761900901794434	0.73333335	0.88095236	0.14761900901794434
chr8	1032500	1033000	*	5.409481540293835e-9	6.750400610565737e-6	19.18610382080078	0.24813896	0.44	0.19186103343963623
chr8	21811000	21811500	*	5.534203534381262e-9	6.898707827893283e-6	25.379926681518555	0.45791245	0.7117117	0.2537992596626282
chr16	26613500	26614000	*	5.578753634300236e-9	6.946867534577016e-6	13.023882865905762	0.7977273	0.9279661	0.1302388310432434
chr17	382000	382500	*	5.6217792358556075e-9	6.989937331576646e-6	19.727615356445312	0.1442623	0.34153846	0.19727616012096405
chr2	63353000	63353500	*	5.625246562799598e-9	6.989937331576646e-6	14.892768859863281	0.7555012	0.9044289	0.1489276885986328
chr8	126379500	126380000	*	5.703015400783306e-9	7.079081880013746e-6	14.86015510559082	0.055045873	0.20364742	0.14860154688358307
chr3	2724500	2725000	*	5.71029398868495e-9	7.080631888664426e-6	13.377219200134277	0.75889325	0.89266545	0.13377219438552856
chr7	75965500	75966000	*	5.940727272148745e-9	7.358593380948144e-6	20.75909996032715	0.30227745	0.50986844	0.2075909972190857
chr1	225863000	225863500	*	6.074050121457279e-9	7.515808163880065e-6	-10.000001907348633	1.0	0.9	-0.10000002384185791
chr1	214700500	214701000	*	6.124660686091824e-9	7.570454534661908e-6	15.629732131958008	0.06375839	0.22005571	0.15629732608795166
chr17	78889000	78889500	*	6.15510676320444e-9	7.60008765252042e-6	-11.110157012939453	0.94567406	0.8345725	-0.11110156774520874
chr6	158201000	158201500	*	6.18186347923317e-9	7.625107820795571e-6	-15.148857116699219	0.2006689	0.04918033	-0.15148857235908508
chr9	113080000	113080500	*	6.199760836493107e-9	7.639159244846507e-6	-19.314193725585938	0.5635965	0.37045455	-0.19314193725585938
chr7	42088000	42088500	*	6.350005105349439e-9	7.807899785337614e-6	21.60545539855957	0.60338986	0.8194444	0.21605455875396729
chr9	132841000	132841500	*	6.343900760803364e-9	7.807899785337614e-6	11.438626289367676	0.7910864	0.90547264	0.11438626050949097
chr16	54437000	54437500	*	6.4088848040469325e-9	7.87205465714492e-6	-12.283933639526367	0.92794377	0.80510443	-0.12283933162689209
chr13	107389000	107389500	*	6.418448974989366e-9	7.875564322333399e-6	10.351425170898438	0.8352941	0.9388084	0.10351425409317017
chr5	131330500	131331000	*	6.519850795314883e-9	7.99163565261468e-6	19.256227493286133	0.7366412	0.9292035	0.1925622820854187
chr12	22561000	22561500	*	6.711959371849438e-9	8.218531791521561e-6	20.924728393554688	0.61333334	0.82258064	0.20924729108810425
chr9	91162500	91163000	*	6.920964909799922e-9	8.456814165506594e-6	18.834739685058594	0.65361446	0.84196186	0.18834739923477173
chr18	8381500	8382000	*	7.02297641259216e-9	8.572542865174266e-6	-19.884563446044922	0.53051645	0.33167082	-0.19884562492370605
chr6	134072000	134072500	*	7.0872249931042665e-9	8.641984056025576e-6	13.079023361206055	0.82288826	0.9536785	0.13079023361206055
chr14	41296000	41296500	*	7.157142463420455e-9	8.718186509140225e-6	13.068866729736328	0.77002054	0.9007092	0.13068866729736328
chr1	14849500	14850000	*	7.219258202329004e-9	8.784737511036738e-6	17.614709854125977	0.6288416	0.8049887	0.17614710330963135
chr2	128302500	128303000	*	7.25495436318692e-9	8.819035404355223e-6	19.920570373535156	0.7190635	0.9182692	0.1992056965827942
chr1	207922500	207923000	*	7.276115951390631e-9	8.835612579987652e-6	17.115705490112305	0.73015875	0.9013158	0.17115706205368042
chr11	128335000	128335500	*	7.313824353388027e-9	8.87222805533132e-6	11.929071426391602	0.8131417	0.9324324	0.11929070949554443
chr1	11013500	11014000	*	7.48099360495643e-9	9.06565179418878e-6	12.744749069213867	0.5994898	0.7269373	0.1274474859237671
chr12	128799500	128800000	*	7.662202255262895e-9	9.275672469959277e-6	-15.706003189086914	0.80375427	0.64669424	-0.15706002712249756
chr7	156169500	156170000	*	7.74866412571024e-9	9.370680575621272e-6	18.778980255126953	0.602	0.7897898	0.18778979778289795
chr15	60079000	60079500	*	7.814300216964137e-9	9.440333893180939e-6	11.282360076904297	0.8158784	0.928702	0.11282360553741455
chr1	175158000	175158500	*	7.864818962625935e-9	9.491599779460643e-6	20.08233070373535	0.25775656	0.45857987	0.20082330703735352
chr16	35459500	35460000	*	7.899082724651896e-9	9.523163328628632e-6	-15.612140655517578	0.55157596	0.39545456	-0.1561214029788971
chr3	90572500	90573000	*	7.910906183050472e-9	9.527635766868186e-6	13.856613159179688	0.76978415	0.9083503	0.13856613636016846
chr14	39105000	39105500	*	7.953674199371427e-9	9.569329465169562e-6	-10.518545150756836	0.9672544	0.86206895	-0.10518544912338257
chr11	61482000	61482500	*	8.098629129968904e-9	9.733756443090097e-6	19.6746883392334	0.54656863	0.7433155	0.19674688577651978
chr19	36917000	36917500	*	8.202712426256948e-9	9.848773709848293e-6	-17.539714813232422	0.80094784	0.6255507	-0.17539715766906738
chr8	62456500	62457000	*	8.214722040756663e-9	9.853118563978383e-6	-10.650814056396484	0.9723618	0.86585367	-0.10650813579559326
chr10	21097500	21098000	*	8.2966564185871e-9	9.941239972221685e-6	18.02130699157715	0.21167883	0.3918919	0.180213063955307
chr7	137991000	137991500	*	8.417592090581851e-9	0.000010075866313050421	12.748360633850098	0.7092511	0.8367347	0.12748360633850098
chr16	78665500	78666000	*	8.528187795042504e-9	0.000010187479902167875	-17.658878326416016	0.80290455	0.6263158	-0.176588773727417
chr12	38078500	38079000	*	8.74990763166146e-9	0.000010431115772324389	-17.54385757446289	0.75119615	0.57575756	-0.17543858289718628
chr20	47964000	47964500	*	8.876368172865498e-9	0.000010571142330560541	-12.018609046936035	0.9315069	0.8113208	-0.12018609046936035
chr20	48761000	48761500	*	8.991814342375162e-9	0.00001069778108008994	15.00750732421875	0.7157258	0.86580086	0.15007507801055908
chrUn_KI270742v1	134000	134500	*	9.014181877102185e-9	0.000010713537634253298	-16.57354164123535	0.53962266	0.37388724	-0.1657354235649109
chr2	20579000	20579500	*	9.109741814501997e-9	0.000010816165018820512	22.567964553833008	0.21383648	0.43951613	0.2256796509027481
chr1	4357500	4358000	*	9.369385215845212e-9	0.000011113207620997946	14.244895935058594	0.74121994	0.8836689	0.14244896173477173
chr11	126601000	126601500	*	9.481520799540345e-9	0.000011234865439986525	19.639087677001953	0.4605598	0.65695065	0.19639086723327637
chr12	2163500	2164000	*	9.622302320862377e-9	0.000011367269093250718	12.099123001098633	0.8403614	0.96135265	0.12099123001098633
chr5	123030000	123030500	*	9.612504081887827e-9	0.000011367269093250718	14.87761116027832	0.6647287	0.8135048	0.148776113986969
chr7	51236500	51237000	*	9.614574151524801e-9	0.000011367269093250718	21.463024139404297	0.6112957	0.82592595	0.21463024616241455
chr15	27027000	27027500	*	9.641634264283862e-9	0.000011378659465235617	20.876237869262695	0.46041057	0.66917294	0.20876237750053406
chr7	146145000	146145500	*	9.672532758159515e-9	0.000011403663626035017	13.758140563964844	0.76180255	0.89938396	0.13758140802383423
chrX	1583000	1583500	*	9.737294066723913e-9	0.00001146850095908033	13.54193115234375	0.63164896	0.76706827	0.1354193091392517
chr13	46377500	46378000	*	9.779751564155747e-9	0.000011506965443108616	14.19212818145752	0.7741935	0.9161148	0.1419212818145752
chr11	114210000	114210500	*	9.826232293579645e-9	0.000011538531880594247	20.041898727416992	0.3220859	0.52250487	0.20041897892951965
chr16	73126500	73127000	*	9.839015728048844e-9	0.000011542000929857322	14.2047119140625	0.13706563	0.27911276	0.14204712212085724
chr12	24284000	24284500	*	9.98211778738535e-9	0.000011698185298183178	17.3985595703125	0.7482759	0.9222615	0.17398560047149658
chr1	214143500	214144000	*	1.0139318141402632e-8	0.000011868539840130735	21.618703842163086	0.35656837	0.5727554	0.2161870300769806
chr15	71592500	71593000	*	1.0147696672699915e-8	0.000011868539840130735	16.8332576751709	0.6358149	0.8041475	0.16833257675170898
chr20	53778000	53778500	*	1.028516678812705e-8	0.000012017352619196509	12.23892593383789	0.8121086	0.93449783	0.12238925695419312
chr4	42121500	42122000	*	1.032098727816041e-8	0.00001204721856787086	16.883039474487305	0.754717	0.9235474	0.16883039474487305
chr18	7307500	7308000	*	1.0544271039649035e-8	0.000012295625245755906	12.445295333862305	0.79831934	0.9227723	0.12445294857025146
chr1	30964500	30965000	*	1.0641655785997433e-8	0.000012389072609289386	16.104061126708984	0.6700405	0.8310811	0.16104060411453247
chr5	157862000	157862500	*	1.0645509132382313e-8	0.000012389072609289386	10.166913032531738	0.86885244	0.97052157	0.10166913270950317
chr3	90509000	90509500	*	1.06719207745977e-8	0.00001240751321280945	12.546873092651367	0.7740113	0.89948004	0.12546873092651367
chr14	91899000	91899500	*	1.0718259072263025e-8	0.000012449061782074615	13.352274894714355	0.77272725	0.90625	0.13352274894714355
chr8	134837500	134838000	*	1.08137894851495e-8	0.000012547607522976958	12.199979782104492	0.8459302	0.96793	0.12199980020523071
chr5	136055500	136056000	*	1.083346811401231e-8	0.000012558032182254558	13.220918655395508	0.7921811	0.92439026	0.1322091817855835
chr16	82999500	83000000	*	1.1030495440883743e-8	0.000012773814117772448	11.926287651062012	0.807611	0.92687386	0.11926287412643433
chr7	50321500	50322000	*	1.1102941012263333e-8	0.000012838140861493474	14.34343433380127	0.06363636	0.20707071	0.1434343457221985
chr8	25373500	25374000	*	1.1107909092616248e-8	0.000012838140861493474	14.742189407348633	0.7957958	0.9432177	0.14742189645767212
chr8	116207000	116207500	*	1.119359055570446e-8	0.000012924447648731965	18.7136287689209	0.6969697	0.884106	0.18713629245758057
chr7	38746500	38747000	*	1.1213254041478122e-8	0.000012934433461923397	11.445724487304688	0.7846656	0.89912283	0.11445724964141846
chr19	55226500	55227000	*	1.1382944918537558e-8	0.000013117285705742959	21.107805252075195	0.6893204	0.90039843	0.21107804775238037
chr12	31008500	31009000	*	1.1584134894813758e-8	0.000013336042228739425	15.9088134765625	0.77160496	0.9306931	0.159088134765625
chr5	138492500	138493000	*	1.1664858013777502e-8	0.000013415820608758416	17.98856544494629	0.39807692	0.5779626	0.1798856556415558
chr10	119702000	119702500	*	1.1694498198959271e-8	0.000013436749575453539	-21.348398208618164	0.55927837	0.34579438	-0.213483989238739
chr5	2464500	2465000	*	1.1995511724143374e-8	0.000013753799230315781	16.719955444335938	0.6962025	0.86340207	0.16719955205917358
chr12	108843000	108843500	*	1.2083664193362916e-8	0.000013829765446754338	10.67007827758789	0.85010266	0.95680344	0.10670077800750732
chr5	168969000	168969500	*	1.2151842719064314e-8	0.000013894253678289215	-14.600217819213867	0.92265195	0.7766498	-0.1460021734237671
chr2	232255500	232256000	*	1.2174889959237614e-8	0.000013907064137893426	15.164857864379883	0.7835366	0.9351852	0.15164858102798462
chr20	62663000	62663500	*	1.2203999859736684e-8	0.000013926768189790747	18.84284019470215	0.60552764	0.79395604	0.18842840194702148
chr3	65240500	65241000	*	1.2530343715008736e-8	0.00001427144165867966	16.834735870361328	0.68321514	0.8515625	0.16834735870361328
chr8	48007000	48007500	*	1.259550646004046e-8	0.000014317884051068916	-15.345358848571777	0.9491525	0.79569894	-0.15345358848571777
chr2	45263000	45263500	*	1.2621304281401096e-8	0.000014333334161382484	18.29328727722168	0.14018692	0.3231198	0.18293286859989166
chr22	33633500	33634000	*	1.270970012479257e-8	0.000014419774926704032	15.464478492736816	0.72786176	0.88250655	0.15464478731155396
chr7	21169000	21169500	*	1.2762380615839358e-8	0.000014465567120843913	13.84585189819336	0.26536313	0.40382165	0.1384585201740265
chr11	51257500	51258000	*	1.278333685902181e-8	0.00001447534770819791	-14.912879943847656	0.7815275	0.6323987	-0.14912879467010498
chr9	130757000	130757500	*	1.2806354569583258e-8	0.000014487441526175046	20.990020751953125	0.6056338	0.815534	0.20990020036697388
chr3	158915500	158916000	*	1.2891147667281495e-8	0.000014554813308308003	21.066787719726562	0.25835866	0.46902654	0.21066787838935852
chr8	52849000	52849500	*	1.2903093403620525e-8	0.000014554813308308003	-10.58078384399414	0.9334501	0.82764226	-0.1058078408241272
chr9	123982000	123982500	*	1.2898238525561078e-8	0.000014554813308308003	16.40590476989746	0.6487069	0.81276596	0.16405904293060303
chr12	3732000	3732500	*	1.3019349139625546e-8	0.000014657789915626475	20.695505142211914	0.44444445	0.6513995	0.20695504546165466
chr5	173633500	173634000	*	1.3008257993089094e-8	0.000014657789915626475	11.316514015197754	0.7898449	0.90301	0.11316514015197754
chr18	23857500	23858000	*	1.3038479194892242e-8	0.000014665266764785223	12.708580017089844	0.77861166	0.90569746	0.12708580493927002
chr10	56752000	56752500	*	1.3107331887434079e-8	0.00001472860222724839	-15.227574348449707	0.9263804	0.77410465	-0.15227574110031128
chr15	27718000	27718500	*	1.3136039174469115e-8	0.000014746748650988293	15.369534492492676	0.796875	0.95057034	0.15369534492492676
chr10	2901000	2901500	*	1.336643719348821e-8	0.000014962484085749359	-16.62958335876465	0.7208413	0.55454546	-0.1662958264350891
chr11	116166500	116167000	*	1.3357102156377186e-8	0.000014962484085749359	19.12598991394043	0.38967136	0.58093125	0.19125989079475403
chr21	44518500	44519000	*	1.3421888198703439e-8	0.00001501024723088867	17.048770904541016	0.63829786	0.80878556	0.17048770189285278
chr4	17723500	17724000	*	1.3449939130697535e-8	0.000015027306016874049	12.281095504760742	0.82281554	0.9456265	0.122810959815979
chr3	72891000	72891500	*	1.3543081246074725e-8	0.000015116988115830051	-14.263197898864746	0.29078013	0.14814815	-0.14263197779655457
chr7	106523500	106524000	*	1.3665166110076946e-8	0.000015238775523349226	20.157028198242188	0.504	0.7055703	0.2015702724456787
chr2	195513500	195514000	*	1.3816785749992824e-8	0.000015393236433790392	12.567549705505371	0.82051283	0.94618833	0.1256754994392395
chr1	169095500	169096000	*	1.3868411884062274e-8	0.00001542149015355606	17.286163330078125	0.62666667	0.7995283	0.17286163568496704
chr5	2244000	2244500	*	1.3860784673320146e-8	0.00001542149015355606	-18.699186325073242	0.85365856	0.6666667	-0.1869918704032898
chr1	20124000	20124500	*	1.3942433330465124e-8	0.0000154750652059268	22.90862274169922	0.53281856	0.7619048	0.22908622026443481
chr15	38867500	38868000	*	1.3942948643203244e-8	0.0000154750652059268	19.813316345214844	0.63258785	0.830721	0.1981331706047058
chr4	8478500	8479000	*	1.418186350436821e-8	0.00001571053459897397	16.57179069519043	0.68241966	0.84813756	0.16571789979934692
chr18	23159500	23160000	*	1.4330869196247989e-8	0.000015860638831901763	14.874005317687988	0.6277873	0.77652735	0.14874005317687988
chr1	245516500	245517000	*	1.4491045269596957e-8	0.000015998001971396823	19.584178924560547	0.60588235	0.80172414	0.19584178924560547
chr15	81644500	81645000	*	1.4474215346137579e-8	0.000015998001971396823	15.120911598205566	0.74651814	0.89772725	0.15120911598205566
chr2	223055000	223055500	*	1.4495855338065586e-8	0.000015998001971396823	-19.134517669677734	0.58247423	0.39112905	-0.1913451850414276
chr16	60510500	60511000	*	1.4552394425989815e-8	0.00001604531978767507	16.699317932128906	0.29541284	0.462406	0.1669931709766388
chr18	57533500	57534000	*	1.4635293271968198e-8	0.000016121585559995153	17.863529205322266	0.385567	0.5642023	0.17863529920578003
chr11	52688000	52688500	*	1.4966497521021182e-8	0.00001647097417623176	-14.23645305633545	0.5532688	0.41090426	-0.1423645317554474
chr9	111276500	111277000	*	1.560535196126209e-8	0.000017157967587385484	16.84354591369629	0.37672585	0.5451613	0.1684354543685913
chr8	62868500	62869000	*	1.568498163927906e-8	0.00001722938743664785	-10.239739418029785	0.13043478	0.028037382	-0.10239739716053009
chr15	17057000	17057500	*	1.622908438384602e-8	0.00001779377420206	-17.119359970092773	0.6571936	0.486	-0.17119359970092773
chr1	207638500	207639000	*	1.6276204363724178e-8	0.000017828790283337712	14.872503280639648	0.7315271	0.8802521	0.14872503280639648
chr3	194739500	194740000	*	1.6346737533100315e-8	0.00001788936376714195	16.688983917236328	0.73802817	0.904918	0.16688984632492065
chr3	62142000	62142500	*	1.6405873972313948e-8	0.000017937363835178244	14.409571647644043	0.72307694	0.86717266	0.14409571886062622
chr1	4301500	4302000	*	1.6422134265082557e-8	0.000017938439570090525	14.424628257751465	0.8052805	0.9495268	0.14424628019332886
chr10	99451500	99452000	*	1.6511845541122442e-8	0.000018019671674188993	-19.780391693115234	0.5364706	0.33866668	-0.19780391454696655
chr8	67027500	67028000	*	1.6923332065018562e-8	0.000018419082239221158	-19.45154571533203	0.6892523	0.49473685	-0.19451546669006348
chr8	143759500	143760000	*	1.6924891919935507e-8	0.000018419082239221158	13.124359130859375	0.7737069	0.9049505	0.13124358654022217
chr4	58306500	58307000	*	1.694821359829734e-8	0.00001842738463287911	15.757351875305176	0.7765958	0.9341693	0.15757352113723755
chr15	39230500	39231000	*	1.6995248276267416e-8	0.0000184614303888929	22.415267944335938	0.36129034	0.585443	0.22415268421173096
chr6	169546000	169546500	*	1.7022104370989583e-8	0.000018473514079916346	15.762072563171387	0.73655915	0.8941799	0.15762072801589966
chr21	33888500	33889000	*	1.737695754584661e-8	0.00001884121090846791	13.352882385253906	0.7955665	0.9290953	0.13352882862091064
chr19	47448500	47449000	*	1.7762242818372315e-8	0.000019241195320494686	22.970529556274414	0.41754386	0.64724916	0.2297053039073944
chr21	35294000	35294500	*	1.7914468222746174e-8	0.00001936279135744069	-12.304269790649414	0.89668614	0.77364343	-0.12304270267486572
chr9	89995500	89996000	*	1.7906929108513622e-8	0.00001936279135744069	16.590272903442383	0.7164502	0.88235295	0.1659027338027954
chr12	132452500	132453000	*	1.7961710211115725e-8	0.000019367935637359347	20.76074981689453	0.6569343	0.8645418	0.20760750770568848
chr21	37271500	37272000	*	1.7946838119358152e-8	0.000019367935637359347	13.421648979187012	0.80798006	0.94219655	0.13421648740768433
chr12	124497500	124498000	*	1.800013425734026e-8	0.0000193915611493173	15.378517150878906	0.67164177	0.82542694	0.15378516912460327
chr2	107808000	107808500	*	1.8292503656508732e-8	0.000019688468156447875	13.338327407836914	0.7647059	0.8980892	0.13338327407836914
chr12	64839500	64840000	*	1.8488562020619036e-8	0.00001988126544066673	11.94896125793457	0.7366255	0.8561151	0.11948961019515991
chr16	84840000	84840500	*	1.8513949132525633e-8	0.000019890350302343354	18.43733787536621	0.38358778	0.56796116	0.1843733787536621
chr2	127425000	127425500	*	1.8655773363552787e-8	0.000020024397731571087	19.370594024658203	0.3874459	0.58115184	0.1937059462070465
chr8	25002000	25002500	*	1.8731373642471702e-8	0.000020087182968640672	19.930377960205078	0.4673629	0.6666667	0.1993037760257721
chr7	142857500	142858000	*	1.8809169599308683e-8	0.000020152206090643262	17.552488327026367	0.70469797	0.88022286	0.17552489042282104
chr1	43914000	43914500	*	1.926145240979999e-8	0.00002059919361004273	14.03759765625	0.7124542	0.8528302	0.14037597179412842
chr17	79955000	79955500	*	1.934555116243234e-8	0.000020670307749677413	12.139433860778809	0.7629032	0.88429755	0.1213943362236023
chr17	3792500	3793000	*	1.949800066699469e-8	0.000020814257515658043	-17.04372787475586	0.79867256	0.6282353	-0.1704372763633728
chr12	121980500	121981000	*	1.9716505640062605e-8	0.000021028396439499215	14.114057540893555	0.72747254	0.8686131	0.14114058017730713
chr22	19729000	19729500	*	1.978292642989649e-8	0.00002108009040264736	21.58916664123535	0.59766763	0.8135593	0.21589165925979614
chr8	106199000	106199500	*	1.9920769334200905e-8	0.00002120772688743435	19.455951690673828	0.4536817	0.6482412	0.1945595145225525
chr15	100714500	100715000	*	2.003881012592864e-8	0.00002131406983772891	15.379190444946289	0.68430334	0.83809525	0.1537919044494629
chr2	45083000	45083500	*	2.013054181056483e-8	0.000021392262231122384	21.413602828979492	0.49068323	0.70481926	0.2141360342502594
chr16	10805500	10806000	*	2.0265863611159928e-8	0.000021516593555437102	16.773128509521484	0.65217394	0.8199052	0.16773128509521484
chr2	134544500	134545000	*	2.0290007147779033e-8	0.00002152276713038547	16.398155212402344	0.7679181	0.93189967	0.16398155689239502
chr7	124100000	124100500	*	2.0317910665354427e-8	0.000021532914388156822	11.790472030639648	0.83770883	0.95561355	0.11790472269058228
chr5	135429500	135430000	*	2.0445880855575716e-8	0.0000216489983423865	-16.71087074279785	0.88505745	0.71794873	-0.1671087145805359
chr7	63777500	63778000	*	2.1240555283895528e-8	0.00002247017294284378	-10.184717178344727	0.8892372	0.78739005	-0.10184717178344727
chr13	92938500	92939000	*	2.1490064788099045e-8	0.000022713663814530702	17.80179214477539	0.5490654	0.7270833	0.17801791429519653
chr17	79408000	79408500	*	2.182428203547016e-8	0.000023046167063315756	16.577880859375	0.5254833	0.6912621	0.16577881574630737
chr3	90493000	90493500	*	2.1881867909124533e-8	0.000023086216035249557	10.664712905883789	0.8170056	0.9236527	0.10664713382720947
chr11	4993000	4993500	*	2.225264955120014e-8	0.000023448621001083476	-12.145394325256348	0.93473196	0.813278	-0.12145394086837769
chr14	104342500	104343000	*	2.2265304912726227e-8	0.000023448621001083476	17.477453231811523	0.6989796	0.87375414	0.17477452754974365
chr19	3927000	3927500	*	2.2569666461510053e-8	0.000023747859677204184	10.721034049987793	0.84075344	0.9479638	0.10721033811569214
chr2	118696500	118697000	*	2.3140258544616976e-8	0.000024304681322079466	18.87413215637207	0.5729167	0.761658	0.18874132633209229
chr19	18719000	18719500	*	2.3284334726244794e-8	0.000024434152213557426	13.73913288116455	0.81333333	0.95072466	0.1373913288116455
chr22	20000500	20001000	*	2.3466191032696472e-8	0.00002460300227649294	20.24448585510254	0.5181818	0.72062665	0.20244485139846802
chr1	63001000	63001500	*	2.3611967729546635e-8	0.00002471171301440461	11.718564987182617	0.76373625	0.8809219	0.11718565225601196
chr10	44399000	44399500	*	2.3611291409386524e-8	0.00002471171301440461	19.155920028686523	0.6727941	0.8643533	0.19155919551849365
chr16	68909000	68909500	*	2.407165515722289e-8	0.000025170377240970823	16.40826988220215	0.69920844	0.86329114	0.16408270597457886
chr18	9628000	9628500	*	2.4530146833281188e-8	0.00002562697612113443	15.409671783447266	0.7659033	0.92	0.15409672260284424
chr2	66632000	66632500	*	2.4820126279000967e-8	0.000025883864870450372	11.37099838256836	0.84158415	0.95529413	0.11370998620986938
chr9	135355500	135356000	*	2.4799958830132648e-8	0.000025883864870450372	12.066661834716797	0.7435484	0.864215	0.12066662311553955
chr5	10117500	10118000	*	2.5649728813566144e-8	0.000026725287717090108	17.1290225982666	0.75932205	0.93061227	0.17129021883010864
chr3	430000	430500	*	2.5784764810451576e-8	0.000026832355669471522	-12.784934043884277	0.92127657	0.7934272	-0.12784934043884277
chr7	3014500	3015000	*	2.579818877183153e-8	0.000026832355669471522	12.483203887939453	0.80786026	0.9326923	0.12483203411102295
chr15	81953000	81953500	*	2.6016111481034205e-8	0.00002703506817300554	14.929855346679688	0.7236181	0.87291664	0.1492985486984253
chr8	140139500	140140000	*	2.612019885150425e-8	0.000027119232946922794	11.923641204833984	0.74743026	0.8666667	0.11923640966415405
chr1	5478500	5479000	*	2.6246845066285427e-8	0.000027202619412044298	16.239940643310547	0.6971047	0.8595041	0.16239941120147705
chr12	113819000	113819500	*	2.62462890959188e-8	0.000027202619412044298	16.26217269897461	0.64806867	0.8106904	0.16262173652648926
chr2	149218000	149218500	*	2.642825659189096e-8	0.000027366483006243998	-10.386758804321289	0.955414	0.8515464	-0.10386759042739868
chr1	3271000	3271500	*	2.649150350644744e-8	0.000027407806100858116	16.147846221923828	0.47172618	0.63320464	0.1614784598350525
chr3	182184000	182184500	*	2.6744056635613357e-8	0.000027644738078188443	-19.532363891601562	0.50797874	0.3126551	-0.195323646068573
chr15	92306500	92307000	*	2.6906226420120204e-8	0.000027770975279569713	16.66980743408203	0.12166172	0.2883598	0.16669806838035583
chr19	7213500	7214000	*	2.6937130378017354e-8	0.000027770975279569713	14.133238792419434	0.6632653	0.8045977	0.14133238792419434
chr6	2690000	2690500	*	2.693039230075775e-8	0.000027770975279569713	10.25715446472168	0.819403	0.92197454	0.10257154703140259
chr5	51796500	51797000	*	2.7025357935163556e-8	0.00002783749364756955	-14.186042785644531	0.9	0.75813955	-0.14186042547225952
chr15	74040500	74041000	*	2.7050725916324908e-8	0.000027839203604778137	24.9151554107666	0.48161766	0.7307692	0.2491515576839447
chr1	19367500	19368000	*	2.7177334318420725e-8	0.000027920561891583623	12.572592735290527	0.7723133	0.8980392	0.12572592496871948
chr9	115462500	115463000	*	2.7171599960982302e-8	0.000027920561891583623	-15.326237678527832	0.9077381	0.7544757	-0.15326237678527832
chr2	87500000	87500500	*	2.7403312729290505e-8	0.000028128111187824483	17.467737197875977	0.61340207	0.78807944	0.17467737197875977
chr2	134502500	134503000	*	2.7696741680785586e-8	0.00002837968629371372	20.168447494506836	0.63432837	0.83601284	0.20168447494506836
chr9	81596000	81596500	*	2.7692767783498416e-8	0.00002837968629371372	18.256507873535156	0.24528302	0.4278481	0.18256507813930511
chr11	133029000	133029500	*	2.7954272161047215e-8	0.000028618594349857873	17.104434967041016	0.22045454	0.3914989	0.17104434967041016
chr11	117109000	117109500	*	2.8237991457176363e-8	0.00002888387401787544	-12.62398910522461	0.94087404	0.81463414	-0.12623989582061768
chr13	105929500	105930000	*	2.8341850289218555e-8	0.00002896487766485396	-14.919090270996094	0.9558824	0.80669147	-0.14919090270996094
chr19	33124500	33125000	*	2.8479578497803776e-8	0.00002908032425015136	-16.126590728759766	0.83116883	0.6699029	-0.16126590967178345
chr22	16595000	16595500	*	2.8537683730717978e-8	0.000029114338333853548	-21.499073028564453	0.77351916	0.5585284	-0.2149907350540161
chr13	103828500	103829000	*	2.8784151873174723e-8	0.000029340295668654863	-14.727240562438965	0.92011833	0.7728459	-0.14727240800857544
chr12	13608000	13608500	*	2.9134576441758754e-8	0.00002964602206529181	-10.655927658081055	0.9512195	0.8446602	-0.10655927658081055
chr3	90579000	90579500	*	2.925922279077995e-8	0.00002974707916524301	11.205154418945312	0.79816514	0.9102167	0.11205154657363892
chr20	24483500	24484000	*	2.933497095543101e-8	0.000029798290937874143	10.764473915100098	0.84741145	0.9550562	0.10764473676681519
chr5	14266000	14266500	*	2.9687066959737035e-8	0.000030103865176171756	17.471694946289062	0.6738545	0.8485714	0.17471694946289062
chr22	33773500	33774000	*	2.9893539440011724e-8	0.000030287081825495503	14.784330368041992	0.7902098	0.9380531	0.14784330129623413
chr1	25790500	25791000	*	3.018681261528263e-8	0.00003055785017930737	14.381790161132812	0.7579909	0.9018088	0.14381790161132812
chr3	126969500	126970000	*	3.029219329643136e-8	0.00003063811396716701	20.086040496826172	0.43360433	0.63446474	0.2008604109287262
chr1	62338500	62339000	*	3.0763964612172236e-8	0.00003104649243031174	19.051939010620117	0.36639118	0.5569106	0.19051939249038696
chr2	16077000	16077500	*	3.076864443254396e-8	0.00003104649243031174	16.062164306640625	0.7608069	0.92142856	0.16062164306640625
chr21	22396500	22397000	*	3.077527867715856e-8	0.00003104649243031174	-18.29888153076172	0.9230769	0.7400881	-0.18298882246017456
chr10	112762000	112762500	*	3.106006550559826e-8	0.00003130689304761614	-12.948667526245117	0.94285715	0.81337047	-0.12948668003082275
chr4	7274000	7274500	*	3.123941491768101e-8	0.00003146066284940504	19.84577178955078	0.6933333	0.89179105	0.1984577178955078
chr19	54289000	54289500	*	3.141556261548433e-8	0.00003161094749420171	21.659629821777344	0.5555556	0.7721519	0.2165963053703308
chr7	158508000	158508500	*	3.164215527236062e-8	0.00003181169003922229	13.996112823486328	0.7869318	0.92689294	0.1399611234664917
chr9	103823500	103824000	*	3.175232075567441e-8	0.00003189513829419737	13.252615928649902	0.8125	0.94502616	0.13252615928649902
chr13	42855500	42856000	*	3.181593974154468e-8	0.000031931728007715184	20.367326736450195	0.47540984	0.6790831	0.20367327332496643
chr14	20558500	20559000	*	3.2102281646829006e-8	0.000032191597815578254	18.27234649658203	0.67536235	0.8580858	0.18272346258163452
chr22	43250000	43250500	*	3.221782930059417e-8	0.00003227990085226716	12.686043739318848	0.79431075	0.9211712	0.12686043977737427
chr16	31182500	31183000	*	3.268232825251152e-8	0.00003271737886542001	17.587656021118164	0.4488889	0.62476546	0.17587655782699585
chr1	10218500	10219000	*	3.296259478649957e-8	0.00003296983869574567	11.771267890930176	0.75986844	0.8775811	0.11771267652511597
chr11	16778500	16779000	*	3.316233164096485e-8	0.00003314138998132434	14.344644546508789	0.77363896	0.9170854	0.1434464454650879
chr19	42173500	42174000	*	3.3279781791220183e-8	0.00003323048469948523	17.57575798034668	0.6727273	0.8484849	0.17575758695602417
chr11	118305500	118306000	*	3.338338842800487e-8	0.00003330561676184549	17.299938201904297	0.5746421	0.7476415	0.17299938201904297
chr17	57698000	57698500	*	3.427498623223939e-8	0.00003416610932351186	25.133026123046875	0.5276753	0.7790055	0.25133025646209717
chr16	87947000	87947500	*	3.4482487329770345e-8	0.00003434379695240158	12.857967376708984	0.7817048	0.91028446	0.12857967615127563
chr3	90712500	90713000	*	3.470234279104767e-8	0.00003453347766197462	12.638765335083008	0.7126437	0.83903134	0.12638765573501587
chr20	43365500	43366000	*	3.474292487285113e-8	0.000034544587193348375	15.697461128234863	0.69617224	0.85314685	0.15697461366653442
chr7	5174500	5175000	*	3.4808190168638414e-8	0.00003458019946788918	14.963001251220703	0.6571429	0.8067729	0.14963001012802124
chr2	176239000	176239500	*	3.4956711644988316e-8	0.00003469839247913837	13.928926467895508	0.8011869	0.9404762	0.1392892599105835
chr4	3179000	3179500	*	3.527911230729342e-8	0.00003498883434099473	14.128721237182617	0.7866667	0.9279539	0.1412872076034546
chr14	66136000	66136500	*	3.601242468489935e-8	0.00003568597281488653	17.258066177368164	0.67741936	0.85	0.17258065938949585
chr16	58247000	58247500	*	3.648915843492505e-8	0.000036127897306474046	16.16767120361328	0.58349705	0.74517375	0.16167670488357544
chr20	25394000	25394500	*	3.6868010523240766e-8	0.000036472246251895244	21.626296997070312	0.28373703	0.5	0.21626296639442444
chr6	1136000	1136500	*	3.7489921486953026e-8	0.00003705626281601556	-20.188230514526367	0.768254	0.5663717	-0.20188230276107788
chr6	168377500	168378000	*	3.7555862969309834e-8	0.00003709022080623703	10.315359115600586	0.8067701	0.9099237	0.10315358638763428
chr10	100771500	100772000	*	3.7712650397470974e-8	0.00003721376590792728	12.11375617980957	0.7975904	0.91872793	0.12113755941390991
chr17	33937000	33937500	*	3.783333515404609e-8	0.000037301508372224906	-12.647432327270508	0.9723077	0.84583336	-0.1264743208885193
chr16	84384000	84384500	*	3.7930761424600044e-8	0.000037366191316214764	13.275164604187012	0.7442827	0.87703437	0.13275164365768433
chr20	61648500	61649000	*	3.7988305836095334e-8	0.00003739151050669038	10.170716285705566	0.86283183	0.964539	0.10170716047286987
chr17	73596000	73596500	*	3.813408089693444e-8	0.00003750355910039568	20.094829559326172	0.6440129	0.8449612	0.2009482979774475
chr6	120937500	120938000	*	3.830679618649774e-8	0.000037641892783568585	-12.968551635742188	0.9496855	0.82	-0.12968552112579346
chr16	17416000	17416500	*	3.851755543939089e-8	0.000037817347504304575	18.882503509521484	0.45247933	0.6413044	0.18882504105567932
chr1	246942500	246943000	*	3.879171720995269e-8	0.00003805470699041322	10.977066040039062	0.86538464	0.9751553	0.10977065563201904
chr11	135065000	135065500	*	3.883098779736031e-8	0.0000380614341143178	-14.862007141113281	0.9433962	0.79477614	-0.14862006902694702
chr11	52574500	52575000	*	3.9387695993417824e-8	0.000038574910026554486	-16.891366958618164	0.74943054	0.5805169	-0.16891366243362427
chr7	19701500	19702000	*	3.942369485777893e-8	0.000038577990896921475	-10.26623249053955	0.95703125	0.8543689	-0.10266232490539551
chr20	15716000	15716500	*	3.985120029075043e-8	0.000038963855746058304	-17.105710983276367	0.75592417	0.58486706	-0.1710571050643921
chr2	176589000	176589500	*	4.0193466681791885e-8	0.000039233166915068635	19.178081512451172	0.6	0.7917808	0.19178080558776855
chr4	23119500	23120000	*	4.0170018863245e-8	0.000039233166915068635	-10.919493675231934	0.9337232	0.8245283	-0.10919493436813354
chr8	96339000	96339500	*	4.042027858736434e-8	0.00003942179027694458	18.226926803588867	0.58638746	0.76865673	0.18226927518844604
chr10	31187500	31188000	*	4.1022738380728577e-8	0.000039909924379020364	19.578779220581055	0.6298701	0.8256579	0.19578778743743896
chr1	19209000	19209500	*	4.1546080757863426e-8	0.00004038561067762184	12.610465049743652	0.07482993	0.20093457	0.12610465288162231
chr3	58121500	58122000	*	4.162443907833932e-8	0.00004042831313751247	10.785781860351562	0.85067874	0.95853657	0.10785782337188721
chr12	82794000	82794500	*	4.175105202191669e-8	0.00004051777425219161	15.850411415100098	0.13131313	0.28981724	0.15850411355495453
chr10	27915000	27915500	*	4.180063998914201e-8	0.00004053239959733272	-10.327470779418945	0.97354496	0.87027025	-0.10327470302581787
chr1	81470000	81470500	*	4.236764581254413e-8	0.000041048306135764393	19.710859298706055	0.4155496	0.6126582	0.19710859656333923
chr17	36698000	36698500	*	4.281931063082131e-8	0.000041451704915685875	15.291747093200684	0.114349775	0.26726726	0.15291747450828552
chr12	129868000	129868500	*	4.2949422186830426e-8	0.000041543412354417734	-10.859405517578125	0.8663968	0.7578027	-0.10859405994415283
chr1	36710500	36711000	*	4.305815001600218e-8	0.00004161430215760551	-20.20258903503418	0.30932203	0.10729614	-0.2020258903503418
chr2	128312000	128312500	*	4.3205206104908003e-8	0.000041713105709110185	14.273863792419434	0.81543624	0.9581749	0.14273864030838013
chr2	209934000	209934500	*	4.3231427546575874e-8	0.000041713105709110185	-10.249098777770996	0.14030612	0.037815128	-0.10249099135398865
chr2	196637500	196638000	*	4.3910789369666636e-8	0.00004233382241678654	-12.0621976852417	0.8923611	0.7717391	-0.12062197923660278
chr17	34610000	34610500	*	4.4018261285020344e-8	0.00004240262137819969	19.635570526123047	0.55	0.7463557	0.1963557004928589
chr1	104344500	104345000	*	4.460913178790023e-8	0.000042936581864750945	-12.509769439697266	0.9282297	0.803132	-0.12509769201278687
chr22	37442000	37442500	*	4.511974628186692e-8	0.000043392484053605643	19.687498092651367	0.5375	0.734375	0.1968749761581421
chr3	156751500	156752000	*	4.5433053605919236e-8	0.00004365804145759371	13.733783721923828	0.21846154	0.35579938	0.1373378336429596
chr22	42274000	42274500	*	4.639470689865094e-8	0.000044545671082089985	18.897546768188477	0.12820514	0.3171806	0.1889754682779312
chr1	236737000	236737500	*	4.6657412410747106e-8	0.00004470860393558925	12.34988021850586	0.8004386	0.9239374	0.12349879741668701
chr22	17498500	17499000	*	4.681997436088638e-8	0.000044807440467046225	11.792182922363281	0.8278146	0.9457364	0.11792182922363281
chr19	2294000	2294500	*	4.7689959641751696e-8	0.0000456028637044007	12.163639068603516	0.7865854	0.9082218	0.12163639068603516
chr15	95594500	95595000	*	4.801307875505514e-8	0.00004581664709654681	15.899115562438965	0.692494	0.85148513	0.15899115800857544
chr2	2719000	2719500	*	4.799462733411453e-8	0.00004581664709654681	18.104022979736328	0.501182	0.68222225	0.1810402274131775
chr5	152953500	152954000	*	4.822737138132288e-8	0.0000459670265125726	17.95063018798828	0.39631337	0.5758197	0.1795063018798828
chr16	13672500	13673000	*	4.834625408826252e-8	0.00004604296482820354	21.523860931396484	0.46932516	0.68456376	0.21523860096931458
chr17	72107500	72108000	*	4.8442818128852836e-8	0.000046097541920867484	13.582849502563477	0.1367347	0.2725632	0.13582849502563477
chr10	123205000	123205500	*	4.8858186234582664e-8	0.00004641756962091308	14.88155746459961	0.7697595	0.91857505	0.1488155722618103
chr11	48365500	48366000	*	4.9725815319234246e-8	0.00004716553832401726	-15.938817977905273	0.71789885	0.55851066	-0.15938818454742432
chr13	113873500	113874000	*	4.978632398739177e-8	0.000047184817782717264	16.868003845214844	0.48702595	0.655706	0.16868004202842712
chr11	52201000	52201500	*	5.009441918388148e-8	0.0000474385261951825	-15.312564849853516	0.70508474	0.5519591	-0.15312564373016357
chr6	13445000	13445500	*	5.047508649862047e-8	0.00004772204035563372	-20.195039749145508	0.559633	0.35768262	-0.20195040106773376
chr3	135357500	135358000	*	5.108402816237911e-8	0.00004825891290579161	21.497499465942383	0.5482759	0.7632509	0.2149749994277954
chr11	20594000	20594500	*	5.121259908929422e-8	0.00004834148246092962	-13.3580322265625	0.91566265	0.7820823	-0.13358032703399658
chr11	32113000	32113500	*	5.1457936616927814e-8	0.00004853405119351038	18.44314956665039	0.6527778	0.8372093	0.18443149328231812
chr4	76695500	76696000	*	5.184653640402236e-8	0.00004886132435370344	16.12175750732422	0.61388284	0.7751004	0.1612175703048706
chr13	30841000	30841500	*	5.202333036859091e-8	0.000048954850252909175	13.214945793151855	0.76981133	0.9019608	0.13214945793151855
chr6	58361500	58362000	*	5.285273068943831e-8	0.00004965019346713476	-23.205406188964844	0.7201493	0.48809522	-0.23205405473709106
chr11	65412500	65413000	*	5.3249232483614795e-8	0.00004998268364328101	12.383437156677246	0.7630597	0.88689405	0.12383437156677246
chr17	37047000	37047500	*	5.374263365700554e-8	0.00005040552516997445	14.0977201461792	0.70912546	0.85010266	0.14097720384597778
chr19	28131000	28131500	*	5.401611084397918e-8	0.000050621588417740865	-13.78302001953125	0.7951613	0.6573311	-0.1378301978111267
chr1	5365500	5366000	*	5.4125910898156013e-8	0.000050684038181377105	19.249969482421875	0.6734007	0.8659004	0.19249969720840454
chr10	29332500	29333000	*	5.4630218341926445e-8	0.00005107481761923078	21.071142196655273	0.52307695	0.7337884	0.21071141958236694
chr12	55044000	55044500	*	5.459188172129483e-8	0.00005107481761923078	15.871137619018555	0.6345292	0.79324055	0.15871137380599976
chr2	219825000	219825500	*	5.471437873097531e-8	0.00005110562017893738	18.02126121520996	0.6951673	0.8753799	0.1802126169204712
chr20	46295000	46295500	*	5.475020837422715e-8	0.00005110562017893738	19.05023956298828	0.5647059	0.7552083	0.19050240516662598
chr8	42542500	42543000	*	5.480138242043741e-8	0.00005111275752045909	12.804323196411133	0.7324219	0.8604651	0.12804323434829712
chr11	52000500	52001000	*	5.497696586738976e-8	0.00005123582697262648	-19.56038475036621	0.771875	0.5762712	-0.1956038475036621
chr11	117484000	117484500	*	5.57485920958605e-8	0.000051913743265107816	22.54901885986328	0.33333334	0.5588235	0.22549018263816833
chrUn_KI270438v1	69500	70000	*	5.6207033399852566e-8	0.00005229917482253889	-12.67557144165039	0.8495575	0.7228018	-0.1267557144165039
chr7	134703500	134704000	*	5.6616250363572576e-8	0.00005263823034000634	20.49489974975586	0.28531075	0.49025974	0.20494899153709412
chr18	8516500	8517000	*	5.713778820932688e-8	0.0000530810956543574	13.182687759399414	0.7455516	0.87737846	0.13182687759399414
chr2	4093500	4094000	*	5.763771073771044e-8	0.000053503195996397144	18.687421798706055	0.6520147	0.8388889	0.18687421083450317
chr6	158488000	158488500	*	5.858692861172086e-8	0.00005434136620674732	-21.275365829467773	0.7301038	0.51735014	-0.21275365352630615
chr11	96556000	96556500	*	5.88633824301452e-8	0.00005452499168303023	13.885730743408203	0.7932961	0.9321534	0.13885730504989624
chr12	101411000	101411500	*	5.8877767453219254e-8	0.00005452499168303023	-12.540674209594727	0.93643034	0.8110236	-0.12540674209594727
chr19	33755500	33756000	*	6.018026992197405e-8	0.00005555594606763947	14.410286903381348	0.58870965	0.7328125	0.14410287141799927
chr17	77867500	77868000	*	6.030825779826236e-8	0.00005563036463917672	17.248064041137695	0.75	0.92248064	0.17248064279556274
chr7	70896000	70896500	*	6.051812669431352e-8	0.000055780136904090425	17.23771095275879	0.47835052	0.6507276	0.1723771095275879
chr5	62653500	62654000	*	6.146652152465934e-8	0.00005660984677059093	14.03348445892334	0.77567565	0.9160105	0.1403348445892334
chr7	150406000	150406500	*	6.169119257626236e-8	0.00005677084472643278	21.08759880065918	0.26204818	0.47292417	0.2108759880065918
chr19	46931500	46932000	*	6.18194900405204e-8	0.00005680127600626088	13.866454124450684	0.8090278	0.94769233	0.13866454362869263
chr7	69446000	69446500	*	6.187093197343582e-8	0.000056804094477922434	12.352901458740234	0.8343023	0.9578313	0.12352901697158813
chr17	21183500	21184000	*	6.255533424340094e-8	0.000057342780388749025	14.170730590820312	0.7585302	0.9002375	0.14170730113983154
chr2	216553500	216554000	*	6.264522830009212e-8	0.00005738039040031948	14.534723281860352	0.7632242	0.9085714	0.1453472375869751
chr1	212255500	212256000	*	6.302968097232928e-8	0.00005768753477724508	19.9401798248291	0.5942029	0.7936047	0.19940179586410522
chr9	89611500	89612000	*	6.333026727413623e-8	0.00005791750232772014	19.134790420532227	0.5945946	0.7859425	0.1913478970527649
chr3	58041000	58041500	*	6.350774202299604e-8	0.00005803461021979711	18.327743530273438	0.6872727	0.87055016	0.183277428150177
chr17	63138500	63139000	*	6.363655890628458e-8	0.00005810710605612436	19.0	0.445	0.635	0.1899999976158142
chr1	38624500	38625000	*	6.373405311244734e-8	0.00005815091044266993	-16.973865509033203	0.85595566	0.686217	-0.16973865032196045
chr22	40310000	40310500	*	6.403801879052298e-8	0.000058382884991399016	-16.25788116455078	0.8772455	0.71466666	-0.16257882118225098
chr9	42792000	42792500	*	6.415686672481586e-8	0.000058445860361946326	16.1099853515625	0.74113476	0.9022346	0.1610998511314392
chr13	25277000	25277500	*	6.453157238806704e-8	0.000058741639635090566	13.015789031982422	0.7914573	0.9216152	0.13015788793563843
chr10	131878000	131878500	*	6.509167397230662e-8	0.00005911401306680033	17.6157169342041	0.5930736	0.7692308	0.1761571764945984
chr2	118636000	118636500	*	6.515711459184406e-8	0.00005912771488901825	18.90546989440918	0.33333334	0.52238804	0.1890546977519989
chr3	90661500	90662000	*	6.547213108640143e-8	0.00005936770170290005	10.083693504333496	0.8263254	0.92716235	0.10083693265914917
chr5	172532500	172533000	*	6.553383554664193e-8	0.00005937780143621038	-18.82818603515625	0.63106793	0.44278607	-0.1882818639278412
chr3	713500	714000	*	6.592793036222941e-8	0.00005968882008580631	-14.524537086486816	0.9313725	0.78612715	-0.14524537324905396
chr2	97908000	97908500	*	6.59937480112034e-8	0.00005970237792922934	-16.162872314453125	0.8947368	0.7331081	-0.16162872314453125
chr15	73225500	73226000	*	6.706716209271664e-8	0.00006062675259789781	15.262895584106445	0.7788779	0.9315069	0.15262895822525024
chr20	19516500	19517000	*	6.756620571212919e-8	0.00006098397969801183	16.619800567626953	0.72727275	0.89347076	0.1661980152130127
chr8	22239000	22239500	*	6.754989133497933e-8	0.00006098397969801183	17.08854103088379	0.45564517	0.6265306	0.17088541388511658
chr17	65438500	65439000	*	6.763867753712623e-8	0.00006100250246343378	16.731029510498047	0.7359155	0.9032258	0.16731029748916626
chr12	113474000	113474500	*	6.796639276659014e-8	0.0000612510210570304	11.068526268005371	0.0359116	0.14659686	0.11068525910377502
chr4	8882500	8883000	*	6.805086433004395e-8	0.0000612801164466785	16.785865783691406	0.60633487	0.7741935	0.16785866022109985
chr3	31473500	31474000	*	6.85114472772171e-8	0.00006164759774471295	-16.7576961517334	0.88064516	0.7130682	-0.16757696866989136
chr9	84139000	84139500	*	6.918288073229421e-8	0.00006215650433277913	-15.820137977600098	0.3258427	0.16764133	-0.15820138156414032
chr11	133474500	133475000	*	6.942854353875036e-8	0.00006232952804183939	14.227646827697754	0.7743902	0.9166667	0.14227646589279175
chr22	37779500	37780000	*	6.957698882353667e-8	0.00006241507696099963	22.334348678588867	0.52755904	0.75090253	0.22334349155426025
chr2	60024000	60024500	*	6.984890191814613e-8	0.00006256341103630696	13.837390899658203	0.7668394	0.9052133	0.13837391138076782
chr5	9708000	9708500	*	7.152845051698139e-8	0.0000639215032322447	13.927745819091797	0.5811836	0.7204611	0.13927745819091797
chr10	33596500	33597000	*	7.275144967318805e-8	0.00006491563205952771	19.468801498413086	0.5345345	0.72922254	0.19468802213668823
chr5	167953000	167953500	*	7.298064638060145e-8	0.00006507069693059399	20.40960121154785	0.375	0.579096	0.2040960192680359
chr11	130600000	130600500	*	7.384360684885101e-8	0.00006579017154106077	17.182647705078125	0.5523114	0.7241379	0.17182648181915283
chr6	53530500	53531000	*	7.425408787947642e-8	0.00006610572913205324	-17.274749755859375	0.3451613	0.1724138	-0.17274749279022217
chr4	151561000	151561500	*	7.496160367682339e-8	0.00006668504758359038	-14.528876304626465	0.9061583	0.76086956	-0.14528876543045044
chr3	90538500	90539000	*	7.50560645977493e-8	0.0000667185346725389	13.768381118774414	0.7529412	0.890625	0.13768380880355835
chr11	106461000	106461500	*	7.530112766454608e-8	0.00006688574248798377	13.128047943115234	0.7987421	0.9300226	0.13128048181533813
chr21	41192000	41192500	*	7.644670652285256e-8	0.00006785197030091595	-12.645811080932617	0.93368703	0.8072289	-0.12645810842514038
chr7	64108000	64108500	*	7.652369895001975e-8	0.0000678690073124262	-16.26134490966797	0.83157897	0.6689655	-0.16261345148086548
chr2	112169000	112169500	*	7.72728386038467e-8	0.00006843005197079624	15.213984489440918	0.67447305	0.8266129	0.1521398425102234
chr2	107682000	107682500	*	7.734018783285562e-8	0.00006843808160077873	15.673982620239258	0.720403	0.87714285	0.15673983097076416
chr2	241067000	241067500	*	7.750315092285315e-8	0.00006847907825159344	-14.265966415405273	0.79796267	0.655303	-0.14265966415405273
chr22	33844000	33844500	*	7.748390128830632e-8	0.00006847907825159344	18.806303024291992	0.6666667	0.8547297	0.18806302547454834
chr12	122077500	122078000	*	7.799092076776432e-8	0.00006885824258564918	12.053364753723145	0.67375886	0.7942925	0.12053364515304565
chr20	34186500	34187000	*	7.90165598016168e-8	0.00006971136549926892	15.197896957397461	0.78064513	0.9326241	0.1519789695739746
chr12	130241500	130242000	*	7.926092785880473e-8	0.00006987445842764589	-12.598591804504395	0.9423631	0.81637716	-0.12598592042922974
chr10	48517500	48518000	*	8.187832964967733e-8	0.0000720736758753904	15.674239158630371	0.72922254	0.88596493	0.1567423939704895
chr4	184529000	184529500	*	8.198052692091876e-8	0.00007210958021056496	17.602863311767578	0.2626506	0.43867925	0.17602863907814026
chr16	12092500	12093000	*	8.242556164961869e-8	0.0000723925767924891	-19.018877029418945	0.7222222	0.53203344	-0.19018876552581787
chr5	179204500	179205000	*	8.254895952370036e-8	0.00007244676839490385	11.815595626831055	0.6828644	0.8010204	0.11815595626831055
chr7	46838500	46839000	*	8.287004447342417e-8	0.00007262000946512995	16.380870819091797	0.7130682	0.8768769	0.1638087034225464
chr10	91889500	91890000	*	8.319169653085036e-8	0.00007284751318786226	16.233354568481445	0.65429235	0.8166259	0.16233354806900024
chr12	89363000	89363500	*	8.404680665837736e-8	0.00007348669776102225	13.576531410217285	0.7775	0.9132653	0.13576531410217285
chr18	22089500	22090000	*	8.411189934228516e-8	0.00007348889188829843	11.917471885681152	0.7904762	0.9096509	0.11917471885681152
chr7	142798000	142798500	*	8.500841618977051e-8	0.00007416182227204127	-18.356752395629883	0.35384616	0.17027864	-0.18356752395629883
chr2	2934500	2935000	*	8.525586336424853e-8	0.00007426734391867637	10.950862884521484	0.82255083	0.93205947	0.10950863361358643
chr15	66707500	66708000	*	8.593000392870708e-8	0.00007463313206606192	-10.023486137390137	0.11273486	0.0125	-0.10023485869169235
chr16	15774000	15774500	*	8.583918554385635e-8	0.00007463313206606192	-16.53147315979004	0.8369565	0.67164177	-0.16531473398208618
chr16	69340500	69341000	*	8.592889527563028e-8	0.00007463313206606192	17.94959831237793	0.6283988	0.80789477	0.17949599027633667
chr8	126750000	126750500	*	8.581584183122906e-8	0.00007463313206606192	-13.842905044555664	0.92612135	0.7876923	-0.13842904567718506
chr16	24987000	24987500	*	8.732635334480916e-8	0.00007575207230739887	-16.847082138061523	0.43218392	0.2637131	-0.1684708297252655
chr2	8470000	8470500	*	8.737363895276081e-8	0.00007575207230739887	20.077627182006836	0.5958904	0.7966667	0.20077627897262573
chr9	96083000	96083500	*	8.741184473644248e-8	0.00007575207230739887	12.2880220413208	0.8106236	0.9335038	0.12288022041320801
chr1	1558500	1559000	*	8.967220623063502e-8	0.00007754020207811044	14.688557624816895	0.7437811	0.89066666	0.14688557386398315
chr4	138331500	138332000	*	8.965774992928522e-8	0.00007754020207811044	19.87954330444336	0.5496894	0.74848485	0.19879543781280518
chr7	156951000	156951500	*	8.96733038412972e-8	0.00007754020207811044	12.78398323059082	0.30694276	0.4347826	0.1278398334980011
chr1	214125000	214125500	*	8.980056695570764e-8	0.00007759310827981998	17.318767547607422	0.613577	0.7867647	0.17318767309188843
chr7	71123000	71123500	*	9.061664962411467e-8	0.0000782406807017012	15.753811836242676	0.7515528	0.90909094	0.15753811597824097
chr17	76995000	76995500	*	9.085913874998004e-8	0.00007839241039696845	14.341568946838379	0.67253524	0.81595093	0.1434156894683838
chr8	22783500	22784000	*	9.143111125083123e-8	0.00007882798372626914	14.95700454711914	0.77272725	0.9222973	0.1495700478553772
chr19	48354500	48355000	*	9.283561867809464e-8	0.00007992153073145311	15.771261215209961	0.42413792	0.5818505	0.15771260857582092
chr3	123004000	123004500	*	9.390362009584338e-8	0.00008078174148461894	19.887989044189453	0.5209003	0.7197802	0.1988798975944519
chr14	21326000	21326500	*	9.424980745366324e-8	0.00008102019795089582	16.633140563964844	0.6320225	0.7983539	0.16633141040802002
chr12	130028500	130029000	*	9.463797722509056e-8	0.00008129436858842749	-15.952878952026367	0.8225	0.6629712	-0.15952879190444946
chr7	64248500	64249000	*	9.538539195472591e-8	0.00008187650554530157	-18.64820098876953	0.7522388	0.5657568	-0.1864820122718811
chr11	27398500	27399000	*	9.838870913522975e-8	0.00008414692557299099	16.55622673034668	0.7337884	0.89935064	0.16556227207183838
chr7	39124500	39125000	*	9.836013920259393e-8	0.00008414692557299099	-11.67009449005127	0.9390244	0.82232344	-0.11670094728469849
chr12	115209500	115210000	*	9.87305689071565e-8	0.00008429392289962094	17.17277717590332	0.71513355	0.8868613	0.17172777652740479
chr17	43372500	43373000	*	9.877594013400668e-8	0.00008429392289962094	12.162101745605469	0.8236915	0.9453125	0.1216210126876831
chr6	17494000	17494500	*	9.872920170608198e-8	0.00008429392289962094	12.484234809875488	0.82051283	0.9453552	0.12484234571456909
chr1	123388000	123388500	*	9.970336681779677e-8	0.00008502358468608017	-13.576894760131836	0.87140113	0.7356322	-0.13576894998550415
chr10	126581000	126581500	*	1.0017809493208936e-7	0.00008530451733050426	15.179025650024414	0.7669377	0.91872793	0.15179026126861572
chr12	11508500	11509000	*	1.0012799803297854e-7	0.00008530451733050426	23.379913330078125	0.31929824	0.55309737	0.23379912972450256
chr12	130274000	130274500	*	1.0086835934373331e-7	0.00008583005645380694	-12.221199035644531	0.9011236	0.7789116	-0.1222119927406311
chr18	67709500	67710000	*	1.0106209268091218e-7	0.00008593263637024082	12.438285827636719	0.8306011	0.95498395	0.1243828535079956
chr3	140448500	140449000	*	1.0189308961180884e-7	0.0000865765380762543	-10.725778579711914	0.96059114	0.85333335	-0.10725778341293335
chr4	39970000	39970500	*	1.019753711880103e-7	0.00008658380001481605	11.951578140258789	0.79950494	0.9190207	0.11951577663421631
chr6	164756500	164757000	*	1.0333611988574243e-7	0.000087675769844503	-11.874902725219727	0.9139073	0.79515827	-0.11874902248382568
chr2	109386500	109387000	*	1.0349101476712011e-7	0.00008774379207105338	19.665346145629883	0.4638404	0.66049385	0.19665345549583435
chr16	27590500	27591000	*	1.0388469741912003e-7	0.00008801402382538316	12.090682983398438	0.8236842	0.94459105	0.12090682983398438
chr8	127937500	127938000	*	1.0480313237675397e-7	0.00008860037193553806	13.74337100982666	0.79552716	0.93296087	0.1374337077140808
chrX	982500	983000	*	1.052727988818575e-7	0.00008893340019382174	13.797103881835938	0.7033333	0.84130436	0.13797104358673096
chr20	38582000	38582500	*	1.0864919827731472e-7	0.00009165387232092171	22.55716896057129	0.5897436	0.8153153	0.22557169198989868
chr2	113013000	113013500	*	1.0906920123318585e-7	0.00009194212641900814	14.705312728881836	0.7043269	0.85138005	0.14705312252044678
chr11	43852000	43852500	*	1.103000241293514e-7	0.00009277986084103433	-17.46288299560547	0.5857143	0.41108546	-0.1746288239955902
chr6	33859000	33859500	*	1.1122635786937065e-7	0.0000934920834208815	-10.564142227172852	0.8964497	0.79080826	-0.1056414246559143
chr3	123170500	123171000	*	1.1180868261704671e-7	0.00009391433478721604	16.963947296142578	0.68838525	0.8580247	0.1696394681930542
chr10	6833000	6833500	*	1.1228667490668023e-7	0.00009424841050934132	-17.028575897216797	0.8742331	0.70394737	-0.17028576135635376
chr17	67514500	67515000	*	1.131494496767644e-7	0.00009490474748467	13.48458480834961	0.7744875	0.90933335	0.13484585285186768
chr3	140913000	140913500	*	1.1330042805907194e-7	0.00009496355035816539	18.697202682495117	0.5063613	0.6933333	0.1869720220565796
chr4	150228000	150228500	*	1.1511093170649254e-7	0.00009634350138546152	14.51873779296875	0.68623024	0.8314176	0.1451873779296875
chr7	56664500	56665000	*	1.1766481691504191e-7	0.00009834082034236532	-18.753820419311523	0.81790125	0.63036305	-0.18753820657730103
chr9	71441500	71442000	*	1.1863358344523498e-7	0.00009907996758836042	-12.985939025878906	0.874	0.7441406	-0.12985938787460327
chr16	55372000	55372500	*	1.1896840577899489e-7	0.0000992889852403916	11.508428573608398	0.7979592	0.9130435	0.11508429050445557
chr17	67666500	67667000	*	1.1944449401322807e-7	0.00009961552034871105	17.069942474365234	0.75813955	0.92883897	0.17069941759109497
chr3	89264000	89264500	*	1.2024032353888263e-7	0.00010020806376019961	18.403827667236328	0.5833333	0.7673716	0.18403828144073486
chr16	81131000	81131500	*	1.2101245726413086e-7	0.00010078003265394593	-10.362935066223145	0.9747634	0.87113404	-0.10362935066223145
chr11	49304500	49305000	*	1.2224831155925833e-7	0.00010173710689932784	13.297462463378906	0.7849741	0.9179487	0.13297462463378906
chr5	168115500	168116000	*	1.232108035084606e-7	0.0001023503889764702	17.18459129333496	0.62204725	0.79389316	0.1718459129333496
chr6	1727000	1727500	*	1.2706037921191668e-7	0.00010544287404425926	-11.204862594604492	0.96153843	0.8494898	-0.11204862594604492
chr22	16056000	16056500	*	1.2763811248655635e-7	0.00010584751037587479	-15.480834007263184	0.7751606	0.62035227	-0.15480834245681763
chr10	91813500	91814000	*	1.2875239024285488e-7	0.0001066962062539127	-12.455129623413086	0.9285714	0.8040201	-0.12455129623413086
chr12	130097500	130098000	*	1.2893450675053365e-7	0.00010677177434969543	-12.514662742614746	0.9361702	0.8110236	-0.12514662742614746
chr1	112863000	112863500	*	1.294373784535281e-7	0.00010703723742822747	10.957855224609375	0.84444445	0.954023	0.10957854986190796
chr2	162579500	162580000	*	1.2954916945242435e-7	0.00010705429178245244	14.928454399108887	0.69425285	0.8435374	0.14928454160690308
chr21	44067500	44068000	*	1.2968664787304015e-7	0.00010709253428839689	13.365470886230469	0.77862597	0.9122807	0.13365471363067627
chr2	73907500	73908000	*	1.3063912982590612e-7	0.0001077275585049922	14.24374008178711	0.788162	0.9305994	0.1424373984336853
chr15	78052500	78053000	*	1.3078522472435926e-7	0.00010777234836096607	-10.835951805114746	0.9561856	0.84782606	-0.10835951566696167
chr17	37753000	37753500	*	1.309827191760504e-7	0.00010785940101979705	-13.319462776184082	0.8791946	0.746	-0.13319462537765503
chr17	79202500	79203000	*	1.3183410915161044e-7	0.00010846175488208383	16.284364700317383	0.51496065	0.6778043	0.16284364461898804
chr7	157835000	157835500	*	1.318989404131083e-7	0.00010846175488208383	16.804187774658203	0.53968257	0.70772445	0.1680418848991394
chr22	19878500	19879000	*	1.3234442999995128e-7	0.00010875192839949811	14.508110046386719	0.7522936	0.8973747	0.14508110284805298
chr11	117643500	117644000	*	1.3317782453776923e-7	0.00010928380565064417	19.657039642333984	0.5451713	0.7417417	0.19657039642333984
chr16	17431000	17431500	*	1.3351188822802103e-7	0.00010940502641092778	18.7108097076416	0.6151203	0.8022284	0.1871080994606018
chr12	92574500	92575000	*	1.3504575020393006e-7	0.00011058476467431417	11.604947090148926	0.80995476	0.92600423	0.11604946851730347
chr8	143856500	143857000	*	1.3520769097031326e-7	0.00011064021796753875	12.914544105529785	0.7655914	0.8947368	0.12914544343948364
chr2	3169000	3169500	*	1.3654309369499096e-7	0.00011165516721176371	18.261722564697266	0.42394015	0.60655737	0.1826172173023224
chr4	124262000	124262500	*	1.3669241432357644e-7	0.00011169948577506906	15.076982498168945	0.21631879	0.36708862	0.15076982975006104
chr4	132014500	132015000	*	1.3681452273269463e-7	0.00011172152144301009	-18.35213279724121	0.83161515	0.6480938	-0.1835213303565979
chr3	59312000	59312500	*	1.375618927239873e-7	0.00011225375470902287	13.856136322021484	0.7602041	0.89876544	0.13856136798858643
chr3	139265000	139265500	*	1.3804346535632302e-7	0.00011249038413767186	-15.356790542602539	0.9131833	0.75961536	-0.15356791019439697
chr1	12202000	12202500	*	1.3830793759706366e-7	0.00011261296240982841	-10.97608757019043	0.9110429	0.80128205	-0.10976088047027588
chr8	120357500	120358000	*	1.3838569101286293e-7	0.00011261296240982841	-13.790464401245117	0.9050279	0.7671233	-0.13790464401245117
chr12	117820000	117820500	*	1.408349547560976e-7	0.0001145267121204887	-16.18228530883789	0.8395722	0.67774934	-0.1618228554725647
chr10	9846000	9846500	*	1.4211175949915484e-7	0.00011548503147817202	13.994646072387695	0.8160535	0.956	0.13994646072387695
chr6	159151500	159152000	*	1.4418578588398024e-7	0.0001170894277735483	-18.12831687927246	0.63276833	0.45148516	-0.18128317594528198
chr16	29891500	29892000	*	1.454572338467054e-7	0.00011804030442457817	-15.815144538879395	0.7407407	0.58258927	-0.15815144777297974
chr12	11653000	11653500	*	1.4711258113577254e-7	0.00011930119150506215	16.057050704956055	0.28893444	0.44950494	0.16057050228118896
chr9	95380000	95380500	*	1.4742540777108742e-7	0.00011947237024048418	-12.317770957946777	0.925	0.8018223	-0.12317770719528198
chr13	17780500	17781000	*	1.4937151199842407e-7	0.00012096599512844513	-10.853588104248047	0.7486911	0.6401552	-0.10853588581085205
chr10	7739000	7739500	*	1.506132984264323e-7	0.00012188757448905963	20.83932113647461	0.57651246	0.7849057	0.20839321613311768
chr6	131140000	131140500	*	1.5080208766826543e-7	0.000121956307066916	-15.244799613952637	0.8539043	0.7014563	-0.15244799852371216
chr16	69927000	69927500	*	1.5280913606936908e-7	0.00012349439126121487	14.82095718383789	0.7338129	0.8820225	0.1482095718383789
chr14	33430500	33431000	*	1.5312626401000361e-7	0.0001236655711993527	21.357065200805664	0.38965517	0.6032258	0.21357065439224243
chr3	126266500	126267000	*	1.537056427041989e-7	0.00012404816535432797	21.18695068359375	0.39202657	0.6038961	0.2118695080280304
chr18	45865500	45866000	*	1.54205762993756e-7	0.00012436631239115518	13.30876350402832	0.8034682	0.93655586	0.1330876350402832
chr12	130482000	130482500	*	1.5482475552547766e-7	0.0001247798268866413	12.090182304382324	0.7933194	0.9142212	0.12090182304382324
chr8	53796000	53796500	*	1.5928093462912645e-7	0.00012801978900460557	15.756217002868652	0.098101266	0.25566342	0.15756216645240784
chr18	5937000	5937500	*	1.59691153797364e-7	0.00012826170648138512	15.694820404052734	0.6879271	0.84487534	0.15694820880889893
chr3	91021500	91022000	*	1.598085510372146e-7	0.0001282682635159655	11.976533889770508	0.7043344	0.8240997	0.11976534128189087
chr3	5277000	5277500	*	1.5992788907871368e-7	0.0001282763682881094	-10.726714134216309	0.91588783	0.8086207	-0.10726714134216309
chr10	11378500	11379000	*	1.6334498418791517e-7	0.0001308691536042204	13.536399841308594	0.7994186	0.9347826	0.13536399602890015
chr12	131991500	131992000	*	1.6422936579215861e-7	0.00013145715515771548	12.917339324951172	0.7411274	0.87030077	0.1291733980178833
chr6	56692500	56693000	*	1.6457107378384585e-7	0.00013164094002675154	13.993424415588379	0.73401535	0.8739496	0.139934241771698
chr9	130206000	130206500	*	1.6672498250941405e-7	0.00013327307318688873	16.22062873840332	0.7364865	0.8986928	0.16220629215240479
chr8	123259500	123260000	*	1.6753343763737153e-7	0.0001338282172878807	-13.864028930664062	0.94285715	0.80421686	-0.13864028453826904
chr1	30864000	30864500	*	1.6870428454337118e-7	0.00013467189378608426	20.333702087402344	0.5485714	0.7519084	0.20333701372146606
chr1	204017500	204018000	*	1.7074066280016148e-7	0.00013620488397988589	-13.374185562133789	0.9343284	0.8005865	-0.1337418556213379
chr19	56310500	56311000	*	1.717748175460415e-7	0.00013688600288379893	-13.4913330078125	0.9187675	0.7838542	-0.13491332530975342
chr13	45615000	45615500	*	1.7223962229856772e-7	0.0001371211894244553	18.602462768554688	0.23361823	0.41964287	0.18602463603019714
chr5	138455000	138455500	*	1.7271511481067227e-7	0.00013740657539793385	18.398357391357422	0.3189066	0.50289017	0.18398356437683105
chr10	4303000	4303500	*	1.72847084439274e-7	0.00013741846423797767	11.699163436889648	0.8356546	0.95264626	0.11699163913726807
chr3	130200500	130201000	*	1.7440469692352583e-7	0.00013856299769961136	17.04958152770996	0.68874174	0.85923755	0.17049580812454224
chr11	65820500	65821000	*	1.7519584365564298e-7	0.00013904566424435626	22.77167510986328	0.4047619	0.63247865	0.22771674394607544
chr3	90603500	90604000	*	1.7704410889681048e-7	0.00014028033820846889	12.589752197265625	0.8033708	0.9292683	0.12589752674102783
chr11	13930000	13930500	*	1.7777455945799644e-7	0.00014076412585301953	14.926952362060547	0.7316294	0.8808989	0.14926952123641968
chr11	51297500	51298000	*	1.798994113270297e-7	0.0001421967930381896	-12.828027725219727	0.8158784	0.6875981	-0.12828028202056885
chr12	63684500	63685000	*	1.8001114187622892e-7	0.0001421967930381896	18.125701904296875	0.59343433	0.77469134	0.18125700950622559
chr6	44010000	44010500	*	1.8006829099549494e-7	0.0001421967930381896	-16.18230438232422	0.83369803	0.671875	-0.16182303428649902
chr10	73413000	73413500	*	1.8130707625918158e-7	0.00014307882039916265	12.577420234680176	0.33012378	0.455898	0.12577420473098755
chr15	80737000	80737500	*	1.822293643691876e-7	0.00014371006645092914	12.141579627990723	0.8091398	0.9305556	0.12141579389572144
chr5	174601000	174601500	*	1.8589606972972473e-7	0.00014650332016690411	13.71513557434082	0.74450547	0.8816568	0.13715136051177979
chr13	98488500	98489000	*	1.8641032342646202e-7	0.00014681006946083865	13.257062911987305	0.74666667	0.8792373	0.13257062435150146
chr16	27796500	27797000	*	1.8737463719623639e-7	0.00014747062112920788	12.777066230773926	0.7980535	0.92582417	0.12777066230773926
chr3	143125000	143125500	*	1.8793996723260003e-7	0.00014781648361863258	-17.35775375366211	0.756691	0.58311343	-0.17357754707336426
chr13	37870500	37871000	*	1.8846222775783396e-7	0.00014802894892472146	13.488191604614258	0.43159205	0.56647396	0.1348819136619568
chr2	5397000	5397500	*	1.8845657735333715e-7	0.00014802894892472146	14.960342407226562	0.7804878	0.9300912	0.14960342645645142
chr8	142114000	142114500	*	1.889030817544694e-7	0.00014827603942168432	15.556753158569336	0.69684213	0.85240966	0.15556752681732178
chr20	51384500	51385000	*	1.8908654025897347e-7	0.0001483208968546571	16.423856735229492	0.6347032	0.7989418	0.1642385721206665
chr22	35010000	35010500	*	1.8946653233288089e-7	0.00014851975388794662	14.838546752929688	0.7025761	0.85096157	0.14838546514511108
chr17	39583000	39583500	*	1.8985375151665875e-7	0.00014852584047198445	-16.442983627319336	0.9135338	0.74910396	-0.16442984342575073
chr18	78639500	78640000	*	1.89832307645645e-7	0.00014852584047198445	13.861388206481934	0.75	0.8886139	0.13861387968063354
chr2	95702500	95703000	*	1.9006825286573307e-7	0.0001485946514471438	-12.956523895263672	0.9103139	0.78074867	-0.12956523895263672
chr4	20494500	20495000	*	1.9320796792065957e-7	0.0001509487704554743	14.047574996948242	0.7322515	0.8727273	0.14047574996948242
chr7	151373000	151373500	*	1.9432192755647908e-7	0.00015171813697381384	21.6370849609375	0.44486693	0.6612378	0.2163708508014679
chr4	177797500	177798000	*	1.9450766615052981e-7	0.000151762247866172	-10.468620300292969	0.9334862	0.8288	-0.1046862006187439
chr13	20369500	20370000	*	1.9469627829148644e-7	0.00015180854073971068	11.101192474365234	0.82857144	0.93958336	0.11101192235946655
chr2	128278500	128279000	*	1.97053852791559e-7	0.00015344301264675763	11.960649490356445	0.817552	0.93715847	0.11960649490356445
chr1	13593500	13594000	*	1.97714299985567e-7	0.00015375337647182248	12.683012962341309	0.151463	0.27829313	0.12683013081550598
chr10	115982000	115982500	*	1.9770965837781938e-7	0.00015375337647182248	11.659347534179688	0.83475786	0.95135134	0.11659348011016846
chr16	36097500	36098000	*	1.99010772849652e-7	0.00015465916089006396	-17.814128875732422	0.80895525	0.63081396	-0.1781412959098816
chr2	190305000	190305500	*	2.0048461899086264e-7	0.00015566664725916136	-14.378839492797852	0.89908254	0.75529414	-0.1437883973121643
chr8	40834500	40835000	*	2.0057230804738917e-7	0.00015566664725916136	16.878324508666992	0.7395833	0.90836656	0.1687832474708557
chr1	18144500	18145000	*	2.027417149584801e-7	0.00015724642055727536	19.206083297729492	0.51875	0.71081084	0.19206082820892334
chr7	51251000	51251500	*	2.0298350586789004e-7	0.0001573300367217273	-10.549944877624512	0.898451	0.7929515	-0.10549944639205933
chr2	65823500	65824000	*	2.040717238183238e-7	0.0001580691650840747	16.721534729003906	0.64325845	0.8104738	0.16721534729003906
chr2	107338500	107339000	*	2.0490034030005274e-7	0.00015860637033622896	12.61635971069336	0.7962963	0.9224599	0.12616360187530518
chr8	93085000	93085500	*	2.0534233518576723e-7	0.0001588437943547883	-11.27801513671875	0.9489247	0.83614457	-0.11278015375137329
chr10	96587500	96588000	*	2.0627865581884389e-7	0.0001593581327792921	16.546022415161133	0.37697518	0.5424354	0.1654602289199829
chr7	155405500	155406000	*	2.065728770436218e-7	0.00015948050851511458	15.199440956115723	0.40296054	0.55495495	0.15199440717697144
chr4	112449500	112450000	*	2.07347853553664e-7	0.00015997363719988066	12.207097053527832	0.8322148	0.95428574	0.12207096815109253
chr9	119634000	119634500	*	2.0810410037006286e-7	0.0001603629214242189	-14.013886451721191	0.8126195	0.67248064	-0.14013886451721191
chr1	10504000	10504500	*	2.1208075340939872e-7	0.000163303292680009	11.577552795410156	0.82258064	0.93835616	0.11577552556991577
chr19	47898500	47899000	*	2.1254723502265496e-7	0.0001634552940890024	12.833476066589355	0.76651984	0.8948546	0.12833476066589355
chr2	47221000	47221500	*	2.125565540740678e-7	0.0001634552940890024	11.907905578613281	0.8169399	0.93601894	0.11907905340194702
chr14	80996000	80996500	*	2.1307286452755007e-7	0.00016374510193350254	10.850018501281738	0.79695433	0.9054545	0.10850018262863159
chr11	120616000	120616500	*	2.1379913965343978e-7	0.00016419578164236028	15.142524719238281	0.7766323	0.92805755	0.15142524242401123
chr1	18649000	18649500	*	2.1468904173406076e-7	0.0001647714540970946	-16.489578247070312	0.9303279	0.7654321	-0.16489577293395996
chr5	142881000	142881500	*	2.15347754984242e-7	0.00016516905556648338	20.227027893066406	0.28323698	0.48550725	0.2022702693939209
chr9	132252000	132252500	*	2.16899753163777e-7	0.00016614238118107662	16.203832626342773	0.7304348	0.8924731	0.16203832626342773
chr12	49238000	49238500	*	2.1728290417488729e-7	0.00016625783462139246	-10.229629516601562	0.9387352	0.8364389	-0.10229629278182983
chr15	95761500	95762000	*	2.1733364911615453e-7	0.00016625783462139246	13.050176620483398	0.12883435	0.2593361	0.13050176203250885
chr5	179146000	179146500	*	2.1769165682733658e-7	0.0001664232874757517	17.896955490112305	0.615625	0.7945946	0.17896956205368042
chr12	114239000	114239500	*	2.2322058926756892e-7	0.00016987593176419764	18.595796585083008	0.2924282	0.47838616	0.18595796823501587
chr2	109646000	109646500	*	2.2294545009719108e-7	0.00016987593176419764	10.394775390625	0.8530928	0.95704055	0.10394775867462158
chr21	38568000	38568500	*	2.2314548694468716e-7	0.00016987593176419764	-15.458321571350098	0.7849687	0.63038546	-0.15458321571350098
chr4	9722500	9723000	*	2.2285056969310037e-7	0.00016987593176419764	-14.696968078613281	0.81363636	0.6666667	-0.14696967601776123
chr7	108685500	108686000	*	2.2393169671851362e-7	0.00017029371907401172	-10.215682029724121	0.96	0.85784316	-0.10215681791305542
chr3	133613500	133614000	*	2.2438189311772947e-7	0.00017042835255410012	11.525165557861328	0.8471761	0.96242774	0.11525166034698486
chr3	56748000	56748500	*	2.2479379712385755e-7	0.00017063084332454215	17.643064498901367	0.69536424	0.8717949	0.17643064260482788
chr1	152154500	152155000	*	2.2505515245419097e-7	0.00017071887158304482	-20.697154998779297	0.4391144	0.23214285	-0.20697154104709625
chr15	60478000	60478500	*	2.2672864812101384e-7	0.00017187729430941605	10.947491645812988	0.097122304	0.20659722	0.10947491973638535
chr12	1463000	1463500	*	2.270733585471027e-7	0.00017202755345858305	20.211469650268555	0.62946427	0.83157897	0.20211470127105713
chr11	54379500	54380000	*	2.2801335807648508e-7	0.00017262831065646502	-13.63525390625	0.7408638	0.60451126	-0.1363525390625
chr2	64288500	64289000	*	2.286301329327524e-7	0.0001729837388127242	13.447677612304688	0.76282054	0.8972973	0.13447678089141846
chr5	56732500	56733000	*	2.2916678681753205e-7	0.0001732781279811858	16.994131088256836	0.7231405	0.8930818	0.16994130611419678
chr19	31883500	31884000	*	2.2973464084236143e-7	0.0001732801005497038	16.469924926757812	0.6381579	0.80285716	0.1646992564201355
chr5	124442500	124443000	*	2.2975965806142163e-7	0.0001732801005497038	17.916715621948242	0.35064936	0.5298165	0.17916715145111084
chr7	66748500	66749000	*	2.2935482993696918e-7	0.0001732801005497038	-12.069940567016602	0.94690263	0.8262032	-0.12069940567016602
chr7	157397000	157397500	*	2.2964808333336835e-7	0.0001732801005497038	10.016256332397461	0.8304862	0.93064874	0.1001625657081604
chr16	12535500	12536000	*	2.3023657580382608e-7	0.00017330585963477513	21.754186630249023	0.50553507	0.72307694	0.2175418734550476
chr22	46453500	46454000	*	2.2999622133849604e-7	0.00017330585963477513	16.441619873046875	0.5894988	0.753915	0.16441619396209717
chr19	50780500	50781000	*	2.3284017326932805e-7	0.00017515338640800425	11.880212783813477	0.73466	0.85346216	0.11880213022232056
chr16	17099000	17099500	*	2.3320183713708748e-7	0.0001753131388430999	10.404753684997559	0.83488375	0.9389313	0.10404753684997559
chr16	87871000	87871500	*	2.351250112615192e-7	0.00017643877437046224	17.797452926635742	0.59770113	0.77567565	0.17797452211380005
chr4	85919500	85920000	*	2.3530018161608766e-7	0.00017643877437046224	17.2954044342041	0.29638556	0.4693396	0.17295405268669128
chr7	45919000	45919500	*	2.3501711091555902e-7	0.00017643877437046224	17.39693260192871	0.5686275	0.7425968	0.1739693284034729
chr11	134026500	134027000	*	2.3754145990662176e-7	0.0001780057176943394	12.72137451171875	0.056657225	0.18387097	0.1272137463092804
chr4	159713500	159714000	*	2.392134984129016e-7	0.00017914436493580166	18.150012969970703	0.7035573	0.88505745	0.1815001368522644
chr3	115715500	115716000	*	2.42412854974426e-7	0.00018142462349047772	-13.540130615234375	0.9244186	0.7890173	-0.13540130853652954
chr15	67069000	67069500	*	2.4361419469620064e-7	0.00018209160855224137	-15.467434883117676	0.88819873	0.7335244	-0.15467435121536255
chr20	1731000	1731500	*	2.435103165871401e-7	0.00018209160855224137	-16.634632110595703	0.8218085	0.6554622	-0.16634631156921387
chr1	231918500	231919000	*	2.499002735409959e-7	0.0001864341775144236	17.230724334716797	0.67164177	0.843949	0.17230725288391113
chr15	44788500	44789000	*	2.511140478137105e-7	0.00018722074892548067	-11.880451202392578	0.9369863	0.8181818	-0.11880451440811157
chr6	104917000	104917500	*	2.5211399972209654e-7	0.00018784700576501883	-12.964021682739258	0.9390244	0.80938417	-0.12964022159576416
chr20	22456500	22457000	*	2.5335984977128006e-7	0.00018864613773623395	17.834985733032227	0.375	0.55334985	0.17834985256195068
chr2	23587500	23588000	*	2.539246317404276e-7	0.00018883662458407286	12.533658981323242	0.73255813	0.8578947	0.12533658742904663
chr3	15498000	15498500	*	2.596670127201819e-7	0.00019298485254606033	15.381568908691406	0.77734375	0.93115944	0.15381568670272827
chr8	136054000	136054500	*	2.606542641105622e-7	0.00019359604988358037	12.77899169921875	0.7427983	0.87058824	0.1277899146080017
chr12	30014500	30015000	*	2.613304550242952e-7	0.00019397558625532164	14.437091827392578	0.787037	0.9314079	0.1443709135055542
chr12	2554000	2554500	*	2.6247856690046584e-7	0.00019470471068313785	13.423484802246094	0.827451	0.96168584	0.13423484563827515
chr7	57790000	57790500	*	2.632502076288716e-7	0.00019500895090905263	-18.282508850097656	0.61625284	0.43342775	-0.18282508850097656
chr9	137487500	137488000	*	2.631369343806131e-7	0.00019500895090905263	12.678050994873047	0.73293173	0.85971224	0.12678050994873047
chr12	112577000	112577500	*	2.638155800159116e-7	0.000195203248492958	18.524635314941406	0.54227406	0.7275204	0.18524634838104248
chr5	6402500	6403000	*	2.643602652041816e-7	0.00019548309590562463	-14.166933059692383	0.9259259	0.7842566	-0.14166933298110962
chr13	27724500	27725000	*	2.6595297742438433e-7	0.00019653707448986953	15.161287307739258	0.7419355	0.89354837	0.15161287784576416
chr3	64583500	64584000	*	2.6804016544982725e-7	0.000197954911069675	14.624741554260254	0.16035634	0.30660376	0.14624741673469543
chr9	123478000	123478500	*	2.69990525161567e-7	0.00019926997743254012	10.069995880126953	0.8604651	0.9611651	0.10069996118545532
chr5	151321500	151322000	*	2.723379383608764e-7	0.00020075015870920653	14.603900909423828	0.7533512	0.8993902	0.14603900909423828
chr17	74024500	74025000	*	2.7390982911323826e-7	0.00020178218827782493	16.771230697631836	0.32991803	0.49763033	0.16771230101585388
chr5	17366000	17366500	*	2.8639846812463764e-7	0.00021058590631377628	-11.87306022644043	0.883549	0.7648184	-0.11873060464859009
chr9	112872000	112872500	*	2.906108837092522e-7	0.00021341598191535903	19.468917846679688	0.4944134	0.6891026	0.19468918442726135
chr10	124983000	124983500	*	2.9185056577646753e-7	0.00021419241354221448	12.874406814575195	0.72978306	0.8585271	0.12874406576156616
chr7	150472000	150472500	*	2.9206039043485223e-7	0.0002142125233924102	16.001956939697266	0.3046729	0.46469247	0.16001957654953003
chr14	19788000	19788500	*	2.923477095085411e-7	0.0002142161024366465	-17.96708106994629	0.7036145	0.52394366	-0.1796708106994629
chr16	85136500	85137000	*	2.924301237087117e-7	0.0002142161024366465	12.65265941619873	0.6781609	0.8046875	0.1265265941619873
chr11	49251500	49252000	*	2.9493605914944336e-7	0.00021591709909271015	12.45996379852295	0.802168	0.92676765	0.1245996356010437
chr12	130226500	130227000	*	2.9682321802973266e-7	0.00021702804380894011	14.36474895477295	0.5688525	0.7125	0.14364749193191528
chr17_KI270729v1_random	150000	150500	*	2.9755765747434205e-7	0.00021742965759210078	-10.324567794799805	0.8767334	0.77348775	-0.10324567556381226
chr8	80615000	80615500	*	2.998037454775379e-7	0.00021893466825681759	-16.639541625976562	0.7893462	0.6229508	-0.1663954257965088
chr7	24726500	24727000	*	3.0464988386834103e-7	0.00022219724430526112	14.071666717529297	0.6735967	0.81431335	0.14071667194366455
chr16	20234000	20234500	*	3.0495424513264836e-7	0.0002222811682066874	17.575084686279297	0.6758621	0.8516129	0.17575085163116455
chr11	112777500	112778000	*	3.079172843060481e-7	0.00022430169629941157	18.65608024597168	0.31754875	0.50410956	0.18656080961227417
chr2	127480000	127480500	*	3.1119273955613643e-7	0.00022640679303947313	20.76396942138672	0.25925925	0.46689895	0.2076396942138672
chr8	31732000	31732500	*	3.110637831625816e-7	0.00022640679303947313	16.482227325439453	0.6430595	0.8078818	0.1648222804069519
chr6	35378500	35379000	*	3.1295161759808085e-7	0.00022754547404178776	-12.453615188598633	0.9239374	0.7994012	-0.12453615665435791
chr14	64614500	64615000	*	3.146739580862839e-7	0.00022865619596193292	16.50204086303711	0.6725146	0.837535	0.1650204062461853
chr16	86301500	86302000	*	3.1609960621565224e-7	0.0002295343858484351	16.44444465637207	0.51555556	0.68	0.1644444465637207
chr17	65463500	65464000	*	3.1646892819858704e-7	0.0002295343858484351	12.389749526977539	0.79462105	0.91851854	0.1238974928855896
chr6	167472000	167472500	*	3.163469372042036e-7	0.0002295343858484351	17.476951599121094	0.70955884	0.88432837	0.17476952075958252
chr20	53859500	53860000	*	3.190864808698744e-7	0.0002311473490766792	12.862896919250488	0.78740156	0.9160305	0.12862896919250488
chr11	126121500	126122000	*	3.201307326774174e-7	0.00023176083470549864	17.263025283813477	0.75431037	0.9269406	0.17263025045394897
chr5	5916000	5916500	*	3.2045821907246785e-7	0.00023185497684017123	-17.138898849487305	0.8639456	0.6925566	-0.17138898372650146
chr4	36016500	36017000	*	3.255770201650325e-7	0.00023526856648920042	11.562585830688477	0.8027842	0.91841006	0.11562585830688477
chr20	24635000	24635500	*	3.2695466695285413e-7	0.0002360601351062734	10.984724998474121	0.7905512	0.90039843	0.10984724760055542
chr6	27793000	27793500	*	3.313294257713187e-7	0.0002388374639947067	10.303030014038086	0.08888889	0.1919192	0.10303030163049698
chr3	169003500	169004000	*	3.354624542466195e-7	0.0002416683868703846	10.171592712402344	0.81643355	0.9181495	0.10171592235565186
chr1	45528500	45529000	*	3.3813834949888057e-7	0.00024314859890132057	-13.312191009521484	0.8424242	0.7093023	-0.13312190771102905
chr2	205787500	205788000	*	3.3790635709107315e-7	0.00024314859890132057	-11.10440444946289	0.9768977	0.86585367	-0.11104404926300049
chr4	139511500	139512000	*	3.3969505907793484e-7	0.00024411850714977824	14.785748481750488	0.39934534	0.5472028	0.14785748720169067
chr17	48852000	48852500	*	3.40468860292595e-7	0.00024452494369997676	-16.922712326049805	0.83090377	0.66167665	-0.16922712326049805
chr21	42581500	42582000	*	3.4131286918304086e-7	0.00024498127575864256	11.804884910583496	0.75868726	0.8767361	0.11804884672164917
chr2	233925500	233926000	*	3.4264519461505037e-7	0.0002457873310557604	17.400915145874023	0.68111455	0.8551237	0.17400914430618286
chr6	32305000	32305500	*	3.4580941949455623e-7	0.0002477544095892853	-11.751705169677734	0.9591837	0.84166664	-0.11751705408096313
chr17	71975500	71976000	*	3.4849567482712604e-7	0.00024927681301342567	20.334983825683594	0.611465	0.8148148	0.20334982872009277
chr20	48188000	48188500	*	3.485712057895666e-7	0.00024927681301342567	19.307422637939453	0.26567164	0.45874587	0.19307422637939453
chrUn_KI270442v1	19500	20000	*	3.510561367745813e-7	0.0002509010815926027	-10.010046005249023	0.78149384	0.6813934	-0.10010045766830444
chr11	1559500	1560000	*	3.5517096096326436e-7	0.0002536686722340176	14.193982124328613	0.7463977	0.8883375	0.14193981885910034
chr13	71677500	71678000	*	3.583262093861094e-7	0.0002556302660882831	13.154739379882812	0.8196721	0.9512195	0.13154739141464233
chr16	21885500	21886000	*	3.598077864214497e-7	0.00025653137320441935	-11.278075218200684	0.93473196	0.8219512	-0.11278074979782104
chr20	57806500	57807000	*	3.61552913853102e-7	0.0002576191756767693	12.783437728881836	0.8458498	0.9736842	0.12783437967300415
chr11	98670500	98671000	*	3.6247310834290545e-7	0.00025811822150183353	-15.20993709564209	0.8594164	0.70731705	-0.1520993709564209
chr4	25374500	25375000	*	3.6658694776323036e-7	0.00026088948854942746	-14.604598045349121	0.8155556	0.6695096	-0.146045982837677
chr14	22794500	22795000	*	3.6773518205711477e-7	0.00026154814016476284	-14.15092945098877	0.85654885	0.71503955	-0.1415092945098877
chr21	42392500	42393000	*	3.733815284205367e-7	0.0002652179445852246	14.384407043457031	0.6674009	0.81124496	0.14384406805038452
chr5	173304500	173305000	*	3.7357248606691327e-7	0.0002652179445852246	17.7570858001709	0.17378049	0.35135135	0.1775708645582199
chr1	149641000	149641500	*	3.760890196304872e-7	0.00026668208937998585	-12.065863609313965	0.9467456	0.82608694	-0.12065863609313965
chr20	60868500	60869000	*	3.759859844204415e-7	0.00026668208937998585	11.03838062286377	0.7485119	0.8588957	0.11038380861282349
chr17	63442500	63443000	*	3.806966108607425e-7	0.00026913668926918346	15.54587459564209	0.59921414	0.7546729	0.1554587483406067
chr17	82981000	82981500	*	3.8351835184051236e-7	0.0002709684072175309	11.84375286102295	0.8102981	0.9287356	0.11843752861022949
chr6	56400000	56400500	*	3.916433381951288e-7	0.0002763399124855849	14.14671516418457	0.73039216	0.8718593	0.1414671540260315
chr8	46583000	46583500	*	3.9169182415440085e-7	0.0002763399124855849	-12.116164207458496	0.89587426	0.7747126	-0.12116163969039917
chr9	96136500	96137000	*	3.927280769902417e-7	0.0002768091754084077	16.149066925048828	0.7080745	0.8695652	0.16149067878723145
chr2	25912500	25913000	*	3.972320227780769e-7	0.0002798157652089616	19.86563491821289	0.2195946	0.41825095	0.1986563503742218
chr13	28907500	28908000	*	3.9796721344091655e-7	0.0002798300503716789	13.19621467590332	0.086021505	0.21798365	0.1319621503353119
chr3	11563500	11564000	*	3.975076455302775e-7	0.0002798300503716789	11.73129653930664	0.81693363	0.9342466	0.1173129677772522
chr6	166007000	166007500	*	3.97821660903994e-7	0.0002798300503716789	16.928321838378906	0.21447028	0.3837535	0.16928322613239288
chr2	117849000	117849500	*	3.983636178154134e-7	0.0002799411520818023	17.62906837463379	0.54228854	0.71857923	0.17629069089889526
chr21	8808000	8808500	*	3.992312158751593e-7	0.00028025853141969186	-11.453747749328613	0.81179774	0.69726026	-0.11453747749328613
chr11	2554500	2555000	*	3.999057687659601e-7	0.0002805212354955668	14.508914947509766	0.6494024	0.7944915	0.14508914947509766
chr18	5728500	5729000	*	4.005312440541672e-7	0.0002807287568526396	15.922385215759277	0.6694915	0.8287154	0.15922385454177856
chr2	1254000	1254500	*	4.0067974540946196e-7	0.0002807287568526396	-14.566344261169434	0.89	0.74433655	-0.14566344022750854
chr14	90508000	90508500	*	4.0414783886065876e-7	0.00028298976324677365	10.731291770935059	0.85411143	0.96142435	0.10731291770935059
chr1	50973500	50974000	*	4.0637545396616187e-7	0.0002843799927433834	16.05919647216797	0.6246575	0.7852495	0.1605919599533081
chr2	84306500	84307000	*	4.073947432465623e-7	0.00028492348803765437	18.1673641204834	0.60465115	0.7863248	0.18167364597320557
chr9	126456500	126457000	*	4.0778359121197086e-7	0.00028502568110082526	-10.990160942077637	0.9302326	0.820331	-0.10990160703659058
chr4	124635500	124636000	*	4.107340033904081e-7	0.00028691712632552874	-15.504044532775879	0.910596	0.75555557	-0.155040442943573
chr10	96984500	96985000	*	4.127738919697202e-7	0.0002881706568588465	13.365290641784668	0.12643678	0.2600897	0.13365291059017181
chr7	153943000	153943500	*	4.1376399662819914e-7	0.00028869024548582045	17.56232452392578	0.6	0.77562326	0.17562323808670044
chr5	173291500	173292000	*	4.1465312910135913e-7	0.0002891388088315343	19.048744201660156	0.59363955	0.784127	0.19048744440078735
chr1	63359500	63360000	*	4.1827040647111956e-7	0.00029148805398336136	-15.635717391967773	0.8881356	0.73177844	-0.15635716915130615
chr8	107387500	107388000	*	4.219072725792988e-7	0.00029367397159716795	10.5147123336792	0.837037	0.94218415	0.10514712333679199
chr7	63924500	63925000	*	4.2357995222447455e-7	0.00029466359451374826	-16.119081497192383	0.75886524	0.5976744	-0.16119080781936646
chr8	1501000	1501500	*	4.299468653019724e-7	0.0002985621207307886	11.900824546813965	0.7522604	0.87126863	0.11900824308395386
chr15	27296500	27297000	*	4.32521340818496e-7	0.0003001723668007361	10.83427619934082	0.8405063	0.9488491	0.10834276676177979
chr13	16557500	16558000	*	4.3422711790976724e-7	0.0003010003937558958	-12.109452247619629	0.6598311	0.5387366	-0.12109452486038208
chr15	66092500	66093000	*	4.363876764146761e-7	0.00030231959889754853	18.01797103881836	0.61461794	0.79479766	0.18017971515655518
chr8	1486000	1486500	*	4.3713405026007847e-7	0.0003026581106074877	16.06133270263672	0.31568998	0.4763033	0.16061332821846008
chr11	12794500	12795000	*	4.3799911383160757e-7	0.00030307835203870117	20.599075317382812	0.49635038	0.70234114	0.2059907615184784
chr13	109109500	109110000	*	4.3906455691508243e-7	0.00030363667165723843	10.843605041503906	0.82080925	0.9292453	0.10843604803085327
chr12	124593000	124593500	*	4.407279622110711e-7	0.0003046076135668322	14.183341979980469	0.69727045	0.8391039	0.14183342456817627
chr9	129289000	129289500	*	4.41251069867418e-7	0.0003047897640002203	20.025188446044922	0.5761194	0.7763713	0.20025187730789185
chr2	113406000	113406500	*	4.4571015537773066e-7	0.00030768883929073676	19.684749603271484	0.375	0.5718475	0.19684749841690063
chr7	101725500	101726000	*	4.4925054291685735e-7	0.0003099506721647844	12.20196533203125	0.8317757	0.9537954	0.12201964855194092
chr4	823500	824000	*	4.5443848874350546e-7	0.00031316198997357464	13.211261749267578	0.72	0.85211265	0.13211262226104736
chr1	61554000	61554500	*	4.55751583856645e-7	0.0003138826647251239	-12.535452842712402	0.9302326	0.80487806	-0.12535452842712402
chr16	6427000	6427500	*	4.565394673483532e-7	0.00031424098584381156	15.541780471801758	0.6111111	0.7665289	0.155417799949646
chr1	4408500	4409000	*	4.595421746402814e-7	0.000315792125113787	11.938446998596191	0.8386308	0.95801526	0.11938446760177612
chr17	44854000	44854500	*	4.5959979989019624e-7	0.000315792125113787	13.614577293395996	0.78851175	0.9246575	0.13614577054977417
chr16	84234500	84235000	*	4.608360736757796e-7	0.0003164564012879378	15.511542320251465	0.3519553	0.5070707	0.15511542558670044
chr20	37934500	37935000	*	4.630668612869311e-7	0.000317802435067837	-12.863290786743164	0.89498806	0.76635516	-0.12863290309906006
chr1	12547000	12547500	*	4.635858975261361e-7	0.0003179728089119425	15.417223930358887	0.7047619	0.85893416	0.15417224168777466
chr8	70093000	70093500	*	4.6513019724935905e-7	0.00031865977547353434	10.177896499633789	0.102073364	0.20385233	0.10177896171808243
chr12	110257000	110257500	*	4.715103376131104e-7	0.00032265430421031223	15.564023971557617	0.7256098	0.88125	0.15564024448394775
chr19	38693500	38694000	*	4.7147362301542234e-7	0.00032265430421031223	-10.652785301208496	0.15762274	0.05109489	-0.10652785003185272
chr11	71504500	71505000	*	4.72510319231309e-7	0.0003231502751542915	16.37944221496582	0.115015976	0.2788104	0.16379442811012268
chr1	4285500	4286000	*	4.866618910034205e-7	0.000332441314023208	-12.966764450073242	0.8353414	0.70567375	-0.12966763973236084
chr1	28605000	28605500	*	4.946831277670071e-7	0.0003377241978171106	11.004924774169922	0.7986464	0.90869564	0.11004924774169922
chr17	83117000	83117500	*	4.951484926304818e-7	0.0003378454844040002	10.47152328491211	0.7826087	0.8873239	0.10471522808074951
chr1	194085500	194086000	*	4.978675736355436e-7	0.000339503473450712	-15.122908592224121	0.89250815	0.74127907	-0.15122908353805542
chr1	219406000	219406500	*	4.985611021258672e-7	0.00033977908453866314	-12.915473937988281	0.9066667	0.77751195	-0.1291547417640686
chr2	237746500	237747000	*	5.087775625999437e-7	0.0003463397815092665	10.458934783935547	0.84541065	0.95	0.10458934307098389
chr15	40874500	40875000	*	5.096601700533071e-7	0.00034642066244976107	-15.338563919067383	0.7887324	0.6353468	-0.15338563919067383
chr7	973000	973500	*	5.098897333831544e-7	0.00034642066244976107	12.7474365234375	0.8225256	0.95	0.1274743676185608
chr3	97009500	97010000	*	5.121234183849878e-7	0.0003475057897997353	23.030445098876953	0.48728815	0.7175926	0.23030444979667664
chr2	105107500	105108000	*	5.195466377514999e-7	0.000352037966389383	10.330099105834961	0.8584337	0.9617347	0.10330098867416382
chr1	36008500	36009000	*	5.205394791127135e-7	0.00035250729392383894	15.909382820129395	0.3982456	0.55733943	0.15909382700920105
chr13	108359500	108360000	*	5.21323696125122e-7	0.0003528348822850107	13.448631286621094	0.7885906	0.9230769	0.13448631763458252
chr17	77216500	77217000	*	5.225567774360645e-7	0.00035346571218808657	-12.44802474975586	0.93413174	0.8096515	-0.1244802474975586
chr10	10891500	10892000	*	5.303780896268629e-7	0.0003581372712875565	15.088504791259766	0.66729677	0.8181818	0.15088504552841187
chr9	131961500	131962000	*	5.325326100303413e-7	0.00035938544689023477	19.58262062072754	0.36477986	0.56060606	0.1958262026309967
chr17	82788500	82789000	*	5.336872437625564e-7	0.0003599577917783641	-12.53853988647461	0.9305136	0.8051282	-0.12538540363311768
chr1	2541500	2542000	*	5.367264128801278e-7	0.00036159224563155084	12.757253646850586	0.668239	0.79581153	0.12757253646850586
chr15	60520000	60520500	*	5.392536857932873e-7	0.0003630865565207878	-15.590715408325195	0.8892405	0.73333335	-0.15590715408325195
chr5	158900000	158900500	*	5.398727630393088e-7	0.0003632950779260818	10.40184497833252	0.8435897	0.9476082	0.1040184497833252
chr12	128356000	128356500	*	5.476687808342978e-7	0.0003682097209786531	-14.302301406860352	0.74264705	0.59962404	-0.14302301406860352
chr15	36469500	36470000	*	5.478032787936782e-7	0.0003682097209786531	-15.130047798156738	0.33417085	0.18287037	-0.15130047500133514
chr8	2958000	2958500	*	5.481723075405067e-7	0.00036824697797934803	-11.992561340332031	0.93604654	0.8161209	-0.1199256181716919
chr14	88267000	88267500	*	5.541648677730281e-7	0.000372059765180915	19.327146530151367	0.53582555	0.729097	0.1932714581489563
chr9	34545000	34545500	*	5.55612150159064e-7	0.0003728182926979898	17.594940185546875	0.65	0.8259494	0.17594939470291138
chr1	62433500	62434000	*	5.572739459075776e-7	0.00037371981106427195	-11.08716106414795	0.9548023	0.84393066	-0.11087161302566528
chr11	19466000	19466500	*	5.6020234043417e-7	0.0003752550370071578	12.178033828735352	0.73426574	0.8560461	0.12178033590316772
chr5	17147500	17148000	*	5.607034561797979e-7	0.0003753765787039778	11.258238792419434	0.8072289	0.9198113	0.11258238554000854
chr14	95356000	95356500	*	5.624874506500607e-7	0.0003763563469090821	11.167508125305176	0.81873727	0.93041235	0.11167508363723755
chr19	42015500	42016000	*	5.629604319372299e-7	0.0003764583091604486	18.883865356445312	0.63380283	0.8226415	0.1888386607170105
chr1	16537000	16537500	*	5.641102046167266e-7	0.00037701247618259994	13.038581848144531	0.78807944	0.91846526	0.13038581609725952
chr21	38767500	38768000	*	5.670789320238643e-7	0.0003787809855292826	15.675079345703125	0.5852535	0.7420043	0.15675079822540283
chr5	97193000	97193500	*	5.724622977406161e-7	0.0003819422913751707	19.697994232177734	0.5693431	0.76632303	0.19697993993759155
chr2	86045500	86046000	*	5.757251729623546e-7	0.0003836832520728879	14.299750328063965	0.72727275	0.87027025	0.14299750328063965
chr12	114458000	114458500	*	5.801252570261698e-7	0.000386204686574168	-14.333379745483398	0.71057516	0.5672414	-0.1433337926864624
chr16	49932000	49932500	*	5.801664260467736e-7	0.000386204686574168	13.878422737121582	0.7394541	0.8782383	0.1387842297554016
chr5	125484000	125484500	*	5.819433645595437e-7	0.00038657836251433685	-18.210134506225586	0.6646884	0.48258707	-0.18210133910179138
chr19	35834000	35834500	*	5.826521627002746e-7	0.00038676312225443697	16.902610778808594	0.49199083	0.66101694	0.16902610659599304
chr15	38378000	38378500	*	5.837112557048359e-7	0.0003872472382494063	17.929733276367188	0.22619048	0.4054878	0.1792973279953003
chr16	89861000	89861500	*	5.903869517635107e-7	0.0003914548849259834	-10.462808609008789	0.88747734	0.78284925	-0.10462808609008789
chr1	54984000	54984500	*	5.949692648277743e-7	0.00039404817765264106	-17.20220947265625	0.8322785	0.6602564	-0.17202210426330566
chr10	132120000	132120500	*	6.032366892534944e-7	0.00039907352577432664	19.63437843322754	0.44871795	0.64506173	0.1963437795639038
chr12	63307500	63308000	*	6.081723693676353e-7	0.0004021122016378945	16.354543685913086	0.63589746	0.7994429	0.1635454297065735
chr8	24999500	25000000	*	6.099253402755419e-7	0.0004030442938780401	14.632018089294434	0.20758928	0.35390946	0.146320179104805
chr7	157731000	157731500	*	6.145374619418413e-7	0.00040586362822547957	13.332277297973633	0.6909722	0.824295	0.13332277536392212
chr4	89829500	89830000	*	6.159552784927973e-7	0.00040657133974839526	16.11387062072754	0.6394231	0.8005618	0.16113871335983276
chr5	171643500	171644000	*	6.339525274864923e-7	0.00041774625534300415	16.851411819458008	0.1921824	0.36069652	0.16851411759853363
chr12	103389500	103390000	*	6.344864106193639e-7	0.00041786356901910997	15.148180961608887	0.747541	0.8990228	0.15148180723190308
chr11	12829000	12829500	*	6.398731783975481e-7	0.0004211749992818095	16.395648956298828	0.24107143	0.40502793	0.16395649313926697
chr3	118638000	118638500	*	6.451936337935701e-7	0.0004243270224254044	15.573668479919434	0.66096866	0.81670535	0.15573668479919434
chr20	47851500	47852000	*	6.490936870940299e-7	0.0004265268353775385	16.462993621826172	0.7173145	0.8819444	0.16462993621826172
chr10	86775000	86775500	*	6.551342853668872e-7	0.0004302554114465046	16.302841186523438	0.44418603	0.60721445	0.16302841901779175
chr1	223858000	223858500	*	6.62942316642983e-7	0.0004351399211048385	-11.863887786865234	0.9137931	0.7951542	-0.11863887310028076
chr3	490000	490500	*	6.683967678389466e-7	0.0004384750010106289	-11.216235160827637	0.9504373	0.83827496	-0.11216235160827637
chr10	44827500	44828000	*	6.715365181065309e-7	0.0004400430405573319	15.35494327545166	0.74022347	0.8937729	0.1535494327545166
chr5	72178000	72178500	*	6.888140670179629e-7	0.00045086144298125925	13.955670356750488	0.74850297	0.8880597	0.13955670595169067
chr12	124682000	124682500	*	6.983203468469715e-7	0.00045657475158565207	17.02408790588379	0.6304348	0.8006757	0.1702408790588379
chr14	22509000	22509500	*	7.011005522943801e-7	0.00045813741365391994	14.846181869506836	0.71466666	0.8631285	0.14846181869506836
chr1	152381500	152382000	*	7.023163240795424e-7	0.0004586766196223556	-15.16708755493164	0.75501114	0.60334027	-0.15167087316513062
chr14	74552000	74552500	*	7.094112596999465e-7	0.00046253850471556906	14.32362174987793	0.6594203	0.80265653	0.1432362198829651
chr9	37006500	37007000	*	7.121200728675423e-7	0.0004640469991816284	-14.466375350952148	0.9236111	0.77894735	-0.1446637511253357
chr16	6918500	6919000	*	7.132231736568763e-7	0.0004645080518313789	11.650312423706055	0.815864	0.93236715	0.11650311946868896
chr11	19237000	19237500	*	7.14517236342138e-7	0.00046509289407574634	-11.979985237121582	0.9182692	0.79846936	-0.11979985237121582
chr21	33304000	33304500	*	7.204876363764121e-7	0.00046871931906708746	-12.679439544677734	0.8720173	0.7452229	-0.12679439783096313
chr5	149601000	149601500	*	7.247686700280601e-7	0.00047124330505526565	-15.961498260498047	0.86206895	0.702454	-0.15961498022079468
chr10	132603000	132603500	*	7.286572529360157e-7	0.0004735094679126397	15.03283405303955	0.7307692	0.88109756	0.15032833814620972
chr22	38788500	38789000	*	7.315891935969515e-7	0.00047515180491967317	-14.496326446533203	0.3444882	0.19952494	-0.14496326446533203
chr20	10696500	10697000	*	7.330795545432663e-7	0.00047585656802590754	12.61417293548584	0.7780899	0.9042316	0.1261417269706726
chr9	137824000	137824500	*	7.361379810306588e-7	0.0004771473215406522	10.05532169342041	0.85148513	0.95203835	0.10055321455001831
chr6	14275000	14275500	*	7.391300020135869e-7	0.0004784615864964005	12.059968948364258	0.83116883	0.9517685	0.12059968709945679
chr10	84110000	84110500	*	7.407754669612341e-7	0.0004792625445085205	-21.78844451904297	0.6879699	0.47008547	-0.21788445115089417
chr8	142067000	142067500	*	7.442517892610947e-7	0.00048124648543730977	14.568769454956055	0.65603644	0.80172414	0.14568769931793213
chr2	112647500	112648000	*	7.487142795171751e-7	0.0004835994127817816	-11.208206176757812	0.875	0.76291794	-0.11208206415176392
chr3	31528000	31528500	*	7.510350431073959e-7	0.0004848317249308436	14.014697074890137	0.78064513	0.9207921	0.14014697074890137
chr13	30816500	30817000	*	7.542654807133523e-7	0.000486649601566758	10.779791831970215	0.796875	0.9046729	0.10779792070388794
chr10	77867500	77868000	*	7.583507696492703e-7	0.0004890167260114294	15.255970001220703	0.7474403	0.9	0.15255969762802124
chr1	147779000	147779500	*	7.75852582883097e-7	0.0004994797709819845	-15.19920825958252	0.91240877	0.7604167	-0.1519920825958252
chr20	1881000	1881500	*	7.808395059174077e-7	0.0005024148145422265	21.00699234008789	0.48788926	0.6979592	0.2100699245929718
chr2	129607000	129607500	*	7.842234501140604e-7	0.0005043158050843572	12.19576644897461	0.8240741	0.94603175	0.12195765972137451
chr4	94451000	94451500	*	7.847944262234778e-7	0.0005044067506011651	11.330506324768066	0.2425876	0.35589266	0.11330506205558777
chr16	7137500	7138000	*	7.868292611212541e-7	0.0005054379401015982	15.516942977905273	0.7015873	0.85675675	0.15516942739486694
chr13	77934000	77934500	*	7.876704716333335e-7	0.0005057016690427638	10.535728454589844	0.7948276	0.90018487	0.10535728931427002
chr6	156167000	156167500	*	7.901285044478133e-7	0.0005070025778010275	13.916433334350586	0.7584098	0.8975741	0.13916432857513428
chr19	33619000	33619500	*	7.939422257343763e-7	0.0005091714965081361	17.370574951171875	0.6183432	0.79204893	0.17370575666427612
chr6	156651000	156651500	*	7.993916655216059e-7	0.0005123864947445797	12.092113494873047	0.8296089	0.95053005	0.12092113494873047
chr2_KI270716v1_random	25500	26000	*	8.062295211702951e-7	0.0005161886099999323	-14.91679573059082	0.9094203	0.76025236	-0.1491679549217224
chr8	107553000	107553500	*	8.108436446435186e-7	0.000518594573241726	-14.10256576538086	0.84102565	0.7	-0.14102566242218018
chr11	126154500	126155000	*	8.123875541637406e-7	0.0005192991750556373	11.358320236206055	0.81010103	0.92368424	0.11358320713043213
chr1	220874000	220874500	*	8.194181459820871e-7	0.0005232236613728296	-16.822328567504883	0.50236964	0.33414635	-0.1682232916355133
chr18	15470500	15471000	*	8.193650586314134e-7	0.0005232236613728296	-16.200960159301758	0.7012658	0.5392562	-0.162009596824646
chr16	36924500	36925000	*	8.224834674592431e-7	0.0005248955388759542	-11.557740211486816	0.7194149	0.6038375	-0.11557739973068237
chr1	15354000	15354500	*	8.275168526724616e-7	0.0005275343563438976	19.167339324951172	0.43598616	0.62765956	0.1916733980178833
chr2	45070000	45070500	*	8.270712765108228e-7	0.0005275343563438976	18.744281768798828	0.39367816	0.58112097	0.187442809343338
chr10	133067500	133068000	*	8.314505136969677e-7	0.000529467146048142	13.762748718261719	0.6747182	0.8123457	0.1376274824142456
chr10	18398000	18398500	*	8.35362295499506e-7	0.0005310941301508712	-15.269720077514648	0.84391534	0.69121814	-0.15269720554351807
chr10	49691500	49692000	*	8.34992379502096e-7	0.0005310941301508712	-12.606573104858398	0.8974943	0.7714286	-0.12606573104858398
chrUn_KI270589v1	28500	29000	*	8.346501568350618e-7	0.0005310941301508712	-14.147001266479492	0.44299674	0.30152673	-0.1414700150489807
chr15	81941500	81942000	*	8.428326801607834e-7	0.0005355535808118188	18.558940887451172	0.33546326	0.52105266	0.18558940291404724
chr9	113771000	113771500	*	8.531621736243962e-7	0.0005418239630480456	17.413436889648438	0.62416106	0.79829544	0.17413437366485596
chr1	123648000	123648500	*	8.549845406036117e-7	0.0005426878036108734	-11.228519439697266	0.7266811	0.6143959	-0.11228519678115845
chr6	167580500	167581000	*	8.617728079151168e-7	0.0005467010339690919	14.797369956970215	0.18965517	0.33762887	0.1479737013578415
chr7	153503000	153503500	*	8.629007587345658e-7	0.0005471210146598995	12.050456047058105	0.76293105	0.8834356	0.12050455808639526
chr2	3536500	3537000	*	8.650368802240749e-7	0.0005481794262807133	16.775802612304688	0.40503433	0.57279235	0.1677580177783966
chr9	113736500	113737000	*	8.719799816229697e-7	0.0005522812671308659	-11.036795616149902	0.89928055	0.7889126	-0.11036795377731323
chr11	83073000	83073500	*	8.737828475975395e-7	0.000553124797333796	15.312868118286133	0.5566219	0.7097506	0.15312868356704712
chr2	120659500	120660000	*	8.767431940954828e-7	0.0005544010283318112	12.178963661193848	0.8109589	0.93274856	0.12178963422775269
chr20	46827500	46828000	*	8.807984147015802e-7	0.0005566655462059463	11.549461364746094	0.8367347	0.9522293	0.11549460887908936
chr10	77989500	77990000	*	8.843224455981319e-7	0.0005585920959242449	-10.437875747680664	0.9369369	0.83255816	-0.10437875986099243
chr1	165274500	165275000	*	8.866743105863901e-7	0.0005597765605379318	12.877720832824707	0.81985295	0.94863015	0.12877720594406128
chr4	119024000	119024500	*	9.056178894258863e-7	0.000570815379281515	15.398174285888672	0.6597938	0.81377554	0.1539817452430725
chr3	125115500	125116000	*	9.136280292496448e-7	0.0005755552695121403	-14.523762702941895	0.73060346	0.58536583	-0.14523762464523315
chr20	49588000	49588500	*	9.223231954662969e-7	0.0005807213892020713	16.453474044799805	0.54567903	0.7102138	0.16453474760055542
chr1	236685000	236685500	*	9.242992433326038e-7	0.0005816536875012093	11.00754165649414	0.77754676	0.8876222	0.11007541418075562
chr1	241748500	241749000	*	9.340343469624402e-7	0.0005871505911110391	-10.092949867248535	0.93775934	0.83682984	-0.10092949867248535
chr1	124536500	124537000	*	9.380568587968562e-7	0.0005893637083451465	-12.548124313354492	0.71666664	0.5911854	-0.1254812479019165
chr7	47907500	47908000	*	9.387121259915848e-7	0.0005894600126431157	12.742948532104492	0.8096774	0.9371069	0.12742948532104492
chr20	43525000	43525500	*	9.445419871324822e-7	0.0005928038400460792	-12.33227825164795	0.94666666	0.8233439	-0.12332278490066528
chr10	26269000	26269500	*	9.459732829070676e-7	0.0005933849867734441	-10.778295516967773	0.87971276	0.7719298	-0.10778295993804932
chr9	80553000	80553500	*	9.469605890861284e-7	0.0005936871582589957	12.928753852844238	0.6742268	0.80351436	0.12928754091262817
chr8	64397000	64397500	*	9.475390363740716e-7	0.0005937328141806535	-16.792470932006836	0.81208056	0.64415586	-0.167924702167511
chr14	48036000	48036500	*	9.498680070443018e-7	0.0005942408663909578	-13.510847091674805	0.91715974	0.78205127	-0.13510847091674805
chr7	56420000	56420500	*	9.496230197636423e-7	0.0005942408663909578	-16.42991828918457	0.7657143	0.6014151	-0.16429919004440308
chr20	49910500	49911000	*	9.51026964510973e-7	0.0005946491061196625	16.75458526611328	0.7581967	0.92574257	0.1675458550453186
chr12	95987000	95987500	*	9.522320726795137e-7	0.0005950857526346463	16.895822525024414	0.4234694	0.5924276	0.16895821690559387
chr12	115052000	115052500	*	9.5562890501486e-7	0.0005968908972047551	-12.783437728881836	0.8810811	0.7532467	-0.12783437967300415
chr22	44298500	44299000	*	9.585595529200995e-7	0.0005984030959557949	20.040767669677734	0.43636364	0.6367713	0.20040768384933472
chr18	5978500	5979000	*	9.630082379404645e-7	0.0006008608541272551	15.218448638916016	0.65393794	0.8061224	0.15218448638916016
chr19	22851000	22851500	*	9.64912425157216e-7	0.0006017292270527149	-13.133406639099121	0.8795181	0.748184	-0.1313340663909912
chr10	105074000	105074500	*	9.663322931005952e-7	0.0006022948120125896	16.37567901611328	0.6912281	0.8549849	0.16375678777694702
chr11	49199500	49200000	*	9.673582635990526e-7	0.0006026144190436585	14.858257293701172	0.7302053	0.8787879	0.1485825777053833
chr10	91886500	91887000	*	9.748980546254054e-7	0.0006069893106194694	14.444416999816895	0.54990214	0.6943463	0.14444416761398315
chr14_GL000225v1_random	41000	41500	*	9.869675327609484e-7	0.0006141783365579257	-13.765668869018555	0.65834635	0.52068967	-0.13765668869018555
chr8	9231000	9231500	*	9.894222340865983e-7	0.0006150539829296245	-10.606473922729492	0.9494382	0.8433735	-0.10606473684310913
chr1	124124000	124124500	*	9.93417227888801e-7	0.000616884255518904	-10.219091415405273	0.6616667	0.5594758	-0.10219091176986694
chr14	89309500	89310000	*	9.932656859511185e-7	0.000616884255518904	-10.243159294128418	0.9480198	0.8455882	-0.10243159532546997
chr5	173284000	173284500	*	9.94766540192591e-7	0.0006173956490240337	15.47100830078125	0.39375928	0.54846936	0.1547100841999054
chr5	3124500	3125000	*	9.980265885060964e-7	0.0006190917621584742	13.719474792480469	0.7240618	0.86125654	0.13719475269317627
chr11	121111000	121111500	*	1.0006088049016271e-6	0.0006200384665045778	15.472799301147461	0.6544118	0.8091398	0.1547279953956604
chr2	139000500	139001000	*	1.0038553938820903e-6	0.0006214412430391397	-16.780563354492188	0.6666667	0.49886104	-0.16780564188957214
chr21	9914000	9914500	*	1.004149528415342e-6	0.0006214412430391397	-10.59444808959961	0.41490433	0.30895984	-0.10594448447227478
chr7	67589500	67590000	*	1.0044602457792813e-6	0.0006214412430391397	-16.05721664428711	0.7585366	0.5979644	-0.16057217121124268
chr15	70082500	70083000	*	1.0083257613885443e-6	0.0006228482861212989	18.03489875793457	0.2598684	0.4402174	0.18034899234771729
chr5	167983000	167983500	*	1.0166176839621615e-6	0.0006276400885037013	16.037708282470703	0.55979645	0.72017354	0.16037708520889282
chr8	28008000	28008500	*	1.019297746184167e-6	0.0006289640214601827	12.695860862731934	0.79234976	0.91930836	0.12695860862731934
chr20	60310500	60311000	*	1.0256835622574297e-6	0.0006325720212443722	12.067138671875	0.83828384	0.9589552	0.12067139148712158
chr9	37668000	37668500	*	1.0333169210672398e-6	0.0006369452289231364	17.86331558227539	0.2631579	0.44179106	0.17863315343856812
chr12	95156500	95157000	*	1.045968327625279e-6	0.0006444053916372534	13.726824760437012	0.7152318	0.8525	0.13726824522018433
chr13	111214500	111215000	*	1.0512502399439553e-6	0.0006473198763797111	13.853507995605469	0.5654649	0.704	0.13853508234024048
chr9	132106500	132107000	*	1.0643088881542343e-6	0.0006550174142485402	-17.527835845947266	0.8104575	0.63517916	-0.17527836561203003
chr5	2311000	2311500	*	1.0686079230325067e-6	0.0006572160040581157	12.067306518554688	0.8	0.9206731	0.12067306041717529
chr8	96516000	96516500	*	1.0738981289294113e-6	0.000659881459487385	11.59975528717041	0.8266254	0.94262296	0.1159975528717041
chr1	109794000	109794500	*	1.075197759480952e-6	0.0006603345034793849	-14.811298370361328	0.61044174	0.46232876	-0.14811298251152039
chr8	1192000	1192500	*	1.0809585729541805e-6	0.0006635254845583011	10.562568664550781	0.8207547	0.9263804	0.1056256890296936
chr18	15782000	15782500	*	1.0893745996598772e-6	0.0006679931272310225	-12.891584396362305	0.6785137	0.54959786	-0.12891584634780884
chr1	17844000	17844500	*	1.090145283216514e-6	0.0006681168162730988	20.023784637451172	0.36267605	0.5629139	0.20023784041404724
chr1	231423000	231423500	*	1.0986164066997684e-6	0.0006726064152755249	-13.427334785461426	0.69170576	0.5574324	-0.13427335023880005
chr5	2254500	2255000	*	1.1002630439946729e-6	0.0006732635130354854	16.832983016967773	0.5641026	0.7324324	0.16832983493804932
chr5	67939500	67940000	*	1.1088098189819188e-6	0.0006781400002177448	12.697660446166992	0.7631579	0.8901345	0.1269766092300415
chr11	53088500	53089000	*	1.1234251229219128e-6	0.000686363651400645	-12.611132621765137	0.7013575	0.57524616	-0.12611132860183716
chr20	18224000	18224500	*	1.12899634315916e-6	0.0006889463250728215	12.640607833862305	0.72137403	0.8477801	0.12640607357025146
chr1	29975000	29975500	*	1.130436240979039e-6	0.0006892127723050698	16.02809715270996	0.42592594	0.5862069	0.1602809727191925
chr2	7023000	7023500	*	1.13331821223074e-6	0.0006906113011196909	-12.105631828308105	0.8464351	0.7253788	-0.12105631828308105
chr1	220886500	220887000	*	1.137321800817867e-6	0.0006926915058012381	13.27492618560791	0.25497288	0.38772213	0.1327492594718933
chr10	14240500	14241000	*	1.138583109303724e-6	0.0006931002201994673	10.913249015808105	0.09413854	0.20327103	0.10913249105215073
chr15	28913500	28914000	*	1.1672746519429955e-6	0.0007098299317665862	13.274365425109863	0.6983759	0.83111954	0.13274365663528442
chr2	234387000	234387500	*	1.1706978293928362e-6	0.0007115431116703794	14.795917510986328	0.75	0.8979592	0.1479591727256775
chr17	72493000	72493500	*	1.1789733999427278e-6	0.0007158319269234476	10.661334037780762	0.846875	0.95348835	0.10661333799362183
chr21	21111500	21112000	*	1.1851213174880335e-6	0.0007191928620314539	-12.328821182250977	0.94699645	0.82370824	-0.12328821420669556
chr20	37559500	37560000	*	1.2032166779161104e-6	0.0007291179498960923	14.080965042114258	0.77014923	0.9109589	0.14080965518951416
chr3	128279500	128280000	*	1.2033391187444556e-6	0.0007291179498960923	13.175779342651367	0.69736844	0.82912624	0.13175779581069946
chr16	84161500	84162000	*	1.209045069891417e-6	0.0007321974449100337	14.69697380065918	0.71666664	0.8636364	0.146969735622406
chr17	1692500	1693000	*	1.2178388805891671e-6	0.0007371428083726156	11.914813995361328	0.76254827	0.8816964	0.1191481351852417
chr11	115733500	115734000	*	1.2242806184167513e-6	0.000740278738630699	12.805456161499023	0.79931974	0.9273743	0.12805455923080444
chr7	71740000	71740500	*	1.2353664316342572e-6	0.0007465974859896962	15.943408012390137	0.2684729	0.427907	0.15943408012390137
chr3	127450000	127450500	*	1.2364609592959007e-6	0.0007467187010066076	17.889917373657227	0.634981	0.81388015	0.17889916896820068
chr18	27772000	27772500	*	1.2403011842015573e-6	0.0007476558459744108	-13.335275650024414	0.8737374	0.74038464	-0.13335275650024414
chr10	4243000	4243500	*	1.2423064847007624e-6	0.0007484804146289111	13.351213455200195	0.7105943	0.84410644	0.13351213932037354
chr7	5174000	5174500	*	1.2437534671697618e-6	0.0007489679276163232	16.728395462036133	0.6883117	0.85559565	0.16728395223617554
chr14	97087000	97087500	*	1.2514086785470218e-6	0.0007531915182231003	-13.824176788330078	0.88	0.7417582	-0.13824176788330078
chr11	34251500	34252000	*	1.2745389964756023e-6	0.0007659353187939855	21.012548446655273	0.336	0.5461255	0.21012547612190247
chr17	82313500	82314000	*	1.291764261174378e-6	0.0007754931072587437	12.816822052001953	0.6721915	0.8003597	0.1281682252883911
chr8	134507500	134508000	*	1.2933652657207694e-6	0.0007760574911572505	12.773168563842773	0.7891738	0.91690546	0.12773168087005615
chr16	65910000	65910500	*	1.294168918231147e-6	0.000776143108061425	-13.748025894165039	0.87262875	0.7351485	-0.1374802589416504
chr14	95185500	95186000	*	1.2967949995271643e-6	0.0007769244400789637	12.3814697265625	0.7626051	0.8864198	0.12381470203399658
chr16	77845500	77846000	*	1.2961958857084986e-6	0.0007769244400789637	12.33961009979248	0.801676	0.9250721	0.12339609861373901
chr2	217920000	217920500	*	1.3116929241922013e-6	0.0007842494448961741	18.9030818939209	0.4389313	0.6279621	0.18903082609176636
chr5	38796000	38796500	*	1.3141373652073494e-6	0.0007853111013708152	15.06165885925293	0.7457045	0.89632106	0.1506165862083435
chr3	90505000	90505500	*	1.3242739922500548e-6	0.0007909660882968286	10.038262367248535	0.8025135	0.9028961	0.10038262605667114
chr14	96050500	96051000	*	1.3276672293994663e-6	0.0007925896621556474	13.83817195892334	0.78518516	0.9235669	0.1383817195892334
chr3	55546500	55547000	*	1.3344175371086966e-6	0.0007962146688466382	12.47459602355957	0.76962024	0.8943662	0.12474596500396729
chr11	54022000	54022500	*	1.337629273680269e-6	0.000797320749062561	-13.124042510986328	0.8648649	0.73362446	-0.13124042749404907
chr4	186808500	186809000	*	1.3446947142396092e-6	0.0008011255838425038	10.236531257629395	0.79042906	0.8927944	0.10236531496047974
chr13	26170000	26170500	*	1.3464201857428813e-6	0.0008016427626321284	-15.102588653564453	0.8489426	0.6979167	-0.1510258913040161
chr2	115442500	115443000	*	1.346928162868117e-6	0.0008016427626321284	10.22511100769043	0.84487534	0.94712645	0.10225111246109009
chr1	204255500	204256000	*	1.3637437874648499e-6	0.0008108288872814681	12.292278289794922	0.030303031	0.15322581	0.12292277812957764
chr18	58942500	58943000	*	1.3694765893044182e-6	0.0008138253242932326	-11.761784553527832	0.9483871	0.83076924	-0.11761784553527832
chr15	59524500	59525000	*	1.3769782121986083e-6	0.00081786933813855	16.117691040039062	0.6009852	0.76216215	0.1611769199371338
chr2	1463000	1463500	*	1.3798421425756473e-6	0.000819156053921433	13.14985179901123	0.7795527	0.9110512	0.1314985156059265
chr4	7281500	7282000	*	1.388543989952543e-6	0.0008239054515177833	16.172021865844727	0.68272424	0.84444445	0.16172021627426147
chr14	70278000	70278500	*	1.3906611403002198e-6	0.0008247449339831592	-11.403936386108398	0.9324675	0.81842816	-0.1140393614768982
chrX	123582000	123582500	*	1.4098766148210747e-6	0.0008352971210729391	-17.649871826171875	0.8346457	0.658147	-0.17649871110916138
chr16	11497000	11497500	*	1.4361776153460658e-6	0.0008487383262410873	-13.851821899414062	0.7348485	0.5963303	-0.13851821422576904
chr12	45707500	45708000	*	1.4543206678428066e-6	0.0008585961180390942	-11.323965072631836	0.8738574	0.76061773	-0.11323964595794678
chr8	55582500	55583000	*	1.4585992674011515e-6	0.0008602570861576803	18.441455841064453	0.34683543	0.53125	0.1844145655632019
chr12	124831500	124832000	*	1.4672852096280522e-6	0.0008640779316386245	10.851896286010742	0.8372642	0.94578314	0.10851895809173584
chr6	152201500	152202000	*	1.4745895774783797e-6	0.0008679441644464195	-11.895709991455078	0.9155673	0.7966102	-0.11895710229873657
chr6	18381500	18382000	*	1.475631831103553e-6	0.0008681224863366714	12.72408390045166	0.7880597	0.91530055	0.1272408366203308
chr12	1812500	1813000	*	1.4900503315893495e-6	0.0008757274886243476	10.187292098999023	0.81929827	0.9211712	0.10187292098999023
chr15	20335000	20335500	*	1.4928955270103595e-6	0.0008769607382471889	-15.499650955200195	0.84900284	0.6940063	-0.15499651432037354
chr9	60685500	60686000	*	1.4959581687479731e-6	0.0008783204236588286	-12.430370330810547	0.84631145	0.72200775	-0.12430369853973389
chr1	42220500	42221000	*	1.500872670366326e-6	0.0008807654873358427	-15.708756446838379	0.85273975	0.6956522	-0.1570875644683838
chr7	135719000	135719500	*	1.5117118644136175e-6	0.000885798278683935	18.43452262878418	0.24922119	0.43356642	0.18434523046016693
chr1	96963000	96963500	*	1.5139823668230804e-6	0.0008862442203893005	-10.70835018157959	0.9457143	0.8386308	-0.10708349943161011
chr22	48787000	48787500	*	1.5190124602313186e-6	0.0008887456569637806	15.646749496459961	0.594132	0.7505995	0.1564674973487854
chr10	3777500	3778000	*	1.5309852513759632e-6	0.0008948589742708989	10.836326599121094	0.8534202	0.96178347	0.10836327075958252
chr12	64329000	64329500	*	1.5340073642472253e-6	0.0008961787635048866	12.817144393920898	0.781155	0.90932643	0.12817144393920898
chr7	48704000	48704500	*	1.5347696106037403e-6	0.0008961787635048866	13.613862037658691	0.75	0.8861386	0.13613861799240112
chr11	119391000	119391500	*	1.5363715511889608e-6	0.0008962228439920748	16.936206817626953	0.6163522	0.78571427	0.16936206817626953
chr6	157638500	157639000	*	1.536211972653949e-6	0.0008962228439920748	11.337065696716309	0.8634812	0.9768519	0.11337065696716309
chr8	98165000	98165500	*	1.5405478301699358e-6	0.000898212817259031	17.384607315063477	0.7075099	0.88135594	0.1738460659980774
chr10	109231000	109231500	*	1.5472705211967934e-6	0.0009016847581536	11.07160472869873	0.8257143	0.93643034	0.11071604490280151
chr12	1584500	1585000	*	1.591732532500161e-6	0.0009260205380374388	14.361345291137695	0.59960157	0.743215	0.14361345767974854
chr5	108740500	108741000	*	1.5921845678697432e-6	0.0009260205380374388	-11.020315170288086	0.921659	0.81145585	-0.11020314693450928
chr11	52687500	52688000	*	1.5957299072183261e-6	0.0009276230739556322	-13.438177108764648	0.79268295	0.6583012	-0.13438177108764648
chr10	86865000	86865500	*	1.600766747713073e-6	0.000930090628221701	-12.14023208618164	0.8986175	0.7772152	-0.1214023232460022
chr1	20282500	20283000	*	1.6027731658643148e-6	0.0009307958517317006	21.169227600097656	0.3923077	0.604	0.21169227361679077
chr7	148227000	148227500	*	1.6241823248861e-6	0.0009418316486202972	15.442520141601562	0.5994898	0.753915	0.15442520380020142
chr3	42689500	42690000	*	1.6327020902614679e-6	0.0009463047833693242	20.2170467376709	0.39930555	0.601476	0.2021704614162445
chr2	224848000	224848500	*	1.6345497034014362e-6	0.0009469082711478854	-16.37040901184082	0.8366013	0.6728972	-0.16370409727096558
chr5	61698500	61699000	*	1.6411012158724904e-6	0.0009502348281794866	15.39461612701416	0.60227275	0.7562189	0.1539461612701416
chr8	18381000	18381500	*	1.643304979143545e-6	0.0009510419015274228	-14.111921310424805	0.30656934	0.16545013	-0.14111921191215515
chr4	183806500	183807000	*	1.6471014838937395e-6	0.0009527695045685196	13.74570083618164	0.7594502	0.8969072	0.137457013130188
chr6	138785000	138785500	*	1.648283754220098e-6	0.0009529839412422373	13.37693977355957	0.725641	0.8594104	0.13376939296722412
chr12	126217000	126217500	*	1.6514962747226813e-6	0.0009543714136630444	-11.617040634155273	0.84090906	0.72473866	-0.11617040634155273
chr7	60961500	60962000	*	1.6656865112240395e-6	0.00096068060476273	-13.206487655639648	0.67421603	0.54215115	-0.13206487894058228
chr12	37416000	37416500	*	1.7038386557583884e-6	0.0009812389270394968	-13.624149322509766	0.73702425	0.60078275	-0.13624149560928345
chr6	41050000	41050500	*	1.7059810149900991e-6	0.0009819911052452175	11.170207977294922	0.79545456	0.90715665	0.1117020845413208
chr17	29208000	29208500	*	1.707492545901474e-6	0.000982379608998125	17.84583282470703	0.57525086	0.7537092	0.1784583330154419
chr14	90198000	90198500	*	1.7119021698124653e-6	0.0009844342889910116	-12.84801959991455	0.87405545	0.74557525	-0.1284801959991455
chr15	85454500	85455000	*	1.7129608566280362e-6	0.000984560934695215	11.616409301757812	0.77522933	0.8913934	0.11616408824920654
chr20	61115500	61116000	*	1.7188238723810663e-6	0.0009874474964454239	18.849843978881836	0.33226836	0.5207668	0.18849843740463257
chr5	83946500	83947000	*	1.7199367143999226e-6	0.0009876036412605497	13.49494457244873	0.25614753	0.39109698	0.1349494457244873
chr5	125422500	125423000	*	1.7248984757768597e-6	0.0009899686384989169	16.265687942504883	0.35886213	0.521519	0.16265687346458435
chr17	37820000	37820500	*	1.728042470668384e-6	0.0009912885664494946	-11.61038875579834	0.9342857	0.8181818	-0.1161038875579834
chr16	6353000	6353500	*	1.7334486770956892e-6	0.0009929346227653803	-16.21255874633789	0.7007673	0.5386417	-0.1621255874633789
chr2	72898500	72899000	*	1.7327450853656433e-6	0.0009929346227653803	-21.217191696166992	0.6604478	0.44827586	-0.21217191219329834
chr5	79891000	79891500	*	1.7318572606177437e-6	0.0009929346227653803	10.584962844848633	0.7746741	0.88052374	0.10584962368011475
chr18	14969500	14970000	*	1.744187911186182e-6	0.000998125530947259	-16.870075225830078	0.7122905	0.5435898	-0.16870075464248657
chr6	15503000	15503500	*	1.7442108884962036e-6	0.000998125530947259	10.232085227966309	0.7253521	0.82767296	0.1023208498954773
chr2	5427500	5428000	*	1.7473391948522673e-6	0.000999428654782676	12.944632530212402	0.6533066	0.78275293	0.12944632768630981
chr1	18314000	18314500	*	1.7549364385401584e-6	0.0010030789065288148	-13.032615661621094	0.82832617	0.698	-0.13032615184783936
chr12	127810000	127810500	*	1.755429516270457e-6	0.0010030789065288148	-17.226886749267578	0.7352941	0.56302524	-0.17226886749267578
chr16	77660000	77660500	*	1.760405066359676e-6	0.0010054327492282978	15.796300888061523	0.4399093	0.5978723	0.15796300768852234
chr2	218356500	218357000	*	1.776652530686769e-6	0.0010132338258276757	15.963279724121094	0.48178136	0.64141417	0.15963280200958252
chr3	90712000	90712500	*	1.779145022860156e-6	0.0010141627554629714	12.62027645111084	0.7443609	0.8705637	0.1262027621269226
chr9	1386500	1387000	*	1.7803405006317933e-6	0.0010143518076617603	16.68790626525879	0.720339	0.88721806	0.1668790578842163
chr11	49472000	49472500	*	1.803967754153502e-6	0.001026817046561698	15.299129486083984	0.72240806	0.87539935	0.15299129486083984
chr13	34590500	34591000	*	1.8085966534546432e-6	0.0010288751649386375	13.742679595947266	0.7953795	0.9328063	0.13742679357528687
chr14	30610500	30611000	*	1.810212143126319e-6	0.0010288751649386375	-13.692492485046387	0.92578125	0.7888563	-0.13692492246627808
chr5	138963000	138963500	*	1.809903197494812e-6	0.0010288751649386375	-17.767560958862305	0.70652175	0.52884614	-0.17767560482025146
chr11	117606000	117606500	*	1.8157807926922284e-6	0.001031042128658216	17.81124496459961	0.50308645	0.6811989	0.1781124472618103
chr22	34837000	34837500	*	1.831357517675379e-6	0.00103888222994708	-10.26364517211914	0.94647205	0.8438356	-0.10263645648956299
chr1	183184000	183184500	*	1.8343069147648644e-6	0.0010400529063824048	10.996877670288086	0.8347826	0.9447514	0.10996878147125244
chr11	124492500	124493000	*	1.87797578074235e-6	0.001064299268505285	-13.758498191833496	0.8948949	0.7573099	-0.13758498430252075
chr12	2333500	2334000	*	1.8828374244869103e-6	0.0010660255103197448	21.52948760986328	0.35227272	0.5675676	0.21529486775398254
chr10	119479500	119480000	*	1.88905739810703e-6	0.0010690316926199347	15.209683418273926	0.34963325	0.5017301	0.15209683775901794
chr1	33007500	33008000	*	1.8908984892682216e-6	0.0010695581301595005	19.369369506835938	0.54761904	0.74131274	0.19369369745254517
chr14_KI270725v1_random	169000	169500	*	1.902362164065027e-6	0.0010744896537040263	-11.274123191833496	0.42553192	0.3127907	-0.11274123191833496
chr15	29871000	29871500	*	1.9022311176223838e-6	0.0010744896537040263	11.685639381408691	0.6297376	0.746594	0.1168563961982727
chr7	75548000	75548500	*	1.9021314687758385e-6	0.0010744896537040263	10.283541679382324	0.83296704	0.93580246	0.10283541679382324
chr3	77149000	77149500	*	1.904590770835054e-6	0.0010752086229640087	11.269074440002441	0.7737789	0.88646966	0.1126907467842102
chr1	242213000	242213500	*	1.9160487279712205e-6	0.0010799717699143724	16.715768814086914	0.3468208	0.5139785	0.16715767979621887
chr15	67421000	67421500	*	1.919637773774341e-6	0.001080773752921849	10.105949401855469	0.82327586	0.92433536	0.10105949640274048
chr3	90667500	90668000	*	1.920928463482744e-6	0.0010808172571501295	10.050333023071289	0.8337596	0.93426293	0.10050332546234131
chr19	31144500	31145000	*	1.923596543529339e-6	0.0010818001101588481	17.796737670898438	0.59800667	0.77597404	0.177967369556427
chr1	36072500	36073000	*	1.935434403609159e-6	0.0010874159482838679	-15.236228942871094	0.87628865	0.72392637	-0.15236228704452515
chr11	49169000	49169500	*	1.934700194825892e-6	0.0010874159482838679	17.524415969848633	0.5508197	0.72606385	0.17524415254592896
chr21	9077500	9078000	*	1.9404855919368225e-6	0.001089732534775968	-14.80400562286377	0.7844037	0.6363636	-0.1480400562286377
chr19	14985000	14985500	*	1.949022243926686e-6	0.001093480631681253	10.601449012756348	0.7839286	0.88994306	0.10601449012756348
chr10	60703500	60704000	*	1.9577011613657215e-6	0.0010978253344522393	11.845183372497559	0.81449276	0.9329446	0.11845183372497559
chr20	51195500	51196000	*	1.9716294536316976e-6	0.0011051081904356324	-13.235294342041016	0.88235295	0.75	-0.13235294818878174
chr19	45306000	45306500	*	1.980623330650818e-6	0.0011090905059625029	12.532013893127441	0.6429725	0.76829267	0.12532013654708862
chr8	353000	353500	*	1.9860605450844664e-6	0.0011116050922544305	15.639728546142578	0.603912	0.7603093	0.15639728307724
chr19	7167500	7168000	*	1.9894927931147986e-6	0.0011129956304227714	11.260151863098145	0.832853	0.94545454	0.11260151863098145
chr3	1822500	1823000	*	1.9956093982354785e-6	0.001115885857501522	-15.192115783691406	0.8522013	0.70028013	-0.15192115306854248
chr2	111727000	111727500	*	2.006411146868226e-6	0.0011213918802947117	11.694902420043945	0.8231707	0.94011974	0.11694902181625366
chr6	163722000	163722500	*	2.0092746345506854e-6	0.0011224580465357843	16.389755249023438	0.39379475	0.5576923	0.1638975441455841
chr2	48699000	48699500	*	2.0148716296858446e-6	0.001124514795689943	10.381305694580078	0.7794677	0.88328075	0.1038130521774292
chr1	37055000	37055500	*	2.0264901366642536e-6	0.0011304618788119207	16.409868240356445	0.5595855	0.7236842	0.16409868001937866
chr8	52407000	52407500	*	2.031322591636458e-6	0.001132619564961939	10.070287704467773	0.7671692	0.86787206	0.10070288181304932
chr14	77109500	77110000	*	2.055628473669308e-6	0.0011450845257276918	16.659862518310547	0.670068	0.83666664	0.1665986180305481
chr4	908000	908500	*	2.0549522854556193e-6	0.0011450845257276918	11.514080047607422	0.82575756	0.94089836	0.11514079570770264
chr11	35523500	35524000	*	2.0676528070054567e-6	0.0011505984085148537	15.81062126159668	0.5924933	0.7505995	0.15810620784759521
chr17	43450000	43450500	*	2.068466419113054e-6	0.0011505984085148537	11.85302734375	0.7948718	0.9134021	0.1185302734375
chr11	132888000	132888500	*	2.0779419335566535e-6	0.0011553219408211974	15.381556510925293	0.6942857	0.84810126	0.15381556749343872
chr5	5377500	5378000	*	2.086024982051139e-6	0.0011587187906212896	-10.883533477783203	0.875502	0.76666665	-0.10883533954620361
chr8	135396500	135397000	*	2.085042343737635e-6	0.0011587187906212896	18.31745719909668	0.36825398	0.55142856	0.18317458033561707
chr2	94994500	94995000	*	2.093937170090135e-6	0.0011625638172461947	13.316554069519043	0.75659823	0.8897638	0.13316553831100464
chr22	36828000	36828500	*	2.1058506556504157e-6	0.001168625699056118	-14.913207054138184	0.8475936	0.69846153	-0.14913207292556763
chr18	12043500	12044000	*	2.10909758723486e-6	0.0011698746880449845	11.840534210205078	0.72289157	0.8412969	0.11840534210205078
chr10	124523500	124524000	*	2.1207872535381894e-6	0.0011758033044217409	16.13917350769043	0.6062323	0.767624	0.1613917350769043
chr2	177778500	177779000	*	2.1325629151835584e-6	0.001181216539461139	-10.02025032043457	0.9214876	0.8212851	-0.10020250082015991
chr13	16703000	16703500	*	2.140626828966058e-6	0.0011851240824743163	-10.178411483764648	0.7490637	0.64727956	-0.1017841100692749
chr6	72070500	72071000	*	2.151066958564806e-6	0.0011903428768286486	-10.72574234008789	0.93582886	0.82857144	-0.1072574257850647
chr3	126277500	126278000	*	2.164888791022047e-6	0.0011968634566704175	20.164989471435547	0.54741377	0.7490637	0.20164990425109863
chr1	151295500	151296000	*	2.1681717845153035e-6	0.0011981143827488807	-12.776631355285645	0.9488189	0.8210526	-0.12776631116867065
chr5	67221500	67222000	*	2.172490667869575e-6	0.0011999362872395069	10.367738723754883	0.8372093	0.9408867	0.10367739200592041
chr22	32624000	32624500	*	2.181214218739876e-6	0.001204188173986389	-12.811964988708496	0.90993786	0.7818182	-0.12811964750289917
chr16	87198500	87199000	*	2.1967864857410936e-6	0.001211077044682331	15.005829811096191	0.33075434	0.48081264	0.1500582993030548
chr12	115507500	115508000	*	2.2041760956554936e-6	0.0012144441660246988	16.3991756439209	0.4144144	0.57840616	0.1639917492866516
chr2	124417500	124418000	*	2.215194445299349e-6	0.0012189361757021194	10.306983947753906	0.8069106	0.9099804	0.10306984186172485
chr21	33381000	33381500	*	2.221976653193049e-6	0.001222095485164011	11.55282211303711	0.778481	0.89400923	0.11552822589874268
chr2	159399500	159400000	*	2.230840836460161e-6	0.0012262673724735278	-11.992443084716797	0.86836517	0.74844074	-0.11992442607879639
chr2	12919000	12919500	*	2.235476109131613e-6	0.001227220993434628	-17.249465942382812	0.55820894	0.3857143	-0.17249464988708496
chr10	117251000	117251500	*	2.239205440874197e-6	0.0012286938797149778	19.48174285888672	0.4006024	0.5954198	0.1948174238204956
chr17	39925500	39926000	*	2.2420444668569505e-6	0.0012296770908745954	10.799062728881836	0.84408605	0.9520767	0.10799062252044678
chrX	517500	518000	*	2.2688120409233305e-6	0.0012431967753385666	11.775362014770508	0.79891306	0.9166667	0.11775362491607666
chr1	160935500	160936000	*	2.2894835802117582e-6	0.0012530189837166724	10.457253456115723	0.8348214	0.93939394	0.10457253456115723
chr12	130149500	130150000	*	2.2913190581518263e-6	0.0012530189837166724	-12.477761268615723	0.91256833	0.7877907	-0.12477761507034302
chr20	63067000	63067500	*	2.2916682041170674e-6	0.0012530189837166724	10.961932182312012	0.7268293	0.8364486	0.10961931943893433
chr22	12306500	12307000	*	2.3074906444242965e-6	0.0012608605626525757	-11.966398239135742	0.5181696	0.3985056	-0.11966398358345032
chr11	119480000	119480500	*	2.3131284651868417e-6	0.001262765971768187	15.856254577636719	0.6067708	0.76533335	0.1585625410079956
chr17	72689500	72690000	*	2.3454769650241146e-6	0.0012786421030618787	10.405415534973145	0.81390595	0.9179601	0.10405415296554565
chr16	5402500	5403000	*	2.3500013178797055e-6	0.0012805140823808757	13.583702087402344	0.7057471	0.84158415	0.13583701848983765
chr4	72031500	72032000	*	2.3540736148346496e-6	0.0012821381144751884	12.600866317749023	0.32994187	0.45595053	0.12600865960121155
chr3	93714000	93714500	*	2.3593890195545854e-6	0.0012838421831900503	-13.258087158203125	0.8033126	0.6707317	-0.13258087635040283
chr7	63845000	63845500	*	2.3687461908513832e-6	0.0012883368061958145	-15.898484230041504	0.72444445	0.5654596	-0.15898483991622925
chr1	24046500	24047000	*	2.3823511439904544e-6	0.0012951365229814551	-17.091089248657227	0.677686	0.5067751	-0.17091089487075806
chr19	55772500	55773000	*	2.400837989154554e-6	0.0013040841615847482	-11.751688003540039	0.69606674	0.57854986	-0.11751687526702881
chr20	24638500	24639000	*	2.4010310829019057e-6	0.0013040841615847482	17.195791244506836	0.546875	0.7188329	0.17195791006088257
chr7	157963500	157964000	*	2.408848390376279e-6	0.0013077251471042388	-14.504575729370117	0.69815195	0.5531062	-0.14504575729370117
chr20	21559500	21560000	*	2.4103038839182204e-6	0.0013079106368401301	-14.400434494018555	0.8041775	0.6601732	-0.14400434494018555
chr2	4939000	4939500	*	2.4264898585011206e-6	0.001314339566622603	10.947137832641602	0.8112745	0.9207459	0.1094713807106018
chr5	9483500	9484000	*	2.4266287139945425e-6	0.001314339566622603	16.27842140197754	0.665529	0.82831323	0.16278421878814697
chr5	72180000	72180500	*	2.4314554146511635e-6	0.0013163466907779833	16.63743782043457	0.42931938	0.59569377	0.16637438535690308
chr22	11613000	11613500	*	2.439366428043588e-6	0.0013194129631789993	-10.553937911987305	0.79240805	0.68686867	-0.10553938150405884
chr5	1517000	1517500	*	2.4470782016340506e-6	0.0013229747490305695	13.0023775100708	0.7548077	0.8848315	0.1300237774848938
chr2	45860500	45861000	*	2.47569061459858e-6	0.0013372122859785184	20.095638275146484	0.2360515	0.43700787	0.20095637440681458
chr11	51122500	51123000	*	2.491717259310127e-6	0.0013435798725564129	-13.829827308654785	0.70464134	0.56634307	-0.13829827308654785
chr17	21950000	21950500	*	2.4920562282120855e-6	0.0013435798725564129	-13.96172046661377	0.87108016	0.73146296	-0.1396172046661377
chr6	158242500	158243000	*	2.4919352458379956e-6	0.0013435798725564129	11.748588562011719	0.7868421	0.904328	0.1174858808517456
chr9	130629500	130630000	*	2.4910899121806844e-6	0.0013435798725564129	16.416284561157227	0.42391303	0.5880759	0.16416284441947937
chr10	47175000	47175500	*	2.4959763082931292e-6	0.0013444587834053547	14.384330749511719	0.18101545	0.32485875	0.14384330809116364
chr8	27484000	27484500	*	2.5039596522585016e-6	0.0013481406021741236	17.577171325683594	0.58455884	0.76033056	0.17577171325683594
chr12	128623500	128624000	*	2.5280037799939144e-6	0.0013598390575758562	-13.895988464355469	0.8598901	0.7209302	-0.1389598846435547
chr12	124158500	124159000	*	2.542973051002764e-6	0.0013664444427237265	14.186864852905273	0.76258993	0.9044586	0.14186865091323853
chr12	128595000	128595500	*	2.5437744957190548e-6	0.0013664444427237265	-13.101297378540039	0.8797814	0.74876845	-0.13101297616958618
chr2	89766000	89766500	*	2.552393178688644e-6	0.0013704472378694877	-12.392902374267578	0.84261036	0.71868134	-0.12392902374267578
chr4	2593500	2594000	*	2.5670434930433743e-6	0.0013776834360393632	14.289236068725586	0.765625	0.90851736	0.14289236068725586
chr3	90634000	90634500	*	2.5749421058753415e-6	0.001381291168278194	11.254805564880371	0.7892377	0.90178573	0.11254805326461792
chr5	171926500	171927000	*	2.582794832510768e-6	0.0013848710020248536	-11.542755126953125	0.9042316	0.78880405	-0.11542755365371704
chr16	50858500	50859000	*	2.603240822313742e-6	0.0013945603839089825	18.377422332763672	0.60634923	0.79012346	0.18377423286437988
chr17	15961500	15962000	*	2.6023824603762395e-6	0.0013945603839089825	14.066356658935547	0.73097825	0.8716418	0.14066356420516968
chr2	123515000	123515500	*	2.6138193511782457e-6	0.001398313568872831	12.045121192932129	0.753112	0.87356323	0.12045121192932129
chr17	44279500	44280000	*	2.618373250675879e-6	0.0013994746183851416	17.983665466308594	0.35207823	0.5319149	0.17983666062355042
chr6	2368500	2369000	*	2.6180592961699298e-6	0.0013994746183851416	12.188112258911133	0.7718833	0.89376444	0.12188112735748291
chr9	17810500	17811000	*	2.622399096339684e-6	0.0014009886797405119	17.81983757019043	0.33893558	0.51713395	0.17819836735725403
chr1	125046000	125046500	*	2.6324540268823314e-6	0.001405081909408542	-16.28200340270996	0.5183246	0.35550457	-0.16282004117965698
chr11	20207000	20207500	*	2.6403299225534868e-6	0.0014086454039971886	16.521852493286133	0.6968504	0.86206895	0.1652185320854187
chr8	133118500	133119000	*	2.67403749452783e-6	0.0014240407801583946	-10.91005802154541	0.96238244	0.85328186	-0.1091005802154541
chr19	54497500	54498000	*	2.680468572812617e-6	0.0014261720278086988	-13.453239440917969	0.8498789	0.7153465	-0.1345323920249939
chr21	38078500	38079000	*	2.6794178066167125e-6	0.0014261720278086988	11.00333309173584	0.79041916	0.9004525	0.11003333330154419
chr10	39043000	39043500	*	2.708738020272181e-6	0.0014379553753204209	-13.162779808044434	0.83585316	0.70422536	-0.13162779808044434
chr10	94055500	94056000	*	2.723087677026786e-6	0.0014442671587398914	13.848960876464844	0.7130919	0.8515815	0.13848960399627686
chr16	54425500	54426000	*	2.7285986862361847e-6	0.001446536720587959	-10.834288597106934	0.9300699	0.82172704	-0.10834288597106934
chr18	9665000	9665500	*	2.7402674341136812e-6	0.0014520672187037288	18.663969039916992	0.1902834	0.37692308	0.1866396814584732
chr3	58484000	58484500	*	2.782212814114452e-6	0.0014729646774916175	-16.300647735595703	0.8361582	0.67315173	-0.1630064845085144
chr15	41904000	41904500	*	2.789520609859083e-6	0.0014761680451968937	13.966446876525879	0.5805861	0.72025055	0.13966447114944458
chr10	43819500	43820000	*	2.7914311101177686e-6	0.0014762489106813206	-10.316091537475586	0.8583765	0.7552156	-0.10316091775894165
chr4	586500	587000	*	2.7921877735754942e-6	0.0014762489106813206	13.283098220825195	0.6451613	0.77799225	0.13283097743988037
chr3	90555000	90555500	*	2.7942557519116105e-6	0.0014766773945671574	12.48379898071289	0.7429306	0.8677686	0.12483799457550049
chr11	45865500	45866000	*	2.795737986686075e-6	0.0014767960849167865	11.081563949584961	0.8333333	0.94414896	0.11081564426422119
chr10	36342000	36342500	*	2.8160995945514918e-6	0.0014868828586775385	13.056731224060059	0.7654723	0.8960396	0.13056731224060059
chr1	230154000	230154500	*	2.8342874542058507e-6	0.001495141382480168	12.681695938110352	0.10632911	0.23314607	0.12681695818901062
chr5	180784500	180785000	*	2.8402112460721078e-6	0.001497593523749502	11.43171215057373	0.5146199	0.628937	0.11431711912155151
chr2	72010000	72010500	*	2.8433273128580667e-6	0.0014985636641571308	19.11803436279297	0.608	0.7991803	0.19118034839630127
chr7	60573000	60573500	*	2.845780893677304e-6	0.0014991839303040483	-10.232412338256836	0.77666247	0.67433834	-0.10232412815093994
chr8	34155500	34156000	*	2.8542886459934927e-6	0.001502991603976245	14.927536010742188	0.7173913	0.8666667	0.14927536249160767
chr1	14788000	14788500	*	2.856698223717943e-6	0.00150358616888686	13.097596168518066	0.7398374	0.87081337	0.13097596168518066
chr15	95131000	95131500	*	2.86121438304277e-6	0.001505288476255841	17.74785614013672	0.47315437	0.6506329	0.17747855186462402
chr12	130481500	130482000	*	2.8741682276206795e-6	0.001510073840997496	14.373522758483887	0.73333335	0.8770686	0.14373522996902466
chr20	17497000	17497500	*	2.884015294336997e-6	0.001513892727535795	-18.291288375854492	0.8651163	0.6822034	-0.1829128861427307
chr20	35121000	35121500	*	2.908050329742621e-6	0.0015244648946887995	10.852766036987305	0.81313133	0.921659	0.10852766036987305
chr2	60383000	60383500	*	2.9226313155178975e-6	0.001530059386222655	13.268184661865234	0.67863894	0.8113208	0.13268184661865234
chr2	149598000	149598500	*	2.9213897010554115e-6	0.001530059386222655	12.87051010131836	0.19078948	0.31949458	0.12870509922504425
chr1	105632500	105633000	*	2.9293499436195365e-6	0.0015322105149642715	12.764644622802734	0.7512195	0.87886596	0.12764644622802734
chr4	7776000	7776500	*	2.9283790678762384e-6	0.0015322105149642715	-10.946106910705566	0.8861004	0.77663934	-0.10946106910705566
chr14	89269500	89270000	*	2.938735555613976e-6	0.001535751551430421	11.839079856872559	0.7816092	0.9	0.11839079856872559
chr1	36865500	36866000	*	2.9670682976250557e-6	0.0015485026296510375	14.483284950256348	0.7534722	0.89830506	0.14483284950256348
chr22	16053500	16054000	*	2.9670914881694095e-6	0.0015485026296510375	-11.610549926757812	0.8114901	0.6953846	-0.11610549688339233
chr6	41427000	41427500	*	2.973951109298019e-6	0.0015513931060426804	11.220746040344238	0.086053416	0.19826087	0.11220745742321014
chr16	7053500	7054000	*	2.9980684566312277e-6	0.0015632796934932824	13.079202651977539	0.7608069	0.89159894	0.1307920217514038
chr1	161017000	161017500	*	3.0507528211383945e-6	0.0015867339841112182	-14.923590660095215	0.7663158	0.6170799	-0.14923590421676636
chr10	12681000	12681500	*	3.0552106420185892e-6	0.0015867339841112182	13.053017616271973	0.73012555	0.8606557	0.13053017854690552
chr11	70948500	70949000	*	3.049875776975808e-6	0.0015867339841112182	11.655455589294434	0.6067839	0.7233385	0.11655455827713013
chr12	14884500	14885000	*	3.053028825441273e-6	0.0015867339841112182	-16.117515563964844	0.42820513	0.26702997	-0.16117516160011292
chr9	113422500	113423000	*	3.0521233553357843e-6	0.0015867339841112182	-12.284893035888672	0.918429	0.7955801	-0.12284892797470093
chr15	26769500	26770000	*	3.0654746345581496e-6	0.001590657584368972	-11.346930503845215	0.9399399	0.8264706	-0.11346930265426636
chr2	11540500	11541000	*	3.070073302307734e-6	0.0015923401659987963	15.574872970581055	0.5456731	0.7014218	0.15574872493743896
chr10	71255000	71255500	*	3.0804862316488265e-6	0.001596976821882467	15.384078025817871	0.6976744	0.8515152	0.1538407802581787
chr5	159566000	159566500	*	3.0817328716395124e-6	0.001596976821882467	-11.6224946975708	0.92941177	0.8131868	-0.11622494459152222
chr8	29073500	29074000	*	3.0861328398051575e-6	0.0015985514672271393	14.505863189697266	0.62189054	0.7669492	0.14505863189697266
chr10	30191000	30191500	*	3.0978717125427346e-6	0.001603924445073636	14.830246925354004	0.2948113	0.44311377	0.14830246567726135
chr14	39386000	39386500	*	3.101743754559318e-6	0.001605110138370964	11.311322212219238	0.8130081	0.92612135	0.11311322450637817
chr6	45923500	45924000	*	3.1284392636763844e-6	0.0016176111109141803	15.288180351257324	0.69501466	0.84789646	0.15288180112838745
chr12	125323000	125323500	*	3.1609894678434613e-6	0.0016322854751675143	10.275578498840332	0.84168863	0.9444444	0.10275578498840332
chr11	71225000	71225500	*	3.1630866466797027e-6	0.0016326504613436547	-16.2302188873291	0.8546099	0.6923077	-0.1623021960258484
chr6	132815500	132816000	*	3.1672407835533583e-6	0.001634076374347012	12.70621395111084	0.32324842	0.45031056	0.1270621418952942
chr10	70645500	70646000	*	3.185818019469208e-6	0.0016422178647523585	11.229837417602539	0.84435797	0.95665634	0.11229836940765381
chr14	83615000	83615500	*	3.2031407473396708e-6	0.0016504228379506745	14.816451072692871	0.66386557	0.8120301	0.1481645107269287
chr1	76094000	76094500	*	3.2126339677180095e-6	0.0016545882182739536	12.571024894714355	0.77272725	0.8984375	0.12571024894714355
chr1	94320000	94320500	*	3.2143453158535276e-6	0.0016547438412553843	-13.895278930664062	0.8600583	0.7211055	-0.13895279169082642
chr20	44274500	44275000	*	3.232225536767169e-6	0.0016632194103212718	11.776161193847656	0.78880405	0.90656567	0.11776161193847656
chr17	66790000	66790500	*	3.2337771031137234e-6	0.0016632889327849822	-12.438291549682617	0.87061405	0.74623114	-0.12438291311264038
chr4	38129000	38129500	*	3.2449153021037894e-6	0.001668287107188175	16.64000701904297	0.5521628	0.7185629	0.16640007495880127
chr11	52554000	52554500	*	3.246829911259874e-6	0.0016685409181340031	-14.452468872070312	0.83002836	0.68550366	-0.1445246934890747
chr20	12825500	12826000	*	3.2639425680446548e-6	0.0016766013438613211	-11.5278959274292	0.94011974	0.8248408	-0.11527895927429199
chr1	151320500	151321000	*	3.2833620145074264e-6	0.0016851023218668975	-12.998449325561523	0.91721857	0.78723407	-0.12998449802398682
chr1	181206000	181206500	*	3.2962208342654884e-6	0.0016909627280047724	14.968281745910645	0.5838264	0.73350924	0.14968281984329224
chr19	47150500	47151000	*	3.3151590577532737e-6	0.0016984520265441727	10.933446884155273	0.82152975	0.9308642	0.10933446884155273
chr1	85254500	85255000	*	3.318063354529318e-6	0.0016991986212659782	-10.380542755126953	0.9383378	0.8345324	-0.10380542278289795
chr2	93575500	93576000	*	3.3240816625102635e-6	0.0017001260376856757	-11.996942520141602	0.7805755	0.6606061	-0.1199694275856018
chr2	104707000	104707500	*	3.335111201134112e-6	0.0017042127975723847	-10.87942123413086	0.93264246	0.82384825	-0.1087942123413086
chr15	89089000	89089500	*	3.3398344636731358e-6	0.0017058840094144798	13.759893417358398	0.44827586	0.5858748	0.1375989317893982
chr11	120713500	120714000	*	3.3724994566767514e-6	0.0017188300638013578	15.694517135620117	0.5292793	0.68622446	0.15694516897201538
chr18	46510500	46511000	*	3.397792450696093e-6	0.0017302189798653483	15.493810653686523	0.6541787	0.8091168	0.15493810176849365
chr22	10717500	10718000	*	3.400306821638808e-6	0.0017307488026718438	-12.1934175491333	0.7271215	0.6051873	-0.12193417549133301
chr2	87285000	87285500	*	3.4026480139179697e-6	0.0017311900569875595	16.58364486694336	0.66875	0.83458644	0.16583645343780518
chr11	44326500	44327000	*	3.4058499412760945e-6	0.0017320686619068792	-18.628314971923828	0.5993266	0.41304347	-0.186283141374588
chr6	17536000	17536500	*	3.4111254019578252e-6	0.0017340005594165331	-14.54013729095459	0.39072847	0.2453271	-0.14540137350559235
chr1	166784500	166785000	*	3.419326581847975e-6	0.0017374173921885071	17.725675582885742	0.21587302	0.39312977	0.1772567480802536
chr17	67121500	67122000	*	3.432056857964915e-6	0.0017431315838755041	-14.947229385375977	0.75609756	0.60662526	-0.14947229623794556
chr6	19706000	19706500	*	3.45513273704951e-6	0.0017540930642206156	14.51534652709961	0.6037736	0.74892706	0.1451534628868103
chr8	30339500	30340000	*	3.461333510863578e-6	0.0017564816619704594	-14.848857879638672	0.60700387	0.4585153	-0.1484885811805725
chr2	229272500	229273000	*	3.4677998903428144e-6	0.0017582434212582785	13.317102432250977	0.8064516	0.93962264	0.13317102193832397
chr16	78681500	78682000	*	3.477052442959004e-6	0.0017621737796996782	-10.822195053100586	0.959854	0.85163206	-0.10822194814682007
chr14	101792000	101792500	*	3.4967107505116068e-6	0.001770608267561129	-12.297212600708008	0.8811881	0.75821596	-0.12297213077545166
chr2	128069000	128069500	*	3.5056783915829745e-6	0.0017728556833520417	-12.209725379943848	0.89367086	0.7715736	-0.12209725379943848
chr20	52083500	52084000	*	3.504438493840318e-6	0.0017728556833520417	-10.130216598510742	0.23692308	0.13562092	-0.10130216181278229
chr1	63098000	63098500	*	3.520493605071269e-6	0.0017795814807162196	10.475057601928711	0.8543689	0.9591195	0.10475057363510132
chr7	157911000	157911500	*	3.5239748044267578e-6	0.001780574701332425	-11.18665885925293	0.8180354	0.70616883	-0.11186659336090088
chr16	79626500	79627000	*	3.5340557433186837e-6	0.0017849003135646927	11.396294593811035	0.7973274	0.91129035	0.11396294832229614
chr14	66873500	66874000	*	3.54844166535482e-6	0.0017913955344265782	-12.387615203857422	0.96015936	0.8362832	-0.12387615442276001
chr9	20351000	20351500	*	3.578671269243013e-6	0.0018058802609706756	11.639660835266113	0.821875	0.9382716	0.11639660596847534
chr4	47595500	47596000	*	3.5878549347742e-6	0.001809736838487149	-10.551047325134277	0.87992126	0.7744108	-0.10551047325134277
chr13	114121000	114121500	*	3.591524239206982e-6	0.0018108098197006062	11.399709701538086	0.7777778	0.8917749	0.11399710178375244
chr19	55953000	55953500	*	3.610110871131263e-6	0.0018193998160141007	-14.740401268005371	0.8513514	0.70394737	-0.1474040150642395
chr1	160171500	160172000	*	3.6578629790480173e-6	0.001842674760210625	18.180253982543945	0.33126935	0.5130719	0.18180254101753235
chr11	52294000	52294500	*	3.6640225312615e-6	0.0018449861790369067	-12.35145378112793	0.7992958	0.67578125	-0.12351453304290771
chr20	30999500	31000000	*	3.6797124694596656e-6	0.0018520925010556228	11.558365821838379	0.7570755	0.87265915	0.11558365821838379
chr22	23432500	23433000	*	3.688061966980541e-6	0.0018554996868991587	10.662287712097168	0.8207965	0.92741936	0.10662287473678589
chr2	85894000	85894500	*	3.700573409995144e-6	0.0018609969727083843	15.808934211730957	0.6606607	0.81875	0.15808933973312378
chr7	121481000	121481500	*	3.710076464663765e-6	0.0018649772984773733	-14.266988754272461	0.4679487	0.32527882	-0.1426698863506317
chr17	22705500	22706000	*	3.7117600768633767e-6	0.0018650252307819578	-16.453323364257812	0.5558376	0.39130434	-0.16453322768211365
chr12	131347000	131347500	*	3.720861578518053e-6	0.0018687987491306467	12.24374771118164	0.66508687	0.78752434	0.1224374771118164
chr11	75518500	75519000	*	3.754342438721896e-6	0.0018831980535705666	-18.452407836914062	0.40316206	0.21863799	-0.1845240741968155
chr5	5536000	5536500	*	3.762605964318565e-6	0.0018863965809865204	17.196781158447266	0.5641026	0.7360704	0.17196780443191528
chr5	107769500	107770000	*	3.8019243093757785e-6	0.0019038123819526578	16.02528953552246	0.25304878	0.41330168	0.1602528989315033
chr14	100603000	100603500	*	3.8044032982284167e-6	0.0019042416914625338	15.272951126098633	0.6920981	0.8448276	0.15272951126098633
chr2	29546500	29547000	*	3.8143809469256753e-6	0.0019084223868662334	-10.071611404418945	0.9198218	0.8191057	-0.10071611404418945
chr5	61519500	61520000	*	3.817508345382497e-6	0.0019091736433697445	10.822587966918945	0.84210527	0.95033115	0.10822588205337524
chr6	117262000	117262500	*	3.842988917793561e-6	0.0019202810555874175	14.402365684509277	0.60349125	0.7475149	0.14402365684509277
chr6	41663500	41664000	*	3.845530924621463e-6	0.0019207339227920674	18.024587631225586	0.6130031	0.79324895	0.18024587631225586
chr19	41861000	41861500	*	3.863598283942431e-6	0.0019272987228996054	14.820182800292969	0.4041096	0.5523114	0.1482018232345581
chr11	113778000	113778500	*	3.8655532039391025e-6	0.0019274551057966549	-13.37230396270752	0.3738977	0.24017467	-0.13372303545475006
chr1	246961500	246962000	*	3.880263431972711e-6	0.0019339687508919407	-12.256217002868652	0.93037975	0.8078176	-0.12256217002868652
chr1	63229500	63230000	*	3.88833501668962e-6	0.001937169495132762	11.32194995880127	0.827957	0.9411765	0.1132194995880127
chr3	127093000	127093500	*	3.8995602606265835e-6	0.0019411148081911194	14.94765853881836	0.5580952	0.7075718	0.14947658777236938
chr22	43824000	43824500	*	3.914983933974353e-6	0.001947966612008837	11.39954948425293	0.75359344	0.86758894	0.1139954924583435
chr6	90496500	90497000	*	3.962432101933375e-6	0.0019690721943089635	12.160957336425781	0.5889571	0.71056664	0.12160956859588623
chr5	14732000	14732500	*	3.9648413381668e-6	0.0019694359814183882	12.589192390441895	0.8244898	0.9503817	0.12589192390441895
chr4	26193000	26193500	*	3.9860357276329015e-6	0.0019791265714413342	14.384078979492188	0.70149255	0.84533334	0.14384078979492188
chr22	49704500	49705000	*	4.026140083687972e-6	0.001998194083850917	10.347949981689453	0.78246754	0.88594705	0.10347950458526611
chr5	87160500	87161000	*	4.0555635191460345e-6	0.002011097089047882	-16.68793487548828	0.8206107	0.65373135	-0.16687935590744019
chr3	129250000	129250500	*	4.062561671405565e-6	0.0020137169873960976	18.100093841552734	0.25947523	0.44047618	0.1810009479522705
chr9	121924000	121924500	*	4.1291209119770315e-6	0.00204498239724012	10.094618797302246	0.8139963	0.9149425	0.10094618797302246
chr19	32308500	32309000	*	4.13175435199252e-6	0.002045423946822105	17.03072738647461	0.41525424	0.5855615	0.17030727863311768
chr6	146785500	146786000	*	4.134066843878203e-6	0.0020457063059244546	-10.035371780395508	0.9104803	0.8101266	-0.10035371780395508
chr8	61653500	61654000	*	4.139673272016524e-6	0.0020476177156914825	-10.588234901428223	0.9	0.7941176	-0.10588234663009644
chr1	193181000	193181500	*	4.1567385506614275e-6	0.002055193051377931	12.543421745300293	0.7822581	0.9076923	0.12543421983718872
chr13	78293500	78294000	*	4.16428121029099e-6	0.0020571899560092037	11.052947998046875	0.80150753	0.912037	0.11052948236465454
chr9	91163000	91163500	*	4.1783930250295895e-6	0.0020624259927638487	10.67711067199707	0.76848876	0.8752599	0.10677111148834229
chr5	144198000	144198500	*	4.185478433193032e-6	0.0020650552663883963	-14.275657653808594	0.87461776	0.7318612	-0.14275658130645752
chr15	63076000	63076500	*	4.24346700660372e-6	0.0020901531376847616	15.252479553222656	0.40481928	0.5573441	0.15252479910850525
chr11	15910000	15910500	*	4.269845812741724e-6	0.00210226440435156	-12.355846405029297	0.92011017	0.7965517	-0.12355846166610718
chr7	65907000	65907500	*	4.27333065578649e-6	0.0021030983693221005	10.183137893676758	0.7831094	0.8849408	0.10183137655258179
chr11	65612000	65612500	*	4.287180218698284e-6	0.0021090304437571053	14.414715766906738	0.7398119	0.88395905	0.14414715766906738
chr11	87769500	87770000	*	4.291057779782106e-6	0.0021100539892677456	-12.318790435791016	0.8491879	0.726	-0.12318789958953857
chr20	50692000	50692500	*	4.319819051508491e-6	0.0021215316101155404	12.789254188537598	0.14666666	0.2745592	0.12789253890514374
chr11	96332500	96333000	*	4.330306512188e-6	0.0021257930871190875	16.809118270874023	0.3901099	0.5582011	0.16809117794036865
chr19	54646500	54647000	*	4.335609888162523e-6	0.0021275071441930415	-12.127500534057617	0.77792734	0.65665233	-0.12127500772476196
chr2	67670500	67671000	*	4.345302114338254e-6	0.0021313725021631616	13.032472610473633	0.7660167	0.89634144	0.13032472133636475
chr11	87294000	87294500	*	4.367994194232001e-6	0.002137734694615086	11.39844036102295	0.8338983	0.9478827	0.11398440599441528
chr2	38665500	38666000	*	4.366173050811738e-6	0.002137734694615086	14.2435941696167	0.3340858	0.47652173	0.1424359381198883
chr2	74270500	74271000	*	4.369195923788645e-6	0.002137734694615086	10.78784465789795	0.8148148	0.92269325	0.10787844657897949
chr2	181174000	181174500	*	4.364732809169554e-6	0.002137734694615086	-10.088276863098145	0.9070248	0.80614203	-0.10088276863098145
chr14	99744000	99744500	*	4.386643059235397e-6	0.002145377220096476	17.626846313476562	0.3933518	0.56962025	0.17626845836639404
chr9	120036000	120036500	*	4.395716877235296e-6	0.0021489199453907427	-10.608405113220215	0.90024936	0.7941653	-0.10608404874801636
chr15	85471000	85471500	*	4.40185596716197e-6	0.002151025628084761	11.867391586303711	0.6486928	0.7673667	0.11867392063140869
chr6	148776500	148777000	*	4.439333560422485e-6	0.002166634641726761	-11.944169044494629	0.9335443	0.8141026	-0.1194416880607605
chr7	63231000	63231500	*	4.483928209603613e-6	0.002186581632704618	-11.331439018249512	0.81520116	0.7018868	-0.11331439018249512
chr11	70526000	70526500	*	4.529475865109763e-6	0.002206044492082978	15.047979354858398	0.73880595	0.88928574	0.15047979354858398
chr1	13404500	13405000	*	4.541809762643831e-6	0.0022111345142050666	-17.760181427001953	0.85067874	0.6730769	-0.17760181427001953
chr7	62327500	62328000	*	4.556889080531514e-6	0.0022175563439398153	-15.702322006225586	0.55932206	0.40229884	-0.15702322125434875
chrUn_GL000216v2	2000	2500	*	4.623422392038229e-6	0.0022480706961615017	-16.709686279296875	0.79522187	0.628125	-0.16709685325622559
chr6	152552500	152553000	*	4.63336640139133e-6	0.002251973329372922	14.009878158569336	0.18156424	0.32166302	0.14009878039360046
chr14	70279000	70279500	*	4.690085977056356e-6	0.002277655491830539	-10.707223892211914	0.9442815	0.8372093	-0.10707223415374756
chr3	188352500	188353000	*	4.689215193826016e-6	0.002277655491830539	11.827588081359863	0.80172414	0.92	0.11827588081359863
chr4	162263000	162263500	*	4.6960880916702825e-6	0.0022796275363160656	13.055187225341797	0.7866667	0.91721857	0.13055187463760376
chr15	60610500	60611000	*	4.700095694105251e-6	0.0022806301527143157	14.063262939453125	0.7021858	0.84281844	0.14063262939453125
chr2	138223000	138223500	*	4.743459815056725e-6	0.002298821970907503	13.37733268737793	0.64444447	0.7782178	0.1337733268737793
chr11	122440000	122440500	*	4.770714665212062e-6	0.002309171418525386	10.0435152053833	0.068136275	0.16857143	0.10043515264987946
chr11	51293000	51293500	*	4.792533783694894e-6	0.0023187767349707455	-13.649654388427734	0.77251184	0.6360153	-0.13649654388427734
chr19	22401500	22402000	*	4.810652479442798e-6	0.0023265844972016232	-12.918460845947266	0.8187633	0.6895787	-0.12918460369110107
chr14_GL000194v1_random	122000	122500	*	4.815398028106482e-6	0.002327920814198543	-14.10493278503418	0.5897921	0.44874275	-0.141049325466156
chr7	156365000	156365500	*	4.85111101662877e-6	0.002342292730330784	11.365837097167969	0.77619046	0.8898488	0.1136583685874939
chr22	33951500	33952000	*	4.862844549321173e-6	0.0023469930599246945	-11.653190612792969	0.9308176	0.8142857	-0.11653190851211548
chr17	39956000	39956500	*	4.881327111440325e-6	0.002353134761275632	-14.761919021606445	0.91943127	0.7718121	-0.14761918783187866
chr8	74124500	74125000	*	4.881581627263719e-6	0.002353134761275632	-10.495966911315918	0.9122402	0.80728054	-0.10495966672897339
chr8	136142000	136142500	*	4.890432837184884e-6	0.0023564340921325595	-13.776004791259766	0.8681948	0.7304348	-0.13776004314422607
chr10	79246500	79247000	*	4.989798852407233e-6	0.002401357057717218	16.188907623291016	0.6886447	0.8505338	0.16188907623291016
chr8	26321000	26321500	*	5.011635072071237e-6	0.002408904042758996	14.01476001739502	0.11392405	0.25407165	0.1401475965976715
chr11	113442500	113443000	*	5.033145378159857e-6	0.0024161772184361613	-15.902352333068848	0.85865724	0.6996337	-0.15902352333068848
chr11	123060500	123061000	*	5.034997124578489e-6	0.0024161772184361613	11.509401321411133	0.06875	0.18384402	0.11509401351213455
chr2	126881000	126881500	*	5.03877095563058e-6	0.0024170004513140745	17.38152503967285	0.5849057	0.75872093	0.17381525039672852
chr3	66400000	66400500	*	5.051753234984297e-6	0.0024222383218481794	10.010152816772461	0.85257983	0.95268136	0.1001015305519104
chr15	19783000	19783500	*	5.0623383083419e-6	0.0024263229621538543	-10.407882690429688	0.73770493	0.6336261	-0.10407882928848267
chr2	58915500	58916000	*	5.070121525765115e-6	0.0024290619186462226	13.272130966186523	0.72029704	0.85301834	0.13272130489349365
chr6	88168000	88168500	*	5.103408216242334e-6	0.002444012204399792	13.566756248474121	0.7294118	0.86507934	0.1356675624847412
chr4	42611000	42611500	*	5.1125484370004185e-6	0.002446394010813055	11.906790733337402	0.769821	0.8888889	0.11906790733337402
chr20	36872000	36872500	*	5.1527860898714934e-6	0.0024636401825408466	15.75477123260498	0.5842105	0.7417582	0.1575477123260498
chr13	74737000	74737500	*	5.160083283220425e-6	0.002465121674527197	10.564446449279785	0.83090377	0.93654823	0.10564446449279785
chr18	2826500	2827000	*	5.163230353942899e-6	0.0024656220207239857	13.182693481445312	0.5128617	0.64468867	0.13182693719863892
chr15	73306000	73306500	*	5.197137783153291e-6	0.0024787898533590643	15.551218032836914	0.37254903	0.5280612	0.15551218390464783
chr5	9108000	9108500	*	5.195846823206279e-6	0.0024787898533590643	11.93552017211914	0.7906977	0.9100529	0.1193552017211914
chr14	91924500	91925000	*	5.211136894669976e-6	0.0024834493456417925	16.839282989501953	0.72	0.88839287	0.1683928370475769
chr14	94373500	94374000	*	5.271547594084937e-6	0.0025102015144910744	-16.202503204345703	0.8051118	0.6430868	-0.16202503442764282
chr6	143561000	143561500	*	5.2755800360838215e-6	0.002511103389546703	13.57465934753418	0.81447965	0.95022625	0.13574659824371338
chr6	39367500	39368000	*	5.319660438997262e-6	0.0025300339521166656	17.790328979492188	0.5429448	0.7208481	0.17790329456329346
chr12	14913000	14913500	*	5.344591178982682e-6	0.0025408619225303023	10.861879348754883	0.83828384	0.94690263	0.10861879587173462
chr17	27442500	27443000	*	5.355270150503821e-6	0.00254285030990308	-15.764081954956055	0.78835976	0.63071895	-0.15764081478118896
chr4	49617000	49617500	*	5.398433244128529e-6	0.0025623093873823276	-12.684297561645508	0.6950673	0.5682243	-0.12684297561645508
chr16	66694000	66694500	*	5.426880203250319e-6	0.002573730813290918	-14.206684112548828	0.90268457	0.76061773	-0.1420668363571167
chr4	189216500	189217000	*	5.445104355216483e-6	0.002580289487468845	-11.430490493774414	0.9052369	0.790932	-0.11430490016937256
chr7	21255500	21256000	*	5.514897967033951e-6	0.00261211671452519	12.718695640563965	0.68325794	0.8104449	0.12718695402145386
chr7	36558000	36558500	*	5.516717324491271e-6	0.00261211671452519	13.286214828491211	0.8	0.93286216	0.1328621506690979
chr1	24962500	24963000	*	5.545168471527083e-6	0.0026224158030762985	-11.774849891662598	0.84021544	0.72246695	-0.11774849891662598
chr10	13257500	13258000	*	5.543322008145925e-6	0.0026224158030762985	12.23715591430664	0.79041916	0.9127907	0.12237155437469482
chr15	26789500	26790000	*	5.5830840390666515e-6	0.0026363198566752657	-13.867961883544922	0.77044857	0.63176894	-0.1386796236038208
chr16	4096500	4097000	*	5.607852120373922e-6	0.002646730391947766	-12.798345565795898	0.89235127	0.7643678	-0.1279834508895874
chrX	44083000	44083500	*	5.619672408355526e-6	0.002651243584929989	-11.801939964294434	0.9507042	0.8326848	-0.11801940202713013
chr16	33052000	33052500	*	5.6236869333141586e-6	0.0026520720365219345	-13.531231880187988	0.7943662	0.65905386	-0.13531231880187988
chr16	5042000	5042500	*	5.629148226053764e-6	0.0026535818296384746	-14.4061861038208	0.84166664	0.6976048	-0.1440618634223938
chr9	63851000	63851500	*	5.670563983344567e-6	0.002672032552951133	-12.728845596313477	0.8203991	0.69311064	-0.12728846073150635
chr1_KI270706v1_random	48500	49000	*	5.678446777299039e-6	0.0026746737087114383	-12.296056747436523	0.59422493	0.47126436	-0.12296056747436523
chr6	130742000	130742500	*	5.763408998349274e-6	0.002710344062308218	-17.718236923217773	0.61538464	0.43820226	-0.1771823763847351
chr2	235719000	235719500	*	5.768777482721912e-6	0.0027117826698583136	17.56863021850586	0.50666666	0.68235296	0.1756862998008728
chr20	40534500	40535000	*	5.819623629850692e-6	0.002731310793102004	13.912230491638184	0.73202616	0.87114847	0.13912230730056763
chr3	14640000	14640500	*	5.839305367314604e-6	0.0027383590423371057	13.73416805267334	0.608421	0.7457627	0.1373416781425476
chr13	18329500	18330000	*	5.87003842960689e-6	0.002750574455815374	-13.31382942199707	0.52411574	0.39097744	-0.13313829898834229
chr20	32558500	32559000	*	5.893895065618299e-6	0.0027584509493674024	13.139719009399414	0.6402214	0.7716186	0.13139718770980835
chr10	97091500	97092000	*	5.907981885650166e-6	0.0027620547204832	15.120542526245117	0.5676275	0.7188329	0.1512054204940796
chr15	78814500	78815000	*	5.90865164031567e-6	0.0027620547204832	14.238988876342773	0.76811594	0.91050583	0.14238989353179932
chr18	73254500	73255000	*	5.9126776959396274e-6	0.002762836882562147	13.405233383178711	0.76868325	0.9027356	0.1340523362159729
chr7	75733000	75733500	*	5.928970713824164e-6	0.0027682470347808095	12.710046768188477	0.67686427	0.80396473	0.12710046768188477
chr3	90586500	90587000	*	5.9391873170523435e-6	0.0027719150320140106	11.174493789672852	0.8102981	0.922043	0.1117449402809143
chr6	33349000	33349500	*	5.9451258829658155e-6	0.0027735842785378117	-13.979119300842285	0.81445783	0.67466664	-0.13979119062423706
chr10	78180000	78180500	*	5.958492112792541e-6	0.002778716056943425	11.246949195861816	0.80444443	0.9169139	0.11246949434280396
chr10	87019000	87019500	*	5.982397894796362e-6	0.0027884601719265433	16.841089248657227	0.68992245	0.85833335	0.16841089725494385
chr1	55641000	55641500	*	5.99869869863398e-6	0.002794137221920087	-11.243385314941406	0.9100529	0.79761904	-0.11243385076522827
chr18	78550000	78550500	*	6.0296111448308635e-6	0.0028074223329527357	15.92608642578125	0.6418919	0.80115277	0.15926086902618408
chr18	50666500	50667000	*	6.03914193774386e-6	0.00281074543540675	-17.003995895385742	0.79389316	0.6238532	-0.17003995180130005
chr15	58162000	58162500	*	6.048986943514981e-6	0.002813844331768057	11.873865127563477	0.7976879	0.91642654	0.11873865127563477
chr8	100510500	100511000	*	6.050592746836167e-6	0.002813844331768057	-16.33448028564453	0.3967742	0.2334294	-0.16334480047225952
chr17	76334000	76334500	*	6.057802480982593e-6	0.002816081957923063	-13.491368293762207	0.9074627	0.77254903	-0.13491368293762207
chr1	180210500	180211000	*	6.118845263550014e-6	0.002842208465777576	16.900556564331055	0.49874687	0.66775244	0.16900557279586792
chr12	6567000	6567500	*	6.141262850278609e-6	0.0028514934883520993	12.03952407836914	0.6647287	0.78512394	0.1203952431678772
chr2	181574500	181575000	*	6.166653787643415e-6	0.0028621512029132733	14.030736923217773	0.643026	0.78333336	0.14030736684799194
chr10	85955000	85955500	*	6.192175037507197e-6	0.002869459777108574	14.001571655273438	0.780303	0.9203187	0.14001572132110596
chr17	77366000	77366500	*	6.204594724077096e-6	0.002874080864499141	16.153823852539062	0.64855075	0.810089	0.1615382432937622
chr16	75701500	75702000	*	6.229028057985704e-6	0.002883124173951193	-10.678327560424805	0.9409938	0.8342105	-0.10678327083587646
chr17	27720500	27721000	*	6.231758181115274e-6	0.002883251338944073	12.914544105529785	0.78700364	0.9161491	0.12914544343948364
chr1	34967000	34967500	*	6.275133050893467e-6	0.002901033537825221	-11.84263801574707	0.89444447	0.7760181	-0.1184263825416565
chr17	3850500	3851000	*	6.417902342594655e-6	0.002961207532027707	12.57575798034668	0.7909091	0.9166667	0.12575757503509521
chr11	70314000	70314500	*	6.422980794321918e-6	0.0029623867170380466	12.504518508911133	0.7392405	0.8642857	0.12504518032073975
chr1	31122500	31123000	*	6.4603550967384905e-6	0.002978454517151922	12.889863967895508	0.17592593	0.30482456	0.12889863550662994
chr2	87495500	87496000	*	6.462984245800804e-6	0.002978497234892292	12.241768836975098	0.79375	0.9161677	0.12241768836975098
chr13	28589500	28590000	*	6.478585466375202e-6	0.00298451581505485	-12.965994834899902	0.8536036	0.72394365	-0.12965995073318481
chr17	64060500	64061000	*	6.509202587614825e-6	0.002996269389309059	10.269546508789062	0.8317308	0.93442625	0.10269546508789062
chr11	53185500	53186000	*	6.558676983134686e-6	0.003014316601511456	-11.380207061767578	0.66796875	0.5541667	-0.11380207538604736
chr6	37928500	37929000	*	6.565615663801903e-6	0.0030163250070988634	11.901527404785156	0.8097983	0.9288136	0.11901527643203735
chr15	82833000	82833500	*	6.5963502352986995e-6	0.0030292596928437154	-12.69652271270752	0.79651165	0.6695464	-0.1269652247428894
chr2	231717000	231717500	*	6.666642311067028e-6	0.003059147349319635	10.341876983642578	0.8666667	0.97008544	0.10341876745223999
chr4	59121000	59121500	*	6.670453430908381e-6	0.003059700509715474	10.45132827758789	0.69162995	0.79614323	0.10451328754425049
chr19	22437500	22438000	*	6.6879680606523695e-6	0.003064143581336531	-12.773078918457031	0.7885835	0.66085273	-0.12773078680038452
chr1	176802000	176802500	*	6.702996277221122e-6	0.003068634308965739	13.666695594787598	0.762987	0.899654	0.13666695356369019
chr19	11306000	11306500	*	6.702595221386482e-6	0.003068634308965739	10.819328308105469	0.7668067	0.875	0.1081932783126831
chr13	17048500	17049000	*	6.711394062486273e-6	0.0030712814376566665	-10.8384428024292	0.75817925	0.6497948	-0.10838443040847778
chr2	71088500	71089000	*	6.729501578499608e-6	0.0030771694176658067	-11.881744384765625	0.8839506	0.76513314	-0.11881744861602783
chr1	24339500	24340000	*	6.791787298255664e-6	0.003099954783915273	12.391286849975586	0.74058574	0.8644986	0.12391287088394165
chr12	5976500	5977000	*	6.789385438210302e-6	0.003099954783915273	15.799421310424805	0.5860058	0.744	0.15799421072006226
chr3	156531000	156531500	*	6.792530822880489e-6	0.003099954783915273	16.66717529296875	0.4030612	0.56973296	0.1666717529296875
chr11	53018000	53018500	*	6.8125758152066335e-6	0.003106688020043849	-10.818886756896973	0.7734724	0.66528356	-0.10818886756896973
chr4	68906000	68906500	*	6.846652343881779e-6	0.0031198045355149123	-15.896894454956055	0.30232558	0.14335664	-0.1589689403772354
chr11	68950000	68950500	*	6.8708787183963435e-6	0.0031284157821274347	17.328506469726562	0.63257575	0.8058608	0.17328506708145142
chr1	234955000	234955500	*	6.948054511956534e-6	0.003161103678845818	13.501447677612305	0.759375	0.89438945	0.13501447439193726
chr6	142232500	142233000	*	6.972680761725135e-6	0.0031710790727737543	15.03268051147461	0.22222222	0.37254903	0.15032680332660675
chr9	65467500	65468000	*	6.990326848095283e-6	0.0031766436625350896	-10.088896751403809	0.89429176	0.7934028	-0.10088896751403809
chr11	51750500	51751000	*	7.0384085128193805e-6	0.0031972562876001007	-15.28751277923584	0.8173913	0.66451615	-0.1528751254081726
chr15	77853000	77853500	*	7.0514608479384855e-6	0.0032019467565268947	12.722378730773926	0.71168834	0.8389121	0.12722378969192505
chr20	42886000	42886500	*	7.069955672927613e-6	0.0032078639909507854	-11.618942260742188	0.9104478	0.79425836	-0.11618942022323608
chr1	230563500	230564000	*	7.09579346522835e-6	0.0032171012520818966	10.013910293579102	0.06388206	0.16402116	0.10013910382986069
chr5	167273000	167273500	*	7.1238218324046665e-6	0.0032285622451855805	-15.566039085388184	0.75	0.5943396	-0.15566039085388184
chr12	130193500	130194000	*	7.1414577227571686e-6	0.003234058566374619	-12.283945083618164	0.8839506	0.76111114	-0.12283945083618164
chr7	147711000	147711500	*	7.1442951251446406e-6	0.003234096262552851	11.131882667541504	0.80108994	0.91240877	0.11131882667541504
chr19	28103500	28104000	*	7.156178669649374e-6	0.0032369799893163078	-12.129365921020508	0.78356713	0.66227347	-0.12129366397857666
chr9	22203500	22204000	*	7.155894555243004e-6	0.0032369799893163078	16.731441497802734	0.6188925	0.7862069	0.16731441020965576
chr2	131582000	131582500	*	7.174153891579572e-6	0.003241670089229608	12.372136116027832	0.7404762	0.86419755	0.12372136116027832
chr20	30741500	30742000	*	7.174829178858266e-6	0.003241670089229608	14.71725082397461	0.50605327	0.6532258	0.14717251062393188
chr17	66944000	66944500	*	7.229310931472992e-6	0.0032637740083697087	14.025735855102539	0.6711712	0.81142855	0.1402573585510254
chr15	39472500	39473000	*	7.238052618783307e-6	0.003266464716382494	10.3224515914917	0.85409254	0.95731705	0.10322451591491699
chr12	65000500	65001000	*	7.283299879152831e-6	0.003285621647904051	-14.51425552368164	0.8523077	0.7071651	-0.1451425552368164
chr3	90689000	90689500	*	7.303514305646169e-6	0.0032934754614130034	10.866743087768555	0.7566462	0.86531365	0.10866743326187134
chr4	134586000	134586500	*	7.341779653327147e-6	0.0033084180045895133	16.720603942871094	0.54227406	0.7094801	0.1672060489654541
chrY	11728000	11728500	*	7.342285358039095e-6	0.0033084180045895133	-18.166749954223633	0.7729084	0.5912409	-0.1816675066947937
chr12	4263500	4264000	*	7.371266316465232e-6	0.0033176575094824956	-10.739761352539062	0.9281768	0.8207792	-0.10739761590957642
chr11	129691000	129691500	*	7.406771373035214e-6	0.0033285344580779117	13.785690307617188	0.7652439	0.9031008	0.13785690069198608
chr19	28436500	28437000	*	7.404506084176914e-6	0.0033285344580779117	-10.468376159667969	0.9207459	0.81606215	-0.1046837568283081
chr10	114767000	114767500	*	7.424555503830546e-6	0.0033352500752934387	-13.197580337524414	0.61403507	0.48205927	-0.13197579979896545
chr20	29060500	29061000	*	7.4275869772659424e-6	0.003335335919216196	-15.215322494506836	0.44552058	0.29336736	-0.15215322375297546
chr2	143764000	143764500	*	7.444243368622004e-6	0.0033411348525958077	11.803936958312988	0.78347576	0.9015151	0.11803936958312988
chr20	11755000	11755500	*	7.446191475164086e-6	0.0033411348525958077	17.56454086303711	0.46643108	0.6420765	0.17564541101455688
chr15	35246500	35247000	*	7.488702048481095e-6	0.0033589260084206695	-10.524320602416992	0.92408377	0.81884056	-0.10524320602416992
chr6	39077500	39078000	*	7.504934596945008e-6	0.0033649215310956283	13.089120864868164	0.7379135	0.8688047	0.13089120388031006
chr7	108442000	108442500	*	7.538572367869804e-6	0.0033761361218726392	16.41225814819336	0.5619048	0.72602737	0.1641225814819336
chr2	6925000	6925500	*	7.554575475171536e-6	0.0033783098361821937	10.700082778930664	0.85877866	0.9657795	0.10700082778930664
chr20	23116000	23116500	*	7.5508238322927285e-6	0.0033783098361821937	11.063366889953613	0.78606963	0.8967033	0.11063367128372192
chr6	64712000	64712500	*	7.554933949621327e-6	0.0033783098361821937	-11.84190559387207	0.91066283	0.7922438	-0.11841905117034912
chr6	136522000	136522500	*	7.596438944401003e-6	0.0033929932301157975	-11.777294158935547	0.91495603	0.7971831	-0.11777293682098389
chr10	33012000	33012500	*	7.6244325825097665e-6	0.0034016151046629	14.085281372070312	0.74113476	0.8819876	0.14085280895233154
chr17	9826000	9826500	*	7.649393059133717e-6	0.003410159830991739	13.086837768554688	0.68509614	0.8159645	0.13086837530136108
chr10	109384000	109384500	*	7.717305923656322e-6	0.0034391302540041084	-12.240653991699219	0.9283276	0.8059211	-0.12240654230117798
chr1	246618500	246619000	*	7.720955496776663e-6	0.0034394513504301862	-13.848871231079102	0.817734	0.6792453	-0.13848870992660522
chr21	34645000	34645500	*	7.753759658219508e-6	0.003452754762511006	-13.946843147277832	0.8745875	0.73511904	-0.13946843147277832
chr7	98619000	98619500	*	7.768009169550235e-6	0.003457788821613995	13.075489044189453	0.17322835	0.30398324	0.13075488805770874
chr9	107222000	107222500	*	7.784599598651612e-6	0.0034612375446851362	12.215176582336426	0.15681818	0.27896994	0.12215176224708557
chr19	8170500	8171000	*	7.883208503327631e-6	0.003501104633396557	-15.203314781188965	0.7910864	0.6390532	-0.15203315019607544
chr19	32048500	32049000	*	7.891155951922196e-6	0.0035033092649498125	-11.495626449584961	0.85169494	0.7367387	-0.11495625972747803
chr7	10593000	10593500	*	7.927422877989221e-6	0.003517504755536518	10.459625244140625	0.81714284	0.9217391	0.10459625720977783
chr18	14461000	14461500	*	7.950372996248307e-6	0.003524356557109264	-19.089338302612305	0.5858209	0.39492753	-0.19089338183403015
chr10	43694500	43695000	*	7.957771258644256e-6	0.0035262175708049384	13.669788360595703	0.7259887	0.8626866	0.1366978883743286
chr15	101425500	101426000	*	8.030485353231483e-6	0.003557096065603506	-10.605669021606445	0.8875	0.7814433	-0.10605669021606445
chr11	129267500	129268000	*	8.037424258925411e-6	0.003557485765336312	10.373282432556152	0.7930283	0.8967611	0.10373282432556152
chr10	88951500	88952000	*	8.047392169452336e-6	0.0035578744857367325	-12.846940994262695	0.19933555	0.070866145	-0.12846940755844116
chr11	93145500	93146000	*	8.046547884390428e-6	0.0035578744857367325	-12.450897216796875	0.8329238	0.70841485	-0.12450897693634033
chr6	141959500	141960000	*	8.043591114049243e-6	0.0035578744857367325	-10.491103172302246	0.89934355	0.7944325	-0.10491102933883667
chr1	38074500	38075000	*	8.111554664969744e-6	0.0035821955463625575	14.432085037231445	0.6830601	0.82738096	0.14432084560394287
chr1	164593500	164594000	*	8.129871509042258e-6	0.003588934834009378	-13.999998092651367	0.82857144	0.68857145	-0.13999998569488525
chr3	106583000	106583500	*	8.18978013354245e-6	0.003608598439044387	13.455831527709961	0.66329116	0.7978495	0.1345583200454712
chr4	35190500	35191000	*	8.187620088074195e-6	0.003608598439044387	-14.530354499816895	0.85423726	0.7089337	-0.14530354738235474
chr15	73936000	73936500	*	8.229241927324448e-6	0.0036232670292823967	12.372560501098633	0.06711409	0.1908397	0.12372560054063797
chr13	52816500	52817000	*	8.317460139976537e-6	0.003655249919740556	-11.08137321472168	0.90591395	0.7951002	-0.11081373691558838
chr7	151956500	151957000	*	8.320559055562326e-6	0.003655249919740556	-12.292427062988281	0.9222973	0.79937303	-0.12292426824569702
chr4	21205500	21206000	*	8.353392481323477e-6	0.0036641904924669196	-11.324185371398926	0.8891455	0.77590364	-0.11324185132980347
chr7	151918000	151918500	*	8.384932392355625e-6	0.003673908187008482	-11.167335510253906	0.8908297	0.7791563	-0.11167335510253906
chr1	223371500	223372000	*	8.399870691312893e-6	0.0036777089329752778	10.669321060180664	0.7763713	0.8830645	0.10669320821762085
chr15	23064000	23064500	*	8.422666574522963e-6	0.003686315171996342	16.366445541381836	0.65328467	0.8169491	0.16366446018218994
chr2	37892000	37892500	*	8.492050667014298e-6	0.0037152974784451843	14.782267570495605	0.42691416	0.57473683	0.14782267808914185
chr8	85221000	85221500	*	8.556575675187035e-6	0.0037400166105262794	-13.874774932861328	0.30083567	0.16208792	-0.13874775171279907
chr7	21772500	21773000	*	8.58398865421936e-6	0.00374947143532324	13.124883651733398	0.50285715	0.634106	0.1312488317489624
chr17	50930000	50930500	*	8.646278343319872e-6	0.003772932558480159	15.904513359069824	0.49122807	0.6502732	0.15904513001441956
chr5	77390500	77391000	*	8.659958174221786e-6	0.00377749820421446	15.458547592163086	0.6735395	0.828125	0.15458548069000244
chr12	115214000	115214500	*	8.667348208466076e-6	0.0037793178509383427	12.893742561340332	0.76696163	0.89589906	0.12893742322921753
chr17	11924500	11925000	*	8.686398958453304e-6	0.0037855027931318714	-10.169136047363281	0.92727274	0.8255814	-0.1016913652420044
chr16	34272500	34273000	*	8.694808678911819e-6	0.0037856687614689043	-10.558504104614258	0.7083888	0.60280377	-0.10558503866195679
chr10	120524500	120525000	*	8.80102103384714e-6	0.0038276553174678794	-14.902395248413086	0.8005391	0.6515151	-0.14902395009994507
chr9	138096000	138096500	*	8.800811669325349e-6	0.0038276553174678794	10.043191909790039	0.8240964	0.9245283	0.10043191909790039
chr10	117926000	117926500	*	8.83728149091174e-6	0.0038405804918412428	-10.656272888183594	0.93353474	0.826972	-0.10656273365020752
chr4	7800000	7800500	*	8.835241225588215e-6	0.0038405804918412428	11.135268211364746	0.8442029	0.95555556	0.11135268211364746
chr3	90612500	90613000	*	8.881594061534872e-6	0.0038584102402921994	10.046195983886719	0.78318584	0.8836478	0.10046195983886719
chr1	231126000	231126500	*	8.893073631978266e-6	0.0038619685121817804	13.312315940856934	0.6650831	0.79820627	0.13312315940856934
chr2	124050000	124050500	*	8.91999601501668e-6	0.0038707969994831695	-11.356419563293457	0.9173789	0.8038147	-0.11356419324874878
chr1	10761500	10762000	*	8.98547386829264e-6	0.0038948927920389735	-11.942047119140625	0.75032175	0.6309013	-0.11942046880722046
chr16	28091000	28091500	*	9.052331002160594e-6	0.003918087761863286	-11.983317375183105	0.87243736	0.7526042	-0.11983317136764526
chr4	3004500	3005000	*	9.085396775288935e-6	0.003929502705914267	14.22537612915039	0.69473684	0.8369906	0.14225375652313232
chr17	4873000	4873500	*	9.143286575433177e-6	0.003953084465204349	17.033344268798828	0.5351682	0.7055016	0.17033344507217407
chr20	60238000	60238500	*	9.179617672103475e-6	0.0039658717764565424	13.311576843261719	0.7483871	0.88150287	0.1331157684326172
chr11	51765500	51766000	*	9.282675939443066e-6	0.004001562585645571	-11.132139205932617	0.76996803	0.65864664	-0.11132138967514038
chr13	75749500	75750000	*	9.282494095568454e-6	0.004001562585645571	-16.07794189453125	0.5780822	0.4173028	-0.1607794165611267
chr19	50228500	50229000	*	9.28981220996405e-6	0.004003169286623106	13.937294006347656	0.6713615	0.81073445	0.13937294483184814
chr1	41688000	41688500	*	9.295963241477051e-6	0.004004350404992796	16.075111389160156	0.7027027	0.8634538	0.1607511043548584
chr12	90938500	90939000	*	9.32492303797937e-6	0.004013880306719788	13.153553009033203	0.76086956	0.8924051	0.13153553009033203
chr12	106723000	106723500	*	9.331985081883394e-6	0.0040154482001767055	-15.004730224609375	0.81570995	0.66566265	-0.15004730224609375
chr14	99029500	99030000	*	9.48230671925763e-6	0.004067562648180039	13.638276100158691	0.6113445	0.7477273	0.13638275861740112
chr5	6252500	6253000	*	9.484275628283519e-6	0.004067562648180039	11.975598335266113	0.71656686	0.83632284	0.11975598335266113
chr6	98015000	98015500	*	9.51111644623339e-6	0.004077584730164705	14.727822303771973	0.12741312	0.27469134	0.14727821946144104
chr16	79795000	79795500	*	9.519279508795085e-6	0.004079594933371788	-10.995221138000488	0.93559325	0.82564104	-0.10995221138000488
chr1	245645500	245646000	*	9.526276789414222e-6	0.004081104243044132	12.295759201049805	0.72517323	0.8481308	0.12295758724212646
chr18	13877000	13877500	*	9.537678253399035e-6	0.004081521497988281	16.594877243041992	0.43620178	0.60215056	0.1659487783908844
chr6	20826500	20827000	*	9.535412282186858e-6	0.004081521497988281	-13.213909149169922	0.8145161	0.68237704	-0.13213908672332764
chr10	14191500	14192000	*	9.569775091539775e-6	0.004092274202272875	14.806957244873047	0.21629213	0.3643617	0.1480695754289627
chr20	4895000	4895500	*	9.599040703641969e-6	0.004103294626347729	10.556114196777344	0.8445946	0.95015574	0.10556113719940186
chr1	7331500	7332000	*	9.608637841355302e-6	0.004105902421511715	18.343347549438477	0.55813956	0.74157304	0.18343347311019897
chr22	35369500	35370000	*	9.631662699306683e-6	0.0041127479919863515	-15.72907543182373	0.83112586	0.6738351	-0.1572907567024231
chr2	25851500	25852000	*	9.643298705934313e-6	0.004114724074067229	15.040755271911621	0.55608594	0.7064935	0.1504075527191162
chr11	54865000	54865500	*	9.662485166371823e-6	0.004121413187974371	-12.75041675567627	0.625	0.49749583	-0.1275041699409485
chr4	152294000	152294500	*	9.716306106369701e-6	0.004138356973468797	-15.480685234069824	0.7657658	0.61095893	-0.15480685234069824
chr20	58012500	58013000	*	9.73991780710709e-6	0.004145406453185197	11.974149703979492	0.74545455	0.86519605	0.11974149942398071
chr5	2607000	2607500	*	9.750866510370013e-6	0.004148562683599301	10.295856475830078	0.847352	0.9503106	0.1029585599899292
chr21	36210500	36211000	*	9.910236674445308e-6	0.004210265809283935	11.106234550476074	0.7045045	0.81556684	0.11106234788894653
chr1	38226000	38226500	*	9.914166414581068e-6	0.00421041201651108	15.055542945861816	0.5102041	0.6607595	0.15055543184280396
chr5	111975000	111975500	*	9.924821426546459e-6	0.004213413217170496	16.85553741455078	0.5970696	0.765625	0.1685553789138794
chr10	100327500	100328000	*	9.9512418033132e-6	0.004223102745744472	13.267064094543457	0.6751152	0.80778587	0.13267064094543457
chr13	114129500	114130000	*	9.982749713233383e-6	0.004233414125230049	18.91204071044922	0.4318182	0.6209386	0.18912041187286377
chr15	87032500	87033000	*	0.000010062842805964715	0.004262761063364544	14.360221862792969	0.4481409	0.5917431	0.14360222220420837
chr1	7582000	7582500	*	0.00001011159398027003	0.004281868057729507	14.599620819091797	0.7101911	0.8561873	0.14599621295928955
chr20	9301500	9302000	*	0.000010161688473130673	0.004299979813723055	-17.17551040649414	0.5945946	0.4228395	-0.1717551052570343
chr6	2726000	2726500	*	0.000010260991851010783	0.004338873521420317	-13.955354690551758	0.72987014	0.5903166	-0.13955354690551758
chr11	43963000	43963500	*	0.000010293601590831935	0.004349467731261942	17.868501663208008	0.4423676	0.6210526	0.1786850094795227
chr16	7828000	7828500	*	0.0000102933447087935	0.004349467731261942	18.29800033569336	0.5919118	0.7748918	0.1829800009727478
chr4	152574000	152574500	*	0.00001032366521492867	0.004359096176897414	13.842105865478516	0.68	0.81842107	0.13842105865478516
chr7	2872500	2873000	*	0.000010395234736197654	0.004386161534623782	13.007515907287598	0.68421054	0.8142857	0.13007515668869019
chr6	166906500	166907000	*	0.000010429395422340846	0.004398994615606004	12.893080711364746	0.754717	0.8836478	0.12893080711364746
chr8	70906000	70906500	*	0.000010439310388835908	0.004400015699416251	16.066408157348633	0.6689655	0.8296296	0.16066408157348633
chr3	76199500	76200000	*	0.000010471114098793837	0.004410254483293205	14.433545112609863	0.69911504	0.8434505	0.14433544874191284
chr6	50815500	50816000	*	0.00001057943441676005	0.004452682974679506	10.189643859863281	0.15654951	0.25844595	0.10189643502235413
chr11	70457000	70457500	*	0.000010612974337502633	0.004463599577223198	16.10345458984375	0.43316832	0.5942029	0.16103455424308777
chr5	6729500	6730000	*	0.00001069544570515648	0.004495065383981975	11.292296409606934	0.80351907	0.91644204	0.11292296648025513
chr2	161866000	161866500	*	0.000010732815051994775	0.004509157043765753	11.79782772064209	0.6851852	0.80316347	0.11797827482223511
chr2	16636000	16636500	*	0.000010759578150210977	0.004518784234445794	18.518213272094727	0.30566037	0.4908425	0.185182124376297
chr6	47042000	47042500	*	0.000010775064565908697	0.0045225594984251135	-11.61912727355957	0.9122807	0.7960894	-0.11619126796722412
chr3	198142500	198143000	*	0.000010864873315424554	0.004551610563547559	15.792137145996094	0.6879433	0.84586465	0.15792137384414673
chr1	124977000	124977500	*	0.000010882283563335468	0.004556278393030772	-11.572635650634766	0.63254595	0.5168196	-0.11572635173797607
chr10	69896500	69897000	*	0.000010905147470913598	0.004563598239094818	12.329146385192871	0.18074656	0.30403802	0.12329146265983582
chr12	113473500	113474000	*	0.0000109266152070225	0.0045709530886240924	15.842491149902344	0.22619048	0.3846154	0.15842491388320923
chr4	549500	550000	*	0.000011020006716221178	0.004606739425623513	-17.601003646850586	0.61290324	0.4368932	-0.17601004242897034
chr13	95336500	95337000	*	0.0000110645019730314	0.004619025504501904	-10.595184326171875	0.94550407	0.8395522	-0.10595184564590454
chr5	83467500	83468000	*	0.0000110651311246454	0.004619025504501904	15.192508697509766	0.495283	0.6472081	0.15192508697509766
chr7	67484000	67484500	*	0.000011078071048459633	0.004621141581961674	13.349496841430664	0.10489511	0.23839009	0.13349497318267822
chr13	50428000	50428500	*	0.000011095667277785364	0.00462519562168182	16.941726684570312	0.62545455	0.7948718	0.16941726207733154
chr2	17641000	17641500	*	0.000011094038383525168	0.00462519562168182	12.33259391784668	0.771261	0.8945869	0.12332594394683838
chr8	143191000	143191500	*	0.000011100805506436341	0.00462569541248294	18.88210105895996	0.58113205	0.7699531	0.18882101774215698
chr9	32194500	32195000	*	0.000011115220950939934	0.004628417419648519	-10.806256294250488	0.88069415	0.7726316	-0.10806256532669067
chr13	35855500	35856000	*	0.000011167957149561202	0.004647081157522834	10.066823959350586	0.21311475	0.313783	0.10066823661327362
chr20	45262000	45262500	*	0.000011176967186493554	0.004647536520707347	-10.792774200439453	0.9183673	0.8104396	-0.10792773962020874
chr13	35765500	35766000	*	0.000011313121919419444	0.004699159504369875	-10.151147842407227	0.93378997	0.8322785	-0.10151147842407227
chr18	78713000	78713500	*	0.000011413828065261074	0.004737638358521505	16.801326751708984	0.3560831	0.52409637	0.16801327466964722
chr2	8410000	8410500	*	0.000011502399532211583	0.004769344869313457	12.06497573852539	0.8074324	0.92808217	0.12064975500106812
chr17	52103000	52103500	*	0.000011518371824733387	0.004769863341481121	-14.003145217895508	0.8119891	0.6719577	-0.14003145694732666
chr6	150718500	150719000	*	0.00001151537156472211	0.004769863341481121	-11.447811126708984	0.9259259	0.8114478	-0.11447811126708984
chr9	76795000	76795500	*	0.000011523960066511738	0.004769863341481121	13.194441795349121	0.75555557	0.8875	0.1319444179534912
chr1	91872500	91873000	*	0.000011594923905273265	0.004795854933130812	14.955449104309082	0.115830116	0.2653846	0.14955449104309082
chr5	102743000	102743500	*	0.000011636575589788871	0.004811388020744472	12.832015991210938	0.67741936	0.8057395	0.12832015752792358
chr7	60176500	60177000	*	0.00001167313375945506	0.004823107213972618	-10.144222259521484	0.7605634	0.65912116	-0.10144221782684326
chr1	23830500	23831000	*	0.000011843617732586654	0.004888387652524337	-11.185556411743164	0.8800959	0.76824033	-0.11185556650161743
chr3	193879000	193879500	*	0.000011841179464136066	0.004888387652524337	18.137914657592773	0.5944056	0.77578473	0.18137913942337036
chr5	5903500	5904000	*	0.000011863448195772364	0.004893132754292682	16.618282318115234	0.6123188	0.77850163	0.16618281602859497
chr3	184889500	184890000	*	0.000011886443623842111	0.004900218866530209	-15.173614501953125	0.7861111	0.634375	-0.15173614025115967
chr10	77510500	77511000	*	0.000011908327535081194	0.004906473289364692	12.49045181274414	0.6932773	0.8181818	0.12490451335906982
chr14	94014500	94015000	*	0.000011963431351004852	0.004927448253724397	-11.687726020812988	0.8833747	0.76649743	-0.11687725782394409
chr18	40414500	40415000	*	0.000012022855212789083	0.004948452126343948	15.737491607666016	0.27859238	0.4359673	0.15737491846084595
chr12	125329000	125329500	*	0.000012088011571331562	0.0049717843403603	13.007318496704102	0.76450515	0.89457834	0.1300731897354126
chr2	206254000	206254500	*	0.00001212551146014192	0.004980230442869301	14.381882667541504	0.4987593	0.6425781	0.14381882548332214
chr8	139966000	139966500	*	0.000012200543947857416	0.005007545031500578	14.174312591552734	0.71378094	0.85552406	0.14174312353134155
chr17	35766000	35766500	*	0.000012232459823821093	0.005018890219357271	19.122901916503906	0.39271256	0.5839416	0.19122901558876038
chr17	22762000	22762500	*	0.000012263393483530453	0.005029824626330249	-16.363637924194336	0.6818182	0.5181818	-0.16363638639450073
chr10	71586000	71586500	*	0.000012280158911925483	0.005034942333659146	11.810511589050293	0.78994083	0.90804595	0.11810511350631714
chr9	17881000	17881500	*	0.000012306456268792138	0.005043963254896795	-11.775911331176758	0.903125	0.7853659	-0.117759108543396
chr15	51349500	51350000	*	0.000012346077491377222	0.005054909436147013	-12.056523323059082	0.8509317	0.73036647	-0.12056523561477661
chr16	48121500	48122000	*	0.00001235124741686692	0.0050552635375515215	11.100805282592773	0.83116883	0.9421769	0.11100804805755615
chr3	17933500	17934000	*	0.000012424110957247432	0.005079774263382818	-12.246931076049805	0.9005848	0.7781155	-0.12246930599212646
chr19	28702000	28702500	*	0.000012439909178313462	0.005084463234217894	-10.375213623046875	0.87283236	0.7690802	-0.10375213623046875
chr6	134436500	134437000	*	0.000012533557998464588	0.005119175912403837	10.564972877502441	0.06101695	0.16666667	0.10564972460269928
chr11	78597000	78597500	*	0.00001264586379664379	0.005160793332833816	-11.924070358276367	0.9008499	0.7816092	-0.11924070119857788
chr16	31246000	31246500	*	0.000012790019804605551	0.005213045149502432	14.762920379638672	0.519802	0.6674312	0.14762920141220093
chr7	56180000	56180500	*	0.000012863692574925981	0.0052394359749037235	-13.280403137207031	0.77878106	0.645977	-0.1328040361404419
chr19	19489000	19489500	*	0.000012883119675898716	0.005245529245624644	10.047017097473145	0.06097561	0.16144578	0.100470170378685
chr4	5620500	5621000	*	0.000012890148115536351	0.005246571766327031	-10.826772689819336	0.9166667	0.80839896	-0.10826772451400757
chr10	78969500	78970000	*	0.00001310425162381993	0.0053244886862572815	10.65260124206543	0.7853659	0.8918919	0.10652601718902588
chr17	68961000	68961500	*	0.000013110803738247694	0.0053248773418716365	16.916322708129883	0.5994318	0.76859504	0.16916322708129883
chr7	143189000	143189500	*	0.000013119651185559865	0.005325217892102716	-16.70995330810547	0.6909091	0.52380955	-0.16709953546524048
chr1	179027000	179027500	*	0.000013185498335415978	0.005348247635353677	13.262641906738281	0.45009416	0.5827206	0.13262641429901123
chr7	158221500	158222000	*	0.000013184447484982741	0.005348247635353677	-13.848363876342773	0.6858974	0.54741377	-0.13848364353179932
chrX	145264000	145264500	*	0.000013192012862901435	0.005349042348192304	13.445573806762695	0.7797357	0.9141914	0.13445574045181274
chr8	93226500	93227000	*	0.000013247488023991394	0.005369682013143281	13.011119842529297	0.18015666	0.31026787	0.1301112025976181
chr6	156982000	156982500	*	0.000013441527967706511	0.005438946157237461	17.008697509765625	0.6183746	0.78846157	0.17008697986602783
chr22	44301500	44302000	*	0.000013451849968455213	0.005441247826475468	15.056169509887695	0.6408669	0.79142857	0.15056169033050537
chr9	131604000	131604500	*	0.000013513681073403535	0.00546249504643466	10.730325698852539	0.80487806	0.9121813	0.10730326175689697
chr10	68798500	68799000	*	0.000013534627117761323	0.005469079205109489	-10.406911849975586	0.9119639	0.80789477	-0.10406911373138428
chr19	28574500	28575000	*	0.000013543011928334667	0.005470584830045548	-11.428570747375488	0.8642857	0.75	-0.11428570747375488
chr2	169345500	169346000	*	0.000013574411031456635	0.005481382650954679	18.70503807067871	0.31294963	0.5	0.18705037236213684
chr18	76231000	76231500	*	0.00001359396294179932	0.005483620658231324	14.562618255615234	0.64166665	0.78729284	0.14562618732452393
chr1	212860000	212860500	*	0.00001365850196885388	0.005507762776422534	11.13906478881836	0.76283616	0.8742268	0.11139065027236938
chr18	77386500	77387000	*	0.000013719371230141847	0.005526614552989333	10.927909851074219	0.7768595	0.8861386	0.1092790961265564
chr8	143776500	143777000	*	0.000013745348823954791	0.0055351803221260305	15.584683418273926	0.65172416	0.807571	0.15584683418273926
chr14	23559500	23560000	*	0.000013925178967560403	0.005599915343866282	-15.49421501159668	0.657767	0.50282484	-0.15494215488433838
chr12	100975000	100975500	*	0.00001393953007096121	0.0056037674433641795	11.534177780151367	0.81654674	0.9318885	0.11534178256988525
chr14	39792500	39793000	*	0.000014016161845834824	0.0056307185004332225	10.47382926940918	0.8065327	0.911271	0.10473829507827759
chr10	12930500	12931000	*	0.00001404129130931368	0.005637299179900888	-10.332435607910156	0.95238096	0.8490566	-0.10332435369491577
chr20	21577000	21577500	*	0.000014149444574759027	0.0056726181247754815	13.522523880004883	0.7363344	0.8715596	0.13522523641586304
chr7	151754000	151754500	*	0.000014209990770808853	0.005693004211036664	12.05123519897461	0.22804533	0.34855768	0.12051235139369965
chr7	128695000	128695500	*	0.000014335581649593626	0.005741361335841921	-13.139939308166504	0.8797654	0.748366	-0.13139939308166504
chr9	109537000	109537500	*	0.000014358037755087756	0.005748394373751736	-15.872401237487793	0.77	0.611276	-0.15872400999069214
chr5	160262500	160263000	*	0.000014393558196922296	0.005760651281936463	14.18156623840332	0.6227273	0.76454294	0.1418156623840332
chr15	24289500	24290000	*	0.000014450804340855914	0.005781592028512703	-12.386202812194824	0.87714285	0.7532808	-0.12386202812194824
chr1	165945000	165945500	*	0.00001446203350223828	0.005782144547589825	-16.158157348632812	0.7979452	0.6363636	-0.16158157587051392
chr18	23107500	23108000	*	0.000014461028023935788	0.005782144547589825	13.279694557189941	0.5037453	0.63654226	0.13279694318771362
chr1	4707500	4708000	*	0.000014490431065297008	0.0057895558359556095	-16.44706153869629	0.82462686	0.66015625	-0.1644706130027771
chr19	10881000	10881500	*	0.000014538346657500842	0.005806724445354974	16.076841354370117	0.47330096	0.6340694	0.16076841950416565
chr22	46500500	46501000	*	0.000014612939106368858	0.005828587177026659	11.355585098266602	0.119617224	0.23317307	0.11355584859848022
chr3	54931000	54931500	*	0.00001462737369916393	0.0058323635263948514	15.0878267288208	0.23399015	0.3848684	0.15087826550006866
chr7	97268500	97269000	*	0.000014638337791253886	0.005834753991202378	14.252680778503418	0.6834319	0.8259587	0.1425268054008484
chr17	4101000	4101500	*	0.000014686015023084586	0.005849786509151037	11.099457740783691	0.7239382	0.8349328	0.11099457740783691
chr1	125052500	125053000	*	0.000014754555604746765	0.005873103374684314	-13.1820707321167	0.5280172	0.3961965	-0.1318207085132599
chr7	5899500	5900000	*	0.000014804269663713276	0.005890895319136775	10.516935348510742	0.8333333	0.93850267	0.10516935586929321
chr19	55815000	55815500	*	0.00001483627489115266	0.005901630921793746	-14.820945739746094	0.7917738	0.64356434	-0.14820945262908936
chr14	18699000	18699500	*	0.000014884806562615887	0.005913342294809218	-14.769559860229492	0.5700389	0.4223433	-0.1476956009864807
chr3	72351000	72351500	*	0.000014875810061586037	0.005913342294809218	15.360578536987305	0.4974359	0.6510417	0.15360578894615173
chr22	37381000	37381500	*	0.000014967213047419273	0.005943648853106683	15.311420440673828	0.6911765	0.8442907	0.1531141996383667
chr14	105729500	105730000	*	0.00001499368531648214	0.0059521483882223405	-16.933059692382812	0.8288288	0.6594982	-0.16933059692382812
chr2	31324500	31325000	*	0.000015005466653184264	0.005952800426092854	-10.936695098876953	0.9121447	0.80277777	-0.10936695337295532
chr22	33725500	33726000	*	0.000015054672666915879	0.005970303889397942	11.271363258361816	0.7692308	0.8819444	0.11271363496780396
chr18	5123500	5124000	*	0.000015065387286233127	0.005972535970276009	14.531868934631348	0.7033898	0.8487085	0.14531868696212769
chr10	106618500	106619000	*	0.000015084116934186245	0.005977942957443021	-16.25	0.5208333	0.35833332	-0.16249999403953552
chr22	12209500	12210000	*	0.000015114591394347649	0.005987999278523577	-10.48983383178711	0.72106	0.61616164	-0.10489833354949951
chr12	118861500	118862000	*	0.000015209019895353775	0.00602134635343167	-13.010865211486816	0.9035714	0.7734628	-0.13010865449905396
chr19	41472500	41473000	*	0.00001529155541049323	0.006047905447361052	-11.840051651000977	0.86082476	0.74242425	-0.11840051412582397
chr12	122421000	122421500	*	0.000015384786372785977	0.006078636768686041	11.34682559967041	0.14220184	0.2556701	0.11346825957298279
chr14	72726000	72726500	*	0.000015418021528251414	0.006089719180531937	12.436288833618164	0.764526	0.8888889	0.12436288595199585
chr3	198031000	198031500	*	0.000015437566934328935	0.006095388861187366	13.276517868041992	0.71875	0.8515152	0.13276517391204834
chr2	158725500	158726000	*	0.00001551178944321088	0.006120578913980485	14.447593688964844	0.5075922	0.65206814	0.14447593688964844
chr9	126055500	126056000	*	0.000015636067427553484	0.006163402908809701	15.240377426147461	0.67518246	0.82758623	0.15240377187728882
chr11	53209500	53210000	*	0.000015688563813734662	0.0061799468523275536	-12.309366226196289	0.7538126	0.63071895	-0.12309366464614868
chr2	191507500	191508000	*	0.00001572097466001644	0.006188561938424936	12.765253067016602	0.78731346	0.914966	0.12765252590179443
chr18	41379000	41379500	*	0.000015757858710073627	0.006201002564736474	-11.377471923828125	0.90555555	0.7917808	-0.11377471685409546
chr9	90045000	90045500	*	0.000015780368250177413	0.006207780120843159	16.888586044311523	0.38283828	0.55172414	0.16888585686683655
chr3	190586500	190587000	*	0.000015802691970426646	0.006214480062896602	-15.776753425598145	0.7491961	0.5914286	-0.15776753425598145
chr14	106334500	106335000	*	0.000015925873898110436	0.006256635942404605	-14.076471328735352	0.6814346	0.54066986	-0.14076471328735352
chr1	161261000	161261500	*	0.00001595995453460413	0.006265832260747301	16.23413848876953	0.34530386	0.50764525	0.1623413860797882
chr4	5709500	5710000	*	0.000015973320265626313	0.006268983659249272	14.421409606933594	0.7189781	0.8631922	0.14421409368515015
chr3	195697500	195698000	*	0.000016046984269590472	0.006287387272085675	10.11982536315918	0.78213507	0.8833333	0.10119825601577759
chr5	77352000	77352500	*	0.000016046222566629242	0.006287387272085675	14.570581436157227	0.7316176	0.87732345	0.14570581912994385
chr10	79599500	79600000	*	0.00001609633268022701	0.0063025166456879	11.452680587768555	0.6666667	0.7811935	0.11452680826187134
chr12	3747500	3748000	*	0.000016151294617364486	0.006317717160158956	-12.070399284362793	0.9382716	0.8175676	-0.12070399522781372
chr6	90819000	90819500	*	0.000016169066512095623	0.0063225626721146785	-12.217718124389648	0.89490443	0.77272725	-0.12217718362808228
chr12	1654500	1655000	*	0.00001618713933447785	0.006327522590088314	13.848155975341797	0.72944295	0.8679245	0.13848155736923218
chr17	11458500	11459000	*	0.000016204126250678073	0.006331479249106226	10.430479049682617	0.8584071	0.9627119	0.10430479049682617
chr6	17167500	17168000	*	0.00001620804509981053	0.006331479249106226	12.986746788024902	0.13946587	0.26933333	0.12986746430397034
chr4	79364000	79364500	*	0.00001624311438848297	0.006343068512002406	13.298892974853516	0.65833336	0.7913223	0.13298892974853516
chr15	23407500	23408000	*	0.00001627136411727704	0.006345659078587015	-12.816535949707031	0.8291457	0.70098037	-0.1281653642654419
chr19	19241000	19241500	*	0.000016266714575624485	0.006345659078587015	11.178779602050781	0.78846157	0.90024936	0.11178779602050781
chr20	44232000	44232500	*	0.00001625527763228727	0.006345659078587015	15.410566329956055	0.6895307	0.84363633	0.15410566329956055
chr9	19048500	19049000	*	0.000016300965491106307	0.006355092674520422	10.400507926940918	0.15384616	0.25785124	0.10400508344173431
chr17	39229000	39229500	*	0.000016378850703020053	0.006379103306410256	12.621503829956055	0.7454955	0.87171054	0.12621504068374634
chr17	22161000	22161500	*	0.00001639635377540598	0.006383802914986961	-13.412368774414062	0.7224771	0.5883534	-0.13412368297576904
chr1	223079500	223080000	*	0.000016426326635299786	0.006390963934650521	10.637587547302246	0.7643312	0.8707071	0.10637587308883667
chr15	62709000	62709500	*	0.000016436516576974203	0.006390963934650521	10.460686683654785	0.82838285	0.9329897	0.10460686683654785
chr2	30248500	30249000	*	0.000016524184111284364	0.0064229246561233215	-10.176849365234375	0.9517685	0.85	-0.10176849365234375
chr17	21479000	21479500	*	0.000016601763071775847	0.00644881015585093	15.973007202148438	0.5122699	0.672	0.15973007678985596
chr1	154673500	154674000	*	0.00001668087981665467	0.006474705822653428	12.424802780151367	0.73860914	0.86285716	0.12424802780151367
chr10	110772000	110772500	*	0.000016689052776384275	0.006474705822653428	10.23847484588623	0.7838428	0.88622755	0.10238474607467651
chr9	137876000	137876500	*	0.00001669048413991808	0.006474705822653428	12.121522903442383	0.7801932	0.90140843	0.12121522426605225
chr5	34479500	34480000	*	0.00001673019246228711	0.006485824476850556	-11.681329727172852	0.93939394	0.82258064	-0.1168133020401001
chr19	24268000	24268500	*	0.00001676349340825734	0.006496589519007739	-14.181476593017578	0.8694267	0.72761196	-0.14181476831436157
chr6	585000	585500	*	0.000016772768009949604	0.006498039266851666	-10.332137107849121	0.9107612	0.8074398	-0.103321373462677
chr4	4004000	4004500	*	0.000016907664929083852	0.0065453055319166535	-12.928324699401855	0.8161765	0.6868932	-0.12928324937820435
chr22	11569500	11570000	*	0.000016931914160416305	0.006548891850521123	-10.158449172973633	0.6385542	0.5369697	-0.10158449411392212
chr13	98063000	98063500	*	0.000016949468322381553	0.006551365626498722	13.536172866821289	0.64619166	0.7815534	0.13536173105239868
chr10	84188000	84188500	*	0.00001699366073867785	0.00656412568147315	10.012710571289062	0.8278008	0.9279279	0.10012710094451904
chr3	90506000	90506500	*	0.000017046620407673886	0.006582417095256272	11.888111114501953	0.6853147	0.8041958	0.11888110637664795
chr22	50759500	50760000	*	0.000017121317544190813	0.006604745104075695	-14.382719993591309	0.76111114	0.61728394	-0.14382719993591309
chr14_GL000009v2_random	46500	47000	*	0.000017159900893837374	0.006616931749174813	-11.120447158813477	0.5900963	0.47889182	-0.11120447516441345
chr7	55090000	55090500	*	0.000017169813652311208	0.006616931749174813	11.197918891906738	0.7864583	0.8984375	0.11197918653488159
chr19	55185000	55185500	*	0.000017180744005340587	0.006618141515640852	-12.773871421813965	0.8513854	0.7236467	-0.12773871421813965
chr5	149400500	149401000	*	0.000017249574998968158	0.0066411316193896236	14.3204984664917	0.64171124	0.7849162	0.14320498704910278
chr10	3956000	3956500	*	0.000017352043852434917	0.006674529224160097	15.755451202392578	0.29810297	0.45565748	0.1575545072555542
chr13	95232500	95233000	*	0.00001751961000795832	0.00672525080376761	13.861388206481934	0.77227724	0.9108911	0.13861387968063354
chr16	20326500	20327000	*	0.000017579483066972375	0.006746028963155832	-12.2431640625	0.8914286	0.76899695	-0.12243163585662842
chr10	90856500	90857000	*	0.00001762138607814999	0.00675989989328855	14.157363891601562	0.4828283	0.6244019	0.14157363772392273
chr5	168313500	168314000	*	0.00001765078218405822	0.006766755529183101	10.527372360229492	0.8206522	0.9259259	0.10527372360229492
chr2	60261500	60262000	*	0.00001769233244111421	0.006778258697434875	-10.146599769592285	0.87992126	0.77845526	-0.10146600008010864
chr12	130679000	130679500	*	0.000017707981197066324	0.006779510041620557	-10.357880592346191	0.86892176	0.76534295	-0.10357880592346191
chr16	9379000	9379500	*	0.000017712918973251082	0.006779510041620557	14.596957206726074	0.6207865	0.76675606	0.14596956968307495
chr6	161844500	161845000	*	0.000017706785924127962	0.006779510041620557	10.18623161315918	0.8522013	0.9540636	0.10186231136322021
chr14	100474500	100475000	*	0.000017735365165330552	0.006784212426309217	13.626516342163086	0.58432305	0.7205882	0.13626515865325928
chr5	32462000	32462500	*	0.000017753816349936578	0.006787980887796298	-11.888384819030762	0.90149254	0.7826087	-0.11888384819030762
chr7	140626500	140627000	*	0.0000177581734910984	0.006787980887796298	-10.84990406036377	0.19452055	0.086021505	-0.10849904268980026
chr22	44049000	44049500	*	0.00001777570214641056	0.006792470045896443	12.70712947845459	0.42753622	0.5546075	0.1270712912082672
chr1	247298500	247299000	*	0.000017838549624303617	0.006810622868606377	16.60628318786621	0.55421686	0.7202797	0.1660628318786621
chr13	28965000	28965500	*	0.000017870913885336676	0.006819975169700252	-13.104814529418945	0.75442475	0.6233766	-0.13104814291000366
chr17	22567500	22568000	*	0.000017966411888175504	0.006852551517197692	-14.613753318786621	0.67724866	0.5311111	-0.146137535572052
chr21	43341000	43341500	*	0.00001799330585221816	0.0068594829692382045	14.560598373413086	0.6537468	0.79935277	0.14560598134994507
chr8	91889500	91890000	*	0.000017997805446693066	0.0068594829692382045	11.228484153747559	0.7635934	0.8758782	0.1122848391532898
chr2	152870500	152871000	*	0.000018047874539033017	0.006874360991894276	10.760146141052246	0.8070652	0.91466665	0.10760146379470825
chr18	77823000	77823500	*	0.000018092760432849836	0.006886732149224435	11.211583137512207	0.17274472	0.28486055	0.11211583018302917
chr2	45910500	45911000	*	0.000018113246972555492	0.006890063221088133	13.3497953414917	0.8025751	0.93607306	0.133497953414917
chr7	6307500	6308000	*	0.00001821587576910978	0.006920135182427471	17.09518814086914	0.37873754	0.5496894	0.17095187306404114
chr2	92943000	92943500	*	0.000018320564679333956	0.006957655122647261	-10.497146606445312	0.75510204	0.65013057	-0.10497146844863892
chr20	33431500	33432000	*	0.000018620539556445415	0.00705332823821693	-10.01936149597168	0.89314514	0.7929515	-0.10019361972808838
chr22	29778500	29779000	*	0.00001864070241527084	0.0070586887896649814	-11.273842811584473	0.42089552	0.3081571	-0.11273843050003052
chr3	11130000	11130500	*	0.000018653035490924868	0.007061081930851855	17.366283416748047	0.60251045	0.7761733	0.17366284132003784
chr6	168099000	168099500	*	0.000018672609128525804	0.007063937065091641	12.977263450622559	0.28163266	0.4114053	0.1297726333141327
chr5	158978000	158978500	*	0.00001871574246652168	0.007077974337279491	80.71456909179688	0.10474861	0.91189426	0.8071456551551819
chr21	13870000	13870500	*	0.00001873870999466472	0.007082301373951295	-13.38375186920166	0.6276392	0.49380165	-0.1338375210762024
chr10	92419500	92420000	*	0.000018798228941184158	0.00710230718147266	12.100017547607422	0.70675105	0.8277512	0.12100017070770264
chr18	49648000	49648500	*	0.0000190085782498957	0.0071679431851528665	13.39561939239502	0.70625	0.8402062	0.1339561939239502
chr13	24671000	24671500	*	0.00001903830872519663	0.0071768495431884256	11.623003005981445	0.10752688	0.22375691	0.11623002588748932
chr9	96494000	96494500	*	0.000019090089891120594	0.007194059940746947	-11.470329284667969	0.9173789	0.8026756	-0.11470329761505127
chr21	40426000	40426500	*	0.000019187550596292105	0.007224854327114465	12.377673149108887	0.773913	0.89768976	0.12377673387527466
chr11	117476500	117477000	*	0.000019372053725309507	0.007279292500279836	12.761116027832031	0.71875	0.84636116	0.1276111602783203
chr8	126682500	126683000	*	0.000019401366046752387	0.007287974821281947	-12.393999099731445	0.9047619	0.7808219	-0.12393999099731445
chr20	56191000	56191500	*	0.000019447216102055262	0.007302861875781007	14.059246063232422	0.5603645	0.70095694	0.14059245586395264
chr10	110817500	110818000	*	0.000019485190602777435	0.007312445173165939	15.540146827697754	0.55847955	0.713881	0.15540146827697754
chr1	223628000	223628500	*	0.000019533284564029364	0.007328151969836419	14.553570747375488	0.5520833	0.697619	0.14553570747375488
chr11	53939000	53939500	*	0.000019584257641775435	0.007335958871156271	-13.34075927734375	0.7950617	0.6616541	-0.1334075927734375
chr12	87652500	87653000	*	0.000019578193723021038	0.007335958871156271	10.70758056640625	0.8306189	0.9376947	0.10707581043243408
chr13	40377500	40378000	*	0.000019589759003166265	0.007335958871156271	-13.234728813171387	0.9198473	0.7875	-0.13234728574752808
chr2	217063500	217064000	*	0.000019727953679947936	0.007377613831945319	14.770042419433594	0.668693	0.81639344	0.14770042896270752
chr3	90331000	90331500	*	0.00001976320892473513	0.007386093630025979	10.55416488647461	0.7619048	0.8674464	0.1055416464805603
chr10	6763000	6763500	*	0.000019779144677463265	0.007389697381695405	15.699016571044922	0.3814714	0.53846157	0.1569901704788208
chr8	89837000	89837500	*	0.000019867663098599638	0.007415690506940692	-11.985569953918457	0.84732825	0.72747254	-0.11985570192337036
chr2	50197000	50197500	*	0.000019902217509165	0.007421510996467791	-12.428683280944824	0.8333333	0.7090465	-0.12428683042526245
chr17	36906500	36907000	*	0.000020007267039560762	0.007449002869749658	15.123743057250977	0.58290154	0.73413897	0.15123742818832397
chrY	11668500	11669000	*	0.000020121701733916437	0.0074772370995776095	-13.201910018920898	0.8148148	0.6827957	-0.13201910257339478
chr3	3080000	3080500	*	0.000020158891565304683	0.0074886870267926444	-11.787832260131836	0.8311966	0.7133183	-0.11787831783294678
chr3	58170500	58171000	*	0.000020172096184677647	0.007491222429357117	11.482649803161621	0.8	0.9148265	0.114826500415802
chr20	36365500	36366000	*	0.000020195645620616023	0.007497596723102538	13.062763214111328	0.77112675	0.9017544	0.13062763214111328
chr16	5479000	5479500	*	0.000020390997097885486	0.007551022223326653	15.487414360046387	0.6134185	0.76829267	0.15487414598464966
chr12	33670000	33670500	*	0.000020408627367935243	0.00755310548534634	-13.426250457763672	0.6952381	0.5609756	-0.13426250219345093
chr3	90971000	90971500	*	0.00002040948727196573	0.00755310548534634	13.248854637145996	0.6972477	0.82973623	0.13248854875564575
chr9	38253000	38253500	*	0.00002045367582794025	0.007567073872200839	11.644828796386719	0.76486486	0.88131315	0.1164482831954956
chr16	50110500	50111000	*	0.000020547046070290593	0.0075910053926482035	15.780753135681152	0.6474359	0.80524343	0.15780752897262573
chr17	977000	977500	*	0.000020667279622198697	0.0076292733211580635	13.98950481414795	0.32522124	0.4651163	0.13989505171775818
chr15	71197500	71198000	*	0.000020835477268555937	0.00768411616407662	11.563277244567871	0.8319328	0.94756556	0.11563277244567871
chr18	10843500	10844000	*	0.00002084601285168091	0.007685587867877275	12.50307559967041	0.74202126	0.867052	0.1250307559967041
chr8	95909500	95910000	*	0.00002088458823127978	0.007697393222625905	10.862898826599121	0.82492584	0.9335548	0.10862898826599121
chr12	87921500	87922000	*	0.000020956166357726992	0.007718929107557021	10.702824592590332	0.71099293	0.8180212	0.10702824592590332
chr2	68738500	68739000	*	0.0000209640031681083	0.007719394302971626	12.171804428100586	0.75764704	0.8793651	0.12171804904937744
chr7	150318000	150318500	*	0.00002119326629168376	0.007789158838541467	-14.649581909179688	0.50566894	0.35917312	-0.14649581909179688
chr18	24867000	24867500	*	0.000021204634230537662	0.007790898430000842	13.292145729064941	0.47265625	0.6055777	0.13292145729064941
chr15	97584000	97584500	*	0.000021232477798847585	0.007798688431379158	-13.427263259887695	0.8518519	0.71757925	-0.13427263498306274
chr8	2235500	2236000	*	0.000021268498623740472	0.007809476127866241	11.570328712463379	0.71666664	0.8323699	0.115703284740448
chr10	35292500	35293000	*	0.00002129599428497364	0.007817127745259325	10.329657554626465	0.81179774	0.9150943	0.10329657793045044
chr8	46203000	46203500	*	0.00002131506230142713	0.007820099086477314	-15.764575958251953	0.6827195	0.52507377	-0.15764576196670532
chr8	80601000	80601500	*	0.000021414049021590456	0.0078506457620964	13.591718673706055	0.738255	0.8741722	0.13591718673706055
chr3	72520500	72521000	*	0.000021442868446003172	0.007858757745214355	10.649621963500977	0.852459	0.9589552	0.10649621486663818
chr15	24321500	24322000	*	0.000021542509347639967	0.007887890221871224	-14.453268051147461	0.76256984	0.61803716	-0.1445326805114746
chr13	93375500	93376000	*	0.000021853616196472484	0.007994325123874576	10.888540267944336	0.83890575	0.94779116	0.10888540744781494
chr21	13484000	13484500	*	0.000022007264239462757	0.008038011225910748	-13.777214050292969	0.73046875	0.5926966	-0.13777214288711548
chr3	64032000	64032500	*	0.000022026292415570618	0.008042459601779578	12.747693061828613	0.58760685	0.7150838	0.12747693061828613
chr5	348000	348500	*	0.000022148671826063824	0.008079607046017413	10.13675308227539	0.81602377	0.9173913	0.1013675332069397
chr11	61834500	61835000	*	0.000022218155145497262	0.008099921274399666	16.031646728515625	0.13545817	0.29577464	0.16031646728515625
chr17	20173500	20174000	*	0.000022213147593192807	0.008099921274399666	-14.031213760375977	0.7943662	0.65405405	-0.14031213521957397
chr11	62272500	62273000	*	0.00002228976337434809	0.008123504953580149	-16.367923736572266	0.78867924	0.625	-0.16367924213409424
chr20	53712000	53712500	*	0.00002236495154288587	0.008148378302465429	-13.11938762664795	0.8372642	0.7060703	-0.1311938762664795
chr19	22370500	22371000	*	0.00002240738694929273	0.0081587762431946	-14.993673324584961	0.7086835	0.55874676	-0.1499367356300354
chr3	90520000	90520500	*	0.000022679512827691775	0.00824507720557885	10.729635238647461	0.7150838	0.8223801	0.10729634761810303
chr16	30623000	30623500	*	0.00002271032513330383	0.008251169854697739	13.562095642089844	0.57734203	0.712963	0.13562095165252686
chr22	27044500	27045000	*	0.00002270732576047686	0.008251169854697739	10.026616096496582	0.83815026	0.9384164	0.10026615858078003
chr1	152412000	152412500	*	0.00002276895285458203	0.008267354681853984	-11.284219741821289	0.83367556	0.72083336	-0.11284220218658447
chr13	106630000	106630500	*	0.000022816648051539928	0.008282111748904227	13.276994705200195	0.7845529	0.9173228	0.13276994228363037
chr8	140836000	140836500	*	0.000022910564051563285	0.008313631990748022	-11.133450508117676	0.8596491	0.7483146	-0.11133450269699097
chr7	158393500	158394000	*	0.000022970811043327874	0.008330345470696759	-12.343317031860352	0.85542166	0.7319885	-0.1234331727027893
chr2	170981500	170982000	*	0.000023012246481439882	0.008342795470454656	-14.837610244750977	0.82228917	0.67391306	-0.14837610721588135
chr2	61478500	61479000	*	0.000023059450539298415	0.008354749852321961	-10.731816291809082	0.8703704	0.7630522	-0.10731816291809082
chr6	37068500	37069000	*	0.000023168298748360047	0.008389010222525986	10.136771202087402	0.7619863	0.863354	0.10136771202087402
chr1	7256500	7257000	*	0.00002321532884349706	0.00839274773213992	13.087397575378418	0.6658163	0.7966903	0.13087397813796997
chr12	128601000	128601500	*	0.000023223722481610736	0.00839274773213992	-10.65378189086914	0.79128855	0.68475074	-0.1065378189086914
chr15	71150000	71150500	*	0.00002318894479344531	0.00839274773213992	-13.61658000946045	0.78494626	0.64878047	-0.1361657977104187
chr2	148558500	148559000	*	0.000023235799012812247	0.00839274773213992	16.329978942871094	0.665529	0.8288288	0.1632997989654541
chr5	142638000	142638500	*	0.000023231852112839113	0.00839274773213992	13.245296478271484	0.76653695	0.8989899	0.13245296478271484
chrX	4943000	4943500	*	0.000023259238439563235	0.008398630630862438	13.17269229888916	0.8	0.93172693	0.1317269206047058
chr20	61244500	61245000	*	0.00002344815304537394	0.008464242637182512	-10.103214263916016	0.91921395	0.8181818	-0.10103213787078857
chr2	88017500	88018000	*	0.000023676162429303167	0.008536052545873097	14.425772666931152	0.61764705	0.7619048	0.14425772428512573
chr11	53405000	53405500	*	0.00002374092390473204	0.008554167286686313	-13.932699203491211	0.5580913	0.4187643	-0.13932698965072632
chr7	56296500	56297000	*	0.000023740976163084003	0.008554167286686313	-14.77038860321045	0.77227724	0.62457335	-0.1477038860321045
chr13	23430500	23431000	*	0.000023893657253372207	0.008598626472274086	10.341739654541016	0.81009614	0.91351354	0.10341739654541016
chr13	19333000	19333500	*	0.000023995906304393475	0.00862484999852601	-13.96120834350586	0.7369863	0.5973742	-0.139612078666687
chr21	25343500	25344000	*	0.00002399276976792649	0.00862484999852601	10.260457038879395	0.82596684	0.9285714	0.10260456800460815
chr5	107511000	107511500	*	0.000024050289931218572	0.008639108398303107	11.405855178833008	0.8055556	0.91961414	0.11405855417251587
chr3	51830500	51831000	*	0.00002412669075318961	0.00865860624402779	11.731184005737305	0.729249	0.84656084	0.11731183528900146
chr11	18396500	18397000	*	0.000024147834148559322	0.008663546419681934	10.845255851745605	0.049056605	0.15750916	0.10845255851745605
chr10	33680000	33680500	*	0.000024229875231437165	0.008679720814373687	14.374780654907227	0.69871795	0.84246576	0.14374780654907227
chr10	104332500	104333000	*	0.00002430626783287515	0.008701777272224483	13.312519073486328	0.6869806	0.8201058	0.1331251859664917
chr10	12466500	12467000	*	0.000024320292731378943	0.008704144560244917	16.255807876586914	0.5179153	0.6804734	0.16255807876586914
chr2	235518500	235519000	*	0.00002440560621607365	0.008729356790762782	12.62674331665039	0.7112676	0.837535	0.1262674331665039
chr1	37346500	37347000	*	0.000024422748917375605	0.00873282834903156	15.038710594177246	0.7224199	0.872807	0.15038710832595825
chr2	20984000	20984500	*	0.000024439166097822065	0.008736038448613802	16.01848030090332	0.55727553	0.71746033	0.1601848006248474
chr11	129972500	129973000	*	0.000024803887636824038	0.008839503334944376	-15.484939575195312	0.37275985	0.21791045	-0.15484939515590668
chr12	113703000	113703500	*	0.00002479803584186937	0.008839503334944376	17.78579330444336	0.6603774	0.8382353	0.17785793542861938
chr16	69078000	69078500	*	0.00002477387364935092	0.008839503334944376	12.770217895507812	0.27592593	0.4036281	0.12770217657089233
chr5	135075500	135076000	*	0.000024786572580579954	0.008839503334944376	18.2530460357666	0.55719554	0.739726	0.1825304627418518
chr16	57947500	57948000	*	0.000024883613439110993	0.00885438101603374	11.308813095092773	0.7603912	0.8734793	0.11308813095092773
chr6	156646000	156646500	*	0.00002496121266021275	0.008868654661408806	13.752084732055664	0.6287129	0.76623374	0.13752084970474243
chr10	3788000	3788500	*	0.000025009551031434058	0.008883141371769418	13.255792617797852	0.72590363	0.85846156	0.1325579285621643
chr2	113304500	113305000	*	0.000025236225604870364	0.008952821693753433	10.946142196655273	0.80994153	0.91940296	0.10946142673492432
chr10	1546000	1546500	*	0.000025293191781638225	0.00896761255891393	10.328542709350586	0.79949236	0.9027778	0.10328543186187744
chr5	77348000	77348500	*	0.000025490282908431018	0.00902658885026791	15.793228149414062	0.57843137	0.73636365	0.15793228149414062
chr7	68814000	68814500	*	0.000025545954245622055	0.009040850253332027	-12.46911907196045	0.8729097	0.74821854	-0.1246911883354187
chr3	196521000	196521500	*	0.00002558473297767449	0.009051846151520968	-12.206733703613281	0.8910891	0.76902175	-0.12206733226776123
chr4	187488500	187489000	*	0.000025617135383105018	0.009060580168883775	-17.48276710510254	0.6678832	0.49305555	-0.1748276650905609
chr12	37535500	37536000	*	0.000025851518783511182	0.009137974937895326	-18.08387565612793	0.7826087	0.6017699	-0.18083876371383667
chr16	86415500	86416000	*	0.00002591483534858762	0.009148304546745192	15.862180709838867	0.22653721	0.38515902	0.15862180292606354
chr2	202346000	202346500	*	0.000025927485724234364	0.009148304546745192	12.916040420532227	0.76150626	0.89066666	0.12916040420532227
chr4	183935000	183935500	*	0.000025921792181796135	0.009148304546745192	10.92352294921875	0.7414141	0.85064936	0.10923522710800171
chr7	159028000	159028500	*	0.00002590087676983612	0.009148304546745192	10.467881202697754	0.7726218	0.8773006	0.10467880964279175
chr7	159214000	159214500	*	0.000026017947403186723	0.009174709574105476	-15.518424034118652	0.6511628	0.49597856	-0.15518423914909363
chr9	110763500	110764000	*	0.000026026248760536382	0.009174881662278573	14.81906795501709	0.5255682	0.67375886	0.1481906771659851
chr12	3980500	3981000	*	0.000026043644619800194	0.00917825871667387	-13.724332809448242	0.67808217	0.54083884	-0.1372433304786682
chr2	118679500	118680000	*	0.000026052373966797295	0.009178580422893327	14.888280868530273	0.6960784	0.8449612	0.14888280630111694
chr10	117730500	117731000	*	0.000026254903620006077	0.009241615891792895	-10.043519973754883	0.89361703	0.79318184	-0.10043519735336304
chr22	44057000	44057500	*	0.00002644421174803879	0.009297103951745071	-10.360503196716309	0.9365672	0.83296216	-0.10360503196716309
chr1	87955000	87955500	*	0.000026567947458647686	0.009335016411399376	11.22449016571045	0.78061223	0.89285713	0.11224490404129028
chr18	14795000	14795500	*	0.000026622611756422484	0.009351425317341656	-15.785467147827148	0.8353909	0.67753625	-0.15785467624664307
chr3	31947000	31947500	*	0.000026663113859796763	0.009362851302265917	13.786721229553223	0.7475083	0.8853755	0.13786721229553223
chr1	9018500	9019000	*	0.000026694787880060746	0.009368370659433464	-10.992902755737305	0.8652482	0.7553192	-0.10992902517318726
chr10	37723000	37723500	*	0.00002670607701260754	0.00936953229180475	-11.026782035827637	0.91131496	0.80104715	-0.11026781797409058
chr20	19327000	19327500	*	0.00002678496334406924	0.009394401877682215	11.496210098266602	0.77363896	0.88860106	0.11496210098266602
chr14	94879500	94880000	*	0.000027044023838418097	0.009471118802401778	13.070565223693848	0.68700266	0.8177083	0.13070565462112427
chr6	159170500	159171000	*	0.000027443841224368496	0.009599687253036789	15.443840980529785	0.26875	0.42318842	0.15443840622901917
chr3	484500	485000	*	0.000027465662310837856	0.00960159978975881	-11.152421951293945	0.86778843	0.7562642	-0.11152422428131104
chr6	170419500	170420000	*	0.00002767285281476113	0.009656781218590127	12.643754959106445	0.57986873	0.7063063	0.12643754482269287
chr1	197229500	197230000	*	0.000027723635494244293	0.00966875579691129	15.171080589294434	0.3160763	0.46778712	0.15171080827713013
chr20	57005500	57006000	*	0.00002772069799705798	0.00966875579691129	12.403684616088867	0.7097506	0.83378744	0.12403684854507446
chr7	57066500	57067000	*	0.000027813041503542566	0.009697056558749076	-12.91390609741211	0.62913907	0.5	-0.12913906574249268
chr1	124441500	124442000	*	0.00002802327556439602	0.009752980295701406	-13.000750541687012	0.743215	0.6132075	-0.13000750541687012
chr4	145813000	145813500	*	0.00002813144779419873	0.009787726703383766	10.7696533203125	0.8137536	0.92145014	0.107696533203125
chr16	22636000	22636500	*	0.000028163522637406858	0.009795983935176571	10.725092887878418	0.4897436	0.5969945	0.10725092887878418
chr20	56861500	56862000	*	0.00002817452063436727	0.00979690738853149	13.791600227355957	0.31157896	0.44949496	0.13791599869728088
chr1	222995500	222996000	*	0.00002820522754477453	0.00980177984204553	11.082667350769043	0.70178926	0.81261593	0.11082667112350464
chr3	42507000	42507500	*	0.000028283386757310775	0.009826033481321371	15.525043487548828	0.6540881	0.8093385	0.1552504301071167
chr19	51313000	51313500	*	0.00002864216659764935	0.00993304585487966	13.401383399963379	0.6423358	0.7763496	0.134013831615448
chr1	22773500	22774000	*	0.000028651080607373827	0.009933203605507403	-10.271286964416504	0.9191686	0.8164557	-0.10271286964416504
chr10	93578500	93579000	*	0.000028710852193237182	0.009948051895758722	13.234108924865723	0.78546715	0.91780823	0.13234108686447144
chr9	108836500	108837000	*	0.000028709785107830462	0.009948051895758722	-12.3621826171875	0.89589906	0.77227724	-0.12362182140350342
chr16	34217500	34218000	*	0.00002884257492382864	0.009988485854325888	-16.433408737182617	0.6626506	0.4983165	-0.16433408856391907
chr17	57172000	57172500	*	0.000028926122051896412	0.010010825295731145	13.855886459350586	0.59631145	0.7348703	0.13855886459350586
chr7	19142000	19142500	*	0.00002923419503169511	0.010108506298447655	-12.03325366973877	0.71785027	0.5975177	-0.12033253908157349
chr2	236947000	236947500	*	0.000029257081925332947	0.010113442009855053	14.853411674499512	0.6409396	0.7894737	0.1485341191291809
chr11	78715500	78716000	*	0.00002933778178611592	0.010138353432784257	-18.085777282714844	0.703125	0.5222672	-0.18085777759552002
chr6	1380000	1380500	*	0.000029393138202686885	0.01015150814106197	10.174814224243164	0.15828678	0.26003492	0.10174813866615295
chr8	19555500	19556000	*	0.000029436942474133378	0.010163647514199034	12.984609603881836	0.6373057	0.7671518	0.12984609603881836
chr15	45664500	45665000	*	0.00002946857901597941	0.010168590848705833	15.705129623413086	0.25	0.4070513	0.15705129504203796
chr16	89494500	89495000	*	0.000029539229284921446	0.010189320295903451	11.18001937866211	0.8005865	0.9123867	0.1118001937866211
chr20	54844000	54844500	*	0.00002954600744261589	0.010189320295903451	-12.922626495361328	0.8424242	0.71319795	-0.12922626733779907
chr13	16992500	16993000	*	0.00002959913132490561	0.010195663464746558	-12.742238998413086	0.76303315	0.63561076	-0.12742239236831665
chr10	123559500	123560000	*	0.000029647623748531408	0.010209372248593253	-11.543959617614746	0.6569678	0.5415282	-0.11543959379196167
chr11	20589000	20589500	*	0.000029778571149372102	0.01024335234407586	11.204171180725098	0.78765434	0.89969605	0.11204171180725098
chr3	123667500	123668000	*	0.00002977477270724757	0.01024335234407586	-10.304742813110352	0.94699645	0.843949	-0.1030474305152893
chr17	48128000	48128500	*	0.000029903511175789077	0.010282412072111195	-11.914563179016113	0.8727273	0.75358164	-0.11914563179016113
chr1	178946000	178946500	*	0.00003001829728753139	0.01030980571402809	13.761674880981445	0.51129365	0.6489104	0.13761675357818604
chr18	46387500	46388000	*	0.000030042881291924347	0.010315232076050439	15.956812858581543	0.3227848	0.48235294	0.15956813097000122
chr17	22816500	22817000	*	0.000030058419014562975	0.010317550130138173	-11.820584297180176	0.78698224	0.6687764	-0.11820584535598755
chr13	113882000	113882500	*	0.000030340130446988695	0.010405122925940436	10.886120796203613	0.7429907	0.8518519	0.10886120796203613
chr2	88345500	88346000	*	0.00003039500448816857	0.010418170283903445	-12.512868881225586	0.78634363	0.66121495	-0.12512868642807007
chr9	124040500	124041000	*	0.000030450728346921215	0.010430866793231916	13.092249870300293	0.40039062	0.5313131	0.13092249631881714
chr12	97434500	97435000	*	0.00003058565604066998	0.010470977052771153	12.315159797668457	0.7808219	0.9039735	0.12315160036087036
chr16	4304000	4304500	*	0.00003061465544535424	0.01047479722434463	15.73168659210205	0.49622643	0.6535433	0.15731686353683472
chr20	49279500	49280000	*	0.00003079282192996823	0.010525019924920933	11.020244598388672	0.20253165	0.3127341	0.11020244657993317
chr4	7596500	7597000	*	0.00003079729366291592	0.010525019924920933	-11.696076393127441	0.84	0.7230392	-0.11696076393127441
chr19	28564500	28565000	*	0.00003087146358689381	0.010547297960028732	-11.183130264282227	0.90756303	0.7957317	-0.11183130741119385
chr20	48103000	48103500	*	0.000030957889691399046	0.01057067450806713	-15.164902687072754	0.41925466	0.26760563	-0.15164902806282043
chr3	11656000	11656500	*	0.00003102031185034317	0.01058609541503398	13.08441162109375	0.6727273	0.8035714	0.1308441162109375
chr21	10483500	10484000	*	0.00003117409203955732	0.010635219921611419	-10.892337799072266	0.57894737	0.470024	-0.10892337560653687
chr7	155109500	155110000	*	0.00003124816419580214	0.010657393782234745	13.096732139587402	0.75352114	0.88448846	0.13096731901168823
chr5	166406500	166407000	*	0.000031263652004551974	0.010659579987096745	13.210314750671387	0.67597765	0.8080808	0.13210314512252808
chr12	76765500	76766000	*	0.00003129637929728796	0.010667641149745942	13.596844673156738	0.6619318	0.79790026	0.13596844673156738
chr16	84641000	84641500	*	0.00003138033930225874	0.010672080368650388	11.477273941040039	0.7556818	0.87045455	0.1147727370262146
chr5	1353000	1353500	*	0.000031369649248105436	0.010672080368650388	10.885071754455566	0.74892706	0.8577778	0.10885071754455566
chr7	158850500	158851000	*	0.000031382034075818405	0.010672080368650388	-15.220731735229492	0.7717042	0.6194969	-0.15220731496810913
chr1_KI270706v1_random	20000	20500	*	0.00003141993030829812	0.010681848443532581	-17.947372436523438	0.51672864	0.3372549	-0.17947372794151306
chr1	43687000	43687500	*	0.00003149078469483654	0.010702838163296488	13.619613647460938	0.62739724	0.7635934	0.13619613647460938
chr11	119475000	119475500	*	0.00003150402086185254	0.010704238579050127	18.261531829833984	0.3255814	0.5081967	0.18261530995368958
chr7	3593000	3593500	*	0.00003155826851882469	0.010716468847419907	14.08861255645752	0.71525425	0.8561404	0.140886127948761
chr18	63001000	63001500	*	0.00003190099653939174	0.010826589709350598	13.206518173217773	0.7375	0.8695652	0.13206517696380615
chr1	153503500	153504000	*	0.00003195161493480679	0.010840635495555143	-13.025331497192383	0.89144737	0.76119405	-0.13025331497192383
chr10	123687500	123688000	*	0.000032029221659377235	0.010863827200259097	15.525317192077637	0.58303887	0.73829204	0.15525317192077637
chr19	38243500	38244000	*	0.00003205134859660138	0.010868193040816617	-12.190672874450684	0.34115806	0.21925133	-0.12190672755241394
chr17	63113000	63113500	*	0.00003206130913450207	0.010868432084775443	14.43004035949707	0.5880597	0.7323601	0.1443004012107849
chr5	49955000	49955500	*	0.00003213687194384846	0.010890903023099455	-12.533601760864258	0.59809524	0.47275922	-0.12533602118492126
chr8	35970500	35971000	*	0.000032182623761182515	0.010903261226935562	10.635262489318848	0.7822785	0.8886311	0.10635262727737427
chr17	17632000	17632500	*	0.00003221384382747811	0.010907544355584426	13.597053527832031	0.72782874	0.8637993	0.13597053289413452
chr22	25959500	25960000	*	0.000032207061897873124	0.010907544355584426	13.606929779052734	0.7322581	0.8683274	0.13606929779052734
chr15	92289500	92290000	*	0.000032240904272792655	0.010910442178229928	11.562490463256836	0.7246377	0.8402626	0.11562490463256836
chr21	34131000	34131500	*	0.000032251509764159344	0.010910859508107815	-11.792045593261719	0.87925696	0.7613365	-0.11792045831680298
chr15	97635000	97635500	*	0.00003235159766128039	0.01094156750188358	-11.545610427856445	0.91362125	0.79816514	-0.11545610427856445
chr16	83802000	83802500	*	0.000032508416822248125	0.010984602271455224	14.691102981567383	0.42025316	0.5671642	0.14691102504730225
chr8	101103500	101104000	*	0.000032614521340740275	0.011011461357255605	13.487197875976562	0.19491525	0.32978722	0.1348719745874405
chr2	70656500	70657000	*	0.00003277425182595711	0.01106220965813301	10.501128196716309	0.7944862	0.8994975	0.10501128435134888
chr7	56460500	56461000	*	0.00003288563187955619	0.011096613884949395	-12.886303901672363	0.7027027	0.57383966	-0.12886303663253784
chr9	31471000	31471500	*	0.000032908249569994246	0.011101055824062712	10.19035530090332	0.82402235	0.9259259	0.10190355777740479
chr4	49159500	49160000	*	0.00003323168646949327	0.01118445792212503	-14.534038543701172	0.68075114	0.53541076	-0.14534038305282593
chr15	19858500	19859000	*	0.00003325993179050392	0.011190756729069787	-11.07655143737793	0.817029	0.7062635	-0.11076551675796509
chr5	2805000	2805500	*	0.0000334452795196788	0.011246674409570157	-11.11111068725586	0.9340278	0.8229167	-0.1111111044883728
chr17	58988000	58988500	*	0.000033537611296369726	0.01126804245083048	13.026261329650879	0.6769663	0.8072289	0.1302626132965088
chr11	69161000	69161500	*	0.00003359181703189183	0.011279799795320343	15.103358268737793	0.64329267	0.79432625	0.15103358030319214
chr15	66586000	66586500	*	0.000033777754828288584	0.011326041927229153	12.19453239440918	0.6967213	0.81866664	0.121945321559906
chr8	124823500	124824000	*	0.000033881188295341446	0.01135423984169836	11.597394943237305	0.72938687	0.8453608	0.11597394943237305
chr20	48178500	48179000	*	0.00003432164439979665	0.01147564507677005	16.182104110717773	0.443769	0.60559005	0.16182103753089905
chr9	86507000	86507500	*	0.00003437623678034896	0.011482067108206689	-11.333894729614258	0.91719747	0.8038585	-0.11333894729614258
chr2	70365000	70365500	*	0.00003461268649626373	0.011543375183109815	17.339885711669922	0.60687023	0.7802691	0.17339885234832764
chr10	127313500	127314000	*	0.00003489556421885139	0.011624509347092197	11.003804206848145	0.81528664	0.9253247	0.11003804206848145
chr12	64817000	64817500	*	0.00003495400808844198	0.011637375568448457	10.033446311950684	0.84615386	0.9464883	0.10033446550369263
chr15	25091500	25092000	*	0.00003507808744279355	0.011672067102408578	-13.11323070526123	0.7422434	0.6111111	-0.1311323046684265
chr2	112684500	112685000	*	0.00003509068369766115	0.011672950724489572	13.891386985778809	0.6369048	0.77581865	0.13891386985778809
chr7	140261000	140261500	*	0.00003512489727009888	0.01167613248235153	-15.181321144104004	0.76393443	0.6121212	-0.15181320905685425
chr14	89915000	89915500	*	0.000035220542751052386	0.011699576828787911	10.96064567565918	0.1949807	0.30458716	0.10960645973682404
chr9	129694000	129694500	*	0.000035239912093889144	0.011702159702475293	13.092255592346191	0.64736843	0.778291	0.13092255592346191
chr1	205222000	205222500	*	0.00003533487963633868	0.011727604604863705	-10.48293685913086	0.8836104	0.77878106	-0.10482937097549438
chr7	56234500	56235000	*	0.000035478949569461197	0.01176876846427581	-12.726158142089844	0.784897	0.65763545	-0.12726157903671265
chr17_KI270729v1_random	85500	86000	*	0.00003552487246589239	0.011780673733988667	-13.177621841430664	0.63274336	0.50096714	-0.13177621364593506
chr19	29395000	29395500	*	0.00003578528609549309	0.011863681106697213	13.277244567871094	0.63038546	0.7631579	0.13277244567871094
chr8	6682500	6683000	*	0.00003586521628233826	0.011886823917941282	12.930649757385254	0.2706935	0.4	0.12930649518966675
chr1	18196000	18196500	*	0.000036039817747138354	0.011937953260400334	13.958084106445312	0.759542	0.89912283	0.1395808458328247
chr12	105421500	105422000	*	0.00003606837667318062	0.011944043952480464	-10.353052139282227	0.9160305	0.8125	-0.10353052616119385
chr22	32534500	32535000	*	0.00003613147700692119	0.011954825564157018	14.803398132324219	0.71375465	0.86178863	0.1480339765548706
chr10	117157000	117157500	*	0.0000361560583047596	0.01195958893319166	10.416775703430176	0.6253644	0.7295322	0.10416775941848755
chr7	56705000	56705500	*	0.00003617539121276587	0.011962614062157146	-15.350061416625977	0.7966102	0.64310956	-0.15350061655044556
chr8	49025500	49026000	*	0.00003639193036681197	0.012013920542218693	13.233137130737305	0.7386364	0.87096775	0.13233137130737305
chr3	128195500	128196000	*	0.00003641248993497296	0.012017329287819414	13.367527961730957	0.6183036	0.7519789	0.13367527723312378
chr13	18332500	18333000	*	0.00003647322604840417	0.012030611649760388	-12.243949890136719	0.7795824	0.6571429	-0.12243950366973877
chr13	16330500	16331000	*	0.00003657902773874474	0.012058735529040686	-11.151570320129395	0.55932206	0.44780636	-0.11151570081710815
chr3	176974000	176974500	*	0.000036610510343933146	0.012062341373582	10.842657089233398	0.82578397	0.93421054	0.10842657089233398
chr4	1168000	1168500	*	0.000036730718601289106	0.012088380090614501	13.849059104919434	0.45736435	0.59585494	0.13849058747291565
chr12	123086000	123086500	*	0.00003686150391664277	0.012124626293038966	10.442018508911133	0.7889447	0.8933649	0.10442018508911133
chr2	2867500	2868000	*	0.000036896100124500915	0.012132607320077345	11.489897727966309	0.6805556	0.79545456	0.11489897966384888
chr15	39511500	39512000	*	0.000036985449173220326	0.012155180401692514	14.085298538208008	0.63383836	0.77469134	0.14085298776626587
chr20	56816000	56816500	*	0.00003710594343523818	0.012187958301084172	12.875914573669434	0.78	0.9087591	0.12875914573669434
chr4	8262000	8262500	*	0.00003719321485622078	0.012209793148067125	11.272603034973145	0.7517241	0.86445016	0.11272603273391724
chr11	52730000	52730500	*	0.00003722796410979404	0.012215826276730055	-10.044038772583008	0.7479224	0.64748204	-0.1004403829574585
chr8	996500	997000	*	0.00003723239888032857	0.012215826276730055	15.871792793273926	0.42461538	0.5833333	0.15871793031692505
chr6	18886000	18886500	*	0.00003728680644070308	0.012230259988113718	12.604546546936035	0.6255605	0.751606	0.12604546546936035
chr7	35410000	35410500	*	0.00003746635580483132	0.012280073421677314	10.98160171508789	0.8194444	0.92926043	0.10981601476669312
chr15	91942500	91943000	*	0.00003777973728373437	0.012364314031026575	12.279301643371582	0.6469298	0.7697228	0.12279301881790161
chr19	30148500	30149000	*	0.000038048744843138175	0.01242810654298018	12.163263320922852	0.73722625	0.8588589	0.1216326355934143
chr12	129604000	129604500	*	0.000038107530167125024	0.012443846540319216	-12.537992477416992	0.8738462	0.74846625	-0.12537992000579834
chr19	29688000	29688500	*	0.00003838597441708258	0.012517366716760498	15.10344123840332	0.57328993	0.72432435	0.151034414768219
chr14	22100000	22100500	*	0.000038490454104873156	0.01254795215332597	-13.055062294006348	0.5	0.36944938	-0.13055062294006348
chr19	35206000	35206500	*	0.000038654090946272106	0.0125908115191089	-13.601863861083984	0.8921162	0.75609756	-0.13601863384246826
chr3	172877000	172877500	*	0.00003878090434171794	0.012625114269613814	10.319047927856445	0.80813956	0.91133004	0.10319048166275024
chr16	19995000	19995500	*	0.000039019875858704296	0.012692354954595675	12.981611251831055	0.8015564	0.9313725	0.12981611490249634
chr12	128431000	128431500	*	0.00003938919177345507	0.01278608526851626	-13.370156288146973	0.90950227	0.7758007	-0.13370156288146973
chr7	151417000	151417500	*	0.0000396644660499425	0.012859281218904854	10.069012641906738	0.78502417	0.8857143	0.10069012641906738
chr1	210908500	210909000	*	0.00003980068206048204	0.01289563237665305	-14.569002151489258	0.84532374	0.6996337	-0.14569002389907837
chr12	100186000	100186500	*	0.000039835617587175336	0.01289563237665305	-11.460238456726074	0.86170214	0.74709976	-0.11460238695144653
chr19	57183000	57183500	*	0.00003985346482193344	0.01289563237665305	-12.487024307250977	0.90601504	0.7811448	-0.12487024068832397
chr21	30353000	30353500	*	0.000039831033255451844	0.01289563237665305	-11.855381965637207	0.8930636	0.7745098	-0.11855381727218628
chr5	39224000	39224500	*	0.00003989705052288716	0.01290617927077257	-13.412487030029297	0.8333333	0.69920844	-0.13412487506866455
chr5	37090000	37090500	*	0.00003991425703731426	0.012908189380369752	12.119999885559082	0.3599321	0.4811321	0.12119999527931213
chr14	18608500	18609000	*	0.00004000162843637311	0.01292576560386313	-13.227045059204102	0.6743649	0.54209447	-0.1322704553604126
chr10	37212000	37212500	*	0.00004016487843459086	0.012971377838516445	-10.941910743713379	0.8878282	0.77840906	-0.10941910743713379
chr7	157912000	157912500	*	0.00004016261423354693	0.012971377838516445	-13.994609832763672	0.7090069	0.5690608	-0.1399461030960083
chr11	34371500	34372000	*	0.00004032562845541591	0.013005408354517928	15.094879150390625	0.37637362	0.5273224	0.15094879269599915
chr10	70607000	70607500	*	0.000040375671899701925	0.013017972469412461	-10.938149452209473	0.8971722	0.7877907	-0.10938149690628052
chr18	8757500	8758000	*	0.00004049239182857568	0.013052021697458034	12.378239631652832	0.69463867	0.81842107	0.12378239631652832
chr7	20551500	20552000	*	0.00004056886591449827	0.013069496666948397	14.09395980834961	0.6979866	0.8389262	0.1409395933151245
chrUn_KI270756v1	24500	25000	*	0.00004060268240742392	0.013076803246949202	-10.30089282989502	0.839851	0.7368421	-0.1030089259147644
chr1	203720500	203721000	*	0.000040687658241886404	0.013096986894682305	10.165077209472656	0.85882354	0.9604743	0.10165077447891235
chr16	67422500	67423000	*	0.00004074056934483935	0.013110001464342842	12.25389289855957	0.796875	0.9194139	0.12253892421722412
chr20	15496000	15496500	*	0.00004078664834408468	0.013118063026904462	10.058289527893066	0.76109934	0.86168224	0.10058289766311646
chr1	173352500	173353000	*	0.00004086149596027032	0.013134940740026035	15.621864318847656	0.5423729	0.69859153	0.15621864795684814
chr18	49678500	49679000	*	0.000040892637703582995	0.013137758403429263	14.71434211730957	0.6809816	0.828125	0.1471434235572815
chr11	20531000	20531500	*	0.000040948624522429595	0.01314136374267809	-10.409379005432129	0.83233535	0.72824156	-0.10409379005432129
chr12	37393000	37393500	*	0.00004094218613426136	0.01314136374267809	-11.411773681640625	0.789899	0.67578125	-0.11411774158477783
chr21	9017500	9018000	*	0.00004096421869287851	0.013142776369907688	-12.717196464538574	0.57092196	0.44375	-0.12717196345329285
chr10	120439000	120439500	*	0.000040984640059064255	0.013145736538234545	-11.956405639648438	0.8853868	0.76582277	-0.11956405639648438
chrUn_KI270742v1	106500	107000	*	0.0000410037429410773	0.013148272304342859	-12.952947616577148	0.74545455	0.6159251	-0.12952947616577148
chr12	129738500	129739000	*	0.00004127715317194014	0.013225109776091702	-11.801803588867188	0.85	0.731982	-0.11801803112030029
chr14	67739000	67739500	*	0.000041541521740229146	0.013291679628239236	10.345924377441406	0.6837748	0.78723407	0.10345923900604248
chr16	34805000	34805500	*	0.000041652675183399716	0.013323614016755267	-13.02233600616455	0.62445414	0.49423078	-0.1302233636379242
chr6	125564500	125565000	*	0.000041805407224453326	0.013368827308434672	-10.45510196685791	0.8333333	0.7287823	-0.10455101728439331
chr10	37006000	37006500	*	0.000042225911335606036	0.013484937229569234	-12.375015258789062	0.870229	0.74647886	-0.12375015020370483
chr15	52117500	52118000	*	0.000042353391789383447	0.013521970945029318	11.136942863464355	0.78698224	0.89835167	0.11136943101882935
chr4	176241500	176242000	*	0.00004247145013545209	0.01355229350357492	10.27519702911377	0.8489209	0.95167285	0.1027519702911377
chr9	130714500	130715000	*	0.00004274195074298328	0.013623799564482644	13.073271751403809	0.53652394	0.66725665	0.1307327151298523
chr2	95754000	95754500	*	0.00004278090115738976	0.01363251436398214	13.020383834838867	0.4892857	0.61948955	0.13020384311676025
chr1	7153000	7153500	*	0.000042819564023955915	0.013641132830071194	10.262786865234375	0.756	0.85862786	0.10262787342071533
chr2	904000	904500	*	0.00004291855258358487	0.013665253177791542	10.170769691467285	0.7738792	0.87558687	0.10170769691467285
chr9	16364500	16365000	*	0.0000432707669898066	0.013769930705668378	-14.64785385131836	0.815331	0.66885245	-0.146478533744812
chr6	39381500	39382000	*	0.00004338721962058422	0.013799509679639214	-12.3488187789917	0.8895899	0.7661017	-0.12348818778991699
chr12	65306500	65307000	*	0.00004358507554745168	0.013843690463132137	14.660585403442383	0.44903582	0.5956417	0.14660584926605225
chr1	67957000	67957500	*	0.00004379949173076632	0.013900514475888161	10.520845413208008	0.8126801	0.9178886	0.10520845651626587
chr2	10378000	10378500	*	0.00004399576614271959	0.013955262117562834	-10.77304458618164	0.9519231	0.8441926	-0.1077304482460022
chr12	35525000	35525500	*	0.00004412440653018158	0.013984733431394862	-10.713821411132812	0.84855235	0.7414141	-0.10713821649551392
chr2	126831500	126832000	*	0.000044257359261845276	0.014019303526327463	14.482128143310547	0.46539378	0.61021507	0.14482128620147705
chr7	95434000	95434500	*	0.00004429126702426458	0.014026260688613505	-14.378822326660156	0.6607595	0.5169713	-0.14378821849822998
chr1	217321500	217322000	*	0.00004447483770697029	0.01407680161081173	12.016021728515625	0.7485549	0.8687151	0.12016022205352783
chr11	47525500	47526000	*	0.00004461363843830098	0.014116928548984756	-11.125344276428223	0.9267516	0.8154982	-0.11125344038009644
chr7	24884500	24885000	*	0.00004464061753994548	0.014121660094617808	12.254667282104492	0.7949791	0.91752577	0.12254667282104492
chr7	103779500	103780000	*	0.00004486457626244753	0.014181046458355079	-12.682372093200684	0.8943396	0.7675159	-0.12682372331619263
chr2	92828000	92828500	*	0.000044905358685600174	0.014190117513303414	-14.071094512939453	0.6968085	0.55609757	-0.1407109498977661
chr10	76882000	76882500	*	0.00004512873819088458	0.01424154309340278	15.89547348022461	0.5154639	0.6744186	0.15895473957061768
chr4	172855500	172856000	*	0.00004516191282436792	0.014244847587760295	10.791170120239258	0.7156177	0.8235294	0.10791170597076416
chr6	15097000	15097500	*	0.000045219222664621796	0.014254774219520393	12.334269523620605	0.76375407	0.88709676	0.12334269285202026
chr8	53670000	53670500	*	0.00004520818790777737	0.014254774219520393	14.026373863220215	0.7064516	0.84671533	0.14026373624801636
chr4	48376000	48376500	*	0.00004524556403294864	0.014259250008105798	10.424238204956055	0.7866667	0.8909091	0.10424238443374634
chr12	90983500	90984000	*	0.00004543733714769757	0.014308167509890333	12.256169319152832	0.79352224	0.91608393	0.12256169319152832
chr17	2069000	2069500	*	0.00004569248799464275	0.01437309658923472	10.135889053344727	0.84563756	0.94699645	0.10135889053344727
chr1	22364000	22364500	*	0.000045879796189827215	0.01442241701588438	-10.869491577148438	0.9292929	0.820598	-0.10869491100311279
chr2_KI270715v1_random	146500	147000	*	0.000045886125511892655	0.01442241701588438	-14.216142654418945	0.71517026	0.57300884	-0.14216142892837524
chr2	28890000	28890500	*	0.00004590123728958962	0.01442330615391997	-12.701582908630371	0.8328982	0.7058824	-0.1270158290863037
chr11	53322500	53323000	*	0.000046133767600050186	0.01448474483275394	-10.063064575195312	0.68221575	0.5815851	-0.10063064098358154
chr15	57253000	57253500	*	0.00004630253354412222	0.014533846681222632	12.387025833129883	0.6432866	0.76715684	0.12387025356292725
chr5	134545000	134545500	*	0.000046485222368597385	0.014579498997891141	-13.840025901794434	0.6956522	0.55725193	-0.13840025663375854
chr1	234135500	234136000	*	0.00004665967135064901	0.014630305036280482	-10.281557083129883	0.8738739	0.7710583	-0.10281556844711304
chr11	95066500	95067000	*	0.00004684885572223233	0.014681783726361645	12.851083755493164	0.3980198	0.5265306	0.12851083278656006
chr4	185836500	185837000	*	0.000046879648060910684	0.014687513813422854	10.195304870605469	0.16420664	0.26615968	0.10195304453372955
chr5	149420000	149420500	*	0.00004694382898377526	0.014695858900247926	11.788213729858398	0.7912088	0.90909094	0.1178821325302124
chr8	38864000	38864500	*	0.000046994521161574126	0.014707807150892246	11.553502082824707	0.77437323	0.88990825	0.11553502082824707
chr5	100900000	100900500	*	0.00004706144442554604	0.014720905063466395	11.787313461303711	0.1981352	0.31600833	0.11787313222885132
chr8	8938500	8939000	*	0.00004715439941390871	0.014742127461921621	15.074703216552734	0.30029154	0.45103857	0.15074703097343445
chr17	49688000	49688500	*	0.00004726371057147445	0.014772368977439032	16.23029136657715	0.6570248	0.8193277	0.1623029112815857
chr15	63806500	63807000	*	0.00004751414529612418	0.014846691119514685	-14.026904106140137	0.8005865	0.6603175	-0.14026904106140137
chr3	149554000	149554500	*	0.000047572768660014875	0.01485952518577824	-13.724154472351074	0.29801324	0.1607717	-0.13724154233932495
chr4	53521000	53521500	*	0.00004758052719123581	0.01485952518577824	13.250213623046875	0.68406594	0.8165681	0.13250213861465454
chr5	78637500	78638000	*	0.00004772878780326212	0.014891983346558096	15.869564056396484	0.6413044	0.8	0.15869563817977905
chr9	138133000	138133500	*	0.00004773518708532935	0.014891983346558096	-11.303872108459473	0.82732445	0.71428573	-0.11303871870040894
chr17	44108000	44108500	*	0.000047852816482448094	0.014914174218852033	-14.38623046875	0.8737201	0.7298578	-0.1438623070716858
chr7	158332500	158333000	*	0.000047857122077630685	0.014914174218852033	-13.25625228881836	0.8308081	0.6982456	-0.132562518119812
chr15	39473000	39473500	*	0.00004789363083868009	0.01492159171169191	11.121696472167969	0.8299595	0.9411765	0.1112169623374939
chr21	13302000	13302500	*	0.00004804598165402722	0.014961118622406443	-15.888884544372559	0.5508197	0.39193085	-0.15888884663581848
chr9	90345000	90345500	*	0.00004834869761176324	0.015039429128528181	10.068321228027344	0.8168168	0.9175	0.10068321228027344
chr17	57517000	57517500	*	0.00004838119643860843	0.015040985122348168	12.162834167480469	0.72727275	0.8489011	0.12162834405899048
chr5	94929000	94929500	*	0.000048392126595885556	0.015040985122348168	10.371047019958496	0.7945946	0.89830506	0.10371047258377075
chr1	115388500	115389000	*	0.000048505087376778675	0.015060149892353615	13.346778869628906	0.68041235	0.81388015	0.13346779346466064
chr19	56953500	56954000	*	0.000048642799520964055	0.01509492507396623	-12.123274803161621	0.65555555	0.5343228	-0.12123274803161621
chr14	104309000	104309500	*	0.00004887803323739356	0.015155907460595534	13.618117332458496	0.78125	0.9174312	0.13618117570877075
chr7	56632000	56632500	*	0.000048931440922209554	0.015168462501169995	-14.346817016601562	0.59359604	0.45012787	-0.14346817135810852
chr5	96068000	96068500	*	0.00004927491117718392	0.015258823483411822	13.193696975708008	0.7069892	0.8389262	0.1319369673728943
chr21	39364500	39365000	*	0.000049331309626076926	0.015272260737911372	-12.694067001342773	0.8666667	0.739726	-0.12694066762924194
chr12	108398000	108398500	*	0.00004943295742855635	0.015291642845041439	-14.602446556091309	0.6536697	0.50764525	-0.14602446556091309
chr2	98414000	98414500	*	0.000049474947149630096	0.015300593228872882	12.950288772583008	0.7073955	0.8368984	0.12950289249420166
chr1	204802500	204803000	*	0.00004955887724016572	0.015307099670642622	16.062063217163086	0.58131486	0.7419355	0.16062062978744507
chrUn_KI270748v1	86000	86500	*	0.000049561163686160324	0.015307099670642622	-15.201634407043457	0.78305084	0.6310345	-0.15201634168624878
chr12	58236500	58237000	*	0.00004985737581875454	0.01538240210566975	11.687129974365234	0.7521127	0.868984	0.11687129735946655
chr5	138355000	138355500	*	0.000050165735294855695	0.015461290287629045	-10.576923370361328	0.23076923	0.125	-0.10576923191547394
chr1	19689000	19689500	*	0.000050247267003178744	0.015476710207205768	-17.614273071289062	0.6376812	0.46153846	-0.17614272236824036
chr21	44282500	44283000	*	0.000050252532995663866	0.015476710207205768	-10.298615455627441	0.86101085	0.7580247	-0.1029861569404602
chr13	112159000	112159500	*	0.00005027064369222999	0.01547737428441285	13.011037826538086	0.69040245	0.82051283	0.13011038303375244
chr20	58746000	58746500	*	0.000050473904041194345	0.015527740532251713	16.18415641784668	0.6064982	0.76833975	0.16184157133102417
chr4	176314500	176315000	*	0.000050510596701655517	0.015532619414701689	10.151708602905273	0.8242894	0.92580646	0.10151708126068115
chr6	3036500	3037000	*	0.00005058276871257728	0.015549010686621354	-14.23667049407959	0.6361323	0.4937656	-0.1423667073249817
chr2	149745500	149746000	*	0.000050610565160121025	0.015550876974143027	-10.783279418945312	0.88760805	0.77977526	-0.10783278942108154
chr2	4668500	4669000	*	0.00005066688192525854	0.015562644895576835	-10.6083984375	0.8982188	0.7921348	-0.10608398914337158
chr19	7720500	7721000	*	0.00005079374017625848	0.015593661237483417	-11.28939437866211	0.91808873	0.8051948	-0.11289393901824951
chr2	216915500	216916000	*	0.00005079442016437109	0.015593661237483417	12.529987335205078	0.7578616	0.8831615	0.125299870967865
chr2	10030000	10030500	*	0.00005099543622034061	0.01565128043523908	10.455692291259766	0.73913044	0.84368736	0.10455691814422607
chr6	156280500	156281000	*	0.00005105600581758585	0.015665775615193812	11.931716918945312	0.69109946	0.81041664	0.11931717395782471
chr10	56646000	56646500	*	0.000051140489205867386	0.01568076296137962	-10.14096736907959	0.9596774	0.8582677	-0.1014096736907959
chr12	11291000	11291500	*	0.000051153952553310965	0.01568076296137962	14.913052558898926	0.629393	0.7785235	0.14913052320480347
chrUn_GL000216v2	16500	17000	*	0.000051158265819815846	0.01568076296137962	-11.353808403015137	0.6224138	0.5088757	-0.11353808641433716
chr9	43052500	43053000	*	0.00005118528444776794	0.015684950351009155	10.679250717163086	0.7581864	0.8649789	0.10679250955581665
chr9	133428000	133428500	*	0.000051201013202675376	0.015685676848773072	13.311442375183105	0.39615384	0.52926826	0.13311442732810974
chr10	17676500	17677000	*	0.000051302503148754266	0.01570857229268576	10.163640975952148	0.8174387	0.91907513	0.10163640975952148
chr5	49660000	49660500	*	0.00005143408204973622	0.015740652155214793	-11.009872436523438	0.792	0.6819013	-0.11009871959686279
chr2	124651500	124652000	*	0.00005218723086331552	0.015933768418901498	11.224687576293945	0.8115942	0.92384106	0.11224687099456787
chrX	2235000	2235500	*	0.000052260060549818426	0.01595185707853098	11.340880393981934	0.74812967	0.86153847	0.11340880393981934
chr1	152358000	152358500	*	0.000052329618986822586	0.015960642527851513	-11.929398536682129	0.7318296	0.6125356	-0.11929398775100708
chr12	272000	272500	*	0.00005236375096862658	0.015962760510103195	10.400152206420898	0.78756475	0.8915663	0.10400152206420898
chr1	54977000	54977500	*	0.00005240810522518579	0.01597213517402445	14.547479629516602	0.56446993	0.7099447	0.14547479152679443
chr12	51120000	51120500	*	0.00005275381388812461	0.016060108648262624	10.844182968139648	0.8429752	0.951417	0.10844182968139648
chr2	89149000	89149500	*	0.0000528939495019167	0.01608263680844684	-13.127976417541504	0.8893443	0.7580645	-0.13127976655960083
chr2	233325500	233326000	*	0.00005289387121881046	0.01608263680844684	10.700732231140137	0.8173913	0.9243986	0.10700732469558716
chr8	60708500	60709000	*	0.000053097407816804906	0.01612362449137463	11.55545711517334	0.51706487	0.63261944	0.1155545711517334
chr7	63971000	63971500	*	0.0000531153867213637	0.016124914110820864	-14.426958084106445	0.7057221	0.5614525	-0.14426958560943604
chr10	72317000	72317500	*	0.00005324618275974577	0.016152094051948736	16.47418785095215	0.6086956	0.7734375	0.1647418737411499
chr21	45783500	45784000	*	0.00005332713916242548	0.016168298419465897	10.044354438781738	0.77321815	0.8736617	0.10044354200363159
chr11	52924500	52925000	*	0.00005348674480877714	0.016212503352004394	-11.725103378295898	0.65510595	0.5378549	-0.11725103855133057
chr15	81939500	81940000	*	0.00005350181562888731	0.01621288645593444	14.039412498474121	0.36699507	0.5073892	0.14039412140846252
chr8	117959000	117959500	*	0.000053725323342138524	0.016268022366449947	15.490442276000977	0.60509557	0.76	0.15490442514419556
chr4	8845000	8845500	*	0.000053939060173142876	0.016315704603593568	11.292564392089844	0.6429942	0.7559199	0.11292564868927002
chr21	44490000	44490500	*	0.000054004675821648826	0.016327348769561715	15.853327751159668	0.44267517	0.60120845	0.1585332751274109
chr22_KI270738v1_random	52500	53000	*	0.00005411998529704608	0.016347362308616054	-10.490381240844727	0.758092	0.65318817	-0.10490381717681885
chr1	204369000	204369500	*	0.000054150527324394296	0.016350395966800872	-13.617223739624023	0.86281586	0.7266436	-0.13617223501205444
chr22	42644500	42645000	*	0.00005522288982656904	0.0166101229923072	14.230998992919922	0.48916408	0.6314741	0.1423099935054779
chr22	12801500	12802000	*	0.000055431436266967097	0.016664313232968832	-10.942238807678223	0.7484756	0.6390532	-0.10942238569259644
chr12	8880000	8880500	*	0.00005571138950166975	0.016735621594641013	-10.209345817565918	0.93639576	0.8343023	-0.10209345817565918
chr14	19760500	19761000	*	0.00005584947547592091	0.016772811604451137	-15.708982467651367	0.604811	0.44772118	-0.15708982944488525
chr16	54281000	54281500	*	0.00005590756759885251	0.016785964846201318	-12.290275573730469	0.9072165	0.78431374	-0.1229027509689331
chr5	34916500	34917000	*	0.00005597890958742667	0.016803088551715865	12.725323677062988	0.35619047	0.4834437	0.1272532343864441
chr9	100637500	100638000	*	0.00005613095122096852	0.01683581571362249	17.490840911865234	0.55128205	0.72619045	0.17490839958190918
chr9	84521500	84522000	*	0.0000562702962281835	0.016864687470218045	-11.63753890991211	0.87743735	0.76106197	-0.1163753867149353
chr4	49620500	49621000	*	0.000056306043962602	0.016870801365929187	-11.656761169433594	0.78678036	0.67021275	-0.11656761169433594
chr11	49814500	49815000	*	0.00005637236640082408	0.016878047482177173	-11.507087707519531	0.83707863	0.72200775	-0.1150708794593811
chr10	116863500	116864000	*	0.00005664522852418883	0.01695542002456205	12.499755859375	0.74864864	0.8736462	0.12499755620956421
chr14	94689000	94689500	*	0.00005721086235441057	0.017085532249889485	13.656658172607422	0.55690074	0.6934673	0.13656657934188843
chr8	9830500	9831000	*	0.000057327759229612476	0.017116089473034907	-15.187942504882812	0.716263	0.56438357	-0.1518794298171997
chr18	14868000	14868500	*	0.000057443145185236485	0.017141822815482956	-15.294575691223145	0.75820893	0.6052632	-0.15294575691223145
chr17	22998500	22999000	*	0.00005760157453481227	0.017179826153171825	-12.571430206298828	0.85714287	0.73142856	-0.12571430206298828
chr16	54863500	54864000	*	0.00005784289054469247	0.017234833028477416	11.176800727844238	0.731982	0.84375	0.11176800727844238
chr12	125325000	125325500	*	0.00005866538917030994	0.017437101554977883	13.449085235595703	0.6611296	0.79562044	0.13449084758758545
chr15	52331500	52332000	*	0.000058850727959146434	0.017481896815545503	12.126976013183594	0.74328357	0.86455333	0.12126976251602173
chr5	174448000	174448500	*	0.000059140215153804305	0.017554567938846292	-11.003732681274414	0.9342561	0.82421875	-0.11003732681274414
chr10	8565500	8566000	*	0.000059178927509092176	0.017561619676262713	-10.63057804107666	0.89349115	0.7871854	-0.10630577802658081
chr5	74867000	74867500	*	0.0000594673059138614	0.017642738683122553	10.397401809692383	0.28843105	0.39240506	0.10397401452064514
chr5	154110500	154111000	*	0.000059645325236892894	0.017686616242935195	17.25356674194336	0.5467626	0.71929824	0.17253565788269043
chr15	81866000	81866500	*	0.00006008505321655797	0.017799029873856943	10.260974884033203	0.8333333	0.93594307	0.10260975360870361
chr11	53680500	53681000	*	0.00006029911864199152	0.017839940150745196	-13.914812088012695	0.6862745	0.5471264	-0.13914811611175537
chr16	4970500	4971000	*	0.00006047737558297306	0.017883667110881588	10.689645767211914	0.6593807	0.76627713	0.10689646005630493
chr10	77968000	77968500	*	0.00006076997087794902	0.01795210678319463	11.070680618286133	0.74863386	0.85934067	0.11070680618286133
chr22	18066500	18067000	*	0.00006095325016873346	0.01799267009467989	13.37430477142334	0.627451	0.76119405	0.1337430477142334
chr12	24357000	24357500	*	0.00006130707792209335	0.018083478198101355	12.645501136779785	0.7587302	0.8851852	0.12645500898361206
chr15	100062000	100062500	*	0.00006145537904100873	0.018104483312076477	14.786547660827637	0.6096096	0.7574751	0.14786547422409058
chr5	31784000	31784500	*	0.00006144994021088589	0.018104483312076477	10.914778709411621	0.744086	0.8532338	0.10914778709411621
chr18	77319500	77320000	*	0.00006184067188163558	0.018195165041940776	-13.553661346435547	0.8727915	0.7372549	-0.13553661108016968
chr1	24736000	24736500	*	0.00006203049837912938	0.0182418755235862	-10.305452346801758	0.8915663	0.78851175	-0.10305452346801758
chr10	66033500	66034000	*	0.00006209417777230994	0.018256030296083407	10.087823867797852	0.8181818	0.91906005	0.10087823867797852
chr6	51496500	51497000	*	0.00006255412760269669	0.018372857621432568	11.891185760498047	0.78688526	0.9057971	0.11891186237335205
chr7	63851000	63851500	*	0.00006266998786061542	0.018402284222363226	-14.395618438720703	0.8267148	0.6827586	-0.14395618438720703
chr13	21739500	21740000	*	0.00006269152627623968	0.018404006565521165	11.96887493133545	0.68443495	0.8041237	0.11968874931335449
chr15	98671000	98671500	*	0.00006301326094569143	0.01847932715023123	-12.178504943847656	0.24203822	0.12025317	-0.12178505212068558
chr5	2991000	2991500	*	0.00006308582711191368	0.018492021261303428	11.808127403259277	0.6012793	0.7193606	0.11808127164840698
chr1	33424000	33424500	*	0.0000631103181596696	0.018494583474304296	13.173301696777344	0.15438597	0.28611898	0.1317330151796341
chr1	114039500	114040000	*	0.00006345119296951665	0.018580566322692938	-10.4597749710083	0.93793106	0.8333333	-0.10459774732589722
chr9	37999500	38000000	*	0.00006384893399527426	0.01867389925102656	14.427450180053711	0.25748503	0.40175954	0.14427450299263
chrUn_KI270442v1	329500	330000	*	0.00006384943129437624	0.01867389925102656	-13.4495849609375	0.67153287	0.537037	-0.13449585437774658
chr6	166951500	166952000	*	0.00006404029532056869	0.018720395594359063	14.130867004394531	0.60588235	0.747191	0.14130866527557373
chr4	49191000	49191500	*	0.00006410744397897434	0.01872603954026429	-10.955315589904785	0.81795514	0.708402	-0.10955315828323364
chr13	18649000	18649500	*	0.00006422885151801945	0.018752173725968792	-15.885787963867188	0.67128026	0.5124224	-0.15885788202285767
chr20	31071000	31071500	*	0.00006428557495024262	0.0187594062300999	-12.44979476928711	0.65048546	0.5259875	-0.12449795007705688
chr14	94574000	94574500	*	0.00006430593995178726	0.018760686816374113	15.141993522644043	0.66785717	0.8192771	0.15141993761062622
chr11	129427000	129427500	*	0.00006440794128093367	0.018785337122493913	10.80492115020752	0.7425532	0.8506024	0.10804921388626099
chr6	159064500	159065000	*	0.00006469102164036201	0.018840265299942514	10.294157028198242	0.7166362	0.81957775	0.10294157266616821
chr11	70038000	70038500	*	0.00006476107944201013	0.018846645755493413	12.251388549804688	0.752907	0.87542087	0.12251389026641846
chr13	99193500	99194000	*	0.00006483603631934114	0.01885444139085609	10.454845428466797	0.8190184	0.9235669	0.10454845428466797
chr17	4632500	4633000	*	0.00006481322219296359	0.01885444139085609	12.252700805664062	0.5882353	0.7107623	0.12252700328826904
chr12	129330500	129331000	*	0.0000651076337274279	0.01891920932546735	-14.212900161743164	0.8245614	0.6824324	-0.14212900400161743
chr7	154670500	154671000	*	0.00006512320469056973	0.01891920932546735	-11.05358600616455	0.82900435	0.7184685	-0.11053586006164551
chr18	14806000	14806500	*	0.00006515008618384532	0.018922337349015543	-11.874210357666016	0.82718897	0.70844686	-0.11874210834503174
chr18	3595000	3595500	*	0.00006549687527941035	0.019013653837292914	-13.146808624267578	0.31117824	0.17971015	-0.13146808743476868
chr12	127440500	127441000	*	0.00006554866634324723	0.019023985626022935	-12.143558502197266	0.8436578	0.7222222	-0.12143558263778687
chr8	65468500	65469000	*	0.000065793228309096	0.01908552981417551	12.027740478515625	0.6689498	0.7892272	0.12027740478515625
chr12	54282000	54282500	*	0.0000661174519689865	0.019155920778237887	10.93035888671875	0.120204605	0.22950819	0.10930358618497849
chr7	22563000	22563500	*	0.00006644535975448322	0.0192319436171013	13.286171913146973	0.22674419	0.3596059	0.13286171853542328
chr7	28136500	28137000	*	0.000066722370353017	0.01928360255131505	10.077839851379395	0.852459	0.9532374	0.10077840089797974
chr7	60154500	60155000	*	0.00006694052803747065	0.01934189236521265	-12.302952766418457	0.671875	0.54884547	-0.12302953004837036
chr10	26366500	26367000	*	0.00006726812782049604	0.019422212254300478	10.758662223815918	0.79268295	0.90026957	0.10758662223815918
chr5	171577000	171577500	*	0.00006726806974242494	0.019422212254300478	-15.236258506774902	0.8699552	0.7175926	-0.15236258506774902
chr22	39691500	39692000	*	0.00006768930570306881	0.01952941246591503	10.01390266418457	0.80042917	0.9005682	0.10013902187347412
chr3	48370000	48370500	*	0.00006775767940607758	0.01953953759921951	-13.107049942016602	0.75240386	0.62133336	-0.13107049465179443
chr2	106773000	106773500	*	0.0000681825058551775	0.019637933029308073	10.258382797241211	0.81957185	0.9221557	0.10258382558822632
chr14	104400000	104400500	*	0.00006823929978806612	0.01964947123357895	15.790327072143555	0.1923077	0.35021096	0.1579032689332962
chr4	6350500	6351000	*	0.00006842700989443503	0.019693863672700856	10.837239265441895	0.7196819	0.8280543	0.10837239027023315
chr9	117720500	117721000	*	0.00006892460671462603	0.019807946850588187	-13.91426944732666	0.8194946	0.6803519	-0.1391426920890808
chr20	43366000	43366500	*	0.00006909297169224962	0.019836913142640012	10.921609878540039	0.70021415	0.80943024	0.10921609401702881
chr8	40840500	40841000	*	0.00006942690052088344	0.019913310540266623	14.642643928527832	0.5944272	0.74085367	0.14642643928527832
chr17	27315000	27315500	*	0.0000697130517532563	0.019975868405484442	-14.650702476501465	0.70238096	0.55587393	-0.14650702476501465
chr19	28486000	28486500	*	0.00006983002253907243	0.020004504173380365	-12.150854110717773	0.8267717	0.70526314	-0.12150853872299194
chr13	16607000	16607500	*	0.0000698715283140508	0.02000534362924707	-12.254410743713379	0.75990677	0.63736266	-0.12254410982131958
chr16	4905000	4905500	*	0.00006996271695851117	0.0200132229208934	10.589885711669922	0.7617801	0.86767894	0.10589885711669922
chr22	44325500	44326000	*	0.00007005489456826014	0.020031229205716133	13.850956916809082	0.45185184	0.5903614	0.1385095715522766
chr3	159346500	159347000	*	0.00007005978102587009	0.020031229205716133	10.496550559997559	0.79733336	0.90229887	0.10496550798416138
chr13	100940500	100941000	*	0.00007079526827534153	0.020202165281765733	-12.607568740844727	0.8403614	0.71428573	-0.12607568502426147
chr11	15199500	15200000	*	0.00007113499143542226	0.020279396157556705	-10.118460655212402	0.9296636	0.828479	-0.10118460655212402
chr3	62062000	62062500	*	0.00007148207764245765	0.020354879704968656	10.999959945678711	0.7408638	0.8508634	0.10999959707260132
chr9	109317500	109318000	*	0.00007168165801801443	0.020395628878342037	11.461681365966797	0.61554193	0.73015875	0.11461681127548218
chr2	15157500	15158000	*	0.00007195003152956093	0.020457118674053067	12.458240509033203	0.7758007	0.9003831	0.12458240985870361
chr12	130270500	130271000	*	0.00007200431896578137	0.020467598058610627	-10.289335250854492	0.8886076	0.78571427	-0.10289335250854492
chr15	26449000	26449500	*	0.00007222772226237767	0.020521166389638298	12.893742561340332	0.34855768	0.4774951	0.12893742322921753
chr2	38107000	38107500	*	0.00007229589165780343	0.020535565831230996	17.22939682006836	0.58515286	0.7574468	0.17229396104812622
chr7	108460500	108461000	*	0.00007248268309448529	0.020568721721885962	-11.233610153198242	0.93670887	0.82437277	-0.11233609914779663
chr5	2072500	2073000	*	0.00007254088037743825	0.020575292055615913	-12.874537467956543	0.8833922	0.75464684	-0.12874537706375122
chr8	123692500	123693000	*	0.00007262297511932736	0.02058905642360398	12.930309295654297	0.6666667	0.7959698	0.12930309772491455
chr7	63941000	63941500	*	0.00007269278999969273	0.020603449239550854	-15.3423490524292	0.7248521	0.5714286	-0.1534234881401062
chr10	113589000	113589500	*	0.00007274180412133561	0.020606404483114946	17.228179931640625	0.5203252	0.692607	0.17228180170059204
chr1	116673500	116674000	*	0.00007286368920056065	0.02063196767621701	-10.643678665161133	0.90207714	0.79564035	-0.10643678903579712
chr22	29629500	29630000	*	0.00007347511733138267	0.02079506973422867	-10.39760684967041	0.8668122	0.76283616	-0.10397607088088989
chr10	14063500	14064000	*	0.00007374826115197282	0.020862318873474655	13.214844703674316	0.58072287	0.7128713	0.13214844465255737
chr7	92963500	92964000	*	0.00007384544940976581	0.020884780764213098	-12.772708892822266	0.78486997	0.6571429	-0.12772709131240845
chr6	165119000	165119500	*	0.0000741561225609175	0.020957501845039195	11.107767105102539	0.67368424	0.7847619	0.11107766628265381
chr7	64467000	64467500	*	0.00007424224868241205	0.020969951553052656	-10.103982925415039	0.86414254	0.7631027	-0.1010398268699646
chr1	123439000	123439500	*	0.00007438855349224383	0.020997921645840203	-12.151876449584961	0.56845754	0.44693878	-0.12151876091957092
chr17	77887000	77887500	*	0.00007501685419874921	0.02113970270643505	13.498679161071777	0.3904762	0.525463	0.1349867880344391
chr7	79820500	79821000	*	0.00007513642173575912	0.021168316774133646	12.021918296813965	0.19178082	0.312	0.12021918594837189
chr2	32265500	32266000	*	0.00007526985861200472	0.0211855785316432	11.739540100097656	0.7253012	0.8426966	0.11739540100097656
chr6	29380000	29380500	*	0.00007543857650967221	0.02121272796338474	-12.496149063110352	0.89928055	0.77431905	-0.1249614953994751
chr17	22992500	22993000	*	0.00007563767479384314	0.02125853152897766	-10.191845893859863	0.65308803	0.5511696	-0.10191845893859863
chrUn_KI270744v1	45500	46000	*	0.00007584693449207764	0.021307145837989976	-13.603279113769531	0.50246304	0.36643025	-0.13603278994560242
chr10	130361000	130361500	*	0.00007592256561238097	0.02132329109085464	-10.584199905395508	0.91812867	0.8122867	-0.1058419942855835
chr7	62194000	62194500	*	0.00007600308244554412	0.021340800474973637	-12.80512809753418	0.6972477	0.5691964	-0.1280512809753418
chr13	16378000	16378500	*	0.00007612957523997211	0.02136610008655334	-10.618650436401367	0.6221865	0.516	-0.10618650913238525
chrY	56885500	56886000	*	0.00007612139002323139	0.02136610008655334	-11.58914566040039	0.6333333	0.51744187	-0.1158914566040039
chr10	6129000	6129500	*	0.00007629489815815692	0.02139715656111799	-12.668180465698242	0.8851852	0.7585034	-0.12668180465698242
chr1	34441500	34442000	*	0.00007656708680139829	0.021463240442405433	56.52783966064453	0.113235295	0.6785137	0.5652784109115601
chr20	24478000	24478500	*	0.00007661590830540359	0.021471800299495608	12.663978576660156	0.7121662	0.838806	0.12663978338241577
chr10	116486000	116486500	*	0.00007664722678719697	0.02147545197630168	13.263761520385742	0.6396396	0.77227724	0.132637619972229
chr22_KI270736v1_random	34500	35000	*	0.00007672519178432912	0.021492168476689586	-12.945211410522461	0.65110564	0.52165353	-0.12945210933685303
chr1	171392000	171392500	*	0.00007716297633239857	0.021573629110030877	-11.971235275268555	0.8803681	0.76065576	-0.11971235275268555
chrX	2618000	2618500	*	0.00007718154217920684	0.0215736832554799	-10.141992568969727	0.9504132	0.8489933	-0.10141992568969727
chr16	6799000	6799500	*	0.0000774793158222624	0.021626029578991728	13.285934448242188	0.6823899	0.81524926	0.13285934925079346
chr11	134026000	134026500	*	0.00007773186963061703	0.021670766801687818	10.233253479003906	0.7966574	0.8989899	0.10233253240585327
chr1	113158500	113159000	*	0.00007785562843995224	0.021700117384438982	12.080878257751465	0.6635514	0.7843602	0.12080878019332886
chr15	82943500	82944000	*	0.00007790451396330928	0.021708590118065408	-11.551952362060547	0.89634144	0.7808219	-0.11551952362060547
chr4	24499000	24499500	*	0.00007826115794858271	0.021775072770957804	11.498665809631348	0.81889766	0.9338843	0.11498665809631348
chr7	36633000	36633500	*	0.00007835130730377075	0.0217814037433502	12.787067413330078	0.74554706	0.87341774	0.12787067890167236
chr8	9103500	9104000	*	0.00007833881692039816	0.0217814037433502	-10.558801651000977	0.84175825	0.73617023	-0.10558801889419556
chr7	69074000	69074500	*	0.0000786427978833289	0.02183142660919197	-10.246885299682617	0.91091955	0.8084507	-0.10246884822845459
chr1	9231500	9232000	*	0.0000790019552357775	0.02190523682438102	-14.237332344055176	0.7321937	0.5898204	-0.14237332344055176
chr15	75672500	75673000	*	0.00007935217144702918	0.02199059742933177	-13.799887657165527	0.71358025	0.5755814	-0.13799887895584106
chr9	67196500	67197000	*	0.00007936599274223215	0.02199059742933177	-12.586921691894531	0.8872727	0.7614035	-0.12586921453475952
chr4	7609500	7610000	*	0.00007948131019277616	0.022006971078601497	-10.755806922912598	0.914787	0.8072289	-0.10755807161331177
chr9	83333500	83334000	*	0.00007950348778123984	0.02200792233734633	-11.629968643188477	0.86503065	0.74873096	-0.11629968881607056
chr22	26461000	26461500	*	0.00007962318463318598	0.02203586178199286	13.030921936035156	0.5462963	0.6766055	0.13030922412872314
chr6	1077000	1077500	*	0.00008054756634893472	0.02224973516014288	12.375956535339355	0.685879	0.80963856	0.12375956773757935
chr15	99753000	99753500	*	0.00008061919757455595	0.022260857540741523	-13.786381721496582	0.74251497	0.60465115	-0.13786381483078003
chr2	224366000	224366500	*	0.00008068814745511372	0.022260857540741523	-10.41390323638916	0.8797954	0.77565634	-0.10413902997970581
chr3	7799500	7800000	*	0.0000806915188671083	0.022260857540741523	-11.159676551818848	0.8938053	0.78220856	-0.11159676313400269
chr1	152778500	152779000	*	0.00008099205995654162	0.022320012752980203	-10.954141616821289	0.93307084	0.8235294	-0.10954141616821289
chr5	779000	779500	*	0.00008105657468082694	0.02233255074414793	10.013967514038086	0.8009592	0.9010989	0.10013967752456665
chr8	83602000	83602500	*	0.0000814242577967062	0.022412819060441777	13.239198684692383	0.7583643	0.8907563	0.13239198923110962
chr1	152220000	152220500	*	0.00008192477442712084	0.022524191470204184	-10.511314392089844	0.7922297	0.68711656	-0.10511314868927002
chr19	41649500	41650000	*	0.00008200950677940214	0.022540393976774414	-14.01106071472168	0.79256964	0.652459	-0.14011061191558838
chr4	5366500	5367000	*	0.0000822182984978333	0.022583741463735377	10.809497833251953	0.06498195	0.17307693	0.10809497535228729
chr3	90552500	90553000	*	0.00008231056426627845	0.02260379760855744	10.610699653625488	0.74004686	0.84615386	0.10610699653625488
chr12	109476000	109476500	*	0.00008239074818686362	0.02261523964104958	14.583674430847168	0.4953846	0.64122134	0.145836740732193
chr11	75335000	75335500	*	0.00008248231585800982	0.022635082789155152	10.488456726074219	0.7254902	0.8303748	0.1048845648765564
chr15	47726000	47726500	*	0.00008324815350290921	0.02281325793139304	-11.510431289672852	0.8614458	0.74634147	-0.1151043176651001
chr11	11082000	11082500	*	0.0000833555879076257	0.02283736956258347	15.092891693115234	0.6272401	0.77816904	0.15092891454696655
chr2	20623000	20623500	*	0.0000836303271793381	0.022896614766368662	15.672511100769043	0.5555556	0.7122807	0.15672510862350464
chr17	39211000	39211500	*	0.00008387316243276825	0.022941703231301555	13.107508659362793	0.71428573	0.8453608	0.13107508420944214
chr2	212913500	212914000	*	0.00008398860312532693	0.022962581869322502	12.55759048461914	0.68481374	0.81038964	0.12557590007781982
chr8	43700500	43701000	*	0.00008401832449997743	0.022965360728746394	-12.7061185836792	0.743662	0.6166008	-0.12706118822097778
chr16	79347500	79348000	*	0.00008406749608670806	0.022973453530320136	57.79144287109375	0.16883117	0.7467456	0.5779144167900085
chr6	7225000	7225500	*	0.00008439460466805623	0.023036038979149784	10.60076904296875	0.6194825	0.7254902	0.10600769519805908
chr2	113138500	113139000	*	0.00008448095815132528	0.02304889427436313	-12.4097261428833	0.3883249	0.26422763	-0.12409725785255432
chr7	64126500	64127000	*	0.00008446881145646332	0.02304889427436313	-12.98338794708252	0.75124377	0.6214099	-0.1298338770866394
chr7	123211000	123211500	*	0.00008490005159675208	0.023141728130895753	-11.062324523925781	0.8527919	0.74216866	-0.11062324047088623
chr13	98104000	98104500	*	0.00008492648655656822	0.023143561441388415	12.67361068725586	0.7638889	0.890625	0.1267361044883728
chr1	10059500	10060000	*	0.00008517040892997509	0.02319618090763859	14.372831344604492	0.652568	0.7962963	0.1437283158302307
chr22	49120000	49120500	*	0.00008517883810349821	0.02319618090763859	12.286633491516113	0.7482993	0.87116563	0.12286633253097534
chr4	184500500	184501000	*	0.00008559595056371727	0.023292497871923747	12.178545951843262	0.74038464	0.8621701	0.12178546190261841
chr11	18748500	18749000	*	0.0000858192832602647	0.02333271125784485	11.536657333374023	0.71755725	0.8329238	0.11536657810211182
chr1	11842500	11843000	*	0.00008653543172601764	0.02351108815079362	10.0022554397583	0.8042328	0.90425533	0.10002255439758301
chr5	2205500	2206000	*	0.0000865641989213303	0.023513463589397057	28.082853317260742	0.028877005	0.30970556	0.2808285355567932
chr20	30364000	30364500	*	0.00008660660397223071	0.023518922916608703	12.265342712402344	0.72865856	0.851312	0.12265342473983765
chr14_GL000225v1_random	138500	139000	*	0.00008671731880188756	0.023527843193545953	-10.473698616027832	0.6676301	0.5628931	-0.10473698377609253
chr7	57405500	57406000	*	0.00008670512940732365	0.023527843193545953	-11.370521545410156	0.61896837	0.50526315	-0.11370521783828735
chr10	8379000	8379500	*	0.00008721092304523133	0.023634462052445706	-11.455345153808594	0.85597825	0.7414248	-0.11455345153808594
chr19	22743500	22744000	*	0.00008719356811963419	0.023634462052445706	-14.194610595703125	0.60471207	0.46276596	-0.14194610714912415
chr3	10006000	10006500	*	0.00008727309016603899	0.02364552533461994	12.038308143615723	0.71393645	0.83431953	0.12038308382034302
chr3	129328500	129329000	*	0.0000872920195779611	0.02364552533461994	-10.645162582397461	0.8064516	0.7	-0.10645163059234619
chr15	83947000	83947500	*	0.0000873609591855509	0.023658741976777357	-15.408807754516602	0.6540881	0.5	-0.1540880799293518
chr9	127733000	127733500	*	0.00008748166539199424	0.023680508400154995	-10.003596305847168	0.9351145	0.83507854	-0.10003596544265747
chr2	134735000	134735500	*	0.00008825153552943653	0.023850419242284256	10.261469841003418	0.79250723	0.89512193	0.10261470079421997
chr1	21314000	21314500	*	0.00008922450186031055	0.024085651748387255	12.506779670715332	0.4809322	0.606	0.125067800283432
chr2	237700000	237700500	*	0.00008924612470816096	0.024085951713986593	10.967260360717773	0.60682225	0.71649486	0.10967260599136353
chr21	46189000	46189500	*	0.0000894814863686002	0.024143922614940198	12.696277618408203	0.54252875	0.6694915	0.1269627809524536
chr3	71972500	71973000	*	0.00008950339005802908	0.024144284815704367	10.182637214660645	0.835443	0.9372694	0.10182636976242065
chr16	51166000	51166500	*	0.00008969546544610045	0.02417943477130556	15.356355667114258	0.6394052	0.79296875	0.15356355905532837
chr3	66635000	66635500	*	0.000090028157281683	0.024250538806578903	11.044132232666016	0.8035714	0.91401273	0.11044132709503174
chr7	101368500	101369000	*	0.00009033037179522198	0.02430594906588308	12.106710433959961	0.72804534	0.84911245	0.1210671067237854
chr8	55477000	55477500	*	0.00009035639698599406	0.02430738190423354	12.179022789001465	0.7890625	0.91085273	0.12179023027420044
chr13	35988500	35989000	*	0.00009056340648540144	0.024346338043208453	13.816225051879883	0.36065573	0.49881798	0.1381622552871704
chr14	63544500	63545000	*	0.00009075452496787994	0.024386550796277516	12.525341033935547	0.3522976	0.477551	0.12525340914726257
chr10	21818000	21818500	*	0.0000907971052685982	0.02439172658570995	11.303019523620605	0.76397514	0.87700534	0.11303019523620605
chr19	9188000	9188500	*	0.00009081533073031982	0.02439172658570995	-10.79532527923584	0.87603307	0.7680798	-0.10795325040817261
chr14	101062000	101062500	*	0.00009108135113928134	0.02445199022087568	50.33392333984375	0.09666081	0.6	0.5033392310142517
chr7	58173000	58173500	*	0.0000914653354038141	0.024521438771829208	-10.201376914978027	0.6615854	0.5595716	-0.10201376676559448
chr7	63304000	63304500	*	0.00009158010644251763	0.02453268021466363	-11.443352699279785	0.78959274	0.6751592	-0.11443352699279785
chr11	44037500	44038000	*	0.00009163815811570635	0.024534163308853878	15.366893768310547	0.25093633	0.40460527	0.15366894006729126
chr17	45235500	45236000	*	0.00009199351144306932	0.02459904696238489	11.32363510131836	0.13172042	0.24495678	0.11323635280132294
chr2	106534500	106535000	*	0.00009200619817688654	0.02459904696238489	12.67678165435791	0.63779527	0.7645631	0.1267678141593933
chr17	14341500	14342000	*	0.00009209853299477254	0.02461129447516256	10.79450511932373	0.18354431	0.29148936	0.10794505476951599
chr8	86507500	86508000	*	0.00009232529155708191	0.02464508120328163	14.547207832336426	0.3956044	0.5410765	0.14547207951545715
chr1	41745500	41746000	*	0.00009238530012211714	0.02465549494336296	12.895065307617188	0.7423729	0.8713235	0.12895065546035767
chr5	25745000	25745500	*	0.00009245753028847238	0.0246691648719566	-12.884902954101562	0.76781005	0.638961	-0.12884902954101562
chr2	79131500	79132000	*	0.00009252156256886067	0.024680641758061152	10.757816314697266	0.7747748	0.88235295	0.10757815837860107
chr10	3715000	3715500	*	0.00009265618684494493	0.0247053289400934	-11.492103576660156	0.8929889	0.7780679	-0.11492103338241577
chr9	83392500	83393000	*	0.00009363674190390213	0.024910215966151405	11.706024169921875	0.7765568	0.89361703	0.11706024408340454
chr3	175654000	175654500	*	0.00009417665215540975	0.0250481737727536	12.913311004638672	0.62334216	0.75247526	0.12913310527801514
chr9	98642500	98643000	*	0.0000942367415515126	0.02505847999565129	-10.239351272583008	0.9164179	0.8140244	-0.1023935079574585
chr17	38460000	38460500	*	0.00009434343685543684	0.025081171717226975	-15.23171615600586	0.7721519	0.6198347	-0.15231716632843018
chr12	115338500	115339000	*	0.00009455645833261589	0.025126426261312708	12.17678165435791	0.57174885	0.6935167	0.12176781892776489
chr15	19829500	19830000	*	0.00009475276087198592	0.025172893094121365	-11.905515670776367	0.65810275	0.5390476	-0.11905515193939209
chr17	77925000	77925500	*	0.000095207633999137	0.02527086932291108	11.824673652648926	0.5881188	0.7063655	0.11824673414230347
chr3	44032000	44032500	*	0.00009528970153657154	0.025282147813030835	12.498563766479492	0.7256637	0.85064936	0.12498563528060913
chr5	75963000	75963500	*	0.00009531471650036662	0.025282147813030835	-12.284022331237793	0.77970296	0.65686274	-0.12284022569656372
chr8	142937500	142938000	*	0.00009529932649551968	0.025282147813030835	13.585728645324707	0.4300518	0.5659091	0.13585728406906128
chr2	234251000	234251500	*	0.00009537907952037921	0.025293506585239715	14.075213432312012	0.6447368	0.78548896	0.1407521367073059
chr19	35411500	35412000	*	0.00009552913912959302	0.02531829531072442	13.738882064819336	0.5706215	0.7080103	0.13738882541656494
chr22	12561500	12562000	*	0.0000957134445668579	0.025353547933721955	-13.3585844039917	0.41136363	0.2777778	-0.1335858404636383
chr16	58420000	58420500	*	0.000096129820312187	0.02545235863362978	-13.767480850219727	0.8125	0.6748252	-0.13767480850219727
chr7	57137500	57138000	*	0.00009631481628170677	0.02548984528675331	-15.010017395019531	0.74820143	0.59810126	-0.15010017156600952
chr15	40765500	40766000	*	0.00009647417570393755	0.02551476860670142	-18.00115203857422	0.70535713	0.5253456	-0.18001151084899902
chr1	125133000	125133500	*	0.00009717550415566295	0.02566556751210537	-13.61660385131836	0.7010309	0.5648649	-0.1361660361289978
chr10	57863000	57863500	*	0.0000977520968367827	0.025783059687189306	-11.750531196594238	0.8235294	0.7060241	-0.11750531196594238
chr11	134612500	134613000	*	0.00009773098130143735	0.025783059687189306	12.557011604309082	0.6804408	0.8060109	0.1255701184272766
chr12	118137000	118137500	*	0.0000977271579842338	0.025783059687189306	11.61467456817627	0.65178573	0.7679325	0.1161467432975769
chr21	13053500	13054000	*	0.00009812146961104816	0.02586305738777333	-16.22800064086914	0.40756303	0.24528302	-0.16228000819683075
chr17	58045500	58046000	*	0.00009821878029518627	0.025882896883273075	-11.828989028930664	0.8868613	0.76857144	-0.11828988790512085
chr1	54131500	54132000	*	0.00009847458037341258	0.025944483688607297	12.572586059570312	0.7098446	0.83557045	0.1257258653640747
chr4	49256500	49257000	*	0.00009868224623748562	0.025981707870479234	-11.685782432556152	0.7161017	0.5992439	-0.11685782670974731
chr18	15264500	15265000	*	0.00009909164808901148	0.026048614394830187	-13.392358779907227	0.70689654	0.57297295	-0.13392359018325806
chr2	38177000	38177500	*	0.00009913897994082374	0.0260552238825765	12.255918502807617	0.72380954	0.84636873	0.12255918979644775
chr1	208475500	208476000	*	0.00009987276132009382	0.026209032299113314	15.44548225402832	0.5945946	0.7490494	0.15445482730865479
chr6	157586000	157586500	*	0.00009988045177340251	0.026209032299113314	-12.6939058303833	0.825	0.6980609	-0.126939058303833
chr6	28943000	28943500	*	0.00009998583624446559	0.026230823971571417	-10.972613334655762	0.7239583	0.6142322	-0.10972613096237183
chr9	96198000	96198500	*	0.0001000713060793368	0.026241521155451066	14.385825157165527	0.6958042	0.83966243	0.14385825395584106
chr13	30872500	30873000	*	0.00010039788439376634	0.026311389727163376	14.977216720581055	0.18992248	0.33969465	0.14977216720581055
chrUn_KI270538v1	67500	68000	*	0.00010076241600426959	0.02639916847218688	-10.660099983215332	0.7692308	0.6626298	-0.10660099983215332
chr15	65084000	65084500	*	0.00010087891536356196	0.02642379509189952	-14.00306224822998	0.8169014	0.67687076	-0.1400306224822998
chr11	117907500	117908000	*	0.00010130185373758011	0.026505016079809124	13.431840896606445	0.53316325	0.66748166	0.13431841135025024
chr9	89369000	89369500	*	0.00010130027481231983	0.026505016079809124	13.933218002319336	0.7003891	0.83972126	0.13933217525482178
chr10	93562500	93563000	*	0.0001015073243742713	0.02654103489313807	13.585794448852539	0.6513761	0.78723407	0.1358579397201538
chr4	6988000	6988500	*	0.00010278625065359201	0.02680778407507127	14.23438835144043	0.6435986	0.7859425	0.14234387874603271
chr5	3127000	3127500	*	0.00010280147266618232	0.02680778407507127	12.352639198303223	0.75617284	0.87969923	0.12352639436721802
chrX	97681000	97681500	*	0.00010289539945296564	0.026826320153383775	12.021470069885254	0.8106796	0.9308943	0.12021470069885254
chr15	86010500	86011000	*	0.00010298553567662734	0.026843859967273044	10.350775718688965	0.7684729	0.87198067	0.10350775718688965
chr12	1443500	1444000	*	0.00010343933886252364	0.02693538841130517	-11.362356185913086	0.84679663	0.7331731	-0.11362355947494507
chr18	72672500	72673000	*	0.00010349007284716675	0.026939491456743146	13.022602081298828	0.63037246	0.7605985	0.1302260160446167
chr1	109706000	109706500	*	0.00010366090981733546	0.026966028498069276	-11.965810775756836	0.8888889	0.7692308	-0.11965811252593994
chr1	18151500	18152000	*	0.00010425041559950332	0.027095370633254002	15.383630752563477	0.51735014	0.67118645	0.15383630990982056
chr3	23865500	23866000	*	0.00010436963146329367	0.02710852593241955	15.712865829467773	0.4901316	0.64726025	0.15712866187095642
chr9	1101000	1101500	*	0.00010445613290242696	0.0271194064801184	11.428287506103516	0.27758008	0.39186296	0.11428287625312805
chr19	39212500	39213000	*	0.00010455735199243717	0.027133106527278517	14.406925201416016	0.48909658	0.63316584	0.14406925439834595
chr2	11002000	11002500	*	0.00010489255320457777	0.02720806709540558	10.065710067749023	0.82724255	0.92789966	0.10065710544586182
chr13	18933500	18934000	*	0.00010511510970647309	0.027253755463392287	-14.55545425415039	0.7105263	0.56497175	-0.1455545425415039
chr18	49929000	49929500	*	0.00010526328754829026	0.02728614956067996	15.107065200805664	0.67420816	0.8252788	0.15107065439224243
chr1	23225000	23225500	*	0.00010530657871104162	0.02729134683382704	-12.175494194030762	0.70091325	0.5791583	-0.12175494432449341
chr10	28820000	28820500	*	0.0001056262837120173	0.02735005703618655	10.494571685791016	0.80588233	0.91082805	0.10494571924209595
chrX	155997500	155998000	*	0.00010577973282034551	0.027371683010611124	-13.743042945861816	0.72076374	0.5833333	-0.13743042945861816
chr1	44048000	44048500	*	0.00010591580498250514	0.027394819675582934	-10.384100914001465	0.28375733	0.17991632	-0.10384100675582886
chr3	102173000	102173500	*	0.00010602045488361731	0.027403778848938302	11.478006362915039	0.81526107	0.93004113	0.11478006839752197
chr15	80970500	80971000	*	0.00010621566379344314	0.027448193867685072	-11.774581909179688	0.8177458	0.7	-0.11774581670761108
chr2	172387500	172388000	*	0.00010667353374708258	0.027548328654229536	-13.923907279968262	0.75766015	0.6184211	-0.13923907279968262
chr7	101391000	101391500	*	0.00010689817995877055	0.027588633269222968	15.482961654663086	0.40863788	0.5634675	0.15482962131500244
chr4	7588500	7589000	*	0.00010725329384209395	0.027655476135360027	11.345845222473145	0.74852073	0.8619792	0.11345845460891724
chrUn_GL000216v2	145000	145500	*	0.00010730741141120538	0.02766335594048281	-12.452692031860352	0.62815887	0.50363195	-0.12452691793441772
chr2	230827000	230827500	*	0.00010746716803538921	0.027692381348014057	-10.29515266418457	0.88772845	0.7847769	-0.1029515266418457
chr22	35632500	35633000	*	0.00010782921309509467	0.027761350014994	10.649866104125977	0.8086957	0.91519433	0.10649865865707397
chr18	8469500	8470000	*	0.00010795770435369029	0.027782204251359997	12.196964263916016	0.6903553	0.81232494	0.12196964025497437
chr19	27885000	27885500	*	0.00010807457436085863	0.027806186139314886	-11.786097526550293	0.68336314	0.56550217	-0.11786097288131714
chr10	119595000	119595500	*	0.00010827465661366314	0.027835472013883283	12.688237190246582	0.3617021	0.4885845	0.1268823742866516
chr9	93546000	93546500	*	0.00010910293088576123	0.02800939864802191	12.068218231201172	0.7538941	0.8745763	0.12068217992782593
chr16	85339000	85339500	*	0.00010919492094165078	0.028026887316961957	-10.201001167297363	0.90201	0.8	-0.10201001167297363
chr6	80523500	80524000	*	0.00010980421501499398	0.028134077659846563	10.452848434448242	0.6238859	0.7284144	0.10452848672866821
chr1	182248500	182249000	*	0.00010990536532508458	0.028149180592231763	-10.483503341674805	0.86698335	0.7621483	-0.10483503341674805
chr19	54821500	54822000	*	0.00011001052905415449	0.028162359674312916	-12.898969650268555	0.74663675	0.61764705	-0.12898969650268555
chr19	28003000	28003500	*	0.0001101371608834801	0.02818248905310821	-10.359477996826172	0.9233227	0.8197279	-0.10359477996826172
chr6	27667000	27667500	*	0.0001106617252301014	0.028285898159610016	10.929104804992676	0.18683651	0.29612756	0.10929104685783386
chr1	20447000	20447500	*	0.00011082321274944688	0.028308689179190778	-10.991764068603516	0.7969095	0.6869919	-0.10991764068603516
chr11	52914500	52915000	*	0.00011095613973856993	0.028324159725463833	-10.976958274841309	0.725	0.61523044	-0.10976958274841309
chr13	111082500	111083000	*	0.00011099832668719437	0.028328459080813065	11.823760986328125	0.74303406	0.8612717	0.11823761463165283
chr3	127840500	127841000	*	0.00011241919862562407	0.02861676638624064	13.008946418762207	0.72757477	0.8576642	0.13008946180343628
chr2	101551000	101551500	*	0.00011286021811228397	0.028691711192919325	10.88920783996582	0.81733745	0.92622954	0.10889208316802979
chr14	56996500	56997000	*	0.00011361776975800531	0.028846827044431523	-13.502037048339844	0.7827476	0.64772725	-0.13502037525177002
chr22	29768000	29768500	*	0.00011512440801085327	0.02917258461415808	13.599443435668945	0.48732394	0.6233184	0.13599443435668945
chr22	39185000	39185500	*	0.0001151182550185676	0.02917258461415808	10.662430763244629	0.8044077	0.911032	0.1066243052482605
chr2	141728000	141728500	*	0.0001161769021695259	0.02938222200899917	14.954090118408203	0.31861198	0.46815288	0.14954090118408203
chr11	68067000	68067500	*	0.00011744834716429988	0.02967182901128581	13.300758361816406	0.7003257	0.8333333	0.13300758600234985
chr19	10426000	10426500	*	0.00011801250151636696	0.02980028345589163	-11.802392959594727	0.84813756	0.7301136	-0.11802393198013306
chr15	20268500	20269000	*	0.00011813030244991923	0.029812046570865516	-11.141216278076172	0.8408551	0.72944295	-0.1114121675491333
chr14	94698000	94698500	*	0.00011832230678069862	0.02984767246309121	10.810380935668945	0.6923077	0.8004115	0.10810381174087524
chr7	94526000	94526500	*	0.0001185344961909654	0.029874130963821566	11.727153778076172	0.7538941	0.87116563	0.1172715425491333
chr11	117640500	117641000	*	0.00011874361597175671	0.029896149443345434	14.333659172058105	0.6272727	0.7706093	0.14333659410476685
chr7	157451000	157451500	*	0.00011889916204160315	0.02992889436669857	-12.15781021118164	0.81408453	0.69250643	-0.12157809734344482
chr6	72476500	72477000	*	0.0001194821842482064	0.030030588765182015	11.260498046875	0.72836536	0.84097034	0.11260497570037842
chr1	224546000	224546500	*	0.00011971747748785421	0.03007041832725833	12.258749961853027	0.7178683	0.84045583	0.12258750200271606
chr7	60226000	60226500	*	0.00011970969716019347	0.03007041832725833	-12.814563751220703	0.57323235	0.44508672	-0.12814563512802124
chr11	54261000	54261500	*	0.00011974586888421364	0.030071117302018592	-12.371283531188965	0.76902175	0.6453089	-0.12371283769607544
chr13	98370500	98371000	*	0.00012000289392166628	0.03011634071610772	15.798253059387207	0.59695816	0.7549407	0.15798252820968628
chr2	96312000	96312500	*	0.00012024480585137896	0.030151275940514317	-13.574874877929688	0.82236844	0.6866197	-0.1357487440109253
chr3	115271000	115271500	*	0.000120390657327705	0.030181403179401413	14.704328536987305	0.597561	0.7446043	0.14704328775405884
chr10	116815500	116816000	*	0.00012049221579753674	0.03020041586723242	-11.020064353942871	0.78740156	0.6772009	-0.11020064353942871
chr20	38355500	38356000	*	0.00012057561017894755	0.030210146306316712	-10.149442672729492	0.92715234	0.8256579	-0.1014944314956665
chr2	91842500	91843000	*	0.00012070866198186568	0.030235305461071168	-10.350733757019043	0.8607889	0.75728154	-0.10350733995437622
chr1	58163000	58163500	*	0.00012086121099999175	0.03025264740757344	12.202289581298828	0.30273438	0.42475727	0.12202289700508118
chr17	41050000	41050500	*	0.00012088094919202983	0.03025264740757344	10.533809661865234	0.5328	0.6381381	0.10533809661865234
chr1	197869000	197869500	*	0.0001219771928074078	0.030486427170428834	13.078801155090332	0.22162162	0.35240963	0.13078801333904266
chr16	28003000	28003500	*	0.0001220746893402952	0.030486427170428834	12.980783462524414	0.6606684	0.7904762	0.12980782985687256
chr4	151802000	151802500	*	0.00012246835001482713	0.030571734641095003	12.896376609802246	0.60103625	0.73	0.12896376848220825
chr8	138423500	138424000	*	0.0001226795099326002	0.030604927974173628	10.311710357666016	0.7774799	0.880597	0.10311710834503174
chr19	14838500	14839000	*	0.00012273780680078508	0.03060646666771635	-10.382186889648438	0.8292683	0.7254464	-0.10382187366485596
chr15	79821500	79822000	*	0.0001230685982133326	0.030662908126626674	11.762738227844238	0.7744361	0.8920635	0.11762738227844238
chr14	99146500	99147000	*	0.00012366483931601402	0.030787241670703215	28.12270736694336	0.062218215	0.3434453	0.28122708201408386
chr12	130051500	130052000	*	0.00012381927400502185	0.030810716900739343	-10.087370872497559	0.918239	0.8173653	-0.10087370872497559
chr5	149431000	149431500	*	0.0001240433745050891	0.030859941707541718	11.43224811553955	0.6196581	0.7339806	0.1143224835395813
chr1	116261500	116262000	*	0.00012464895982337919	0.030984398060955116	15.778636932373047	0.6098485	0.76763487	0.15778636932373047
chr1	19752000	19752500	*	0.00012482683996400552	0.031002308680721912	10.543304443359375	0.68	0.78543305	0.10543304681777954
chr18	48664000	48664500	*	0.00012481821295846215	0.031002308680721912	-12.043607711791992	0.70615035	0.5857143	-0.12043607234954834
chr2	20093500	20094000	*	0.00012496691642466002	0.031030535281663867	11.88489818572998	0.18087855	0.29972753	0.11884897947311401
chr10	13916000	13916500	*	0.0001252021064194775	0.03108236259617818	14.652043342590332	0.61094224	0.7574627	0.1465204358100891
chr4	84418500	84419000	*	0.00012555369089546845	0.031149889280272763	-10.281986236572266	0.90429044	0.8014706	-0.10281985998153687
chr17	43746000	43746500	*	0.00012578998929485135	0.031188746040834787	14.597013473510742	0.46	0.60597014	0.14597013592720032
chr12	104382500	104383000	*	0.00012606416830342792	0.03125012838160157	10.900312423706055	0.7589744	0.8679775	0.10900312662124634
chr4	3748000	3748500	*	0.00012632587675744187	0.03129756497884839	11.915129661560059	0.55813956	0.67729086	0.1191512942314148
chr9	73565000	73565500	*	0.0001270762260967443	0.03144127161902882	12.70486068725586	0.6639118	0.79096043	0.12704861164093018
chr11	117677500	117678000	*	0.00012725488206380124	0.03147884206919636	12.452554702758789	0.78775513	0.9122807	0.12452554702758789
chr12	120090500	120091000	*	0.00012771815412966858	0.03154692137820706	10.767573356628418	0.7545692	0.8622449	0.10767573118209839
chr19	33699500	33700000	*	0.00012790334860791173	0.03157397202889096	10.120487213134766	0.7710843	0.8722892	0.10120487213134766
chr13	95133500	95134000	*	0.00012810914415234138	0.03159033754599749	12.34234619140625	0.7432432	0.8666667	0.12342345714569092
chr12	97643000	97643500	*	0.00012814068932210122	0.03159148216711987	-13.100647926330566	0.6287129	0.4977064	-0.13100647926330566
chr4	189869000	189869500	*	0.0001283451663607013	0.0316219761561864	-12.856197357177734	0.8051118	0.67654985	-0.12856197357177734
chr2	6089000	6089500	*	0.0001285295595848373	0.03164415304963178	12.247907638549805	0.70666665	0.8291457	0.12247908115386963
chr2	198359000	198359500	*	0.00012871692282264688	0.03168033459649459	13.467508316040039	0.5264624	0.66113746	0.13467508554458618
chr11	88028000	88028500	*	0.00012922963797557901	0.03179319845588256	11.362022399902344	0.7951389	0.9087591	0.11362022161483765
chr20	19380000	19380500	*	0.00012939714109901751	0.03182773944546505	-13.66303539276123	0.79635257	0.6597222	-0.1366303563117981
chr17	36684500	36685000	*	0.00012952226657610792	0.03183850904440597	11.57034683227539	0.6561086	0.7718121	0.11570346355438232
chr19	29758000	29758500	*	0.0001294999946734804	0.03183850904440597	11.205673217773438	0.81560284	0.9276596	0.11205673217773438
chr13	23467000	23467500	*	0.00012971269726500296	0.031861936935013664	13.776880264282227	0.5910448	0.7288136	0.13776880502700806
chr21	10769500	10770000	*	0.00012972610830524494	0.031861936935013664	-11.264533042907715	0.66488415	0.5522388	-0.11264532804489136
chr4	148068000	148068500	*	0.0001296839186856012	0.031861936935013664	-14.168614387512207	0.7285714	0.5868853	-0.14168614149093628
chr20	53865000	53865500	*	0.00012986072678608732	0.031888330680547326	-10.445981979370117	0.82258064	0.7181208	-0.10445982217788696
chr12	27874500	27875000	*	0.00012996773453975442	0.03189619259389933	-11.722463607788086	0.8470948	0.72987014	-0.11722463369369507
chr4	187065500	187066000	*	0.0001299742318654063	0.03189619259389933	-10.146528244018555	0.9335548	0.83208954	-0.10146528482437134
chr3	141840500	141841000	*	0.00013009401828299502	0.03191891803613731	-12.2694673538208	0.8807018	0.7580071	-0.12269467115402222
chr10	33730000	33730500	*	0.0001309905689606287	0.032091951497302304	10.93655776977539	0.7987616	0.9081272	0.10936558246612549
chr8	46221000	46221500	*	0.00013122753815262943	0.0321365978093911	-11.732065200805664	0.7444717	0.6271511	-0.11732065677642822
chr5	128973000	128973500	*	0.00013148140408389565	0.03218534304706006	12.341558456420898	0.7094017	0.8328173	0.12341558933258057
chr1_KI270710v1_random	23000	23500	*	0.00013175963218869935	0.03223804554659574	-13.7554349899292	0.6599424	0.52238804	-0.1375543475151062
chr13	54030000	54030500	*	0.00013187027352706425	0.032246922876164805	-14.712140083312988	0.5612903	0.41416892	-0.147121399641037
chr21	8039000	8039500	*	0.0001322770550987296	0.03233292884390592	-12.009164810180664	0.43933055	0.3192389	-0.12009164690971375
chr9	123340000	123340500	*	0.0001332266853806855	0.03254066750767904	11.421215057373047	0.56349206	0.6777042	0.11421215534210205
chr10	48934500	48935000	*	0.000133767617247206	0.03263542439673468	12.869906425476074	0.6941581	0.82285714	0.12869906425476074
chr2	167962500	167963000	*	0.00013448345289698168	0.03275633072638538	-12.998491287231445	0.8659004	0.7359155	-0.12998491525650024
chr1	165214000	165214500	*	0.0001345180368337653	0.032757959538851834	11.881977081298828	0.72077924	0.839599	0.11881977319717407
chr11	63083000	63083500	*	0.00013482172263647486	0.03281149976780553	-12.979907035827637	0.635468	0.50566894	-0.12979906797409058
chr18	74473000	74473500	*	0.00013527532521283506	0.032894622661787803	-13.732147216796875	0.7104558	0.5731343	-0.13732147216796875
chr9	134488000	134488500	*	0.00013587022789170658	0.033018771122446104	10.36398983001709	0.75619835	0.85983825	0.10363990068435669
chr1	228900000	228900500	*	0.0001361445264423914	0.03306490161968762	13.973217964172363	0.50714284	0.646875	0.13973218202590942
chr3	124375000	124375500	*	0.0001361771797729761	0.03306599312776166	14.084970474243164	0.65	0.7908497	0.14084970951080322
chr22	12500500	12501000	*	0.00013627492644354704	0.03307141504668642	-10.987299919128418	0.67045456	0.56058156	-0.10987299680709839
chr9	133655500	133656000	*	0.0001362840001183007	0.03307141504668642	12.890922546386719	0.6421053	0.7710145	0.12890923023223877
chr17	72382500	72383000	*	0.00013642959748841755	0.03308623426013098	10.395151138305664	0.8235294	0.92748094	0.10395151376724243
chr2	235319500	235320000	*	0.00013650871207257682	0.0330917521100165	12.818086624145508	0.7521008	0.8802817	0.1281808614730835
chr12	129397000	129397500	*	0.0001367820660922155	0.0331374944017563	-10.425162315368652	0.81880736	0.71455574	-0.10425162315368652
chr16	49017000	49017500	*	0.0001376985411739357	0.03330455480161141	-10.026348114013672	0.89972144	0.79945797	-0.10026347637176514
chr8	1455500	1456000	*	0.00013917809021712072	0.033607029788643994	47.93844985961914	0.3382353	0.8176198	0.47938451170921326
chrUn_KI270442v1	254000	254500	*	0.0001393060235772748	0.03362460469932974	-13.522327423095703	0.71144277	0.5762195	-0.13522326946258545
chr4	49098500	49099000	*	0.0001395222626868635	0.03366244773744626	-10.03294563293457	0.85714287	0.7568134	-0.1003294587135315
chr22	26572000	26572500	*	0.0001396282265792513	0.03368109327988876	11.035633087158203	0.8006757	0.911032	0.11035633087158203
chr15	90165500	90166000	*	0.00013970588596172069	0.03368598649643495	-12.048877716064453	0.342711	0.22222222	-0.12048877775669098
chr12	19410000	19410500	*	0.00014035597844002615	0.033814963178298775	-13.18996524810791	0.83512545	0.7032258	-0.1318996548652649
chr18	77948500	77949000	*	0.00014088813580757302	0.033922292511201366	14.089221000671387	0.59289616	0.7337884	0.14089220762252808
chr1	248618000	248618500	*	0.00014135032633577852	0.03400537650761663	-11.87593936920166	0.727907	0.6091476	-0.1187593936920166
chr15	92591000	92591500	*	0.00014137800049919557	0.03400537650761663	13.227266311645508	0.62463343	0.7569061	0.1322726607322693
chr14	75452000	75452500	*	0.00014163043269807573	0.03405911706720807	11.421882629394531	0.7742947	0.8885135	0.1142188310623169
chrY	10747500	10748000	*	0.00014176936516148924	0.034078569333838286	-11.726242065429688	0.8108108	0.6935484	-0.11726242303848267
chr22	39318000	39318500	*	0.00014231409482733036	0.034162299961465886	10.204484939575195	0.12533334	0.22737819	0.10204485058784485
chr2	102110000	102110500	*	0.00014265991188932423	0.034218927767807314	-10.263931274414062	0.9435484	0.84090906	-0.10263931751251221
chr21	9137000	9137500	*	0.00014288689109903132	0.03425169821838807	-14.01461410522461	0.4715909	0.33144477	-0.1401461362838745
chr7	68800500	68801000	*	0.00014289795732444076	0.03425169821838807	-11.894214630126953	0.852071	0.73312885	-0.11894214153289795
chr12	6444000	6444500	*	0.00014309954544859056	0.03428679192170404	-11.650824546813965	0.9029851	0.78647685	-0.11650824546813965
chr18	10078000	10078500	*	0.0001437632284915303	0.03442396434788078	12.666768074035645	0.6721311	0.7987988	0.12666767835617065
chr7	32039500	32040000	*	0.000144326963650189	0.034519780094904244	10.584104537963867	0.7519789	0.8578199	0.10584104061126709
chr12	5114500	5115000	*	0.0001444795262643718	0.03454616973165317	-10.318672180175781	0.86460805	0.7614213	-0.1031867265701294
chr6	151589500	151590000	*	0.0001445738025782394	0.03456167432164459	-15.836894989013672	0.804	0.6456311	-0.15836894512176514
chr16	14014000	14014500	*	0.00014530437795432982	0.034708061075650005	11.835366249084473	0.73493975	0.8532934	0.11835366487503052
chr17	17606500	17607000	*	0.00014549119864924027	0.034725024016250314	14.660512924194336	0.6771653	0.82377046	0.14660513401031494
chr11	57249000	57249500	*	0.00014565737496187835	0.03475702861369343	13.78367805480957	0.4390863	0.5769231	0.1378367841243744
chr13	24125000	24125500	*	0.0001457681212348745	0.034776388156241615	16.087892532348633	0.38175675	0.5426357	0.16087892651557922
chr20	45985500	45986000	*	0.00014602879096781496	0.034817355537925775	14.206546783447266	0.5128866	0.65495205	0.14206546545028687
chr11	133821000	133821500	*	0.00014609640215400564	0.03481933610727793	10.286408424377441	0.79464287	0.89750695	0.1028640866279602
chr3	20050500	20051000	*	0.00014709749486965795	0.03500819013592517	10.573476791381836	0.83870965	0.9444444	0.10573476552963257
chr1	122964500	122965000	*	0.00014728144142408048	0.03502357449245806	11.311006546020508	0.65645516	0.7695652	0.11311006546020508
chr20	61217000	61217500	*	0.00014722363815288585	0.03502357449245806	13.155776023864746	0.61094224	0.7425	0.13155776262283325
chr8	101053000	101053500	*	0.00014727467853163602	0.03502357449245806	12.427223205566406	0.6978852	0.82215744	0.12427222728729248
chr1	39522000	39522500	*	0.00014736197737880453	0.03503563086310594	11.633241653442383	0.7394958	0.8558282	0.11633241176605225
chr7	126953000	126953500	*	0.00014755496037614728	0.03506731282359319	-10.410064697265625	0.8598901	0.75578946	-0.10410064458847046
chr1	248577500	248578000	*	0.00014779688955306834	0.03510349513204023	-10.817954063415527	0.53367877	0.42549923	-0.10817953944206238
chr1	98046500	98047000	*	0.00014798763637119156	0.03514169179170124	-14.001262664794922	0.7387387	0.5987261	-0.14001262187957764
chr13	67059500	67060000	*	0.0001483567866508968	0.035200877668035715	13.491153717041016	0.6299694	0.76488096	0.13491153717041016
chr20	30963000	30963500	*	0.00014904147353174242	0.03531233962493964	10.752004623413086	0.731441	0.83896106	0.10752004384994507
chr14	57360500	57361000	*	0.00014975844945854455	0.03542607923938187	-14.253929138183594	0.51532036	0.37278107	-0.14253929257392883
chr6	137340500	137341000	*	0.000149861580991395	0.035439035033051444	46.850555419921875	0.064327486	0.53283304	0.4685055613517761
chr12	112973500	112974000	*	0.0001511773222925871	0.035625362255799466	11.542534828186035	0.7331461	0.8485714	0.11542534828186035
chr6	89610000	89610500	*	0.00015198047730793118	0.03575722126280438	10.448199272155762	0.5600649	0.6645469	0.10448199510574341
chr5	138725000	138725500	*	0.00015236983789319134	0.03583446847682417	14.61988639831543	0.6315789	0.7777778	0.14619886875152588
chr10	132893000	132893500	*	0.00015258058066808	0.03586931597215602	10.48480224609375	0.7929155	0.89776355	0.10484802722930908
chr18	24022000	24022500	*	0.00015260965017644459	0.03586931597215602	-14.538490295410156	0.71826625	0.57288134	-0.14538490772247314
chr18	22253000	22253500	*	0.00015309495594289802	0.03594021926741214	-12.55827522277832	0.85314685	0.7275641	-0.125582754611969
chr12	125499500	125500000	*	0.00015421833701708616	0.03617501318198354	44.42388916015625	0.43913043	0.8833693	0.44423890113830566
chr16	35728000	35728500	*	0.00015454537501896935	0.03621555437617739	-14.528327941894531	0.73883164	0.59354836	-0.1452832818031311
chr19	27738000	27738500	*	0.00015478239512550885	0.03624807059739537	-14.527839660644531	0.68813556	0.54285717	-0.14527839422225952
chr6	55874000	55874500	*	0.00015490858005582655	0.03625027860819978	60.88522720336914	0.32992327	0.93877554	0.6088522672653198
chr11	120271500	120272000	*	0.00015633223836320026	0.03653221523500395	14.268726348876953	0.6677966	0.8104839	0.14268726110458374
chr4	40957000	40957500	*	0.00015642063066012853	0.03654559827252312	10.25558090209961	0.77488154	0.87743735	0.10255581140518188
chr5	132839500	132840000	*	0.00015684409097666723	0.0366081154009301	-11.90827465057373	0.82729805	0.7082153	-0.1190827488899231
chr2	104761000	104761500	*	0.00015692372032628717	0.036612146628830784	11.738353729248047	0.7455197	0.86290324	0.11738353967666626
chr5	124669000	124669500	*	0.00015727511698745034	0.03667227250267067	13.64728832244873	0.6655405	0.8020134	0.1364728808403015
chr7	108408500	108409000	*	0.00015774297960720305	0.03675217375944346	-12.1201810836792	0.7972222	0.6760204	-0.12120181322097778
chr17	30271000	30271500	*	0.00015782081854146137	0.0367630150245704	38.10105895996094	0.54684514	0.92785573	0.38101059198379517
chr3	129322500	129323000	*	0.00015797817985086177	0.03678507664392489	10.042619705200195	0.77805483	0.87848103	0.10042619705200195
chrX	144338500	144339000	*	0.0001580196397707106	0.036787435796565245	13.860779762268066	0.75376886	0.89237666	0.13860780000686646
chr16	32097500	32098000	*	0.00015853000985823314	0.036884313912444844	-10.821210861206055	0.6998088	0.59159666	-0.10821211338043213
chr15	92074000	92074500	*	0.0001589318835948337	0.03696958280766717	11.377578735351562	0.77272725	0.88650304	0.11377578973770142
chr2	177714500	177715000	*	0.00015963540851390983	0.03707538677427348	12.627625465393066	0.6213873	0.74766356	0.12627625465393066
chrUn_GL000216v2	116500	117000	*	0.00015969194104165343	0.03708118238158787	-12.660569190979004	0.6375546	0.5109489	-0.12660568952560425
chr2_KI270715v1_random	113500	114000	*	0.00016051078139427404	0.03724186309790109	-12.854337692260742	0.6432161	0.5146727	-0.12854337692260742
chr11	66405500	66406000	*	0.0001606229673141882	0.03726053029482892	11.104130744934082	0.7026379	0.8136792	0.11104130744934082
chr16	8924000	8924500	*	0.00016095063844626418	0.03732916745025346	10.407227516174316	0.7873563	0.8914286	0.10407227277755737
chr6	14505000	14505500	*	0.00016121113551575042	0.03736744286783538	14.533239364624023	0.60714287	0.75247526	0.14533239603042603
chr18	78984500	78985000	*	0.00016175415670199135	0.03747112103779186	-11.75829792022705	0.32405064	0.20646766	-0.11758297681808472
chr9	83510000	83510500	*	0.0001621044974351289	0.03752482108325672	11.432779312133789	0.7682119	0.8825397	0.11432778835296631
chr7	57244000	57244500	*	0.00016236771850856413	0.03754659165034059	-10.639071464538574	0.81299216	0.70660144	-0.10639071464538574
chrUn_GL000218v1	24000	24500	*	0.0001630153618176889	0.03766668491485945	-11.209935188293457	0.48080438	0.36870503	-0.11209934949874878
chr10	133623500	133624000	*	0.0001653357462382354	0.038127812785981506	-10.945934295654297	0.7855422	0.67608285	-0.10945934057235718
chr13	70840000	70840500	*	0.0001661638701651397	0.03829622254217402	11.673688888549805	0.75617284	0.8729097	0.11673688888549805
chr11	117478500	117479000	*	0.00016631185143555738	0.038322806523354534	11.816740036010742	0.7146402	0.8328076	0.11816740036010742
chr13	35921000	35921500	*	0.0001668965074480301	0.038419831217978616	11.562198638916016	0.7539432	0.8695652	0.11562198400497437
chr9	135042500	135043000	*	0.00016813752307065006	0.038637344729138046	12.985414505004883	0.6222826	0.75213677	0.12985414266586304
chr7	22722500	22723000	*	0.00016962987556139942	0.03891174807911267	10.042560577392578	0.8170347	0.9174603	0.1004256010055542
chr19	9935000	9935500	*	0.000169761150489852	0.03891905291915514	-10.849942207336426	0.35738832	0.2488889	-0.1084994226694107
chr17	32520500	32521000	*	0.00016993288193537252	0.03893703339537062	10.095998764038086	0.49445984	0.5954198	0.10095998644828796
chr7	56499000	56499500	*	0.00016993905611141199	0.03893703339537062	-13.122588157653809	0.84462154	0.71339566	-0.13122588396072388
chrUn_GL000216v2	130000	130500	*	0.0001700621965214739	0.03895764626666268	-10.680371284484863	0.65688074	0.550077	-0.10680371522903442
chr2	95691500	95692000	*	0.00017025944234706024	0.03899522376664214	11.374825477600098	0.7475083	0.86125654	0.11374825239181519
chr19	27654000	27654500	*	0.0001708757430010984	0.03909824790042553	-11.410343170166016	0.7330508	0.6189474	-0.11410343647003174
chr11	65797000	65797500	*	0.00017109472951990106	0.03913310379754187	15.104162216186523	0.53333336	0.684375	0.15104162693023682
chr3	24732000	24732500	*	0.0001711763516231472	0.03913652653899797	-10.691219329833984	0.8797654	0.7728532	-0.10691219568252563
chr7	72618500	72619000	*	0.00017139379969939925	0.039155747168758206	-10.395872116088867	0.87647057	0.77251184	-0.10395872592926025
chr10	26304000	26304500	*	0.00017155927104570723	0.039184752662578155	13.292074203491211	0.5117493	0.64467007	0.1329207420349121
chr2	92343500	92344000	*	0.00017173656446516582	0.03921116755118349	-12.125709533691406	0.56570154	0.44444445	-0.12125709652900696
chr15	46297500	46298000	*	0.00017204289203017782	0.0392582087659488	-12.705320358276367	0.78834355	0.66129035	-0.12705320119857788
chrX	52509000	52509500	*	0.00017307488187298913	0.03944770276366702	12.793665885925293	0.7689243	0.89686096	0.12793666124343872
chr22	33986500	33987000	*	0.00017381194486395342	0.03959264146499636	-11.820769309997559	0.8142077	0.696	-0.11820769309997559
chr9_KI270720v1_random	12000	12500	*	0.00017404291871985834	0.03962368494546093	-10.120028495788574	0.70617694	0.60497665	-0.10120028257369995
chr18	37549000	37549500	*	0.00017453798802295056	0.039696422378433835	-10.464179992675781	0.8914286	0.7867868	-0.10464179515838623
chr5	148734000	148734500	*	0.00017441547936056912	0.039696422378433835	10.091835021972656	0.77868855	0.8796069	0.10091835260391235
chr3	20842000	20842500	*	0.00017491897451486275	0.03977536893413511	14.130842208862305	0.60126585	0.7425743	0.14130842685699463
chr3	13345500	13346000	*	0.0001749956251316652	0.03978509443869486	10.57608699798584	0.74358976	0.84935063	0.10576087236404419
chr15	40083500	40084000	*	0.00017506439043965357	0.0397853224286601	12.413322448730469	0.7227723	0.8469055	0.12413322925567627
chr10	47706500	47707000	*	0.00017530727943313145	0.03981740335253193	13.389572143554688	0.3188406	0.45273632	0.13389572501182556
chr13	95304500	95305000	*	0.0001757376616195215	0.03989200755036074	-15.554213523864746	0.52	0.36445785	-0.15554213523864746
chr5	74949000	74949500	*	0.00017607433947745883	0.03995864313878463	10.511959075927734	0.71638143	0.821501	0.10511958599090576
chr9	63753000	63753500	*	0.00017609927140646301	0.03995864313878463	-12.292223930358887	0.8606272	0.73770493	-0.12292224168777466
chr11	54578000	54578500	*	0.00017801590959467802	0.040331199299407185	-13.475126266479492	0.7314815	0.59673023	-0.13475126028060913
chr11	60701000	60701500	*	0.000178109328835798	0.040344580297080726	-12.333333969116211	0.6775	0.5541667	-0.12333333492279053
chr3	9319500	9320000	*	0.00017882257224936197	0.040482713715903465	11.709630966186523	0.67574257	0.7928389	0.11709630489349365
chr12	129339500	129340000	*	0.00017986871699034122	0.04068033125493916	-12.879955291748047	0.44356954	0.31476998	-0.12879955768585205
chr11	53585000	53585500	*	0.0001801574186465836	0.040722096266621745	-13.495892524719238	0.80669147	0.67173254	-0.1349589228630066
chr21	40676000	40676500	*	0.00018118689306309603	0.04092585131913033	10.506129264831543	0.7876923	0.8927536	0.10506129264831543
chrX	1023500	1024000	*	0.00018125640763250457	0.04092585131913033	-10.302519798278809	0.72758037	0.6245552	-0.10302519798278809
chr11	65486500	65487000	*	0.0001813123454722423	0.04092800310833224	13.99427604675293	0.62457335	0.7645161	0.13994276523590088
chr15	101013500	101014000	*	0.00018166212876989017	0.04099120061588657	-10.653739929199219	0.86	0.7534626	-0.10653740167617798
chr5	21750000	21750500	*	0.00018174672408849822	0.041002410131548844	10.431385040283203	0.7267442	0.831058	0.10431385040283203
chrY	10686500	10687000	*	0.00018203695160213195	0.041052111909816835	-11.832743644714355	0.6335404	0.51521295	-0.11832743883132935
chr11	5643000	5643500	*	0.00018217252172548625	0.041070638990724107	13.007307052612305	0.7185185	0.84859157	0.13007307052612305
chr4	49189500	49190000	*	0.0001824093312997357	0.04111240240947506	-11.541641235351562	0.9106383	0.79522187	-0.11541640758514404
chr3	67110000	67110500	*	0.00018261315708121507	0.04112676651474366	13.846203804016113	0.37535015	0.5138122	0.13846203684806824
chr3	4600500	4601000	*	0.00018387249637208085	0.04136278732660669	13.934410095214844	0.6089552	0.7482993	0.13934409618377686
chr1	156509500	156510000	*	0.00018415637660276177	0.04141078101815508	-11.541706085205078	0.81841433	0.70299727	-0.11541706323623657
chr11	119983500	119984000	*	0.00018455009006095342	0.041483426427028146	12.061840057373047	0.7473684	0.8679868	0.12061840295791626
chr16	31576000	31576500	*	0.00018469986606725004	0.04150120461699137	-13.290966033935547	0.81789136	0.6849817	-0.1329096555709839
chr16	10945000	10945500	*	0.0001848192428886601	0.041520083129128034	-10.604039192199707	0.45953757	0.35349718	-0.10604038834571838
chr1	2624500	2625000	*	0.00018600701589081543	0.0417310329510732	-10.327947616577148	0.7846791	0.68139964	-0.1032794713973999
chr21	33924500	33925000	*	0.00018609056306711033	0.04174180179676387	12.202543258666992	0.76258993	0.88461536	0.12202543020248413
chr17	12718000	12718500	*	0.00018719265605369705	0.041932940464002706	10.408199310302734	0.7574932	0.8615752	0.10408198833465576
chr7	1370500	1371000	*	0.00018723237745801692	0.04193383884972268	10.449790954589844	0.71755725	0.82205516	0.10449790954589844
chr1	209158000	209158500	*	0.0001879684817536178	0.042057120673630405	-11.1201171875	0.7628866	0.6516854	-0.11120116710662842
chr8	134456000	134456500	*	0.00018824719784676157	0.04209689164904638	11.793291091918945	0.6876877	0.8056206	0.11793291568756104
chr9	36946000	36946500	*	0.00018890248910991066	0.0422193108217026	10.33511734008789	0.7423935	0.84574467	0.1033511757850647
chr3	13095000	13095500	*	0.00018919086305654	0.042251594612218814	11.123943328857422	0.67945826	0.7906977	0.11123943328857422
chr12	3168000	3168500	*	0.00018955131147261673	0.0422958194055358	12.735003471374512	0.61904764	0.7463977	0.12735003232955933
chr11	49225500	49226000	*	0.0001899974162628847	0.04236725902507073	-39.18611526489258	0.42528737	0.033426184	-0.3918611705303192
chr1	37999500	38000000	*	0.00019014064797818548	0.042375057318953906	15.84201431274414	0.23046875	0.3888889	0.1584201455116272
chr11	71736500	71737000	*	0.0001907521520462675	0.04247103537306522	14.722627639770508	0.61685824	0.7640845	0.1472262740135193
chr15	85330500	85331000	*	0.0001915340980776885	0.04261281677539036	11.601728439331055	0.6761905	0.7922078	0.11601728200912476
chr5	126234500	126235000	*	0.0001929098537028664	0.04287016256423552	12.833532333374023	0.25753424	0.38586956	0.12833532691001892
chr1	19055500	19056000	*	0.0001933481288850219	0.04295130289978586	11.300095558166504	0.32462686	0.43762782	0.11300095915794373
chr14	76123500	76124000	*	0.0001937164728144061	0.04301685286197028	14.652482032775879	0.47368422	0.62020904	0.1465248167514801
chr9	114158000	114158500	*	0.0001945839800124038	0.043160520438497406	10.345667839050293	0.81403506	0.91749173	0.10345667600631714
chr15	88986000	88986500	*	0.0001949053475970871	0.04320731804014731	-14.161056518554688	0.68085104	0.5392405	-0.14161056280136108
chr16	86060000	86060500	*	0.000194944946606392	0.04320793943226286	13.25553035736084	0.5476773	0.6802326	0.1325553059577942
chr10	29379500	29380000	*	0.00019516748802918168	0.04324910061486523	11.061644554138184	0.7619048	0.8725212	0.11061644554138184
chr1	203996000	203996500	*	0.00019547821987581077	0.04330161545273152	-15.482309341430664	0.622449	0.4676259	-0.15482309460639954
chr1	19011500	19012000	*	0.0001962505685414508	0.043426601876652544	13.353288650512695	0.6	0.7335329	0.13353288173675537
chr7	97994500	97995000	*	0.0001963169347912991	0.043426601876652544	10.517096519470215	0.8184931	0.9236641	0.10517096519470215
chr11	11404000	11404500	*	0.0001965553197260303	0.0434582294541233	-11.529350280761719	0.6497065	0.534413	-0.11529350280761719
chr10	119202500	119203000	*	0.0001966411482196668	0.04346902135281052	-10.297131538391113	0.90625	0.8032787	-0.10297131538391113
chr12	122749500	122750000	*	0.00019671994419072329	0.04347264833180801	-10.106611251831055	0.8942598	0.7931937	-0.10106611251831055
chr20	23184500	23185000	*	0.00019676861974417847	0.04347264833180801	-10.294902801513672	0.7782258	0.67527676	-0.10294902324676514
chr5	55237000	55237500	*	0.0001973400665672783	0.04358249988473935	-13.616884231567383	0.7343283	0.5981595	-0.13616883754730225
chr10	89537000	89537500	*	0.00019776044033785982	0.04366712657958905	10.198890686035156	0.7953795	0.89736843	0.10198891162872314
chr2_KI270715v1_random	158000	158500	*	0.000199483491748268	0.0440062156778767	-11.7114839553833	0.5953757	0.47826087	-0.1171148419380188
chr11	8389500	8390000	*	0.0001995440335413949	0.04400692685904588	-12.154719352722168	0.3074627	0.1859155	-0.12154719233512878
chr11	128719500	128720000	*	0.00019993954565126934	0.04407370208323038	-12.831676483154297	0.7058824	0.5775656	-0.1283167600631714
chr7	154960000	154960500	*	0.00020082428091309292	0.04424381209314197	-11.08236312866211	0.79901963	0.688196	-0.1108236312866211
chr18	23401500	23402000	*	0.0002010080484911204	0.044275991184596894	14.375877380371094	0.22580644	0.36956522	0.14375877380371094
chr19	50310500	50311000	*	0.0002016152951226474	0.0443681359108189	15.329896926879883	0.4371069	0.5904059	0.1532989740371704
chr10	80413500	80414000	*	0.00020196664323070336	0.0444171928196896	12.880743026733398	0.5766871	0.7054945	0.1288074254989624
chr9	129359500	129360000	*	0.00020232771950866026	0.04447490513942351	10.093748092651367	0.79693484	0.8978723	0.10093748569488525
chr10	58531000	58531500	*	0.000202444594563477	0.04449044805976272	13.968724250793457	0.39053255	0.5302198	0.13968724012374878
chr1	85054500	85055000	*	0.00020289491402091872	0.044566213233890005	-12.476944923400879	0.75537634	0.6306069	-0.12476944923400879
chr17	76735000	76735500	*	0.00020433850814363666	0.04480786702067797	10.078291893005371	0.14511873	0.24590164	0.10078291594982147
chr12	107527500	107528000	*	0.00020448470101247935	0.044831552658982816	-12.356317520141602	0.8618182	0.738255	-0.12356317043304443
chr9	91736500	91737000	*	0.00020490238479687391	0.04487285799455568	-10.266083717346191	0.92248064	0.8198198	-0.10266083478927612
chr10	6400000	6400500	*	0.0002056079880083683	0.04498543409404333	11.165780067443848	0.71898735	0.83064514	0.11165779829025269
chrX	654000	654500	*	0.00020566225598687326	0.04498892499825518	-11.452442169189453	0.82779455	0.7132701	-0.11452442407608032
chr10	130705000	130705500	*	0.00020634336957457743	0.045072296544008315	12.553816795349121	0.6786787	0.80421686	0.125538170337677
chr18	44864500	44865000	*	0.00020635044957802178	0.045072296544008315	11.399591445922852	0.7251462	0.8391421	0.11399590969085693
chr7	153983500	153984000	*	0.0002063399737108765	0.045072296544008315	12.121927261352539	0.7943925	0.9156118	0.12121927738189697
chr11	53432500	53433000	*	0.0002065809036320821	0.04509323647238472	-10.78813648223877	0.76523703	0.65735567	-0.10788136720657349
chr15	84961000	84961500	*	0.00020659992286314405	0.04509323647238472	-11.53067398071289	0.35128805	0.23598132	-0.11530673503875732
chr4	145930500	145931000	*	0.0002072136276923986	0.045195837029711666	10.164088249206543	0.784153	0.88579386	0.10164088010787964
chr18	23032000	23032500	*	0.00020767067112613863	0.04527644763001064	-11.74304485321045	0.84615386	0.7287234	-0.11743044853210449
chr6	2901000	2901500	*	0.00020826612687596162	0.045389414553287474	13.229238510131836	0.64784944	0.78014183	0.13229238986968994
chr5	175830500	175831000	*	0.00020836632251954138	0.045402824484904736	10.909557342529297	0.7330097	0.84210527	0.10909557342529297
chr2	64904500	64905000	*	0.00020855862606406663	0.045419442716012386	-11.059937477111816	0.20306513	0.09246575	-0.11059937626123428
chr4	184103000	184103500	*	0.00020854812514322846	0.045419442716012386	13.16196346282959	0.74885845	0.8804781	0.1316196322441101
chr1	53545500	53546000	*	0.0002086117058594552	0.04542257824941816	12.070995330810547	0.65393794	0.7746479	0.12070995569229126
chr10	131213500	131214000	*	0.0002087888122110179	0.04545271283820643	11.095446586608887	0.75609756	0.867052	0.11095446348190308
chr5	78495500	78496000	*	0.00020970892488091244	0.04561073952821087	10.869550704956055	0.6752688	0.78396434	0.10869550704956055
chr12	36385500	36386000	*	0.00020997787619581395	0.045660777952952605	-10.054313659667969	0.82819384	0.7276507	-0.10054314136505127
chr5	82915000	82915500	*	0.00021037392832731237	0.04572150070882346	-12.317621231079102	0.8028169	0.6796407	-0.1231762170791626
chr8	45203500	45204000	*	0.000210898344100987	0.04581003842903011	-12.5563383102417	0.70719606	0.5816327	-0.125563383102417
chr6	134870500	134871000	*	0.00021175717637099693	0.04597107753948126	-12.2997465133667	0.7329975	0.61	-0.1229974627494812
chr13	16436000	16436500	*	0.00021202803844950385	0.04601286645234476	-10.215282440185547	0.75652176	0.65436894	-0.10215282440185547
chr3	126057000	126057500	*	0.0002122700114116578	0.046039852061365065	11.658125877380371	0.7788162	0.8953975	0.1165812611579895
chr7	96014000	96014500	*	0.00021256895949904494	0.04608766640388285	-12.31982135772705	0.7414248	0.6182266	-0.12319821119308472
chr10	11712500	11713000	*	0.00021450448438660542	0.04643871807279618	10.866522789001465	0.7592593	0.8679245	0.10866522789001465
chr2	11652000	11652500	*	0.0002146038509386979	0.04644310519638288	-10.636120796203613	0.8619792	0.755618	-0.10636121034622192
chr3	11718000	11718500	*	0.00021457466943745944	0.04644310519638288	-12.928679466247559	0.50591016	0.37662336	-0.12928679585456848
chr4	186482500	186483000	*	0.00021471256126295038	0.046458069423900794	10.667478561401367	0.76217765	0.86885244	0.10667479038238525
chr1	54792000	54792500	*	0.0002170002088966636	0.04690120215324469	10.309499740600586	0.7868421	0.8899371	0.10309499502182007
chr4	171334500	171335000	*	0.00021726164702584475	0.04694906645441193	-10.717344284057617	0.76953906	0.6623656	-0.10717344284057617
chr10	130931000	130931500	*	0.00021731392293283558	0.04695172263390352	-12.284845352172852	0.8953975	0.77254903	-0.12284845113754272
chr7	59010000	59010500	*	0.00021742747896870909	0.04696669906420679	-10.565507888793945	0.7477273	0.6420722	-0.10565507411956787
chr7	98772500	98773000	*	0.00021750323141179925	0.04696669906420679	17.43297576904297	0.37959182	0.5539216	0.1743297576904297
chr12	131575500	131576000	*	0.0002179039788672153	0.04701001109988214	10.731077194213867	0.75358164	0.8608924	0.10731077194213867
chr11	53472000	53472500	*	0.00021816463002963414	0.04702383803060339	-10.971006393432617	0.44693878	0.33722872	-0.10971006751060486
chr20	15851500	15852000	*	0.0002182083438467167	0.04702383803060339	14.190471649169922	0.5714286	0.7133333	0.14190471172332764
chr15	80179000	80179500	*	0.00021866071880219647	0.047078125841442914	-12.571477890014648	0.8359621	0.71024734	-0.12571477890014648
chr1	23202000	23202500	*	0.00021896430615179628	0.047134846601869104	-14.45167064666748	0.7695167	0.625	-0.1445167064666748
chr5	168046000	168046500	*	0.00021961585110653694	0.047266435133552026	13.04166316986084	0.29700273	0.42741936	0.1304166316986084
chr2	1456000	1456500	*	0.00021997207587803373	0.0473257548326105	49.91285705566406	0.3842795	0.88340807	0.4991285800933838
chr2	14361000	14361500	*	0.0002201060494236695	0.047328564252726475	10.272234916687012	0.74210525	0.8448276	0.10272234678268433
chr2	236694000	236694500	*	0.00022084783445756404	0.04743594958742825	16.118419647216797	0.44583333	0.6070175	0.1611841917037964
chr10	130480000	130480500	*	0.00022095498359400714	0.04744977740979841	12.335550308227539	0.650838	0.7741935	0.12335550785064697
chr3	13237000	13237500	*	0.00022115580878316146	0.04746736934931413	10.067635536193848	0.79858655	0.8992629	0.10067635774612427
chr19	54898500	54899000	*	0.00022150112105264274	0.04752411171296075	-13.421773910522461	0.7244318	0.5902141	-0.1342177391052246
chr17	68564000	68564500	*	0.00022275596655799978	0.047741912243338624	49.06466293334961	0.36023054	0.85087717	0.490646630525589
chr20	29061500	29062000	*	0.00022326399130908966	0.04783242618256322	-10.888031005859375	0.588694	0.47981367	-0.10888031125068665
chr11	54406500	54407000	*	0.00022428533895757187	0.048016199371675554	-10.58056354522705	0.77951	0.6737044	-0.10580563545227051
chr12	130289500	130290000	*	0.00022534561830316838	0.048190474423136384	-10.334491729736328	0.8206897	0.71734476	-0.10334491729736328
chr8	102651500	102652000	*	0.00022659313146282257	0.048421983141996555	-14.566835403442383	0.53896105	0.3932927	-0.14566835761070251
chr12	124054000	124054500	*	0.0002272183573755198	0.048529096743372704	-10.146141052246094	0.5859247	0.48446327	-0.10146141052246094
chr8	60528500	60529000	*	0.00022730141664649209	0.04853800816666239	-11.213940620422363	0.8005115	0.6883721	-0.11213940382003784
chr16	49338000	49338500	*	0.00022739268821796204	0.04854272854649174	12.824315071105957	0.7007042	0.82894737	0.12824314832687378
chr21	13249500	13250000	*	0.0002274533086917287	0.04854395989780661	-13.099932670593262	0.64961636	0.51861703	-0.13099932670593262
chr2	79438000	79438500	*	0.00022772150470348344	0.04859236755771453	12.00356674194336	0.21963824	0.3396739	0.12003566324710846
chr19	56887000	56887500	*	0.0002280914183553296	0.04865361902544825	-13.3603515625	0.7804878	0.64688426	-0.1336035132408142
chr11	50047000	50047500	*	0.00023065794740510288	0.04910296229224462	-11.089408874511719	0.7222222	0.6113281	-0.1108940839767456
chr19	48518000	48518500	*	0.0002310288314335886	0.049140490098861615	15.506208419799805	0.50545454	0.6605166	0.15506207942962646
chr8	93603000	93603500	*	0.0002315349971026995	0.049218287948555706	11.597418785095215	0.7667844	0.8827586	0.11597418785095215
chr10	39202500	39203000	*	0.00023198801690879	0.04927890462360382	-13.864755630493164	0.69158876	0.5529412	-0.13864755630493164
chr15	23969000	23969500	*	0.0002323513553457177	0.049338234688164874	-14.83563232421875	0.6975089	0.54915255	-0.14835631847381592
chr8	23822000	23822500	*	0.00023318866949974593	0.0494802422604685	-10.301076889038086	0.86787564	0.76486486	-0.10301077365875244
chr1	33667500	33668000	*	0.00023342097587797405	0.04951055368009	42.53899002075195	0.41254753	0.8379374	0.4253898859024048
chr17	79723000	79723500	*	0.0002336107863150805	0.049534007713393606	10.750669479370117	0.50825685	0.61576355	0.10750669240951538
chr20	632500	633000	*	0.0002337627991023813	0.04954834601956029	10.613262176513672	0.7011236	0.8072562	0.1061326265335083
chr1	63304000	63304500	*	0.00023393448403445134	0.049575787647234575	11.574602127075195	0.66852367	0.7842697	0.11574602127075195
chr2	128879500	128880000	*	0.0002346068982121428	0.04966357735839172	12.176656723022461	0.67823344	0.8	0.12176656723022461
chr4	48068000	48068500	*	0.00023464479457185498	0.04966357735839172	10.589194297790527	0.7657658	0.8716577	0.10589194297790527
