a_idx	b_idx	chrom	a_start	a_end	b_start	b_end	bp_inter	bp_union	jaccard_pair	q_a	q_b	meth_diff_a	meth_diff_b	direction_match	tool_a	tool_b
0	29442	chr6	108174182	108176861	108172552	108177077	2679	4525	0.5920441988950276	NaN	NaN	0.591287726579319	0.5747271180152893	true	dss	epykit_chain_merge
1	17730	chr2	63058511	63059711	63053994	63061052	1200	7058	0.1700198356474922	NaN	NaN	0.606419102778372	0.3190118968486786	true	dss	epykit_chain_merge
2	26415	chr5	2746409	2748322	2744137	2747042	633	4185	0.15125448028673835	NaN	NaN	0.581258118257254	0.3957711160182953	true	dss	epykit_chain_merge
2	26416	chr5	2746409	2748322	2747556	2750150	766	3741	0.20475808607324245	NaN	NaN	0.581258118257254	0.4840462803840637	true	dss	epykit_chain_merge
3	10103	chr14	56803752	56804953	56803751	56807716	1201	3965	0.3029003783102144	NaN	NaN	0.604533515232435	0.41265642642974854	true	dss	epykit_chain_merge
4	10260	chr14	69571988	69572323	69571605	69572833	335	1228	0.2728013029315961	NaN	NaN	0.588187926868599	0.3055938482284546	true	dss	epykit_chain_merge
5	13202	chr16	79347087	79347893	79347086	79348096	806	1010	0.7980198019801981	NaN	NaN	0.581437367474834	0.5500569343566895	true	dss	epykit_chain_merge
6	10102	chr14	56798663	56799584	56798636	56800110	921	1474	0.6248303934871099	NaN	NaN	0.534506039740461	0.5043346881866455	true	dss	epykit_chain_merge
7	2891	chr10	484578	485159	484495	485630	581	1135	0.5118942731277533	NaN	NaN	0.542826778252315	0.45175543427467346	true	dss	epykit_chain_merge
8	27970	chr5	158977536	158978928	158977416	158978928	1392	1512	0.9206349206349206	NaN	NaN	0.724397547240146	0.7175357937812805	true	dss	epykit_chain_merge
9	17544	chr2	44929731	44930241	44929730	44933862	510	4132	0.1234269119070668	NaN	NaN	0.403218425105538	0.4195669889450073	true	dss	epykit_chain_merge
10	28615	chr6	14754798	14755385	14754797	14755683	587	886	0.662528216704289	NaN	NaN	0.592775169179236	0.47000938653945923	true	dss	epykit_chain_merge
11	10265	chr14	69850163	69850585	69849372	69850585	422	1213	0.34789777411376754	NaN	NaN	0.498696686629628	0.4297652244567871	true	dss	epykit_chain_merge
12	34265	chr9	971200	971567	969156	971758	367	2602	0.14104534973097618	NaN	NaN	0.295888588368971	0.2649257779121399	true	dss	epykit_chain_merge
13	958	chr1	50417720	50418459	50415192	50422814	739	7622	0.09695617948045132	NaN	NaN	0.472397596107742	0.27734383940696716	true	dss	epykit_chain_merge
14	17544	chr2	44932582	44933093	44929730	44933862	511	4132	0.12366892545982575	NaN	NaN	0.461590327634661	0.4195669889450073	true	dss	epykit_chain_merge
15	33849	chr8	119671772	119672693	119671666	119674921	921	3255	0.28294930875576035	NaN	NaN	0.60932353900783	0.43977057933807373	true	dss	epykit_chain_merge
16	32262	chr7	155789846	155790233	155789099	155790233	387	1134	0.3412698412698413	NaN	NaN	0.547340641998632	0.36958038806915283	true	dss	epykit_chain_merge
17	21473	chr21	42668311	42668839	42667650	42669157	528	1507	0.35036496350364965	NaN	NaN	0.554077227029458	0.4589639902114868	true	dss	epykit_chain_merge
18	5938	chr11	70885839	70886404	70885613	70886330	491	791	0.6207332490518331	NaN	NaN	0.540837581606425	0.5145899057388306	true	dss	epykit_chain_merge
19	26416	chr5	2749298	2749602	2747556	2750150	304	2594	0.11719352351580571	NaN	NaN	0.572163726046439	0.4840462803840637	true	dss	epykit_chain_merge
20	3260	chr10	14007967	14008720	14007966	14010085	753	2119	0.3553563001415762	NaN	NaN	0.542085179174319	0.41348856687545776	true	dss	epykit_chain_merge
21	8447	chr12	131216991	131217474	131216626	131218455	483	1829	0.2640787315472936	NaN	NaN	0.569300633980638	0.29085999727249146	true	dss	epykit_chain_merge
22	14719	chr17	78592195	78592684	78592194	78592990	489	796	0.614321608040201	NaN	NaN	0.596106078614293	0.4718218147754669	true	dss	epykit_chain_merge
23	10104	chr14	56812512	56813463	56811021	56814804	951	3783	0.2513877874702617	NaN	NaN	0.545335882974507	0.32424628734588623	true	dss	epykit_chain_merge
24	29106	chr6	55873407	55875151	55872699	55873407	0	2452	0.0	NaN	NaN	0.597254363953692	0.2925831973552704	true	dss	epykit_chain_merge
24	29107	chr6	55873407	55875151	55874005	55875151	1146	1744	0.6571100917431193	NaN	NaN	0.597254363953692	0.6243360638618469	true	dss	epykit_chain_merge
25	25733	chr4	137529587	137530431	137529586	137530781	844	1195	0.7062761506276151	NaN	NaN	0.539426543325036	0.4926978647708893	true	dss	epykit_chain_merge
26	19983	chr20	17771263	17771909	17771262	17772237	646	975	0.6625641025641026	NaN	NaN	0.541600975080556	0.5191044211387634	true	dss	epykit_chain_merge
27	763	chr1	34441413	34441986	34441412	34442197	573	785	0.729936305732484	NaN	NaN	0.533232012145938	0.5310854911804199	true	dss	epykit_chain_merge
28	11089	chr15	28777374	28777820	28777413	28777820	407	446	0.9125560538116592	NaN	NaN	0.430362217412832	0.4048107862472534	true	dss	epykit_chain_merge
29	12461	chr16	17013527	17014070	17013182	17014192	543	1010	0.5376237623762377	NaN	NaN	0.469937255693489	0.38067641854286194	true	dss	epykit_chain_merge
30	31723	chr7	107386234	107386667	107386261	107387298	406	1064	0.3815789473684211	NaN	NaN	0.515722331073898	0.4709719717502594	true	dss	epykit_chain_merge
31	12395	chr16	12526591	12526978	12525903	12527248	387	1345	0.28773234200743497	NaN	NaN	0.505729262133826	0.34439995884895325	true	dss	epykit_chain_merge
32	18199	chr2	106281710	106282475	106281377	106282584	765	1207	0.6338028169014085	NaN	NaN	0.494472872191051	0.439553439617157	true	dss	epykit_chain_merge
33	14684	chr17	77163000	77163979	77162999	77164205	979	1206	0.8117744610281924	NaN	NaN	0.477554406266555	0.479826420545578	true	dss	epykit_chain_merge
34	17549	chr2	44952944	44953153	44951906	44955381	209	3475	0.06014388489208633	NaN	NaN	0.451600037006151	0.2551642954349518	true	dss	epykit_chain_merge
35	28434	chr6	3340327	3340942	3338533	3340942	615	2409	0.25529265255292655	NaN	NaN	0.462626269420614	0.3215571343898773	true	dss	epykit_chain_merge
36	27375	chr5	100774827	100775179	100774826	100775606	352	780	0.4512820512820513	NaN	NaN	0.615736845437429	0.5508086085319519	true	dss	epykit_chain_merge
37	22353	chr22	49404816	49405175	49404692	49405175	359	483	0.7432712215320911	NaN	NaN	0.707446675631893	0.6102803349494934	true	dss	epykit_chain_merge
38	174	chr1	6435145	6435628	6435123	6436105	483	982	0.49185336048879835	NaN	NaN	0.547360034294203	0.48081663250923157	true	dss	epykit_chain_merge
39	2788	chr1	244118054	244118592	244118053	244119176	538	1123	0.4790739091718611	NaN	NaN	0.46281097352069	0.4539877474308014	true	dss	epykit_chain_merge
40	25975	chr4	167688516	167689108	167688053	167689108	592	1055	0.5611374407582939	NaN	NaN	0.524407953700629	0.4377809464931488	true	dss	epykit_chain_merge
41	17730	chr2	63060100	63060773	63053994	63061052	673	7058	0.09535279115896855	NaN	NaN	0.4351408106778	0.3190118968486786	true	dss	epykit_chain_merge
42	34265	chr9	970434	970611	969156	971758	177	2602	0.06802459646425826	NaN	NaN	0.400694538957741	0.2649257779121399	true	dss	epykit_chain_merge
43	8465	chr12	131604606	131605247	131604317	131605760	641	1443	0.4442134442134442	NaN	NaN	0.444012964131875	0.40097105503082275	true	dss	epykit_chain_merge
44	1346	chr1	87284679	87285373	87284678	87285158	479	695	0.6892086330935252	NaN	NaN	0.426690651627321	0.45983466506004333	true	dss	epykit_chain_merge
45	32403	chr8	1453967	1454355	1453721	1454555	388	834	0.46522781774580335	NaN	NaN	0.549420460915957	0.5174852609634399	true	dss	epykit_chain_merge
46	17544	chr2	44933301	44933690	44929730	44933862	389	4132	0.0941432720232333	NaN	NaN	0.463856739155092	0.4195669889450073	true	dss	epykit_chain_merge
47	431	chr1	16796112	16796880	16795805	16797388	768	1583	0.48515476942514213	NaN	NaN	-0.54139673271601	-0.4410296380519867	true	dss	epykit_chain_merge
48	35968	chrX	667003	667466	666890	667735	463	845	0.5479289940828402	NaN	NaN	0.431120993669996	0.4468202292919159	true	dss	epykit_chain_merge
49	10101	chr14	56797351	56797588	56796297	56797996	237	1699	0.13949381989405532	NaN	NaN	0.550546171548744	0.5282402634620667	true	dss	epykit_chain_merge
50	32999	chr8	35794270	35795078	35794269	35794921	651	809	0.8046971569839307	NaN	NaN	0.39066028905191	0.44727823138237	true	dss	epykit_chain_merge
51	4893	chr10	131350596	131350979	131350148	131351289	383	1141	0.33567046450482035	NaN	NaN	0.521715641147297	0.3957754373550415	true	dss	epykit_chain_merge
52	35973	chrX	776561	777134	776227	777477	573	1250	0.4584	NaN	NaN	0.52856996329598	0.4113628566265106	true	dss	epykit_chain_merge
53	23943	chr3	137509641	137509986	137509091	137510229	345	1138	0.3031634446397188	NaN	NaN	-0.646820904736367	-0.4070394039154053	true	dss	epykit_chain_merge
54	31391	chr7	72918145	72918504	72917418	72918867	359	1449	0.24775707384403037	NaN	NaN	0.584774908666684	0.37984633445739746	true	dss	epykit_chain_merge
55	12433	chr16	14486896	14487205	14486567	14487690	309	1123	0.27515583259127335	NaN	NaN	0.534549704783044	0.3875335156917572	true	dss	epykit_chain_merge
56	9094	chr13	54572255	54572420	54571980	54572912	165	932	0.17703862660944206	NaN	NaN	0.462794403371067	0.44388362765312195	true	dss	epykit_chain_merge
57	35991	chrX	1292687	1292949	1292686	1293015	262	329	0.7963525835866262	NaN	NaN	0.446094614437418	0.4620589017868042	true	dss	epykit_chain_merge
58	26369	chr5	1428687	1429183	1428686	1429403	496	717	0.691771269177127	NaN	NaN	0.636198864215042	0.6046749353408813	true	dss	epykit_chain_merge
59	19624	chr2	236040700	236040910	236040037	236040910	210	873	0.24054982817869416	NaN	NaN	0.526092148796207	0.44620683789253235	true	dss	epykit_chain_merge
60	28634	chr6	15266045	15267071	15265908	15267692	1026	1784	0.5751121076233184	NaN	NaN	0.44053579273772	0.33558955788612366	true	dss	epykit_chain_merge
61	7643	chr12	76692363	76692719	76692248	76693732	356	1484	0.2398921832884097	NaN	NaN	0.600344876689707	0.3483274579048157	true	dss	epykit_chain_merge
62	13161	chr16	78330458	78330808	78330136	78330808	350	672	0.5208333333333334	NaN	NaN	0.420656476964705	0.3959532380104065	true	dss	epykit_chain_merge
63	10101	chr14	56796652	56797276	56796297	56797996	624	1699	0.36727486756915834	NaN	NaN	0.589903131123356	0.5282402634620667	true	dss	epykit_chain_merge
64	7639	chr12	76421292	76423338	76422277	76423367	1061	2075	0.5113253012048192	NaN	NaN	-0.403740543439737	-0.465555876493454	true	dss	epykit_chain_merge
65	2009	chr1	175044549	175044864	175043635	175044980	315	1345	0.2342007434944238	NaN	NaN	0.466307997953829	0.3966405987739563	true	dss	epykit_chain_merge
66	35061	chr9	91900444	91900682	91898485	91900654	210	2197	0.09558488848429676	NaN	NaN	0.421360161826402	0.3369039297103882	true	dss	epykit_chain_merge
67	30612	chr7	20336155	20336592	20335286	20336592	437	1306	0.3346094946401225	NaN	NaN	0.339947530508906	0.39172735810279846	true	dss	epykit_chain_merge
68	21210	chr21	31306604	31307077	31306561	31307380	473	819	0.5775335775335775	NaN	NaN	0.444760114961635	0.43008995056152344	true	dss	epykit_chain_merge
69	11593	chr15	69548893	69549398	69548677	69549398	505	721	0.7004160887656034	NaN	NaN	0.530757059081143	0.5847765207290649	true	dss	epykit_chain_merge
70	14166	chr17	43591844	43592166	43591757	43592359	322	602	0.5348837209302325	NaN	NaN	0.433571174325473	0.45406079292297363	true	dss	epykit_chain_merge
71	12500	chr16	18832807	18833156	18832155	18833121	314	1001	0.31368631368631367	NaN	NaN	-0.376764275572795	-0.4834710359573364	true	dss	epykit_chain_merge
72	12783	chr16	48879689	48879968	48879267	48880134	279	867	0.3217993079584775	NaN	NaN	0.553690909814844	0.4514331817626953	true	dss	epykit_chain_merge
73	6865	chr12	3990756	3991104	3989977	3991445	348	1468	0.23705722070844687	NaN	NaN	0.531977881376169	0.3730197250843048	true	dss	epykit_chain_merge
74	36016	chrX	2440968	2441316	2440804	2441585	348	781	0.44558258642765686	NaN	NaN	0.507618780072718	0.475041002035141	true	dss	epykit_chain_merge
75	36078	chrX	8196708	8197318	8196707	8197318	610	611	0.9983633387888707	NaN	NaN	0.573889447237878	0.5986589789390564	true	dss	epykit_chain_merge
76	29694	chr6	137362921	137363496	137362920	137363531	575	611	0.9410801963993454	NaN	NaN	0.45983870127607	0.4656810462474823	true	dss	epykit_chain_merge
77	29505	chr6	112879682	112880056	112879681	112880793	374	1112	0.3363309352517986	NaN	NaN	0.583091030649228	0.5230600237846375	true	dss	epykit_chain_merge
78	16803	chr2	1456080	1456338	1456079	1456338	258	259	0.9961389961389961	NaN	NaN	0.545722625829525	0.5625109672546387	true	dss	epykit_chain_merge
79	9453	chr13	101110585	101111216	101110584	101111216	631	632	0.9984177215189873	NaN	NaN	0.454850418272051	0.5006940960884094	true	dss	epykit_chain_merge
80	5260	chr11	27469082	27469881	27468698	27471546	799	2848	0.28054775280898875	NaN	NaN	0.433491908504469	0.3109813630580902	true	dss	epykit_chain_merge
81	16854	chr2	3040797	3041073	3040696	3041525	276	829	0.33293124246079614	NaN	NaN	0.452785115810151	0.3492851257324219	true	dss	epykit_chain_merge
82	15533	chr18	55458663	55459079	55458435	55458913	250	644	0.38819875776397517	NaN	NaN	0.4660086496986	0.5186741352081299	true	dss	epykit_chain_merge
83	15871	chr18	78396913	78397531	78396721	78397444	531	810	0.6555555555555556	NaN	NaN	0.460338039312745	0.48918864130973816	true	dss	epykit_chain_merge
84	8609	chr13	20331898	20332434	20331507	20332776	536	1269	0.4223798266351458	NaN	NaN	0.351397933162929	0.369843453168869	true	dss	epykit_chain_merge
85	5025	chr11	3576209	3576489	3575843	3576854	280	1011	0.27695351137487634	NaN	NaN	0.557823930150272	0.4305456876754761	true	dss	epykit_chain_merge
86	28164	chr5	172156681	172157068	172156635	172157068	387	433	0.8937644341801386	NaN	NaN	0.535681823654581	0.4920223653316498	true	dss	epykit_chain_merge
87	15140	chr18	21244399	21244842	21243501	21245741	443	2240	0.19776785714285713	NaN	NaN	0.559793503648832	0.4147433340549469	true	dss	epykit_chain_merge
88	21387	chr21	38744166	38744467	38743774	38744827	301	1053	0.2858499525166192	NaN	NaN	0.618822858936113	0.3110673129558563	true	dss	epykit_chain_merge
89	9536	chr13	106755348	106755798	106755347	106756649	450	1302	0.3456221198156682	NaN	NaN	0.358692093407609	0.2888554632663727	true	dss	epykit_chain_merge
90	14453	chr17	65403340	65403675	65403339	65403941	335	602	0.5564784053156147	NaN	NaN	0.604968516111529	0.53853440284729	true	dss	epykit_chain_merge
91	10101	chr14	56797658	56797922	56796297	56797996	264	1699	0.1553855208946439	NaN	NaN	0.435696740770808	0.5282402634620667	true	dss	epykit_chain_merge
92	8491	chr12	132836437	132836549	132836436	132836947	112	511	0.2191780821917808	NaN	NaN	0.566140070919772	0.4525955021381378	true	dss	epykit_chain_merge
93	18082	chr2	100045186	100045407	100044131	100045407	221	1276	0.1731974921630094	NaN	NaN	0.574069279821306	0.29913416504859924	true	dss	epykit_chain_merge
94	28169	chr5	172355106	172355355	172354366	172355568	249	1202	0.20715474209650583	NaN	NaN	0.518741425002531	0.40914615988731384	true	dss	epykit_chain_merge
95	3149	chr10	10870720	10870945	10870332	10873809	225	3477	0.06471095772217429	NaN	NaN	0.354559409457813	0.3949664533138275	true	dss	epykit_chain_merge
96	32537	chr8	7766717	7766938	7766716	7766957	221	241	0.91701244813278	NaN	NaN	0.270505542881088	0.24414463341236115	true	dss	epykit_chain_merge
97	11404	chr15	57547162	57547501	57547161	57548044	339	883	0.38391845979614947	NaN	NaN	0.426793712439587	0.4300486147403717	true	dss	epykit_chain_merge
98	15351	chr18	40939537	40939817	40939481	40940379	280	898	0.311804008908686	NaN	NaN	-0.67444387882392	-0.6436154842376709	true	dss	epykit_chain_merge
99	36323	chrX	40836476	40837134	40834815	40837250	658	2435	0.2702258726899384	NaN	NaN	0.553656198073089	0.5921169519424438	true	dss	epykit_chain_merge
100	2347	chr1	212513415	212513838	212513414	212514448	423	1034	0.4090909090909091	NaN	NaN	0.508031550781765	0.4533335864543915	true	dss	epykit_chain_merge
101	24674	chr4	6016708	6017093	6016441	6017468	385	1027	0.3748782862706913	NaN	NaN	0.402501816303102	0.3910868763923645	true	dss	epykit_chain_merge
102	34335	chr9	4622060	4622425	4621581	4622849	365	1268	0.28785488958990535	NaN	NaN	0.418840041735666	0.32590052485466003	true	dss	epykit_chain_merge
103	8111	chr12	115163618	115164186	115163507	115164186	568	679	0.8365243004418262	NaN	NaN	-0.394685611909068	-0.3962721824645996	true	dss	epykit_chain_merge
104	13296	chr16	84286788	84287131	84286600	84287131	343	531	0.6459510357815442	NaN	NaN	0.457067157106621	0.42611318826675415	true	dss	epykit_chain_merge
105	14511	chr17	68383522	68384018	68383115	68384421	496	1306	0.37978560490045943	NaN	NaN	0.452033705097207	0.31642279028892517	true	dss	epykit_chain_merge
106	25743	chr4	138672990	138673290	138672717	138673451	300	734	0.4087193460490463	NaN	NaN	0.493643024508487	0.4217015504837036	true	dss	epykit_chain_merge
107	30926	chr7	41783266	41783688	41783265	41783748	422	483	0.8737060041407867	NaN	NaN	0.538810020063756	0.5084541440010071	true	dss	epykit_chain_merge
108	15139	chr18	21240765	21241175	21240460	21241465	410	1005	0.4079601990049751	NaN	NaN	0.521500244287053	0.3210168778896332	true	dss	epykit_chain_merge
109	4503	chr10	117132453	117132678	117131089	117134161	225	3072	0.0732421875	NaN	NaN	0.414446941930365	0.3066633641719818	true	dss	epykit_chain_merge
110	23141	chr3	62377356	62377425	62376910	62377968	69	1058	0.06521739130434782	NaN	NaN	0.478147291635407	0.4006403088569641	true	dss	epykit_chain_merge
111	32404	chr8	1455727	1455940	1455336	1456122	213	786	0.27099236641221375	NaN	NaN	0.498078228287792	0.45859360694885254	true	dss	epykit_chain_merge
112	20254	chr20	36248911	36249596	36248732	36249596	685	864	0.7928240740740741	NaN	NaN	-0.559224039990168	-0.5374487042427063	true	dss	epykit_chain_merge
113	26158	chr4	182767961	182768322	182766361	182772576	361	6215	0.0580852775543041	NaN	NaN	0.418979906058532	0.24104246497154236	true	dss	epykit_chain_merge
114	25029	chr4	31997737	31998454	31997498	31999592	717	2094	0.3424068767908309	NaN	NaN	0.353647170364415	0.3105844259262085	true	dss	epykit_chain_merge
115	9067	chr13	52933235	52933583	52932686	52934872	348	2186	0.15919487648673375	NaN	NaN	0.455434530700791	0.48927316069602966	true	dss	epykit_chain_merge
116	12213	chr16	5642175	5642610	5642174	5642610	435	436	0.9977064220183486	NaN	NaN	-0.639117034971534	-0.670391321182251	true	dss	epykit_chain_merge
117	28837	chr6	27977536	27977803	27977535	27977803	267	268	0.996268656716418	NaN	NaN	0.557306053415584	0.5540369153022766	true	dss	epykit_chain_merge
118	29256	chr6	88006357	88006853	88006103	88007370	496	1267	0.3914759273875296	NaN	NaN	0.567231342932249	0.3644479215145111	true	dss	epykit_chain_merge
119	26439	chr5	3518160	3518516	3518159	3518784	356	625	0.5696	NaN	NaN	0.463465612656276	0.3875104784965515	true	dss	epykit_chain_merge
120	10011	chr14	48561422	48562167	48561048	48562167	745	1119	0.6657730116175157	NaN	NaN	0.539416793039981	0.4365697205066681	true	dss	epykit_chain_merge
121	22303	chr22	47919041	47919385	47918425	47919559	344	1134	0.30335097001763667	NaN	NaN	-0.422246096572748	-0.40496087074279785	true	dss	epykit_chain_merge
122	21998	chr22	34428726	34428920	34428725	34429655	194	930	0.2086021505376344	NaN	NaN	0.572856840340294	0.33089256286621094	true	dss	epykit_chain_merge
123	12566	chr16	23051531	23051999	23051530	23052517	468	987	0.47416413373860183	NaN	NaN	0.510750127759348	0.31395596265792847	true	dss	epykit_chain_merge
124	6685	chr11	132590543	132590831	132590542	132591058	288	516	0.5581395348837209	NaN	NaN	0.483078006930429	0.44233131408691406	true	dss	epykit_chain_merge
125	24220	chr3	172112284	172112739	172111653	172113044	455	1391	0.32710280373831774	NaN	NaN	0.496165923160037	0.4061880111694336	true	dss	epykit_chain_merge
126	33200	chr8	48683148	48683324	48682914	48683324	176	410	0.4292682926829268	NaN	NaN	0.481493461426405	0.4230636656284332	true	dss	epykit_chain_merge
127	13868	chr17	20870068	20870237	20870067	20871214	169	1147	0.14734088927637315	NaN	NaN	-0.314221674536274	-0.30416056513786316	true	dss	epykit_chain_merge
128	35629	chr9	132403401	132404121	132403138	132405089	720	1951	0.3690415171706817	NaN	NaN	0.399539919569081	0.24692575633525848	true	dss	epykit_chain_merge
129	482	chr1	18458654	18459063	18458653	18459955	409	1302	0.3141321044546851	NaN	NaN	0.421120462290453	0.27120140194892883	true	dss	epykit_chain_merge
130	12602	chr16	25889081	25889378	25888554	25889650	297	1096	0.270985401459854	NaN	NaN	0.446483876643991	0.40083253383636475	true	dss	epykit_chain_merge
131	26415	chr5	2744468	2745347	2744137	2747042	879	2905	0.3025817555938038	NaN	NaN	0.378653844021961	0.3957711160182953	true	dss	epykit_chain_merge
132	32212	chr7	154452993	154453235	154452653	154453395	242	742	0.3261455525606469	NaN	NaN	0.417552224755496	0.29644453525543213	true	dss	epykit_chain_merge
133	28420	chr6	3008962	3009311	3008630	3009311	349	681	0.5124816446402349	NaN	NaN	0.416297344283226	0.37206628918647766	true	dss	epykit_chain_merge
134	4929	chr10	132329881	132330190	132329764	132330432	309	668	0.4625748502994012	NaN	NaN	0.512018642551534	0.3596729040145874	true	dss	epykit_chain_merge
135	25650	chr4	123338705	123339135	123338552	123339945	430	1393	0.30868628858578606	NaN	NaN	-0.619388641391482	-0.5186662077903748	true	dss	epykit_chain_merge
136	31983	chr7	137304610	137305170	137303746	137305170	560	1424	0.39325842696629215	NaN	NaN	0.352014987867435	0.3600485026836395	true	dss	epykit_chain_merge
137	958	chr1	50418752	50418879	50415192	50422814	127	7622	0.016662293361322487	NaN	NaN	0.482023416724325	0.27734383940696716	true	dss	epykit_chain_merge
138	8309	chr12	125499454	125499863	125499453	125499737	283	410	0.6902439024390243	NaN	NaN	0.42442225334604	0.5094935894012451	true	dss	epykit_chain_merge
139	25915	chr4	157014880	157015201	157014879	157015406	321	527	0.6091081593927894	NaN	NaN	0.44926032524714	0.42696067690849304	true	dss	epykit_chain_merge
140	36323	chrX	40835363	40835719	40834815	40837250	356	2435	0.1462012320328542	NaN	NaN	0.729559997699095	0.5921169519424438	true	dss	epykit_chain_merge
141	24044	chr3	149186546	149186916	149186056	149187068	370	1012	0.36561264822134387	NaN	NaN	0.494380821126043	0.49205145239830017	true	dss	epykit_chain_merge
142	18432	chr2	125983231	125983917	125983033	125984288	686	1255	0.546613545816733	NaN	NaN	0.425434984425111	0.3244122266769409	true	dss	epykit_chain_merge
143	35318	chr9	114170631	114170889	114169847	114171338	258	1491	0.17303822937625754	NaN	NaN	0.497362046194663	0.33479321002960205	true	dss	epykit_chain_merge
144	33687	chr8	102108322	102108943	102107298	102109076	621	1778	0.34926884139482567	NaN	NaN	0.371870260175764	0.33980411291122437	true	dss	epykit_chain_merge
145	24002	chr3	143081875	143082044	143081874	143082476	169	602	0.2807308970099668	NaN	NaN	0.63570256560509	0.43151697516441345	true	dss	epykit_chain_merge
146	18163	chr2	105081934	105082411	105081211	105082323	389	1200	0.32416666666666666	NaN	NaN	0.366607964967237	0.27879059314727783	true	dss	epykit_chain_merge
147	2582	chr1	230636904	230638056	230637803	230638056	253	1152	0.21961805555555555	NaN	NaN	0.490764713819183	0.5091733336448669	true	dss	epykit_chain_merge
148	15822	chr18	77042655	77042959	77042249	77043800	304	1551	0.19600257898130238	NaN	NaN	0.382423986478315	0.23032449185848236	true	dss	epykit_chain_merge
149	8800	chr13	31351998	31352439	31351997	31352545	441	548	0.8047445255474452	NaN	NaN	0.542571214661084	0.5381279587745667	true	dss	epykit_chain_merge
150	3008	chr10	3822712	3823304	3822711	3823304	592	593	0.9983136593591906	NaN	NaN	0.375507809626577	0.376269668340683	true	dss	epykit_chain_merge
151	25053	chr4	37649301	37649601	37649300	37649784	300	484	0.6198347107438017	NaN	NaN	0.516361045953833	0.5410112142562866	true	dss	epykit_chain_merge
152	15813	chr18	76771385	76771895	76770365	76772345	510	1980	0.25757575757575757	NaN	NaN	-0.506881996766876	-0.3758307993412018	true	dss	epykit_chain_merge
153	21212	chr21	31346359	31346707	31346358	31346817	348	459	0.7581699346405228	NaN	NaN	0.450741089178067	0.41783902049064636	true	dss	epykit_chain_merge
154	2282	chr1	207171703	207172022	207171702	207172022	319	320	0.996875	NaN	NaN	0.501117647824571	0.513940155506134	true	dss	epykit_chain_merge
155	26007	chr4	169220810	169221594	169221008	169221594	586	784	0.7474489795918368	NaN	NaN	-0.493791201541937	-0.5378299951553345	true	dss	epykit_chain_merge
156	19287	chr2	209922065	209922402	209921737	209922402	337	665	0.5067669172932331	NaN	NaN	0.297500069093181	0.2827475368976593	true	dss	epykit_chain_merge
157	12551	chr16	21527326	21527782	21526303	21528513	456	2210	0.20633484162895926	NaN	NaN	0.411703218102497	0.20827323198318481	true	dss	epykit_chain_merge
158	4865	chr10	130461309	130461683	130460842	130461816	374	974	0.3839835728952772	NaN	NaN	0.566896798633841	0.29558616876602173	true	dss	epykit_chain_merge
159	5510	chr11	49225208	49225735	49225207	49226172	527	965	0.5461139896373057	NaN	NaN	-0.35288450974446	-0.351383239030838	true	dss	epykit_chain_merge
160	15016	chr18	10074676	10074941	10074414	10076127	265	1713	0.15469935785172212	NaN	NaN	0.400844855196247	0.30004769563674927	true	dss	epykit_chain_merge
161	23273	chr3	70488064	70488246	70488063	70488439	182	376	0.48404255319148937	NaN	NaN	0.525497701210042	0.4854932427406311	true	dss	epykit_chain_merge
162	21996	chr22	34161394	34161773	34161393	34161773	379	380	0.9973684210526316	NaN	NaN	-0.45355693762619	-0.4501549303531647	true	dss	epykit_chain_merge
163	17775	chr2	66217107	66217567	66217106	66217567	460	461	0.9978308026030369	NaN	NaN	0.422175694620898	0.4499293565750122	true	dss	epykit_chain_merge
164	10066	chr14	54650491	54651011	54650490	54651931	520	1441	0.3608605135322693	NaN	NaN	0.407422154646129	0.3812267780303955	true	dss	epykit_chain_merge
165	1315	chr1	84719340	84719974	84719339	84720007	634	668	0.9491017964071856	NaN	NaN	-0.384641356515655	-0.4015584886074066	true	dss	epykit_chain_merge
166	34457	chr9	20144407	20144748	20144060	20144780	341	720	0.4736111111111111	NaN	NaN	0.502283037061385	0.4440879821777344	true	dss	epykit_chain_merge
167	21410	chr21	39850998	39851362	39850997	39851722	364	725	0.5020689655172413	NaN	NaN	0.514693811046804	0.4898478090763092	true	dss	epykit_chain_merge
168	26495	chr5	5616472	5616739	5616643	5616739	96	267	0.3595505617977528	NaN	NaN	-0.559397215792576	-0.6566816568374634	true	dss	epykit_chain_merge
169	24759	chr4	8090619	8090962	8090618	8091179	343	561	0.6114081996434938	NaN	NaN	0.454011773293056	0.41464126110076904	true	dss	epykit_chain_merge
170	14153	chr17	42925369	42925678	42924557	42925527	158	1121	0.1409455842997324	NaN	NaN	0.474031997431388	0.3301782011985779	true	dss	epykit_chain_merge
171	5758	chr11	61603372	61603459	61603371	61603928	87	557	0.1561938958707361	NaN	NaN	-0.555351552843262	-0.3858861029148102	true	dss	epykit_chain_merge
172	19091	chr2	191093626	191093989	191093727	191094240	262	614	0.42671009771986973	NaN	NaN	-0.390092760410305	-0.3994424343109131	true	dss	epykit_chain_merge
173	14032	chr17	34130690	34131189	34130689	34131781	499	1092	0.45695970695970695	NaN	NaN	0.313937976114327	0.3312046229839325	true	dss	epykit_chain_merge
174	487	chr1	18588124	18588327	18588123	18588327	203	204	0.9950980392156863	NaN	NaN	0.439861032456667	0.4462578296661377	true	dss	epykit_chain_merge
175	21196	chr21	29824685	29824958	29824474	29824958	273	484	0.5640495867768595	NaN	NaN	0.405669575034307	0.3650159537792206	true	dss	epykit_chain_merge
176	25901	chr4	155248654	155249538	155248323	155249538	884	1215	0.7275720164609053	NaN	NaN	-0.461665717553078	-0.3909290134906769	true	dss	epykit_chain_merge
177	23480	chr3	86986043	86986941	86986042	86987924	898	1882	0.4771519659936238	NaN	NaN	0.502598352170787	0.5387434363365173	true	dss	epykit_chain_merge
179	2968	chr10	3013373	3013887	3013489	3013887	398	514	0.77431906614786	NaN	NaN	0.512913139577823	0.6049229502677917	true	dss	epykit_chain_merge
180	23652	chr3	111074765	111075218	111074147	111075555	453	1408	0.32173295454545453	NaN	NaN	0.488585848512324	0.41700461506843567	true	dss	epykit_chain_merge
181	8260	chr12	124040435	124040735	124040406	124041174	300	768	0.390625	NaN	NaN	0.316359018209219	0.27521198987960815	true	dss	epykit_chain_merge
182	13630	chr17	6567940	6568136	6567939	6568136	196	197	0.9949238578680203	NaN	NaN	0.417711170271364	0.46185794472694397	true	dss	epykit_chain_merge
183	32624	chr8	11226646	11226968	11225676	11227111	322	1435	0.22439024390243903	NaN	NaN	-0.465642675379295	-0.3418236970901489	true	dss	epykit_chain_merge
184	30914	chr7	40828784	40829037	40828783	40829221	253	438	0.5776255707762558	NaN	NaN	0.533108959694141	0.5248399376869202	true	dss	epykit_chain_merge
185	29194	chr6	75156157	75156678	75155646	75156438	281	1032	0.27228682170542634	NaN	NaN	0.397808569121991	0.4476611912250519	true	dss	epykit_chain_merge
186	16983	chr2	8162686	8162878	8162561	8162987	192	426	0.4507042253521127	NaN	NaN	0.514808830472526	0.4766417145729065	true	dss	epykit_chain_merge
187	31549	chr7	94395948	94396275	94394676	94396483	327	1807	0.1809629219701162	NaN	NaN	0.623457076746617	0.38780897855758667	true	dss	epykit_chain_merge
188	23483	chr3	86993732	86994151	86993731	86994151	419	420	0.9976190476190476	NaN	NaN	0.441201246227457	0.45413893461227417	true	dss	epykit_chain_merge
189	30195	chr6	166905087	166905406	166905068	166905873	319	805	0.39627329192546584	NaN	NaN	0.468298191189198	0.40629154443740845	true	dss	epykit_chain_merge
190	14593	chr17	73396957	73397085	73396488	73397560	128	1072	0.11940298507462686	NaN	NaN	0.472880603376478	0.32587119936943054	true	dss	epykit_chain_merge
191	12601	chr16	25819389	25819678	25819388	25819868	289	480	0.6020833333333333	NaN	NaN	0.466719165708381	0.46745380759239197	true	dss	epykit_chain_merge
192	12759	chr16	47260631	47260810	47260550	47260810	179	260	0.6884615384615385	NaN	NaN	0.28854020225433	0.28835228085517883	true	dss	epykit_chain_merge
193	2774	chr1	243508172	243508544	243507213	243508759	372	1546	0.240620957309185	NaN	NaN	0.493739870582783	0.36823225021362305	true	dss	epykit_chain_merge
194	30819	chr7	32068744	32069051	32068029	32069051	307	1022	0.30039138943248533	NaN	NaN	0.428542388810907	0.4003429710865021	true	dss	epykit_chain_merge
195	35451	chr9	124010534	124010817	124009678	124011026	283	1348	0.2099406528189911	NaN	NaN	0.432833052850542	0.3220328986644745	true	dss	epykit_chain_merge
196	2645	chr1	233885236	233885765	233884976	233886166	529	1190	0.4445378151260504	NaN	NaN	-0.413760028518287	-0.3694699704647064	true	dss	epykit_chain_merge
197	21355	chr21	37711107	37711292	37710978	37711698	185	720	0.2569444444444444	NaN	NaN	0.477731284373116	0.4298641085624695	true	dss	epykit_chain_merge
198	19480	chr2	226797001	226797299	226794464	226798454	298	3990	0.07468671679197995	NaN	NaN	0.443929756226655	0.38060200214385986	true	dss	epykit_chain_merge
199	27874	chr5	152511105	152511501	152511104	152511501	396	397	0.9974811083123426	NaN	NaN	0.431446182990998	0.4244343340396881	true	dss	epykit_chain_merge
200	15842	chr18	77825845	77826301	77825646	77826084	239	655	0.3648854961832061	NaN	NaN	0.41510897445897	0.5002008676528931	true	dss	epykit_chain_merge
201	35452	chr9	124022760	124022848	124019081	124023130	88	4049	0.021733761422573473	NaN	NaN	0.520666142730944	0.4484908878803253	true	dss	epykit_chain_merge
202	16946	chr2	6448819	6449159	6448706	6449159	340	453	0.7505518763796909	NaN	NaN	0.452249762143191	0.4157579839229584	true	dss	epykit_chain_merge
203	34611	chr9	38422798	38423463	38422457	38423900	665	1443	0.46084546084546085	NaN	NaN	0.468962498456627	0.3793105185031891	true	dss	epykit_chain_merge
204	1298	chr1	82843959	82844207	82843909	82844207	248	298	0.8322147651006712	NaN	NaN	0.435387158931474	0.42311328649520874	true	dss	epykit_chain_merge
205	27217	chr5	81167418	81167968	81167417	81168178	550	761	0.7227332457293035	NaN	NaN	0.473383021892676	0.4429175555706024	true	dss	epykit_chain_merge
206	33959	chr8	127795772	127796039	127795071	127796727	267	1656	0.161231884057971	NaN	NaN	0.413902957003764	0.32457631826400757	true	dss	epykit_chain_merge
207	7988	chr12	108804390	108804804	108804333	108805181	414	848	0.4882075471698113	NaN	NaN	0.406639507567295	0.42271947860717773	true	dss	epykit_chain_merge
208	18131	chr2	103254571	103254818	103254428	103254818	247	390	0.6333333333333333	NaN	NaN	0.473595918496099	0.4571535885334015	true	dss	epykit_chain_merge
209	22166	chr22	43263512	43263636	43263004	43264632	124	1628	0.07616707616707617	NaN	NaN	0.492504005387255	0.3252612352371216	true	dss	epykit_chain_merge
210	23874	chr3	128999763	129000076	128999577	129000840	313	1263	0.24782264449722882	NaN	NaN	0.392911497396584	0.3572694659233093	true	dss	epykit_chain_merge
211	34062	chr8	135657171	135657276	135656260	135657276	105	1016	0.10334645669291338	NaN	NaN	0.58180550168311	0.41137439012527466	true	dss	epykit_chain_merge
212	27793	chr5	146589990	146590184	146588811	146590755	194	1944	0.09979423868312758	NaN	NaN	0.234430710564759	0.2217589169740677	true	dss	epykit_chain_merge
213	2368	chr1	213661351	213661650	213661105	213661650	299	545	0.5486238532110091	NaN	NaN	0.417831180139604	0.39962083101272583	true	dss	epykit_chain_merge
214	24119	chr3	158058979	158059083	158058746	158059083	104	337	0.3086053412462908	NaN	NaN	0.548762797978773	0.46339887380599976	true	dss	epykit_chain_merge
215	35283	chr9	111401056	111401351	111401055	111402225	295	1170	0.25213675213675213	NaN	NaN	0.490957660755981	0.4997372627258301	true	dss	epykit_chain_merge
216	5022	chr11	3532491	3532993	3532231	3532993	502	762	0.6587926509186351	NaN	NaN	0.609961611107076	0.5584468245506287	true	dss	epykit_chain_merge
217	19480	chr2	226796004	226796212	226794464	226798454	208	3990	0.05213032581453634	NaN	NaN	0.49609040960058	0.38060200214385986	true	dss	epykit_chain_merge
218	4160	chr10	88500101	88500713	88500100	88500486	385	613	0.6280587275693311	NaN	NaN	-0.419581751216522	-0.6141072511672974	true	dss	epykit_chain_merge
219	24010	chr3	143752332	143752706	143752331	143753280	374	949	0.3940990516332982	NaN	NaN	-0.519512164960071	-0.4891117513179779	true	dss	epykit_chain_merge
220	31582	chr7	97887001	97887372	97886887	97887251	250	485	0.5154639175257731	NaN	NaN	0.466231774127605	0.5164017081260681	true	dss	epykit_chain_merge
221	30109	chr6	163341980	163342270	163340294	163342645	290	2351	0.12335176520629519	NaN	NaN	0.499396780015744	0.2891201674938202	true	dss	epykit_chain_merge
222	16055	chr19	7287691	7288083	7287412	7288083	392	671	0.5842026825633383	NaN	NaN	0.430014836992421	0.36816027760505676	true	dss	epykit_chain_merge
223	19075	chr2	188978412	188979307	188978411	188979769	895	1358	0.6590574374079529	NaN	NaN	0.411383848195387	0.406921923160553	true	dss	epykit_chain_merge
224	6843	chr12	3116726	3116941	3116395	3117862	215	1467	0.1465576005453306	NaN	NaN	0.480672169849499	0.29346412420272827	true	dss	epykit_chain_merge
225	490	chr1	18638904	18639282	18638315	18640484	378	2169	0.17427385892116182	NaN	NaN	-0.567164280315153	-0.2569364607334137	true	dss	epykit_chain_merge
226	33437	chr8	71965941	71966175	71965940	71966175	234	235	0.9957446808510638	NaN	NaN	-0.430308896750262	-0.43597060441970825	true	dss	epykit_chain_merge
227	6171	chr11	100221323	100221797	100220964	100222186	474	1222	0.3878887070376432	NaN	NaN	-0.527207763999627	-0.48447385430336	true	dss	epykit_chain_merge
228	19704	chr2	238763337	238763770	238763431	238763770	339	433	0.7829099307159353	NaN	NaN	-0.459550545714162	-0.4993859529495239	true	dss	epykit_chain_merge
229	9519	chr13	106467248	106467561	106466954	106469448	313	2494	0.12550120288692862	NaN	NaN	0.401694835675346	0.29142066836357117	true	dss	epykit_chain_merge
230	24481	chr3	194324073	194324161	194323797	194324469	88	672	0.13095238095238096	NaN	NaN	0.574204845700173	0.4684756398200989	true	dss	epykit_chain_merge
231	24227	chr3	172222548	172222815	172222547	172223022	267	475	0.5621052631578948	NaN	NaN	0.436840228067405	0.4350179433822632	true	dss	epykit_chain_merge
232	23870	chr3	128563524	128563827	128563523	128563827	303	304	0.9967105263157895	NaN	NaN	0.544674556963844	0.5645983815193176	true	dss	epykit_chain_merge
233	11057	chr15	26882628	26882796	26882353	26882890	168	537	0.3128491620111732	NaN	NaN	0.511112025497402	0.35237008333206177	true	dss	epykit_chain_merge
234	13974	chr17	30271110	30271426	30271109	30271426	316	317	0.9968454258675079	NaN	NaN	0.434048709238596	0.42839574813842773	true	dss	epykit_chain_merge
235	15662	chr18	63143369	63143582	63143111	63143806	213	695	0.3064748201438849	NaN	NaN	0.46452555917658	0.40478047728538513	true	dss	epykit_chain_merge
236	4134	chr10	86065723	86066263	86065722	86066263	540	541	0.9981515711645101	NaN	NaN	-0.600559948751944	-0.598759114742279	true	dss	epykit_chain_merge
237	28385	chr6	1665970	1666223	1665969	1666223	253	254	0.9960629921259843	NaN	NaN	0.433143737439606	0.4321661591529846	true	dss	epykit_chain_merge
238	4772	chr10	127402828	127403136	127402564	127403968	308	1404	0.21937321937321938	NaN	NaN	0.512061207538214	0.21383552253246307	true	dss	epykit_chain_merge
239	4894	chr10	131380211	131380485	131380115	131380635	274	520	0.5269230769230769	NaN	NaN	-0.529917442587166	-0.44360584020614624	true	dss	epykit_chain_merge
240	12527	chr16	20016206	20016571	20016349	20016571	222	365	0.6082191780821918	NaN	NaN	-0.345715644637746	-0.3985891342163086	true	dss	epykit_chain_merge
241	20786	chr20	60455396	60455664	60454988	60455766	268	778	0.3444730077120823	NaN	NaN	0.329914709823031	0.326140820980072	true	dss	epykit_chain_merge
242	17757	chr2	65278294	65278623	65278498	65278758	125	464	0.26939655172413796	NaN	NaN	0.432001525084899	0.43436333537101746	true	dss	epykit_chain_merge
243	30573	chr7	16678732	16678992	16678462	16679344	260	882	0.2947845804988662	NaN	NaN	0.586749255573201	0.45919838547706604	true	dss	epykit_chain_merge
244	35632	chr9	132434658	132434908	132434637	132435689	250	1052	0.2376425855513308	NaN	NaN	-0.473227073180482	-0.41605401039123535	true	dss	epykit_chain_merge
245	18718	chr2	150470076	150470337	150469559	150471020	261	1461	0.17864476386036962	NaN	NaN	0.506013216179096	0.36296001076698303	true	dss	epykit_chain_merge
246	754	chr1	33898975	33899177	33898807	33899230	202	423	0.47754137115839246	NaN	NaN	0.463202317837836	0.45530450344085693	true	dss	epykit_chain_merge
247	18888	chr2	169293957	169294208	169293956	169294472	251	516	0.48643410852713176	NaN	NaN	0.458013901517914	0.41362708806991577	true	dss	epykit_chain_merge
248	18254	chr2	109700398	109700824	109699677	109702693	426	3016	0.14124668435013263	NaN	NaN	0.368688627175561	0.3006743788719177	true	dss	epykit_chain_merge
249	34128	chr8	140057893	140058077	140057605	140058077	184	472	0.3898305084745763	NaN	NaN	0.433735532146097	0.39357179403305054	true	dss	epykit_chain_merge
250	23895	chr3	130200802	130201110	130200801	130201414	308	613	0.5024469820554649	NaN	NaN	0.512722699085968	0.5152697563171387	true	dss	epykit_chain_merge
251	3314	chr10	15868098	15868266	15867185	15868266	168	1081	0.15541165587419056	NaN	NaN	0.57300605438057	0.2729659080505371	true	dss	epykit_chain_merge
252	34254	chr9	735015	735488	734918	735590	473	672	0.7038690476190477	NaN	NaN	0.399988896114043	0.3915983736515045	true	dss	epykit_chain_merge
253	29058	chr6	50846956	50847165	50842292	50847902	209	5610	0.03725490196078431	NaN	NaN	-0.328487296111263	-0.25036555528640747	true	dss	epykit_chain_merge
254	9236	chr13	78383218	78383902	78382592	78383902	684	1310	0.5221374045801527	NaN	NaN	0.507651021809586	0.44345319271087646	true	dss	epykit_chain_merge
255	30625	chr7	20794665	20794811	20794409	20797054	146	2645	0.0551984877126654	NaN	NaN	0.3550109073539	0.3568441867828369	true	dss	epykit_chain_merge
256	30303	chr6	170184291	170184573	170184290	170184987	282	697	0.40459110473457677	NaN	NaN	0.496226078290394	0.38349220156669617	true	dss	epykit_chain_merge
257	24855	chr4	15148251	15148479	15148041	15148865	228	824	0.2766990291262136	NaN	NaN	0.447910848521983	0.39050471782684326	true	dss	epykit_chain_merge
258	24909	chr4	20676868	20677191	20676867	20677049	181	324	0.558641975308642	NaN	NaN	0.467199320157685	0.5238931775093079	true	dss	epykit_chain_merge
259	33334	chr8	61313889	61314099	61313888	61314210	210	322	0.6521739130434783	NaN	NaN	0.425147283703872	0.4441908895969391	true	dss	epykit_chain_merge
260	30612	chr7	20334652	20335664	20335286	20336592	378	1940	0.19484536082474227	NaN	NaN	0.477777967212533	0.39172735810279846	true	dss	epykit_chain_merge
261	15848	chr18	77924441	77924717	77924622	77924717	95	276	0.3442028985507246	NaN	NaN	0.303002014272221	0.3540174067020416	true	dss	epykit_chain_merge
262	35985	chrX	1077758	1077868	1077578	1077868	110	290	0.3793103448275862	NaN	NaN	0.395177237119132	0.42926183342933655	true	dss	epykit_chain_merge
263	12296	chr16	8380124	8380552	8380123	8380552	428	429	0.9976689976689976	NaN	NaN	-0.363389242043967	-0.3368394374847412	true	dss	epykit_chain_merge
264	31977	chr7	136137044	136137338	136136797	136137135	91	541	0.16820702402957485	NaN	NaN	0.453370247778143	0.5367620587348938	true	dss	epykit_chain_merge
265	29317	chr6	92208585	92208830	92208584	92208830	245	246	0.9959349593495935	NaN	NaN	-0.420514781671354	-0.39442896842956543	true	dss	epykit_chain_merge
266	22582	chr3	11168548	11168657	11168295	11169027	109	732	0.1489071038251366	NaN	NaN	0.480884060130636	0.41418540477752686	true	dss	epykit_chain_merge
267	20694	chr20	57088306	57088620	57087981	57088906	314	925	0.33945945945945943	NaN	NaN	-0.585505253750373	-0.36307597160339355	true	dss	epykit_chain_merge
268	20806	chr20	61092338	61092497	61092118	61092497	159	379	0.41952506596306066	NaN	NaN	0.354218183869381	0.4134579002857208	true	dss	epykit_chain_merge
269	10085	chr14	55760932	55761224	55760931	55761414	292	483	0.6045548654244306	NaN	NaN	0.305015577296412	0.30454370379447937	true	dss	epykit_chain_merge
270	24429	chr3	190545860	190546166	190545157	190546298	306	1141	0.26818580192813324	NaN	NaN	0.410232185384624	0.37638184428215027	true	dss	epykit_chain_merge
271	23478	chr3	86979027	86980406	86978253	86982855	1379	4602	0.2996523250760539	NaN	NaN	0.424033898247271	0.42064857482910156	true	dss	epykit_chain_merge
272	29212	chr6	79334847	79335555	79334519	79334914	67	1036	0.06467181467181467	NaN	NaN	-0.676067154764405	-0.5514506697654724	true	dss	epykit_chain_merge
272	29213	chr6	79334847	79335555	79335551	79336003	4	1156	0.0034602076124567475	NaN	NaN	-0.676067154764405	-0.36158958077430725	true	dss	epykit_chain_merge
273	12203	chr16	5287920	5288291	5287919	5288291	371	372	0.9973118279569892	NaN	NaN	0.480284602817192	0.48399120569229126	true	dss	epykit_chain_merge
274	24116	chr3	157631572	157631745	157631571	157632224	173	653	0.2649310872894334	NaN	NaN	0.371558384563694	0.3027906119823456	true	dss	epykit_chain_merge
275	13083	chr16	73170925	73171008	73170519	73171352	83	833	0.09963985594237695	NaN	NaN	0.495948953252324	0.4215069115161896	true	dss	epykit_chain_merge
276	30261	chr6	168280531	168280728	168280012	168281054	197	1042	0.1890595009596929	NaN	NaN	0.426576658916715	0.3152909278869629	true	dss	epykit_chain_merge
277	32709	chr8	18556111	18556305	18555768	18556380	194	612	0.31699346405228757	NaN	NaN	0.42193081872849	0.394392192363739	true	dss	epykit_chain_merge
278	3773	chr10	49278734	49279140	49278733	49279302	406	569	0.7135325131810193	NaN	NaN	-0.569348368495441	-0.5202449560165405	true	dss	epykit_chain_merge
279	2456	chr1	221788352	221788756	221788351	221788651	299	405	0.7382716049382716	NaN	NaN	-0.453394697131951	-0.47520652413368225	true	dss	epykit_chain_merge
280	24629	chr4	4058997	4059368	4059156	4059247	91	371	0.24528301886792453	NaN	NaN	0.371814170239496	0.5005531907081604	true	dss	epykit_chain_merge
281	633	chr1	25567777	25567884	25565903	25569229	107	3326	0.03217077570655442	NaN	NaN	0.520917053827999	0.2634739279747009	true	dss	epykit_chain_merge
282	1180	chr1	66351434	66352374	66351981	66352580	393	1146	0.34293193717277487	NaN	NaN	0.481833340524434	0.43557119369506836	true	dss	epykit_chain_merge
283	24247	chr3	174439465	174439761	174438624	174440269	296	1645	0.17993920972644378	NaN	NaN	-0.480497760540395	-0.4480745792388916	true	dss	epykit_chain_merge
284	33895	chr8	124143096	124143305	124143095	124143273	177	210	0.8428571428571429	NaN	NaN	0.428074782270885	0.4589254856109619	true	dss	epykit_chain_merge
285	14378	chr17	59373103	59373534	59373220	59373947	314	844	0.37203791469194314	NaN	NaN	0.466453736712704	0.34577295184135437	true	dss	epykit_chain_merge
286	9627	chr13	110371692	110371851	110371199	110372349	159	1150	0.13826086956521738	NaN	NaN	0.39227570092376	0.3088909685611725	true	dss	epykit_chain_merge
287	9328	chr13	94859373	94859507	94859261	94859700	134	439	0.3052391799544419	NaN	NaN	0.437109506471254	0.426407128572464	true	dss	epykit_chain_merge
288	29564	chr6	121048335	121048872	121048334	121049342	537	1008	0.5327380952380952	NaN	NaN	0.384101616309095	0.2418668121099472	true	dss	epykit_chain_merge
289	29932	chr6	155122705	155123394	155123326	155123795	68	1090	0.062385321100917435	NaN	NaN	0.341313651563053	0.3509886562824249	true	dss	epykit_chain_merge
290	25374	chr4	77367626	77368050	77367547	77367961	335	503	0.6660039761431411	NaN	NaN	0.446208316773896	0.47183725237846375	true	dss	epykit_chain_merge
291	32361	chr8	384904	385127	384774	385221	223	447	0.4988814317673378	NaN	NaN	-0.551864996495032	-0.481020450592041	true	dss	epykit_chain_merge
292	3123	chr10	8614892	8615249	8614396	8615654	357	1258	0.28378378378378377	NaN	NaN	0.45503306103872	0.3988107740879059	true	dss	epykit_chain_merge
293	1274	chr1	81308056	81308506	81307759	81308506	450	747	0.6024096385542169	NaN	NaN	0.422357734822271	0.4365433156490326	true	dss	epykit_chain_merge
294	22351	chr22	49370650	49370847	49370417	49371247	197	830	0.23734939759036144	NaN	NaN	0.419886856115074	0.3330027163028717	true	dss	epykit_chain_merge
295	14055	chr17	36059638	36060019	36059637	36059930	292	382	0.7643979057591623	NaN	NaN	0.46095050568963	0.5222916603088379	true	dss	epykit_chain_merge
296	19003	chr2	177711644	177712091	177711297	177712091	447	794	0.5629722921914357	NaN	NaN	0.403212806629088	0.37453627586364746	true	dss	epykit_chain_merge
297	26633	chr5	14160175	14160466	14159976	14160466	291	490	0.5938775510204082	NaN	NaN	0.432658751415759	0.3929014801979065	true	dss	epykit_chain_merge
298	28920	chr6	37542130	37542504	37542167	37542670	337	540	0.6240740740740741	NaN	NaN	0.414207908357699	0.4181216359138489	true	dss	epykit_chain_merge
299	2825	chr1	245645968	245646218	245645799	245646333	250	534	0.4681647940074906	NaN	NaN	0.407345560622718	0.3557994067668915	true	dss	epykit_chain_merge
300	10435	chr14	81412671	81412908	81412491	81412908	237	417	0.5683453237410072	NaN	NaN	0.691516957058169	0.6436784267425537	true	dss	epykit_chain_merge
301	15048	chr18	11850199	11850400	11849394	11850896	201	1502	0.13382157123834887	NaN	NaN	0.340030516647475	0.34572136402130127	true	dss	epykit_chain_merge
302	14865	chr18	463524	463701	463326	464422	177	1096	0.16149635036496351	NaN	NaN	0.352598604459794	0.33284544944763184	true	dss	epykit_chain_merge
303	29690	chr6	137340779	137340883	137339826	137343427	104	3601	0.02888086642599278	NaN	NaN	0.619595717312026	0.2158544361591339	true	dss	epykit_chain_merge
304	20092	chr20	23086490	23086602	23086109	23086648	112	539	0.2077922077922078	NaN	NaN	0.451402847538666	0.41880524158477783	true	dss	epykit_chain_merge
305	29240	chr6	83429786	83430083	83429785	83430709	297	924	0.32142857142857145	NaN	NaN	0.403614494428509	0.2760394215583801	true	dss	epykit_chain_merge
306	9783	chr14	20289646	20290110	20289643	20290248	464	605	0.7669421487603306	NaN	NaN	0.541728407690027	0.5342867374420166	true	dss	epykit_chain_merge
307	25408	chr4	81784113	81784252	81783527	81784768	139	1241	0.11200644641418211	NaN	NaN	0.440843578181653	0.4448588788509369	true	dss	epykit_chain_merge
308	23141	chr3	62377634	62377899	62376910	62377968	265	1058	0.2504725897920605	NaN	NaN	0.457262437700213	0.4006403088569641	true	dss	epykit_chain_merge
309	2463	chr1	222892179	222892633	222892178	222892633	454	455	0.9978021978021978	NaN	NaN	0.420382920608771	0.43370017409324646	true	dss	epykit_chain_merge
310	12084	chr15	100663296	100663533	100663101	100663998	237	897	0.26421404682274247	NaN	NaN	-0.563815697541299	-0.44936442375183105	true	dss	epykit_chain_merge
311	1480	chr1	98387865	98388189	98387864	98388406	324	542	0.5977859778597786	NaN	NaN	-0.369049815220108	-0.3994525074958801	true	dss	epykit_chain_merge
312	9631	chr13	110392286	110392510	110392285	110393093	224	808	0.27722772277227725	NaN	NaN	0.396933019601335	0.3380136489868164	true	dss	epykit_chain_merge
313	32703	chr8	18286829	18287055	18286828	18287862	226	1034	0.218568665377176	NaN	NaN	-0.356845376808355	-0.36472105979919434	true	dss	epykit_chain_merge
314	35493	chr9	126337865	126337964	126337600	126339111	99	1511	0.06551952349437459	NaN	NaN	0.513232404176147	0.45313578844070435	true	dss	epykit_chain_merge
315	3394	chr10	21507688	21507940	21506119	21508331	252	2212	0.11392405063291139	NaN	NaN	0.394489772909236	0.2692526876926422	true	dss	epykit_chain_merge
316	34747	chr9	73160922	73161385	73160921	73161385	463	464	0.9978448275862069	NaN	NaN	0.34164089267703	0.3544040620326996	true	dss	epykit_chain_merge
317	18860	chr2	165892710	165892813	165892709	165892813	103	104	0.9903846153846154	NaN	NaN	0.593072626202014	0.6212230920791626	true	dss	epykit_chain_merge
318	34229	chr8	143895566	143895811	143895363	143895725	159	448	0.3549107142857143	NaN	NaN	-0.381566008406464	-0.4888345003128052	true	dss	epykit_chain_merge
320	24167	chr3	168828223	168828480	168828222	168829581	257	1359	0.18910963944076528	NaN	NaN	0.456748849820465	0.3325320780277252	true	dss	epykit_chain_merge
321	23114	chr3	60330024	60330434	60330171	60330434	263	410	0.6414634146341464	NaN	NaN	0.413559124300744	0.5144788026809692	true	dss	epykit_chain_merge
322	29976	chr6	157097395	157097539	157097394	157098430	144	1036	0.138996138996139	NaN	NaN	-0.572452086886785	-0.44517698884010315	true	dss	epykit_chain_merge
323	36321	chrX	40654801	40655011	40654800	40655283	210	483	0.43478260869565216	NaN	NaN	0.452379225210956	0.4284329414367676	true	dss	epykit_chain_merge
324	14700	chr17	77717996	77718286	77717995	77718286	290	291	0.9965635738831615	NaN	NaN	-0.604886212198597	-0.6102622747421265	true	dss	epykit_chain_merge
325	749	chr1	33667763	33667916	33667637	33668553	153	916	0.16703056768558952	NaN	NaN	0.470659435781964	0.38998982310295105	true	dss	epykit_chain_merge
326	21224	chr21	31583454	31583769	31583453	31584245	315	792	0.3977272727272727	NaN	NaN	0.383036287669178	0.37381431460380554	true	dss	epykit_chain_merge
327	26565	chr5	9543252	9543457	9543251	9544190	205	939	0.21831735889243875	NaN	NaN	0.401205216474904	0.360477477312088	true	dss	epykit_chain_merge
328	25905	chr4	155674714	155674970	155674713	155674970	256	257	0.9961089494163424	NaN	NaN	0.422469806655981	0.4145241677761078	true	dss	epykit_chain_merge
329	5117	chr11	12441446	12441766	12441200	12441994	320	794	0.40302267002518893	NaN	NaN	-0.585122774291937	-0.5185152888298035	true	dss	epykit_chain_merge
330	14709	chr17	78081831	78082240	78081671	78083480	409	1809	0.22609176340519624	NaN	NaN	0.380808883314252	0.25463545322418213	true	dss	epykit_chain_merge
331	29691	chr6	137345828	137346109	137345325	137346109	281	784	0.35841836734693877	NaN	NaN	0.644711758760083	0.5847759246826172	true	dss	epykit_chain_merge
332	32661	chr8	13095648	13096114	13095555	13096586	466	1031	0.451988360814743	NaN	NaN	0.417844354533099	0.29549679160118103	true	dss	epykit_chain_merge
333	2157	chr1	197606223	197606684	197606222	197606684	461	462	0.9978354978354979	NaN	NaN	-0.394061145680299	-0.39247703552246094	true	dss	epykit_chain_merge
334	28679	chr6	16768940	16769189	16768199	16769475	249	1276	0.195141065830721	NaN	NaN	0.48534308578719	0.354975163936615	true	dss	epykit_chain_merge
335	33479	chr8	76460385	76460987	76460384	76461412	602	1028	0.585603112840467	NaN	NaN	0.410434096625944	0.418210506439209	true	dss	epykit_chain_merge
336	5956	chr11	71689278	71689368	71689277	71689368	90	91	0.989010989010989	NaN	NaN	0.437710037605743	0.4481975734233856	true	dss	epykit_chain_merge
337	6369	chr11	118471948	118472217	118472060	118472439	157	491	0.319755600814664	NaN	NaN	-0.440201719927581	-0.33434852957725525	true	dss	epykit_chain_merge
338	10020	chr14	49946842	49947051	49946284	49947051	209	767	0.27249022164276404	NaN	NaN	-0.284826545263464	-0.28011590242385864	true	dss	epykit_chain_merge
339	643	chr1	25993355	25993469	25993354	25994291	114	937	0.12166488794023479	NaN	NaN	0.459100120785772	0.41574302315711975	true	dss	epykit_chain_merge
341	2464	chr1	222970154	222970398	222970109	222971471	244	1362	0.17914831130690162	NaN	NaN	0.42429322236331	0.4029679000377655	true	dss	epykit_chain_merge
342	24925	chr4	22373538	22373768	22372908	22374203	230	1295	0.1776061776061776	NaN	NaN	0.403276851401579	0.27040940523147583	true	dss	epykit_chain_merge
343	15208	chr18	25456738	25456893	25456356	25457404	155	1048	0.14790076335877864	NaN	NaN	0.45956645904041	0.3300471007823944	true	dss	epykit_chain_merge
344	21253	chr21	32807941	32808094	32807940	32809151	153	1211	0.1263418662262593	NaN	NaN	-0.536777985978026	-0.47715774178504944	true	dss	epykit_chain_merge
345	3224	chr10	13085231	13085525	13084913	13085525	294	612	0.4803921568627451	NaN	NaN	0.380019159399735	0.3797397315502167	true	dss	epykit_chain_merge
347	26962	chr5	54664368	54664708	54663373	54664771	340	1398	0.24320457796852646	NaN	NaN	0.455709615855901	0.3529435992240906	true	dss	epykit_chain_merge
348	23043	chr3	56001257	56001590	56001478	56001912	112	655	0.17099236641221374	NaN	NaN	-0.51447507064616	-0.4871681332588196	true	dss	epykit_chain_merge
349	6060	chr11	83896215	83896586	83895999	83896586	371	587	0.6320272572402045	NaN	NaN	0.316315167793934	0.33826056122779846	true	dss	epykit_chain_merge
350	1471	chr1	97304251	97304409	97304250	97305004	158	754	0.20954907161803712	NaN	NaN	-0.350041230051272	-0.36279600858688354	true	dss	epykit_chain_merge
351	29774	chr6	144840906	144841318	144840535	144841318	412	783	0.5261813537675607	NaN	NaN	0.421196803134674	0.5284296274185181	true	dss	epykit_chain_merge
352	15009	chr18	9811082	9811186	9810509	9811456	104	947	0.10982048574445617	NaN	NaN	0.57177610273509	0.4632272720336914	true	dss	epykit_chain_merge
353	17543	chr2	44926292	44926917	44925367	44929213	625	3846	0.1625065002600104	NaN	NaN	0.506955226684323	0.25746798515319824	true	dss	epykit_chain_merge
355	16353	chr19	30791376	30791606	30791161	30791743	230	582	0.3951890034364261	NaN	NaN	0.516690732496899	0.4280570447444916	true	dss	epykit_chain_merge
356	1089	chr1	59697295	59697677	59696900	59697677	382	777	0.49163449163449163	NaN	NaN	0.485359107466814	0.3395722508430481	true	dss	epykit_chain_merge
357	23977	chr3	141070659	141070869	141069611	141072418	210	2807	0.07481296758104738	NaN	NaN	0.473680438914618	0.22142553329467773	true	dss	epykit_chain_merge
358	32930	chr8	29778076	29778395	29777785	29778395	319	610	0.5229508196721312	NaN	NaN	-0.384638440300573	-0.40091177821159363	true	dss	epykit_chain_merge
360	22194	chr22	44134104	44134322	44133377	44134594	218	1217	0.1791290057518488	NaN	NaN	0.520108693182683	0.28434064984321594	true	dss	epykit_chain_merge
362	3194	chr10	11708122	11708303	11707548	11708303	181	755	0.23973509933774834	NaN	NaN	0.417419913870469	0.41681376099586487	true	dss	epykit_chain_merge
363	27977	chr5	159206133	159206282	159205657	159206337	149	680	0.21911764705882353	NaN	NaN	-0.390477580482734	-0.3371789753437042	true	dss	epykit_chain_merge
364	17146	chr2	16561441	16561556	16561237	16561556	115	319	0.3605015673981191	NaN	NaN	0.445099303805172	0.41190555691719055	true	dss	epykit_chain_merge
365	7762	chr12	93972695	93973103	93972536	93973103	408	567	0.7195767195767195	NaN	NaN	-0.438162406712825	-0.4622207283973694	true	dss	epykit_chain_merge
366	25653	chr4	123404859	123405606	123404263	123405606	747	1343	0.556217423678332	NaN	NaN	-0.386830167017681	-0.3402235209941864	true	dss	epykit_chain_merge
367	9067	chr13	52932687	52932963	52932686	52934872	276	2186	0.1262580054894785	NaN	NaN	0.499218383937013	0.48927316069602966	true	dss	epykit_chain_merge
368	30688	chr7	25385299	25385352	25385298	25386462	53	1164	0.04553264604810996	NaN	NaN	-0.644342755888744	-0.3142251968383789	true	dss	epykit_chain_merge
369	34919	chr9	84863225	84863617	84863224	84865293	392	2069	0.18946350894151764	NaN	NaN	0.41650742069815	0.20980389416217804	true	dss	epykit_chain_merge
370	6058	chr11	83665683	83665949	83665592	83666499	266	907	0.2932745314222712	NaN	NaN	0.371039463126841	0.28681042790412903	true	dss	epykit_chain_merge
371	11974	chr15	95940593	95940764	95940527	95941485	171	958	0.17849686847599164	NaN	NaN	0.418633082301741	0.4080319404602051	true	dss	epykit_chain_merge
372	17877	chr2	74044601	74044727	74044465	74044756	126	291	0.4329896907216495	NaN	NaN	0.321906073199557	0.34168338775634766	true	dss	epykit_chain_merge
373	15350	chr18	40926639	40927069	40926638	40927131	430	493	0.8722109533468559	NaN	NaN	-0.469260042082467	-0.4375697672367096	true	dss	epykit_chain_merge
374	15361	chr18	42242935	42243176	42242934	42243176	241	242	0.9958677685950413	NaN	NaN	0.412340181977887	0.42415645718574524	true	dss	epykit_chain_merge
375	30331	chr7	604552	604626	604266	605705	74	1439	0.05142460041695622	NaN	NaN	0.450182026867177	0.38114404678344727	true	dss	epykit_chain_merge
376	23561	chr3	96299933	96300515	96299932	96301014	582	1082	0.5378927911275416	NaN	NaN	0.496284117184711	0.3776176869869232	true	dss	epykit_chain_merge
377	17749	chr2	64931808	64932047	64931825	64932047	222	239	0.9288702928870293	NaN	NaN	-0.462569627269082	-0.5370170474052429	true	dss	epykit_chain_merge
378	24144	chr3	161819606	161819660	161819605	161819660	54	55	0.9818181818181818	NaN	NaN	0.548265801186434	0.5351367592811584	true	dss	epykit_chain_merge
379	2715	chr1	239310645	239311251	239310644	239311516	606	872	0.694954128440367	NaN	NaN	0.326726437583856	0.3484664857387543	true	dss	epykit_chain_merge
380	31541	chr7	93923360	93923519	93922249	93925610	159	3361	0.04730734900327284	NaN	NaN	0.560271429285652	0.2871892750263214	true	dss	epykit_chain_merge
381	34949	chr9	86676056	86676290	86675887	86676722	234	835	0.28023952095808385	NaN	NaN	-0.32878160545126	-0.35812246799468994	true	dss	epykit_chain_merge
382	33428	chr8	71227489	71228183	71227557	71228242	626	753	0.8313413014608234	NaN	NaN	0.286886572411794	0.35000181198120117	true	dss	epykit_chain_merge
383	2516	chr1	227429819	227430017	227429757	227430042	198	285	0.6947368421052632	NaN	NaN	0.461765941681895	0.43022775650024414	true	dss	epykit_chain_merge
384	10012	chr14	48565261	48565975	48565260	48566159	714	899	0.7942157953281423	NaN	NaN	0.360682299596209	0.3648865520954132	true	dss	epykit_chain_merge
385	9024	chr13	50128660	50128779	50126694	50129823	119	3129	0.03803131991051454	NaN	NaN	0.330181118604473	0.23860803246498108	true	dss	epykit_chain_merge
386	7921	chr12	105736108	105736292	105736107	105736535	184	428	0.42990654205607476	NaN	NaN	0.398093182509739	0.3807975649833679	true	dss	epykit_chain_merge
387	27419	chr5	107651439	107651638	107651079	107652001	199	922	0.2158351409978308	NaN	NaN	0.37903297372767	0.37067365646362305	true	dss	epykit_chain_merge
388	14726	chr17	78824799	78824977	78823313	78824977	178	1664	0.10697115384615384	NaN	NaN	0.356484078648238	0.22791102528572083	true	dss	epykit_chain_merge
389	18582	chr2	136114498	136114633	136114497	136115840	135	1343	0.10052122114668652	NaN	NaN	0.383776337485527	0.2531731426715851	true	dss	epykit_chain_merge
390	14514	chr17	68564004	68564157	68564003	68564157	153	154	0.9935064935064936	NaN	NaN	0.492219600641326	0.455777108669281	true	dss	epykit_chain_merge
391	34993	chr9	88993690	88993975	88992410	88994774	285	2364	0.12055837563451777	NaN	NaN	0.455081302736814	0.35999974608421326	true	dss	epykit_chain_merge
392	29718	chr6	138560179	138560444	138560178	138560444	265	266	0.9962406015037594	NaN	NaN	0.37400799374776	0.39301395416259766	true	dss	epykit_chain_merge
393	19523	chr2	231334476	231334742	231334209	231334877	266	668	0.39820359281437123	NaN	NaN	0.464044682646102	0.3545207977294922	true	dss	epykit_chain_merge
394	27249	chr5	84113164	84113908	84113163	84114377	744	1214	0.6128500823723229	NaN	NaN	-0.381190557417519	-0.3876534104347229	true	dss	epykit_chain_merge
395	9287	chr13	87186956	87187340	87186633	87188068	384	1435	0.267595818815331	NaN	NaN	0.40674135829982	0.32447537779808044	true	dss	epykit_chain_merge
396	34529	chr9	31446184	31446362	31446183	31446362	178	179	0.994413407821229	NaN	NaN	0.446188587073409	0.4475417137145996	true	dss	epykit_chain_merge
397	14075	chr17	37109961	37110193	37109725	37111788	232	2063	0.11245758603974794	NaN	NaN	-0.594641208777625	-0.33094486594200134	true	dss	epykit_chain_merge
398	27609	chr5	130635824	130636185	130635823	130636185	361	362	0.9972375690607734	NaN	NaN	0.465752381264832	0.4911719262599945	true	dss	epykit_chain_merge
399	24289	chr3	179464866	179465042	179464544	179465011	145	498	0.29116465863453816	NaN	NaN	0.348119592118224	0.29606449604034424	true	dss	epykit_chain_merge
400	29271	chr6	89268907	89269148	89268906	89269496	241	590	0.40847457627118644	NaN	NaN	0.438008581524109	0.31762340664863586	true	dss	epykit_chain_merge
401	34613	chr9	38533597	38533774	38533342	38533840	177	498	0.35542168674698793	NaN	NaN	0.537342087607188	0.5029979348182678	true	dss	epykit_chain_merge
402	6517	chr11	125980567	125980731	125980431	125981112	164	681	0.24082232011747431	NaN	NaN	0.478052055971224	0.31163689494132996	true	dss	epykit_chain_merge
403	7660	chr12	78951804	78951962	78951803	78952010	158	207	0.7632850241545893	NaN	NaN	-0.425290508415329	-0.37923040986061096	true	dss	epykit_chain_merge
404	17277	chr2	26339714	26339977	26339713	26339977	263	264	0.9962121212121212	NaN	NaN	-0.449900685605357	-0.4349708557128906	true	dss	epykit_chain_merge
405	5303	chr11	31821090	31821567	31819419	31821886	477	2467	0.19335224969598702	NaN	NaN	0.410496665816839	0.3798503875732422	true	dss	epykit_chain_merge
406	24800	chr4	10102627	10102786	10102110	10102786	159	676	0.23520710059171598	NaN	NaN	0.430167120077	0.32176971435546875	true	dss	epykit_chain_merge
408	32154	chr7	151731042	151731257	151730937	151731257	215	320	0.671875	NaN	NaN	-0.606271481416958	-0.5651441812515259	true	dss	epykit_chain_merge
409	27383	chr5	102713799	102714012	102713798	102714456	213	658	0.32370820668693007	NaN	NaN	0.482094344824819	0.4714736044406891	true	dss	epykit_chain_merge
410	26961	chr5	54646372	54646479	54646371	54647058	107	687	0.15574963609898107	NaN	NaN	0.392813319587112	0.2896999716758728	true	dss	epykit_chain_merge
411	34343	chr9	5935227	5935514	5935226	5935732	287	506	0.567193675889328	NaN	NaN	0.401304016225736	0.3868570029735565	true	dss	epykit_chain_merge
412	5102	chr11	11733426	11733584	11733438	11733584	146	158	0.9240506329113924	NaN	NaN	0.453723216896024	0.5558477640151978	true	dss	epykit_chain_merge
413	2758	chr1	242634921	242635194	242634441	242635941	273	1500	0.182	NaN	NaN	0.382306870455316	0.29307031631469727	true	dss	epykit_chain_merge
414	19027	chr2	180987052	180987632	180986546	180987632	580	1086	0.5340699815837937	NaN	NaN	0.387562111011257	0.3497686982154846	true	dss	epykit_chain_merge
415	34263	chr9	963256	963410	963286	964756	124	1500	0.08266666666666667	NaN	NaN	-0.413346495150786	-0.4360279142856598	true	dss	epykit_chain_merge
416	20070	chr20	21978098	21978368	21977652	21978368	270	716	0.3770949720670391	NaN	NaN	0.463023574611354	0.4140913486480713	true	dss	epykit_chain_merge
418	3015	chr10	4023567	4023729	4023297	4024360	162	1063	0.1523988711194732	NaN	NaN	0.375208995595823	0.3056814670562744	true	dss	epykit_chain_merge
419	26713	chr5	18713258	18713444	18713257	18713444	186	187	0.9946524064171123	NaN	NaN	0.40424492222588	0.3976532220840454	true	dss	epykit_chain_merge
420	32886	chr8	27595380	27595534	27595027	27595573	154	546	0.28205128205128205	NaN	NaN	0.393366851348593	0.35104086995124817	true	dss	epykit_chain_merge
422	31291	chr7	66678926	66679266	66678925	66679378	340	453	0.7505518763796909	NaN	NaN	0.405551633337567	0.43338727951049805	true	dss	epykit_chain_merge
423	19023	chr2	180523812	180524215	180523539	180524215	403	676	0.5961538461538461	NaN	NaN	0.298531589603452	0.28691360354423523	true	dss	epykit_chain_merge
424	1492	chr1	100423876	100424117	100423875	100424053	177	242	0.731404958677686	NaN	NaN	0.367536711454671	0.4311455190181732	true	dss	epykit_chain_merge
425	14952	chr18	7289865	7290325	7289624	7290510	460	886	0.5191873589164786	NaN	NaN	-0.519754214147345	-0.42215919494628906	true	dss	epykit_chain_merge
427	13639	chr17	6903425	6903683	6903309	6903928	258	619	0.4168012924071082	NaN	NaN	-0.403833966228237	-0.3945726752281189	true	dss	epykit_chain_merge
428	29139	chr6	60737335	60737681	60737109	60737681	346	572	0.6048951048951049	NaN	NaN	0.407855668239621	0.35475143790245056	true	dss	epykit_chain_merge
429	21147	chr21	21973420	21974237	21973993	21974237	244	817	0.29865361077111385	NaN	NaN	0.280263352251632	0.37966597080230713	true	dss	epykit_chain_merge
430	21496	chr21	43591981	43592268	43591779	43592565	287	786	0.3651399491094148	NaN	NaN	0.395671680472645	0.2712084650993347	true	dss	epykit_chain_merge
431	28251	chr5	175248522	175248802	175248510	175248802	280	292	0.958904109589041	NaN	NaN	0.497192023191087	0.47456613183021545	true	dss	epykit_chain_merge
432	8641	chr13	22884075	22884163	22883504	22884662	88	1158	0.07599309153713299	NaN	NaN	0.336471048331805	0.31365737318992615	true	dss	epykit_chain_merge
433	29712	chr6	138508060	138508335	138508059	138508335	275	276	0.9963768115942029	NaN	NaN	0.42639017332888	0.40558815002441406	true	dss	epykit_chain_merge
434	29581	chr6	124008025	124008299	124008024	124008767	274	743	0.36877523553162855	NaN	NaN	0.465168772621278	0.3784010708332062	true	dss	epykit_chain_merge
435	3635	chr10	36002801	36003014	36002353	36003547	213	1194	0.17839195979899497	NaN	NaN	0.47362322348142	0.3280651867389679	true	dss	epykit_chain_merge
436	6075	chr11	86713769	86713901	86713768	86713901	132	133	0.9924812030075187	NaN	NaN	-0.426323593226028	-0.4233223497867584	true	dss	epykit_chain_merge
437	21268	chr21	33101476	33101530	33100815	33102702	54	1887	0.028616852146263912	NaN	NaN	0.384621746346351	0.32219189405441284	true	dss	epykit_chain_merge
438	32520	chr8	6420897	6421072	6420464	6421085	175	621	0.28180354267310787	NaN	NaN	0.459559556282961	0.3473946154117584	true	dss	epykit_chain_merge
439	32405	chr8	1468888	1469125	1468846	1469388	237	542	0.43726937269372695	NaN	NaN	0.541751883891695	0.2965328097343445	true	dss	epykit_chain_merge
440	26407	chr5	2588442	2588605	2588162	2589114	163	952	0.17121848739495799	NaN	NaN	0.298402281306492	0.28483709692955017	true	dss	epykit_chain_merge
441	21243	chr21	32521007	32521136	32520810	32521832	129	1022	0.12622309197651663	NaN	NaN	-0.44197929354204	-0.26138484477996826	true	dss	epykit_chain_merge
443	1234	chr1	76778975	76779391	76778589	76779215	240	802	0.29925187032418954	NaN	NaN	-0.408074413580064	-0.29650309681892395	true	dss	epykit_chain_merge
444	17298	chr2	27809292	27809678	27809291	27810182	386	891	0.4332210998877666	NaN	NaN	-0.415923886542037	-0.3524390757083893	true	dss	epykit_chain_merge
445	34212	chr8	143060640	143060771	143060334	143060771	131	437	0.2997711670480549	NaN	NaN	0.509959923094204	0.4440952241420746	true	dss	epykit_chain_merge
446	5422	chr11	44421477	44421636	44421476	44421636	159	160	0.99375	NaN	NaN	-0.534378513471241	-0.545222282409668	true	dss	epykit_chain_merge
447	16416	chr19	32824960	32825071	32824134	32825431	111	1297	0.08558211256746338	NaN	NaN	0.452861446082412	0.41323965787887573	true	dss	epykit_chain_merge
448	21381	chr21	38503532	38503732	38503531	38503931	200	400	0.5	NaN	NaN	0.359959869044045	0.36590576171875	true	dss	epykit_chain_merge
451	8252	chr12	123945425	123945505	123944530	123945720	80	1190	0.06722689075630252	NaN	NaN	0.582789885962792	0.29009631276130676	true	dss	epykit_chain_merge
452	33200	chr8	48682958	48683072	48682914	48683324	114	410	0.2780487804878049	NaN	NaN	0.362040609364883	0.4230636656284332	true	dss	epykit_chain_merge
453	29259	chr6	88164570	88165198	88163687	88165453	628	1766	0.3556058890147225	NaN	NaN	0.400182247513832	0.3512236177921295	true	dss	epykit_chain_merge
454	19394	chr2	219966243	219966546	219965877	219966869	303	992	0.30544354838709675	NaN	NaN	0.390703845790439	0.36114105582237244	true	dss	epykit_chain_merge
455	20350	chr20	41728964	41729150	41728963	41729308	186	345	0.5391304347826087	NaN	NaN	0.387169134315348	0.354967325925827	true	dss	epykit_chain_merge
457	18279	chr2	112078673	112078947	112078360	112078840	167	587	0.28449744463373083	NaN	NaN	-0.255666834911943	-0.3111155331134796	true	dss	epykit_chain_merge
459	9839	chr14	26043899	26044151	26043795	26046684	252	2889	0.08722741433021806	NaN	NaN	0.399195497975353	0.4252725839614868	true	dss	epykit_chain_merge
460	16450	chr19	34870891	34871208	34870334	34871208	317	874	0.36270022883295194	NaN	NaN	-0.607706621465367	-0.26613879203796387	true	dss	epykit_chain_merge
461	28157	chr5	171843605	171843753	171843507	171843915	148	408	0.3627450980392157	NaN	NaN	-0.408876710122622	-0.41469573974609375	true	dss	epykit_chain_merge
462	7788	chr12	95156361	95156537	95156360	95156713	176	353	0.4985835694050991	NaN	NaN	0.412673582675627	0.3535182774066925	true	dss	epykit_chain_merge
463	18490	chr2	129480055	129480239	129479425	129480912	184	1487	0.12373907195696032	NaN	NaN	0.390096239832155	0.2232622653245926	true	dss	epykit_chain_merge
464	13474	chr16	89377131	89377206	89377130	89377475	75	345	0.21739130434782608	NaN	NaN	0.469231480604382	0.5226227045059204	true	dss	epykit_chain_merge
465	31903	chr7	131218588	131218882	131218397	131218882	294	485	0.6061855670103092	NaN	NaN	0.441012980839934	0.39142677187919617	true	dss	epykit_chain_merge
466	36284	chrX	33961911	33962360	33961910	33962746	449	836	0.5370813397129187	NaN	NaN	0.544429526182827	0.5185447931289673	true	dss	epykit_chain_merge
467	30008	chr6	158301493	158301719	158301492	158301719	226	227	0.9955947136563876	NaN	NaN	-0.412847359848373	-0.40724998712539673	true	dss	epykit_chain_merge
468	1041	chr1	56849757	56850004	56849571	56851032	247	1461	0.16906228610540724	NaN	NaN	-0.363948707260583	-0.3203261196613312	true	dss	epykit_chain_merge
469	4339	chr10	104515006	104515169	104514641	104515169	163	528	0.3087121212121212	NaN	NaN	-0.538561121894336	-0.48954954743385315	true	dss	epykit_chain_merge
470	2733	chr1	240686604	240686962	240686603	240687129	358	526	0.6806083650190115	NaN	NaN	-0.371013197232952	-0.3376792371273041	true	dss	epykit_chain_merge
471	2277	chr1	206421660	206421779	206421659	206422216	119	557	0.21364452423698385	NaN	NaN	-0.374426854765729	-0.2750037610530853	true	dss	epykit_chain_merge
472	27917	chr5	155884145	155884384	155884144	155884384	239	240	0.9958333333333333	NaN	NaN	-0.508828543447873	-0.4918336868286133	true	dss	epykit_chain_merge
473	7994	chr12	108972215	108972445	108972214	108972546	230	332	0.6927710843373494	NaN	NaN	0.462704500358842	0.4634351432323456	true	dss	epykit_chain_merge
474	28838	chr6	28001845	28001962	28001490	28001962	117	472	0.2478813559322034	NaN	NaN	0.521127859694218	0.3368574380874634	true	dss	epykit_chain_merge
475	1226	chr1	76100942	76101469	76100676	76102410	527	1734	0.30392156862745096	NaN	NaN	0.393178429638876	0.32068270444869995	true	dss	epykit_chain_merge
476	10483	chr14	88149893	88150111	88149726	88150111	218	385	0.5662337662337662	NaN	NaN	-0.503212839584573	-0.44836440682411194	true	dss	epykit_chain_merge
477	29780	chr6	145640148	145640531	145640147	145640531	383	384	0.9973958333333334	NaN	NaN	0.41886353591066	0.4151233732700348	true	dss	epykit_chain_merge
478	12071	chr15	100059269	100059358	100059117	100059567	89	450	0.19777777777777777	NaN	NaN	0.500652626560913	0.5156447887420654	true	dss	epykit_chain_merge
479	17754	chr2	65088588	65088773	65088380	65089138	185	758	0.24406332453825857	NaN	NaN	-0.41091008340013	-0.26868313550949097	true	dss	epykit_chain_merge
480	3248	chr10	13865908	13866038	13865642	13866726	130	1084	0.11992619926199262	NaN	NaN	0.400395926014016	0.2762174904346466	true	dss	epykit_chain_merge
481	29057	chr6	50840197	50840273	50839900	50841408	76	1508	0.050397877984084884	NaN	NaN	-0.3681037796435	-0.3436703383922577	true	dss	epykit_chain_merge
482	35316	chr9	114054409	114054545	114054371	114054716	136	345	0.39420289855072466	NaN	NaN	0.459110179103202	0.41982096433639526	true	dss	epykit_chain_merge
483	23049	chr3	56633749	56633908	56633748	56633908	159	160	0.99375	NaN	NaN	-0.493956313796511	-0.47587984800338745	true	dss	epykit_chain_merge
484	19795	chr20	1972100	1972370	1971857	1972370	270	513	0.5263157894736842	NaN	NaN	-0.411935064150506	-0.4096323251724243	true	dss	epykit_chain_merge
485	13990	chr17	31584074	31584243	31584073	31584589	169	516	0.32751937984496127	NaN	NaN	0.417812023725067	0.27914881706237793	true	dss	epykit_chain_merge
486	6264	chr11	113062380	113062466	113062379	113062466	86	87	0.9885057471264368	NaN	NaN	0.426483385522544	0.4366571307182312	true	dss	epykit_chain_merge
487	5396	chr11	40999125	40999575	40998855	40999928	450	1073	0.4193849021435228	NaN	NaN	0.348080995337415	0.3861258625984192	true	dss	epykit_chain_merge
489	3454	chr10	25820960	25821141	25820959	25821459	181	500	0.362	NaN	NaN	-0.609375856478578	-0.5080358982086182	true	dss	epykit_chain_merge
490	4216	chr10	94251866	94252352	94251865	94252403	486	538	0.9033457249070632	NaN	NaN	0.48766608410951	0.3881620764732361	true	dss	epykit_chain_merge
491	19074	chr2	188976652	188976966	188975813	188977884	314	2071	0.15161757605021728	NaN	NaN	0.429584714972837	0.3375275731086731	true	dss	epykit_chain_merge
492	32741	chr8	19871862	19872135	19871629	19872135	273	506	0.5395256916996047	NaN	NaN	0.399034989111523	0.3643549084663391	true	dss	epykit_chain_merge
494	22425	chr3	335478	335660	335281	336052	182	771	0.23605706874189364	NaN	NaN	-0.410994984207768	-0.28847044706344604	true	dss	epykit_chain_merge
495	25578	chr4	109088657	109088948	109088656	109088948	291	292	0.9965753424657534	NaN	NaN	0.372413910732797	0.351974755525589	true	dss	epykit_chain_merge
496	724	chr1	32031980	32032188	32031979	32032489	208	510	0.40784313725490196	NaN	NaN	-0.52087770776381	-0.43861880898475647	true	dss	epykit_chain_merge
497	26854	chr5	38264056	38264325	38264002	38264325	269	323	0.8328173374613003	NaN	NaN	0.462393215421252	0.4772331714630127	true	dss	epykit_chain_merge
498	12403	chr16	13102703	13102942	13102702	13102942	239	240	0.9958333333333333	NaN	NaN	-0.451473740511124	-0.4688816964626312	true	dss	epykit_chain_merge
499	26238	chr4	185717449	185717525	185716822	185717525	76	703	0.10810810810810811	NaN	NaN	0.292158526276518	0.21215243637561798	true	dss	epykit_chain_merge
500	29106	chr6	55871452	55872700	55872699	55873407	1	1955	0.0005115089514066496	NaN	NaN	0.436000938605775	0.2925831973552704	true	dss	epykit_chain_merge
501	32997	chr8	35503773	35504145	35503772	35504557	372	785	0.47388535031847134	NaN	NaN	-0.375086497829328	-0.42149853706359863	true	dss	epykit_chain_merge
502	11822	chr15	86645843	86646109	86645842	86646390	266	548	0.4854014598540146	NaN	NaN	0.445583113330094	0.41296452283859253	true	dss	epykit_chain_merge
503	4441	chr10	113303631	113303894	113303304	113303894	263	590	0.4457627118644068	NaN	NaN	0.362988582552084	0.26772281527519226	true	dss	epykit_chain_merge
505	9260	chr13	80276936	80277269	80275947	80277269	333	1322	0.2518910741301059	NaN	NaN	-0.410028943693139	-0.2726920545101166	true	dss	epykit_chain_merge
506	31299	chr7	67123513	67123818	67123242	67124170	305	928	0.3286637931034483	NaN	NaN	0.403769380980033	0.3515865206718445	true	dss	epykit_chain_merge
507	3729	chr10	46052254	46052665	46052184	46053083	411	899	0.457174638487208	NaN	NaN	-0.42123207818948	-0.21237921714782715	true	dss	epykit_chain_merge
508	7338	chr12	43674729	43674902	43674382	43674902	173	520	0.3326923076923077	NaN	NaN	0.459643716753992	0.4372413158416748	true	dss	epykit_chain_merge
509	32905	chr8	28589787	28590051	28588960	28590232	264	1272	0.20754716981132076	NaN	NaN	-0.502450236213841	-0.27583712339401245	true	dss	epykit_chain_merge
510	33368	chr8	65143180	65143457	65143179	65144014	277	835	0.3317365269461078	NaN	NaN	0.47388395432218	0.3691723942756653	true	dss	epykit_chain_merge
511	5733	chr11	60071542	60071799	60071541	60071978	257	437	0.5881006864988558	NaN	NaN	-0.506024579163408	-0.46617841720581055	true	dss	epykit_chain_merge
512	6253	chr11	112294973	112295375	112294972	112295845	402	873	0.46048109965635736	NaN	NaN	-0.388866503379948	-0.2844374179840088	true	dss	epykit_chain_merge
514	4099	chr10	82020994	82021279	82020993	82021279	285	286	0.9965034965034965	NaN	NaN	0.40549178760178	0.40903186798095703	true	dss	epykit_chain_merge
515	25769	chr4	139986156	139986369	139986155	139986611	213	456	0.46710526315789475	NaN	NaN	0.414244235296867	0.4069163501262665	true	dss	epykit_chain_merge
517	9304	chr13	92512959	92513130	92512958	92513130	171	172	0.9941860465116279	NaN	NaN	0.407957296190075	0.4115956425666809	true	dss	epykit_chain_merge
518	7625	chr12	75116713	75116987	75115951	75117216	274	1265	0.216600790513834	NaN	NaN	-0.440453475161089	-0.36259663105010986	true	dss	epykit_chain_merge
519	18693	chr2	148953513	148953761	148953377	148954427	248	1050	0.2361904761904762	NaN	NaN	-0.445775570808972	-0.26653751730918884	true	dss	epykit_chain_merge
520	31534	chr7	93142959	93143206	93142958	93143206	247	248	0.9959677419354839	NaN	NaN	0.416265730423143	0.4216797947883606	true	dss	epykit_chain_merge
521	22458	chr3	668099	668350	667896	668217	118	454	0.2599118942731278	NaN	NaN	-0.314418663180654	-0.33440855145454407	true	dss	epykit_chain_merge
522	19389	chr2	219722348	219722491	219722347	219722928	143	581	0.24612736660929432	NaN	NaN	0.493861951963643	0.47321462631225586	true	dss	epykit_chain_merge
524	12525	chr16	19901263	19901477	19900989	19901511	214	522	0.4099616858237548	NaN	NaN	-0.554287710128059	-0.38736653327941895	true	dss	epykit_chain_merge
525	31371	chr7	71390216	71390346	71389963	71390346	130	383	0.3394255874673629	NaN	NaN	-0.457462796017013	-0.422501802444458	true	dss	epykit_chain_merge
526	8465	chr12	131605381	131605512	131604317	131605760	131	1443	0.09078309078309078	NaN	NaN	0.500078791351021	0.40097105503082275	true	dss	epykit_chain_merge
527	32503	chr8	5500241	5500589	5500240	5500589	348	349	0.997134670487106	NaN	NaN	0.567943606410706	0.5812212228775024	true	dss	epykit_chain_merge
528	23469	chr3	86783827	86784084	86783826	86784084	257	258	0.9961240310077519	NaN	NaN	0.336288901177707	0.3397703468799591	true	dss	epykit_chain_merge
529	34095	chr8	138224386	138224523	138223775	138224506	120	748	0.16042780748663102	NaN	NaN	0.403917651433694	0.31152769923210144	true	dss	epykit_chain_merge
530	18174	chr2	105584254	105584610	105584253	105584610	356	357	0.9971988795518207	NaN	NaN	0.364437685891527	0.36712923645973206	true	dss	epykit_chain_merge
531	35305	chr9	113502018	113502586	113501583	113504050	568	2467	0.23023915687069316	NaN	NaN	0.445784707778854	0.3223704397678375	true	dss	epykit_chain_merge
533	7033	chr12	15329095	15329360	15329094	15329360	265	266	0.9962406015037594	NaN	NaN	0.297663550123258	0.3176090717315674	true	dss	epykit_chain_merge
534	4784	chr10	127849829	127850072	127849644	127850644	243	1000	0.243	NaN	NaN	-0.590088615755523	-0.38000932335853577	true	dss	epykit_chain_merge
535	23757	chr3	120573784	120573874	120573498	120574140	90	642	0.14018691588785046	NaN	NaN	0.490843447040427	0.4172568619251251	true	dss	epykit_chain_merge
536	35958	chrX	476388	476447	476166	477868	59	1702	0.03466509988249119	NaN	NaN	0.508101072957218	0.19400674104690552	true	dss	epykit_chain_merge
537	27971	chr5	158979492	158979596	158979491	158980591	104	1100	0.09454545454545454	NaN	NaN	0.539327226395674	0.28758734464645386	true	dss	epykit_chain_merge
538	19946	chr20	14915231	14915508	14915230	14916208	277	978	0.2832310838445808	NaN	NaN	-0.319094517601808	-0.32296624779701233	true	dss	epykit_chain_merge
539	18378	chr2	120610040	120610114	120609831	120610471	74	640	0.115625	NaN	NaN	0.449846109561607	0.40951359272003174	true	dss	epykit_chain_merge
540	15689	chr18	68818276	68818664	68817646	68819144	388	1498	0.2590120160213618	NaN	NaN	0.319130199806612	0.275945246219635	true	dss	epykit_chain_merge
542	9085	chr13	53507864	53507989	53507384	53508342	125	958	0.1304801670146138	NaN	NaN	0.501881119051032	0.35060080885887146	true	dss	epykit_chain_merge
543	12920	chr16	56777664	56777797	56777289	56778251	133	962	0.13825363825363826	NaN	NaN	-0.550993601859798	-0.2825508713722229	true	dss	epykit_chain_merge
544	9597	chr13	109672824	109673048	109671998	109672957	133	1050	0.12666666666666668	NaN	NaN	-0.378159157723052	-0.40494656562805176	true	dss	epykit_chain_merge
545	17016	chr2	9961387	9961472	9961015	9961472	85	457	0.18599562363238512	NaN	NaN	0.288067571573726	0.35622408986091614	true	dss	epykit_chain_merge
546	14502	chr17	67700193	67700397	67699935	67700397	204	462	0.44155844155844154	NaN	NaN	-0.530381852244987	-0.47849854826927185	true	dss	epykit_chain_merge
548	9207	chr13	75173760	75173901	75173642	75174110	141	468	0.30128205128205127	NaN	NaN	0.351762541221069	0.40152889490127563	true	dss	epykit_chain_merge
549	13798	chr17	15591991	15592247	15591955	15592247	256	292	0.8767123287671232	NaN	NaN	-0.440926263490069	-0.46254387497901917	true	dss	epykit_chain_merge
550	26844	chr5	36717589	36717935	36717032	36717935	346	903	0.3831672203765227	NaN	NaN	-0.54214728279613	-0.402854859828949	true	dss	epykit_chain_merge
551	34836	chr9	79764142	79764313	79763671	79764313	171	642	0.26635514018691586	NaN	NaN	-0.462661115614181	-0.4716200530529022	true	dss	epykit_chain_merge
552	8652	chr13	23382037	23382223	23382036	23382223	186	187	0.9946524064171123	NaN	NaN	-0.289679034651159	-0.29239505529403687	true	dss	epykit_chain_merge
554	27076	chr5	68068472	68068632	68068471	68068781	160	310	0.5161290322580645	NaN	NaN	-0.357625391128376	-0.39732736349105835	true	dss	epykit_chain_merge
555	17736	chr2	63993576	63993774	63991913	63994274	198	2361	0.08386277001270648	NaN	NaN	-0.435414499187391	-0.2718881666660309	true	dss	epykit_chain_merge
556	1164	chr1	64634071	64634228	64633996	64634269	157	273	0.575091575091575	NaN	NaN	0.397021067813311	0.4401201605796814	true	dss	epykit_chain_merge
557	34151	chr8	140663015	140663212	140662976	140663509	197	533	0.3696060037523452	NaN	NaN	0.328073438218791	0.3076404631137848	true	dss	epykit_chain_merge
559	26409	chr5	2607758	2607916	2607254	2608950	158	1696	0.09316037735849056	NaN	NaN	0.318741637566172	0.24052321910858154	true	dss	epykit_chain_merge
560	33087	chr8	40900272	40900592	40900271	40901525	320	1254	0.2551834130781499	NaN	NaN	0.442391024878455	0.430702805519104	true	dss	epykit_chain_merge
561	30109	chr6	163341105	163341368	163340294	163342645	263	2351	0.1118672905146746	NaN	NaN	0.40324811390183	0.2891201674938202	true	dss	epykit_chain_merge
562	29882	chr6	151375052	151375170	151373777	151375170	118	1393	0.08470926058865758	NaN	NaN	0.486331506914301	0.3838883936405182	true	dss	epykit_chain_merge
563	33598	chr8	94418573	94418723	94418572	94418723	150	151	0.9933774834437086	NaN	NaN	0.285736473937969	0.2891291677951813	true	dss	epykit_chain_merge
564	18504	chr2	130195426	130195527	130194629	130195527	101	898	0.11247216035634744	NaN	NaN	0.512783244311093	0.1738726794719696	true	dss	epykit_chain_merge
565	26716	chr5	18944921	18945130	18944920	18945204	209	284	0.7359154929577465	NaN	NaN	0.336783372958685	0.35297641158103943	true	dss	epykit_chain_merge
567	33606	chr8	95499052	95499429	95498247	95499346	294	1182	0.24873096446700507	NaN	NaN	-0.341938117015179	-0.4221000075340271	true	dss	epykit_chain_merge
568	27627	chr5	133360816	133360914	133360815	133361212	98	397	0.24685138539042822	NaN	NaN	-0.432375838553815	-0.2741069793701172	true	dss	epykit_chain_merge
569	24325	chr3	182482837	182483103	182482836	182483429	266	593	0.448566610455312	NaN	NaN	-0.388001843174159	-0.35078415274620056	true	dss	epykit_chain_merge
570	4295	chr10	100816742	100816950	100816401	100817291	208	890	0.23370786516853934	NaN	NaN	-0.497893374272728	-0.3585509955883026	true	dss	epykit_chain_merge
571	2083	chr1	181491136	181491287	181490923	181491287	151	364	0.41483516483516486	NaN	NaN	0.537472730656689	0.4003642201423645	true	dss	epykit_chain_merge
572	18124	chr2	102893401	102893662	102892717	102894159	261	1442	0.180998613037448	NaN	NaN	-0.408938539944066	-0.3994752764701843	true	dss	epykit_chain_merge
573	2609	chr1	231986812	231987098	231986403	231987298	286	895	0.3195530726256983	NaN	NaN	0.4248440883735	0.3504440188407898	true	dss	epykit_chain_merge
574	17544	chr2	44930713	44930979	44929730	44933862	266	4132	0.0643756050338819	NaN	NaN	0.310007619946974	0.4195669889450073	true	dss	epykit_chain_merge
575	13051	chr16	71067445	71067695	71067250	71067695	250	445	0.5617977528089888	NaN	NaN	0.516314570898062	0.3325074017047882	true	dss	epykit_chain_merge
576	2551	chr1	229707379	229707752	229707150	229707922	373	772	0.483160621761658	NaN	NaN	0.512092245637621	0.425468772649765	true	dss	epykit_chain_merge
577	17450	chr2	39515693	39516044	39514787	39516816	351	2029	0.17299162148841793	NaN	NaN	0.43462218666659	0.22500762343406677	true	dss	epykit_chain_merge
578	17521	chr2	44333404	44333601	44333011	44333601	197	590	0.3338983050847458	NaN	NaN	-0.318751264550884	-0.27952656149864197	true	dss	epykit_chain_merge
579	33464	chr8	74825501	74825621	74825221	74825621	120	400	0.3	NaN	NaN	0.331769427039167	0.4310731291770935	true	dss	epykit_chain_merge
580	31072	chr7	53022702	53023039	53022701	53023219	337	518	0.6505791505791506	NaN	NaN	-0.351928830850254	-0.31873831152915955	true	dss	epykit_chain_merge
581	8252	chr12	123945202	123945334	123944530	123945720	132	1190	0.11092436974789915	NaN	NaN	0.363514065493542	0.29009631276130676	true	dss	epykit_chain_merge
582	30816	chr7	31935519	31935757	31934023	31936010	238	1987	0.11977856064418722	NaN	NaN	0.39996413347494	0.28681132197380066	true	dss	epykit_chain_merge
583	31789	chr7	116193500	116193739	116193499	116193739	239	240	0.9958333333333333	NaN	NaN	-0.283891085819955	-0.27943676710128784	true	dss	epykit_chain_merge
584	12101	chr15	101128454	101128709	101128453	101128912	255	459	0.5555555555555556	NaN	NaN	-0.448885141778186	-0.40456682443618774	true	dss	epykit_chain_merge
585	4337	chr10	104420144	104420378	104420143	104420378	234	235	0.9957446808510638	NaN	NaN	-0.425843280087919	-0.3973071873188019	true	dss	epykit_chain_merge
586	25099	chr4	40672637	40672819	40672282	40673524	182	1242	0.14653784219001612	NaN	NaN	-0.435407962250861	-0.3280967175960541	true	dss	epykit_chain_merge
587	7899	chr12	104599427	104599598	104599049	104599598	171	549	0.3114754098360656	NaN	NaN	0.306856151459249	0.36587151885032654	true	dss	epykit_chain_merge
588	34995	chr9	89021974	89022125	89021702	89022438	151	736	0.20516304347826086	NaN	NaN	0.386026647591132	0.39452236890792847	true	dss	epykit_chain_merge
589	19973	chr20	17282417	17282745	17282416	17283109	328	693	0.4733044733044733	NaN	NaN	-0.512469328606036	-0.45424365997314453	true	dss	epykit_chain_merge
590	3130	chr10	9499229	9499470	9499228	9499757	241	529	0.4555765595463138	NaN	NaN	0.411715398723258	0.3292468190193176	true	dss	epykit_chain_merge
591	10273	chr14	70458640	70458976	70458721	70459554	255	914	0.2789934354485777	NaN	NaN	0.374668656333237	0.41929545998573303	true	dss	epykit_chain_merge
592	17139	chr2	16252384	16252465	16251564	16252465	81	901	0.08990011098779134	NaN	NaN	0.557180696009797	0.4017425775527954	true	dss	epykit_chain_merge
594	24234	chr3	172749388	172749537	172749387	172749744	149	357	0.4173669467787115	NaN	NaN	-0.428120311385421	-0.43032869696617126	true	dss	epykit_chain_merge
595	7491	chr12	60993247	60993373	60993246	60993440	126	194	0.6494845360824743	NaN	NaN	-0.466113192852068	-0.4984736442565918	true	dss	epykit_chain_merge
596	1365	chr1	87956293	87956519	87955497	87956350	57	1022	0.05577299412915851	NaN	NaN	-0.526732642860178	-0.3559425473213196	true	dss	epykit_chain_merge
597	1228	chr1	76154650	76154886	76154492	76154886	236	394	0.5989847715736041	NaN	NaN	-0.447775762640096	-0.4846554696559906	true	dss	epykit_chain_merge
598	5345	chr11	35180139	35180309	35180138	35180309	170	171	0.9941520467836257	NaN	NaN	0.441222291935305	0.4662019610404968	true	dss	epykit_chain_merge
599	32441	chr8	2195358	2195614	2195357	2196105	256	748	0.3422459893048128	NaN	NaN	0.322734575265764	0.17613521218299866	true	dss	epykit_chain_merge
600	24649	chr4	4939665	4939912	4939108	4940012	247	904	0.27323008849557523	NaN	NaN	0.438761914399939	0.2902092933654785	true	dss	epykit_chain_merge
601	6216	chr11	107678525	107678699	107678524	107678877	174	353	0.49291784702549574	NaN	NaN	0.372304877193977	0.3341461718082428	true	dss	epykit_chain_merge
602	29716	chr6	138543860	138544113	138543367	138544113	253	746	0.339142091152815	NaN	NaN	0.34908838018961	0.2948908805847168	true	dss	epykit_chain_merge
604	33432	chr8	71591517	71591900	71591165	71592672	383	1507	0.2541473125414731	NaN	NaN	0.320022898074159	0.26881054043769836	true	dss	epykit_chain_merge
606	23262	chr3	69613307	69613587	69612477	69613587	280	1110	0.25225225225225223	NaN	NaN	-0.385420816301251	-0.3861713409423828	true	dss	epykit_chain_merge
607	31673	chr7	103522047	103522120	103522046	103522120	73	74	0.9864864864864865	NaN	NaN	0.374214063401195	0.3900381922721863	true	dss	epykit_chain_merge
609	32823	chr8	24351356	24351543	24351075	24351543	187	468	0.3995726495726496	NaN	NaN	0.34621376043176	0.31020587682724	true	dss	epykit_chain_merge
610	4161	chr10	88789617	88789883	88789616	88789883	266	267	0.9962546816479401	NaN	NaN	0.302479043164384	0.332244336605072	true	dss	epykit_chain_merge
611	25450	chr4	86387100	86387273	86386498	86387273	173	775	0.2232258064516129	NaN	NaN	0.387319611839755	0.30640777945518494	true	dss	epykit_chain_merge
612	35358	chr9	118594440	118594510	118594439	118594805	70	366	0.1912568306010929	NaN	NaN	-0.42622350021712	-0.5340668559074402	true	dss	epykit_chain_merge
613	16118	chr19	13452827	13452879	13452751	13452977	52	226	0.23008849557522124	NaN	NaN	-0.491791817036178	-0.4233747124671936	true	dss	epykit_chain_merge
614	17544	chr2	44930528	44930652	44929730	44933862	124	4132	0.030009680542110357	NaN	NaN	0.275659816346999	0.4195669889450073	true	dss	epykit_chain_merge
616	8387	chr12	130101125	130101306	130100312	130101886	181	1574	0.11499364675984752	NaN	NaN	0.289466087063649	0.2090308964252472	true	dss	epykit_chain_merge
617	25805	chr4	144587652	144587794	144587651	144588058	142	407	0.3488943488943489	NaN	NaN	0.517719638462673	0.39171698689460754	true	dss	epykit_chain_merge
618	13412	chr16	86912406	86912539	86912405	86913180	133	775	0.17161290322580644	NaN	NaN	0.584226620244496	0.30602115392684937	true	dss	epykit_chain_merge
619	3138	chr10	10198861	10199065	10198398	10199065	204	667	0.3058470764617691	NaN	NaN	0.49103611144768	0.34871208667755127	true	dss	epykit_chain_merge
621	34736	chr9	72049075	72049128	72048913	72049189	53	276	0.19202898550724637	NaN	NaN	0.29861941109249	0.3284473419189453	true	dss	epykit_chain_merge
622	19885	chr20	10522537	10522774	10522378	10522774	237	396	0.5984848484848485	NaN	NaN	0.442357007009195	0.419716477394104	true	dss	epykit_chain_merge
623	1763	chr1	145616728	145616885	145616727	145617163	157	436	0.36009174311926606	NaN	NaN	0.410793252013845	0.408031702041626	true	dss	epykit_chain_merge
624	10769	chr14	101062148	101062233	101061786	101062851	85	1065	0.07981220657276995	NaN	NaN	0.301843104730308	0.4210769832134247	true	dss	epykit_chain_merge
625	18130	chr2	103241608	103241879	103241336	103241879	271	543	0.4990791896869245	NaN	NaN	-0.440342385331911	-0.4683084487915039	true	dss	epykit_chain_merge
626	12575	chr16	23674213	23674268	23674161	23674392	55	231	0.23809523809523808	NaN	NaN	-0.402616957635768	-0.44634318351745605	true	dss	epykit_chain_merge
627	3391	chr10	21169411	21169985	21169175	21169985	574	810	0.7086419753086419	NaN	NaN	0.421046943375811	0.43104287981987	true	dss	epykit_chain_merge
628	33087	chr8	40901293	40901525	40900271	40901525	232	1254	0.1850079744816587	NaN	NaN	0.475895748590124	0.430702805519104	true	dss	epykit_chain_merge
629	35061	chr9	91900288	91900364	91898485	91900654	76	2169	0.03503918856615952	NaN	NaN	0.51105597915368	0.3369039297103882	true	dss	epykit_chain_merge
630	1181	chr1	66356214	66356539	66355357	66357271	325	1914	0.1698014629049112	NaN	NaN	0.358805406947192	0.29811719059944153	true	dss	epykit_chain_merge
631	28057	chr5	167575468	167575775	167575396	167575910	307	514	0.5972762645914397	NaN	NaN	0.378598778663684	0.3332372307777405	true	dss	epykit_chain_merge
632	26999	chr5	58924425	58924654	58924424	58924955	229	531	0.4312617702448211	NaN	NaN	-0.383783124219507	-0.40683305263519287	true	dss	epykit_chain_merge
633	12506	chr16	19239563	19239706	19239562	19239861	143	299	0.4782608695652174	NaN	NaN	-0.458850358736213	-0.36696046590805054	true	dss	epykit_chain_merge
634	18484	chr2	128970897	128970994	128970504	128970994	97	490	0.19795918367346937	NaN	NaN	0.362488867256625	0.3340591788291931	true	dss	epykit_chain_merge
637	18991	chr2	175609176	175609364	175609175	175609693	188	518	0.36293436293436293	NaN	NaN	0.309182575720857	0.3453552722930908	true	dss	epykit_chain_merge
638	9622	chr13	110287543	110287680	110286819	110287868	137	1049	0.1306005719733079	NaN	NaN	0.385462939384508	0.3173185884952545	true	dss	epykit_chain_merge
639	12285	chr16	7828579	7828910	7828200	7828677	98	710	0.13802816901408452	NaN	NaN	0.43119752564148	0.46132439374923706	true	dss	epykit_chain_merge
640	22915	chr3	47294980	47295227	47294972	47295227	247	255	0.9686274509803922	NaN	NaN	-0.508673447139226	-0.49151983857154846	true	dss	epykit_chain_merge
642	24095	chr3	155648412	155648578	155648374	155648578	166	204	0.8137254901960784	NaN	NaN	0.347130013131114	0.34663519263267517	true	dss	epykit_chain_merge
643	22664	chr3	16443624	16443679	16443623	16443710	55	87	0.632183908045977	NaN	NaN	-0.237466948439792	-0.3036367893218994	true	dss	epykit_chain_merge
644	22466	chr3	1463194	1463770	1463128	1463770	576	642	0.897196261682243	NaN	NaN	0.537911995702746	0.45668476819992065	true	dss	epykit_chain_merge
645	12198	chr16	5159641	5159789	5159176	5160045	148	869	0.17031070195627157	NaN	NaN	-0.374964941878261	-0.23587635159492493	true	dss	epykit_chain_merge
646	27422	chr5	107668522	107668741	107667401	107669079	219	1678	0.13051251489868892	NaN	NaN	0.484212882056548	0.3216867446899414	true	dss	epykit_chain_merge
651	27656	chr5	135112063	135112469	135111849	135112530	406	681	0.5961820851688693	NaN	NaN	-0.44409126237894	-0.4323689043521881	true	dss	epykit_chain_merge
652	2263	chr1	205449151	205449294	205448175	205449294	143	1119	0.12779267202859695	NaN	NaN	-0.431254082534871	-0.3694033622741699	true	dss	epykit_chain_merge
653	31746	chr7	110295827	110295966	110295826	110296354	139	528	0.26325757575757575	NaN	NaN	0.383114908445024	0.37720704078674316	true	dss	epykit_chain_merge
656	345	chr1	13733480	13733719	13733124	13733719	239	595	0.4016806722689076	NaN	NaN	0.431463096941104	0.3895420432090759	true	dss	epykit_chain_merge
659	33452	chr8	73490178	73490283	73490177	73490310	105	133	0.7894736842105263	NaN	NaN	0.385828824388044	0.3211686909198761	true	dss	epykit_chain_merge
660	25140	chr4	44842701	44842908	44842700	44843115	207	415	0.4987951807228916	NaN	NaN	0.506586086590325	0.39292222261428833	true	dss	epykit_chain_merge
662	7899	chr12	104599255	104599370	104599049	104599598	115	549	0.20947176684881602	NaN	NaN	0.413973952614859	0.36587151885032654	true	dss	epykit_chain_merge
663	16663	chr19	52176536	52176613	52176535	52177048	77	513	0.15009746588693956	NaN	NaN	0.387574097843963	0.39549925923347473	true	dss	epykit_chain_merge
664	1022	chr1	55032914	55033126	55032913	55033426	212	513	0.41325536062378165	NaN	NaN	-0.513106248788824	-0.4723459482192993	true	dss	epykit_chain_merge
665	29908	chr6	154042039	154042231	154042038	154042308	192	270	0.7111111111111111	NaN	NaN	-0.40548533879595	-0.446626752614975	true	dss	epykit_chain_merge
668	30148	chr6	165126144	165126311	165125848	165126734	167	886	0.18848758465011287	NaN	NaN	0.407559856889517	0.26436662673950195	true	dss	epykit_chain_merge
670	16798	chr2	1306196	1306274	1306195	1306850	78	655	0.11908396946564885	NaN	NaN	0.530641114424328	0.34958615899086	true	dss	epykit_chain_merge
671	33572	chr8	90452400	90452755	90452399	90453017	355	618	0.5744336569579288	NaN	NaN	0.407015792603327	0.4084344804286957	true	dss	epykit_chain_merge
672	1984	chr1	171143012	171143263	171142293	171143263	251	970	0.25876288659793817	NaN	NaN	-0.671961634074355	-0.40158334374427795	true	dss	epykit_chain_merge
673	34357	chr9	8155760	8156088	8155380	8156512	328	1132	0.28975265017667845	NaN	NaN	0.359636023258314	0.27475324273109436	true	dss	epykit_chain_merge
674	21999	chr22	34753914	34754193	34753688	34754549	279	861	0.3240418118466899	NaN	NaN	-0.525087709352306	-0.38372665643692017	true	dss	epykit_chain_merge
675	25828	chr4	147492891	147493007	147492456	147493101	116	645	0.17984496124031008	NaN	NaN	0.486368044205353	0.37233591079711914	true	dss	epykit_chain_merge
678	7919	chr12	105622435	105622836	105622434	105623522	401	1088	0.36856617647058826	NaN	NaN	-0.553541901686036	-0.3075880706310272	true	dss	epykit_chain_merge
679	19055	chr2	186408717	186409006	186408300	186408828	111	706	0.15722379603399433	NaN	NaN	-0.32096206519953	-0.4998701214790344	true	dss	epykit_chain_merge
680	11743	chr15	79770065	79770298	79770211	79770777	87	712	0.12219101123595505	NaN	NaN	-0.493920969500294	-0.49687519669532776	true	dss	epykit_chain_merge
683	2376	chr1	213892214	213892428	213892213	213892680	214	467	0.4582441113490364	NaN	NaN	-0.616656644495632	-0.5598922371864319	true	dss	epykit_chain_merge
684	6200	chr11	105153525	105153689	105153192	105153879	164	687	0.23871906841339155	NaN	NaN	0.500774523265721	0.49224162101745605	true	dss	epykit_chain_merge
685	25474	chr4	89198130	89198404	89197770	89198404	274	634	0.43217665615141954	NaN	NaN	-0.559346110238967	-0.580987274646759	true	dss	epykit_chain_merge
686	29140	chr6	62013678	62013824	62013677	62013867	146	190	0.7684210526315789	NaN	NaN	0.418780345893022	0.40168246626853943	true	dss	epykit_chain_merge
688	19026	chr2	180985281	180985943	180984598	180985943	662	1345	0.4921933085501859	NaN	NaN	0.465685280079441	0.44210800528526306	true	dss	epykit_chain_merge
691	26245	chr4	185783630	185783828	185782993	185783828	198	835	0.237125748502994	NaN	NaN	0.420827091844937	0.2735688090324402	true	dss	epykit_chain_merge
692	34253	chr9	700399	700561	700147	701237	162	1090	0.14862385321100918	NaN	NaN	-0.389809132472445	-0.3669869601726532	true	dss	epykit_chain_merge
693	9490	chr13	105196189	105196376	105195931	105196500	187	569	0.3286467486818981	NaN	NaN	0.408777734543759	0.4065077304840088	true	dss	epykit_chain_merge
694	5467	chr11	46952332	46952503	46951564	46952795	171	1231	0.1389114541023558	NaN	NaN	-0.332466129017853	-0.27682748436927795	true	dss	epykit_chain_merge
697	33758	chr8	109229268	109229676	109229267	109229782	408	515	0.7922330097087379	NaN	NaN	-0.363816776423001	-0.3336755335330963	true	dss	epykit_chain_merge
698	26085	chr4	178595815	178596089	178595715	178596501	274	786	0.3486005089058524	NaN	NaN	0.531097559531212	0.3349911570549011	true	dss	epykit_chain_merge
699	29625	chr6	130632741	130632897	130632411	130632897	156	486	0.32098765432098764	NaN	NaN	0.412402499221155	0.35820794105529785	true	dss	epykit_chain_merge
702	10003	chr14	47468210	47468350	47468209	47468584	140	375	0.37333333333333335	NaN	NaN	-0.456777881624533	-0.4825747013092041	true	dss	epykit_chain_merge
705	16591	chr19	47004366	47004423	47003156	47004513	57	1357	0.04200442151805453	NaN	NaN	0.438191102180267	0.38467103242874146	true	dss	epykit_chain_merge
707	19122	chr2	196726055	196726522	196725303	196726288	233	1219	0.1911402789171452	NaN	NaN	-0.413098311336712	-0.2991345226764679	true	dss	epykit_chain_merge
708	33920	chr8	125439886	125440087	125439736	125440087	201	351	0.5726495726495726	NaN	NaN	-0.562677623076638	-0.513085663318634	true	dss	epykit_chain_merge
709	13194	chr16	79137299	79137546	79137055	79137990	247	935	0.2641711229946524	NaN	NaN	0.451237042820642	0.38226261734962463	true	dss	epykit_chain_merge
711	18492	chr2	129712111	129712270	129711665	129712821	159	1156	0.1375432525951557	NaN	NaN	0.495288267553926	0.3576379418373108	true	dss	epykit_chain_merge
712	117	chr1	4911091	4911254	4910495	4911373	163	878	0.1856492027334852	NaN	NaN	0.48908024133283	0.4189882278442383	true	dss	epykit_chain_merge
714	32250	chr7	155507942	155508207	155506911	155509075	265	2164	0.12245841035120147	NaN	NaN	-0.343520665397749	-0.17363697290420532	true	dss	epykit_chain_merge
717	2798	chr1	244766929	244767241	244766469	244767241	312	772	0.40414507772020725	NaN	NaN	-0.598598212022916	-0.5720323920249939	true	dss	epykit_chain_merge
718	18249	chr2	109549149	109549535	109549148	109550012	386	864	0.44675925925925924	NaN	NaN	0.413316108493311	0.3212968409061432	true	dss	epykit_chain_merge
719	31798	chr7	117226225	117226400	117225963	117226400	175	437	0.40045766590389015	NaN	NaN	0.358353766105331	0.38139083981513977	true	dss	epykit_chain_merge
720	21091	chr21	15407609	15407780	15407199	15407780	171	581	0.2943201376936317	NaN	NaN	0.385186338039827	0.37239205837249756	true	dss	epykit_chain_merge
721	20227	chr20	33278285	33278375	33278032	33278375	90	343	0.26239067055393583	NaN	NaN	-0.613554965425542	-0.5269773602485657	true	dss	epykit_chain_merge
722	18722	chr2	150586958	150587595	150587594	150588124	1	1166	0.0008576329331046312	NaN	NaN	0.401155030428252	0.29495081305503845	true	dss	epykit_chain_merge
726	6186	chr11	103468330	103468664	103468053	103468664	334	611	0.546644844517185	NaN	NaN	0.335136901531272	0.2929297387599945	true	dss	epykit_chain_merge
727	22815	chr3	35759996	35760207	35759798	35760556	211	758	0.2783641160949868	NaN	NaN	0.490967873240308	0.4271731972694397	true	dss	epykit_chain_merge
729	33898	chr8	124197866	124197971	124197228	124198227	105	999	0.10510510510510511	NaN	NaN	0.470796749683411	0.27736735343933105	true	dss	epykit_chain_merge
731	29497	chr6	112202819	112202909	112202818	112203358	90	540	0.16666666666666666	NaN	NaN	0.446800200880365	0.3055381774902344	true	dss	epykit_chain_merge
732	6211	chr11	107172718	107173033	107172352	107173033	315	681	0.46255506607929514	NaN	NaN	0.481525383634163	0.4901430904865265	true	dss	epykit_chain_merge
733	26387	chr5	2112091	2112147	2111248	2113125	56	1877	0.02983484283431007	NaN	NaN	-0.713472594424975	-0.4343991279602051	true	dss	epykit_chain_merge
734	10205	chr14	64623691	64623822	64623438	64623822	131	384	0.3411458333333333	NaN	NaN	-0.494943766702834	-0.3691067397594452	true	dss	epykit_chain_merge
735	33629	chr8	97190836	97190953	97190610	97190953	117	343	0.34110787172011664	NaN	NaN	0.388296930841068	0.3650309145450592	true	dss	epykit_chain_merge
736	27408	chr5	107380725	107380856	107379682	107381052	131	1370	0.09562043795620438	NaN	NaN	0.498640930533809	0.28969454765319824	true	dss	epykit_chain_merge
737	6469	chr11	123257581	123257800	123257008	123257718	137	792	0.17297979797979798	NaN	NaN	0.282741078797395	0.16084128618240356	true	dss	epykit_chain_merge
741	30261	chr6	168280305	168280466	168280012	168281054	161	1042	0.15451055662188098	NaN	NaN	0.434783064819362	0.3152909278869629	true	dss	epykit_chain_merge
742	23448	chr3	84132649	84133102	84132648	84133418	453	770	0.5883116883116883	NaN	NaN	-0.448811071845701	-0.41055163741111755	true	dss	epykit_chain_merge
743	13762	chr17	14078618	14078688	14078321	14078704	70	383	0.18276762402088773	NaN	NaN	0.365635002396769	0.3665864169597626	true	dss	epykit_chain_merge
745	25216	chr4	53956090	53956322	53955961	53956322	232	361	0.6426592797783933	NaN	NaN	0.468063901869983	0.4579761326313019	true	dss	epykit_chain_merge
746	19971	chr20	17025214	17025279	17024846	17025279	65	433	0.15011547344110854	NaN	NaN	0.376622060659266	0.28387483954429626	true	dss	epykit_chain_merge
749	27262	chr5	88089991	88090140	88089755	88090140	149	385	0.38701298701298703	NaN	NaN	0.432272945854206	0.4224154055118561	true	dss	epykit_chain_merge
750	27056	chr5	66440154	66440314	66440153	66440524	160	371	0.431266846361186	NaN	NaN	0.402696423020424	0.38476836681365967	true	dss	epykit_chain_merge
751	8000	chr12	109444354	109444483	109444039	109444589	129	550	0.23454545454545456	NaN	NaN	0.493851623242928	0.31752490997314453	true	dss	epykit_chain_merge
753	25221	chr4	54409599	54409717	54409598	54409829	118	231	0.5108225108225108	NaN	NaN	0.43730920879012	0.4997878074645996	true	dss	epykit_chain_merge
754	9545	chr13	107198423	107198642	107198422	107198770	219	348	0.6293103448275862	NaN	NaN	-0.566938490814205	-0.49804258346557617	true	dss	epykit_chain_merge
755	26757	chr5	27702664	27702840	27702417	27703229	176	812	0.21674876847290642	NaN	NaN	-0.382896526402093	-0.3186117708683014	true	dss	epykit_chain_merge
756	3111	chr10	7997707	7997901	7997241	7997832	125	660	0.1893939393939394	NaN	NaN	-0.384371281655006	-0.5418399572372437	true	dss	epykit_chain_merge
758	32094	chr7	148400173	148400281	148400056	148400477	108	421	0.25653206650831356	NaN	NaN	0.45582046018191	0.3952561616897583	true	dss	epykit_chain_merge
759	24018	chr3	146626465	146626623	146626464	146626765	158	301	0.5249169435215947	NaN	NaN	0.418496807887825	0.38106241822242737	true	dss	epykit_chain_merge
760	3767	chr10	49082430	49082607	49081505	49082462	32	1102	0.029038112522686024	NaN	NaN	0.370512188451251	0.3233170211315155	true	dss	epykit_chain_merge
762	7903	chr12	104656629	104656736	104656377	104658033	107	1656	0.0646135265700483	NaN	NaN	0.348595047780463	0.09234676510095596	true	dss	epykit_chain_merge
765	15048	chr18	11849873	11850148	11849394	11850896	275	1502	0.18308921438082557	NaN	NaN	0.497632316329795	0.34572136402130127	true	dss	epykit_chain_merge
767	23247	chr3	68286819	68287004	68286818	68287349	185	531	0.3483992467043315	NaN	NaN	0.47267381098216	0.4483214318752289	true	dss	epykit_chain_merge
768	25928	chr4	158524246	158524459	158524005	158524459	213	454	0.46916299559471364	NaN	NaN	-0.372020625494498	-0.3392329216003418	true	dss	epykit_chain_merge
769	14525	chr17	70104775	70104848	70104774	70105084	73	310	0.23548387096774193	NaN	NaN	0.383798328517003	0.3638112246990204	true	dss	epykit_chain_merge
770	9888	chr14	32761409	32761751	32761373	32761766	342	393	0.8702290076335878	NaN	NaN	-0.43186064979433	-0.38501763343811035	true	dss	epykit_chain_merge
771	15526	chr18	55166438	55166549	55165956	55166549	111	593	0.18718381112984822	NaN	NaN	-0.581254995494126	-0.36630961298942566	true	dss	epykit_chain_merge
772	19464	chr2	224958253	224958373	224958328	224958911	45	658	0.06838905775075987	NaN	NaN	-0.452694495437183	-0.3805752694606781	true	dss	epykit_chain_merge
776	15652	chr18	62604887	62605161	62604886	62605978	274	1092	0.2509157509157509	NaN	NaN	0.41384924058448	0.24788527190685272	true	dss	epykit_chain_merge
778	30126	chr6	163809533	163809609	163809023	163809609	76	586	0.1296928327645051	NaN	NaN	0.356801494058663	0.30081117153167725	true	dss	epykit_chain_merge
779	539	chr1	20711918	20712026	20710275	20712202	108	1927	0.05604566683964712	NaN	NaN	0.482760950541459	0.2819307744503021	true	dss	epykit_chain_merge
784	16121	chr19	13605550	13605655	13605549	13606172	105	623	0.16853932584269662	NaN	NaN	-0.378770763390346	-0.1643984019756317	true	dss	epykit_chain_merge
786	29700	chr6	137430886	137431265	137430885	137431303	379	418	0.9066985645933014	NaN	NaN	0.385135154061625	0.39973461627960205	true	dss	epykit_chain_merge
787	33388	chr8	67587043	67587138	67587042	67587246	95	204	0.46568627450980393	NaN	NaN	-0.285420795353474	-0.2564409375190735	true	dss	epykit_chain_merge
788	27523	chr5	123755757	123756088	123755276	123756088	331	812	0.40763546798029554	NaN	NaN	0.291964418179496	0.23930223286151886	true	dss	epykit_chain_merge
791	12267	chr16	7233670	7233896	7233367	7233896	226	529	0.42722117202268434	NaN	NaN	0.418296346860039	0.4145841896533966	true	dss	epykit_chain_merge
792	8052	chr12	112602695	112602784	112602649	112602784	89	135	0.6592592592592592	NaN	NaN	-0.416614037677682	-0.42756423354148865	true	dss	epykit_chain_merge
793	29057	chr6	50840506	50840668	50839900	50841408	162	1508	0.10742705570291777	NaN	NaN	-0.439072215642413	-0.3436703383922577	true	dss	epykit_chain_merge
795	2295	chr1	208045085	208045151	208044886	208045398	66	512	0.12890625	NaN	NaN	-0.540527098549411	-0.4181414544582367	true	dss	epykit_chain_merge
796	34527	chr9	30917048	30917196	30916627	30917560	148	933	0.15862808145766344	NaN	NaN	0.363839200242718	0.2781674265861511	true	dss	epykit_chain_merge
797	27171	chr5	76867042	76867245	76867041	76867474	203	433	0.46882217090069284	NaN	NaN	0.424357265750917	0.39790940284729004	true	dss	epykit_chain_merge
798	22218	chr22	44595821	44595925	44594739	44596816	104	2077	0.05007221954742417	NaN	NaN	0.557397800353266	0.30761298537254333	true	dss	epykit_chain_merge
799	9712	chr13	112956525	112956620	112955867	112956865	95	998	0.09519038076152304	NaN	NaN	0.39770451025581	0.27049726247787476	true	dss	epykit_chain_merge
801	35504	chr9	126520116	126520179	126519237	126521890	63	2653	0.023746701846965697	NaN	NaN	0.449066764397775	0.25096866488456726	true	dss	epykit_chain_merge
803	24153	chr3	165502252	165502382	165501872	165502382	130	510	0.2549019607843137	NaN	NaN	-0.408677063369168	-0.3172932267189026	true	dss	epykit_chain_merge
804	23417	chr3	78366561	78366774	78366302	78366774	213	472	0.451271186440678	NaN	NaN	0.364372454052563	0.3661256730556488	true	dss	epykit_chain_merge
805	33464	chr8	74825268	74825345	74825221	74825621	77	400	0.1925	NaN	NaN	0.445415370218242	0.4310731291770935	true	dss	epykit_chain_merge
806	34267	chr9	975544	975626	974643	975998	82	1355	0.06051660516605166	NaN	NaN	0.480122529621533	0.17635345458984375	true	dss	epykit_chain_merge
808	7108	chr12	23599323	23599489	23599322	23599883	166	561	0.29590017825311943	NaN	NaN	0.276539409302305	0.1918245106935501	true	dss	epykit_chain_merge
809	20152	chr20	25864766	25864853	25864506	25865176	87	670	0.12985074626865672	NaN	NaN	0.532320943317174	0.37253808975219727	true	dss	epykit_chain_merge
811	27121	chr5	72495572	72495676	72495513	72495676	104	163	0.6380368098159509	NaN	NaN	0.403328289469594	0.4445818066596985	true	dss	epykit_chain_merge
812	28221	chr5	174234385	174234442	174234384	174234663	57	279	0.20430107526881722	NaN	NaN	0.482445712889261	0.5621092915534973	true	dss	epykit_chain_merge
813	23289	chr3	71104117	71104175	71103770	71104432	58	662	0.08761329305135952	NaN	NaN	0.314680606398009	0.33155032992362976	true	dss	epykit_chain_merge
814	16647	chr19	50781009	50781165	50780874	50781389	156	515	0.3029126213592233	NaN	NaN	0.39445401253028	0.4229973256587982	true	dss	epykit_chain_merge
817	9065	chr13	52894617	52894856	52894283	52895151	239	868	0.27534562211981567	NaN	NaN	0.319528803155145	0.32787975668907166	true	dss	epykit_chain_merge
819	14529	chr17	70641692	70642111	70641819	70642543	292	851	0.34312573443008226	NaN	NaN	0.392728962458827	0.4317740499973297	true	dss	epykit_chain_merge
822	30985	chr7	45191082	45191319	45190602	45191982	237	1380	0.17173913043478262	NaN	NaN	0.381491540439676	0.17938245832920074	true	dss	epykit_chain_merge
824	20187	chr20	30731845	30732078	30731844	30732475	233	631	0.3692551505546751	NaN	NaN	0.462137610227332	0.36406272649765015	true	dss	epykit_chain_merge
827	23159	chr3	63766836	63767268	63766204	63767268	432	1064	0.40601503759398494	NaN	NaN	0.310517587637586	0.2676408588886261	true	dss	epykit_chain_merge
828	9742	chr13	114130405	114130549	114129723	114130969	144	1246	0.11556982343499198	NaN	NaN	0.463348163156347	0.3089755177497864	true	dss	epykit_chain_merge
829	34272	chr9	1320175	1320414	1320174	1321123	239	949	0.2518440463645943	NaN	NaN	0.5179018779221	0.3941062092781067	true	dss	epykit_chain_merge
830	12269	chr16	7344788	7344917	7344882	7345370	35	582	0.06013745704467354	NaN	NaN	0.457777368610279	0.33129870891571045	true	dss	epykit_chain_merge
831	15687	chr18	68595501	68595643	68595500	68596092	142	592	0.23986486486486486	NaN	NaN	0.300373990068294	0.3075615465641022	true	dss	epykit_chain_merge
832	22722	chr3	24770453	24770537	24770452	24770915	84	463	0.18142548596112312	NaN	NaN	0.38004827882107	0.31252068281173706	true	dss	epykit_chain_merge
833	27207	chr5	80625028	80625225	80625027	80625348	197	321	0.6137071651090342	NaN	NaN	-0.361487200650907	-0.3364247977733612	true	dss	epykit_chain_merge
834	20118	chr20	24359408	24359594	24359407	24359928	186	521	0.3570057581573896	NaN	NaN	0.447616653913537	0.4160163104534149	true	dss	epykit_chain_merge
835	14285	chr17	54906875	54906945	54906648	54906945	70	297	0.2356902356902357	NaN	NaN	0.370540944703083	0.3673740327358246	true	dss	epykit_chain_merge
836	7336	chr12	43289504	43289603	43288703	43289603	99	900	0.11	NaN	NaN	-0.433549321419875	-0.35047808289527893	true	dss	epykit_chain_merge
837	3590	chr10	34169638	34169790	34169637	34170054	152	417	0.3645083932853717	NaN	NaN	0.352562502453991	0.3430619239807129	true	dss	epykit_chain_merge
838	11185	chr15	36921700	36921886	36921557	36921918	186	361	0.5152354570637119	NaN	NaN	0.42381585512793	0.3635024130344391	true	dss	epykit_chain_merge
839	19045	chr2	184406983	184407106	184406982	184407637	123	655	0.18778625954198475	NaN	NaN	0.492803813315898	0.4546935558319092	true	dss	epykit_chain_merge
842	11296	chr15	46764859	46765029	46764537	46765284	170	747	0.22757697456492637	NaN	NaN	0.353826500612621	0.27556008100509644	true	dss	epykit_chain_merge
843	32101	chr7	148588798	148588907	148588315	148589255	109	940	0.11595744680851064	NaN	NaN	0.456692650429493	0.3416174054145813	true	dss	epykit_chain_merge
844	27465	chr5	114104927	114105109	114104812	114105109	182	297	0.6127946127946128	NaN	NaN	-0.426468632745009	-0.4288733899593353	true	dss	epykit_chain_merge
845	12909	chr16	55391504	55391685	55391067	55391788	181	721	0.2510402219140083	NaN	NaN	0.343700781269969	0.34673526883125305	true	dss	epykit_chain_merge
846	30331	chr7	604867	604962	604266	605705	95	1439	0.0660180681028492	NaN	NaN	0.394792184739963	0.38114404678344727	true	dss	epykit_chain_merge
848	25955	chr4	163611371	163611689	163611370	163611756	318	386	0.8238341968911918	NaN	NaN	0.341125406348073	0.32418662309646606	true	dss	epykit_chain_merge
849	3738	chr10	47174140	47174375	47173846	47175220	235	1374	0.1710334788937409	NaN	NaN	0.452727862633523	0.3301926255226135	true	dss	epykit_chain_merge
850	32549	chr8	8459041	8459179	8459040	8459688	138	648	0.21296296296296297	NaN	NaN	-0.339249441201551	-0.20380952954292297	true	dss	epykit_chain_merge
854	14550	chr17	71824716	71824883	71824715	71825105	167	390	0.4282051282051282	NaN	NaN	0.44444552702612	0.3870941996574402	true	dss	epykit_chain_merge
855	5259	chr11	27460992	27461301	27459379	27461301	309	1922	0.1607700312174818	NaN	NaN	0.340526298624296	0.2362183928489685	true	dss	epykit_chain_merge
856	36127	chrX	12825892	12826092	12825086	12826414	200	1328	0.15060240963855423	NaN	NaN	0.479467679009854	0.2881893217563629	true	dss	epykit_chain_merge
857	15632	chr18	61529295	61529465	61529027	61529465	170	438	0.3881278538812785	NaN	NaN	0.365290790086527	0.3547215461730957	true	dss	epykit_chain_merge
858	30520	chr7	9938871	9939116	9938453	9939152	245	699	0.35050071530758226	NaN	NaN	0.28353900889489	0.32722708582878113	true	dss	epykit_chain_merge
859	27376	chr5	100789814	100790058	100790009	100790865	49	1051	0.046622264509990484	NaN	NaN	0.351836641655342	0.30634647607803345	true	dss	epykit_chain_merge
860	23652	chr3	111074148	111074530	111074147	111075555	382	1408	0.2713068181818182	NaN	NaN	0.311635650648614	0.41700461506843567	true	dss	epykit_chain_merge
861	23851	chr3	127384783	127384869	127384643	127385329	86	686	0.12536443148688048	NaN	NaN	0.405479046332705	0.3750935196876526	true	dss	epykit_chain_merge
863	14308	chr17	56765958	56766030	56765584	56766202	72	618	0.11650485436893204	NaN	NaN	0.294582850597888	0.3722180128097534	true	dss	epykit_chain_merge
864	33849	chr8	119673146	119673248	119671666	119674921	102	3255	0.03133640552995392	NaN	NaN	0.383202048234426	0.43977057933807373	true	dss	epykit_chain_merge
865	28394	chr6	1885528	1885677	1885601	1886276	76	748	0.10160427807486631	NaN	NaN	0.297748406553693	0.2674765884876251	true	dss	epykit_chain_merge
866	14573	chr17	72392778	72392875	72392548	72392885	97	337	0.2878338278931751	NaN	NaN	0.552130252370472	0.5114468336105347	true	dss	epykit_chain_merge
867	1891	chr1	160402669	160403116	160401665	160403282	447	1617	0.2764378478664193	NaN	NaN	0.37796237276736	0.24876819550991058	true	dss	epykit_chain_merge
868	1408	chr1	91846073	91846212	91846072	91847018	139	946	0.14693446088794926	NaN	NaN	-0.189325148582677	-0.2588914632797241	true	dss	epykit_chain_merge
869	12081	chr15	100471548	100471638	100471547	100472338	90	791	0.11378002528445007	NaN	NaN	-0.409538585143963	-0.3180919587612152	true	dss	epykit_chain_merge
870	6045	chr11	82720766	82720852	82720462	82721162	86	700	0.12285714285714286	NaN	NaN	0.39700632582146	0.3726862370967865	true	dss	epykit_chain_merge
871	10100	chr14	56795505	56795621	56794049	56795655	116	1606	0.0722291407222914	NaN	NaN	0.415816530978309	0.28771138191223145	true	dss	epykit_chain_merge
872	34977	chr9	88234470	88234633	88234293	88234750	163	457	0.35667396061269147	NaN	NaN	0.478587776944415	0.3864651024341583	true	dss	epykit_chain_merge
873	11469	chr15	61619964	61620186	61619700	61620186	222	486	0.4567901234567901	NaN	NaN	0.32767005223566	0.3617107570171356	true	dss	epykit_chain_merge
874	31011	chr7	47507573	47507634	47507074	47508761	61	1687	0.03615886188500297	NaN	NaN	0.468174878092911	0.29501235485076904	true	dss	epykit_chain_merge
875	4275	chr10	99994287	99994431	99994396	99994560	35	273	0.1282051282051282	NaN	NaN	0.292114292327058	0.4469467103481293	true	dss	epykit_chain_merge
877	22841	chr3	38634163	38634225	38634162	38634769	62	607	0.10214168039538715	NaN	NaN	0.516583661044238	0.26192060112953186	true	dss	epykit_chain_merge
879	18739	chr2	152381257	152381362	152380831	152381877	105	1046	0.10038240917782026	NaN	NaN	0.39978528135988	0.3425986170768738	true	dss	epykit_chain_merge
880	6159	chr11	97038782	97039072	97038693	97039232	290	539	0.5380333951762524	NaN	NaN	-0.402640071455105	-0.34121814370155334	true	dss	epykit_chain_merge
886	29871	chr6	151021771	151021879	151021770	151022130	108	360	0.3	NaN	NaN	0.312357830487347	0.3291679620742798	true	dss	epykit_chain_merge
887	32247	chr7	155492094	155492228	155491519	155492512	134	993	0.13494461228600202	NaN	NaN	0.386096974441943	0.389883428812027	true	dss	epykit_chain_merge
889	5303	chr11	31820716	31820820	31819419	31821886	104	2467	0.04215646534252128	NaN	NaN	0.423829438353944	0.3798503875732422	true	dss	epykit_chain_merge
890	20089	chr20	23065265	23065325	23065264	23065894	60	630	0.09523809523809523	NaN	NaN	0.329185038593139	0.2965841293334961	true	dss	epykit_chain_merge
891	4803	chr10	128453762	128453961	128453623	128453901	139	338	0.41124260355029585	NaN	NaN	0.358338183652484	0.3981413245201111	true	dss	epykit_chain_merge
892	5346	chr11	35205869	35206069	35205612	35206069	200	457	0.437636761487965	NaN	NaN	0.342376219562063	0.35368138551712036	true	dss	epykit_chain_merge
893	28577	chr6	12582392	12582705	12582254	12582705	313	451	0.6940133037694013	NaN	NaN	0.375791856630876	0.36729058623313904	true	dss	epykit_chain_merge
894	29601	chr6	126091267	126091328	126090932	126092589	61	1657	0.036813518406759206	NaN	NaN	0.486764800682327	0.359329491853714	true	dss	epykit_chain_merge
895	12974	chr16	61681810	61681926	61681020	61681926	116	906	0.1280353200883002	NaN	NaN	-0.517181045558428	-0.4443248510360718	true	dss	epykit_chain_merge
896	5907	chr11	70365163	70365230	70364877	70365543	67	666	0.1006006006006006	NaN	NaN	0.36779648140345	0.25354403257369995	true	dss	epykit_chain_merge
897	17620	chr2	49111958	49112344	49111394	49112344	386	950	0.4063157894736842	NaN	NaN	0.278671570304295	0.2553286850452423	true	dss	epykit_chain_merge
898	30237	chr6	167834270	167834337	167833504	167836958	67	3454	0.019397799652576722	NaN	NaN	0.413364285272532	0.32189539074897766	true	dss	epykit_chain_merge
901	29811	chr6	148422246	148422388	148422034	148422487	142	453	0.31346578366445915	NaN	NaN	-0.538970226258086	-0.5252415537834167	true	dss	epykit_chain_merge
902	20822	chr20	61439780	61439862	61439327	61439828	48	535	0.08971962616822429	NaN	NaN	0.406038368782603	0.39245176315307617	true	dss	epykit_chain_merge
903	17311	chr2	28650195	28650390	28649174	28650390	195	1216	0.16036184210526316	NaN	NaN	0.27452603216167	0.2842406928539276	true	dss	epykit_chain_merge
904	16673	chr19	52935585	52935669	52935570	52935706	84	136	0.6176470588235294	NaN	NaN	-0.432938855603698	-0.4361865222454071	true	dss	epykit_chain_merge
905	32012	chr7	139495484	139495655	139494559	139495888	171	1329	0.12866817155756208	NaN	NaN	0.489866429868724	0.4043402373790741	true	dss	epykit_chain_merge
906	16728	chr19	56229595	56229677	56229003	56229651	56	674	0.0830860534124629	NaN	NaN	-0.199152139716881	-0.24057023227214813	true	dss	epykit_chain_merge
908	30138	chr6	164150469	164150520	164149936	164152194	51	2258	0.022586359610274578	NaN	NaN	-0.356685941845368	-0.2216476947069168	true	dss	epykit_chain_merge
909	20856	chr20	62584502	62584634	62584473	62584692	132	219	0.6027397260273972	NaN	NaN	0.525808488812891	0.46087783575057983	true	dss	epykit_chain_merge
910	13382	chr16	86361636	86361766	86361635	86361993	130	358	0.36312849162011174	NaN	NaN	0.465775848357816	0.4136965274810791	true	dss	epykit_chain_merge
911	8960	chr13	44270849	44270931	44270507	44270931	82	424	0.19339622641509435	NaN	NaN	0.292235016444863	0.346221923828125	true	dss	epykit_chain_merge
913	3610	chr10	35212543	35212602	35212599	35213253	3	710	0.004225352112676056	NaN	NaN	0.0768193862907838	0.3165363073348999	true	dss	epykit_chain_merge
915	24893	chr4	19193331	19193479	19193138	19193482	148	344	0.43023255813953487	NaN	NaN	0.287841471129515	0.33951807022094727	true	dss	epykit_chain_merge
916	6874	chr12	4433966	4434059	4433370	4434329	93	959	0.09697601668404589	NaN	NaN	0.409163445209629	0.3634949028491974	true	dss	epykit_chain_merge
917	8127	chr12	115994602	115994825	115994601	115994971	223	370	0.6027027027027027	NaN	NaN	-0.372391925960212	-0.3540028929710388	true	dss	epykit_chain_merge
918	21100	chr21	16212119	16212317	16211297	16212792	198	1495	0.13244147157190636	NaN	NaN	-0.521970024518106	-0.35515841841697693	true	dss	epykit_chain_merge
919	10558	chr14	92487561	92487619	92487560	92487962	58	402	0.14427860696517414	NaN	NaN	0.462270736886402	0.4232773780822754	true	dss	epykit_chain_merge
920	17624	chr2	50067018	50067150	50066911	50067150	132	239	0.5523012552301255	NaN	NaN	0.386322742982273	0.42056116461753845	true	dss	epykit_chain_merge
921	2422	chr1	217929328	217929421	217929294	217929701	93	407	0.2285012285012285	NaN	NaN	0.513640392955526	0.47394922375679016	true	dss	epykit_chain_merge
1	1005	chr2	63058511	63059711	63058501	63059000	489	1210	0.4041322314049587	NaN	0.0381508435773974	0.606419102778372	0.56893756085887	true	dss	methylkit
5	7793	chr16	79347087	79347893	79347501	79348000	392	913	0.4293537787513691	NaN	0.0184412313039355	0.581437367474834	0.579514594877951	true	dss	methylkit
8	3085	chr5	158977536	158978928	158978001	158978500	499	1392	0.3584770114942529	NaN	0.00356028074517191	0.724397547240146	0.812538309124343	true	dss	methylkit
10	3260	chr6	14754798	14755385	14755001	14755500	384	702	0.5470085470085471	NaN	0.0420980031678938	0.592775169179236	0.672048506396622	true	dss	methylkit
24	3417	chr6	55873407	55875151	55874001	55874500	499	1744	0.2861238532110092	NaN	0.0258273456286404	0.597254363953692	0.60966841640999	true	dss	methylkit
27	227	chr1	34441413	34441986	34441501	34442000	485	587	0.8262350936967632	NaN	0.0181154335321038	0.533232012145938	0.570463422483644	true	dss	methylkit
29	7599	chr16	17013527	17014070	17013501	17014000	473	569	0.8312829525483304	NaN	0.038879509742493	0.469937255693489	0.48138926966113	true	dss	methylkit
29	7600	chr16	17013527	17014070	17014001	17014500	69	973	0.07091469681397738	NaN	2.66293755713497e-12	0.469937255693489	0.0608153453982756	true	dss	methylkit
33	8238	chr17	77163000	77163979	77163001	77163500	499	979	0.5097037793667007	NaN	0.0325745589661662	0.477554406266555	0.531774540893082	true	dss	methylkit
36	2932	chr5	100774827	100775179	100774501	100775000	173	678	0.2551622418879056	NaN	0.0438247032552302	0.615736845437429	0.363181844253676	true	dss	methylkit
41	1006	chr2	63060100	63060773	63060001	63060500	400	772	0.5181347150259067	NaN	0.0357870631128809	0.4351408106778	0.41814036822467004	true	dss	methylkit
48	9553	chrX	667003	667466	667001	667500	463	499	0.9278557114228457	NaN	0.033890994338769	0.431120993669996	0.43929970265323	true	dss	methylkit
78	788	chr2	1456080	1456338	1456001	1456500	258	499	0.5170340681362725	NaN	0.0272193800946674	0.545722625829525	0.493708245104315	true	dss	methylkit
80	5722	chr11	27469082	27469881	27469001	27469500	418	880	0.475	NaN	0.049858974862428	0.433491908504469	0.41727226544744805	true	dss	methylkit
84	6669	chr13	20331898	20332434	20332001	20332500	433	602	0.7192691029900332	NaN	3.01034309708938e-32	0.351397933162929	0.314261398176292	true	dss	methylkit
111	4292	chr8	1455727	1455940	1455501	1456000	213	499	0.42685370741482964	NaN	0.0224732192831252	0.498078228287792	0.479910714285714	true	dss	methylkit
117	3330	chr6	27977536	27977803	27977501	27978000	267	499	0.5350701402805611	NaN	2.58923694788867e-89	0.557306053415584	0.560382945519297	true	dss	methylkit
123	7625	chr16	23051531	23051999	23051501	23052000	468	499	0.9378757515030061	NaN	0.025461512335938	0.510750127759348	0.506493506493506	true	dss	methylkit
131	2645	chr5	2744468	2745347	2744001	2744500	32	1346	0.0237741456166419	NaN	2.72533177615376e-13	0.378653844021961	0.210741389375365	true	dss	methylkit
131	2646	chr5	2744468	2745347	2745001	2745500	346	1032	0.33527131782945735	NaN	1.23184774089789e-40	0.378653844021961	0.378230854662022	true	dss	methylkit
133	3208	chr6	3008962	3009311	3008501	3009000	38	810	0.04691358024691358	NaN	7.3132445880401e-16	0.416297344283226	0.21410839042257301	true	dss	methylkit
133	3209	chr6	3008962	3009311	3009001	3009500	310	538	0.5762081784386617	NaN	0.0370699940139616	0.416297344283226	0.421750467233376	true	dss	methylkit
138	6552	chr12	125499454	125499863	125499501	125500000	362	546	0.663003663003663	NaN	0.038117825847936	0.42442225334604	0.43460832745236405	true	dss	methylkit
142	1222	chr2	125983231	125983917	125983001	125983500	269	916	0.29366812227074235	NaN	0.0342688371009246	0.425434984425111	0.35764248704663204	true	dss	methylkit
154	600	chr1	207171703	207172022	207171501	207172000	297	521	0.5700575815738963	NaN	0.0222238704996169	0.501117647824571	0.48948246007824	true	dss	methylkit
159	5777	chr11	49225208	49225735	49225501	49226000	234	792	0.29545454545454547	NaN	0.0350561519477746	-0.35288450974446	-0.389048539000242	true	dss	methylkit
185	3452	chr6	75156157	75156678	75156001	75156500	343	677	0.5066469719350074	NaN	1.42060075707098e-63	0.397808569121991	0.458556718339023	true	dss	methylkit
200	8510	chr18	77825845	77826301	77825501	77826000	155	800	0.19375	NaN	0.0481578729833683	0.41510897445897	0.362289635247382	true	dss	methylkit
222	8578	chr19	7287691	7288083	7287501	7288000	309	582	0.5309278350515464	NaN	0.04091374799822	0.430014836992421	0.40528608591524096	true	dss	methylkit
229	6878	chr13	106467248	106467561	106467501	106468000	60	752	0.0797872340425532	NaN	4.09723435418426e-10	0.401694835675346	0.19399773691517802	true	dss	methylkit
231	2063	chr3	172222548	172222815	172222501	172223000	267	499	0.5350701402805611	NaN	0.0185377395592744	0.436840228067405	0.44027791465457805	true	dss	methylkit
234	8029	chr17	30271110	30271426	30271001	30271500	316	499	0.6332665330661322	NaN	0.0301294075012614	0.434048709238596	0.379046879046879	true	dss	methylkit
238	5598	chr10	127402828	127403136	127402501	127403000	172	635	0.27086614173228346	NaN	2.74496521306923e-42	0.512061207538214	0.3897252097343	true	dss	methylkit
250	1983	chr3	130200802	130201110	130200501	130201000	198	609	0.3251231527093596	NaN	6.29189265969454e-7	0.512722699085968	0.171717370356532	true	dss	methylkit
251	5229	chr10	15868098	15868266	15868001	15868500	168	499	0.3366733466933868	NaN	0.0286191159421975	0.57300605438057	0.579071669275129	true	dss	methylkit
274	2039	chr3	157631572	157631745	157631501	157632000	173	499	0.3466933867735471	NaN	0.0242627255061403	0.371558384563694	0.364396718706763	true	dss	methylkit
298	3372	chr6	37542130	37542504	37542001	37542500	370	503	0.73558648111332	NaN	0.0232175072517095	0.414207908357699	0.447146818447169	true	dss	methylkit
299	753	chr1	245645968	245646218	245645501	245646000	32	717	0.044630404463040445	NaN	0.000051562318181372	0.407345560622718	0.12613351037816	true	dss	methylkit
299	754	chr1	245645968	245646218	245646001	245646500	217	532	0.40789473684210525	NaN	0.0236472240950985	0.407345560622718	0.40157765233753107	true	dss	methylkit
302	8290	chr18	463524	463701	463501	464000	177	499	0.35470941883767537	NaN	0.03888257989691	0.352598604459794	0.378941429009506	true	dss	methylkit
303	3592	chr6	137340779	137340883	137340501	137341000	104	499	0.20841683366733466	NaN	0.0256089859879114	0.619595717312026	0.47139739606450703	true	dss	methylkit
304	8915	chr20	23086490	23086602	23086501	23087000	101	510	0.1980392156862745	NaN	7.9159333482372e-18	0.451402847538666	0.25363186200564003	true	dss	methylkit
305	3464	chr6	83429786	83430083	83429501	83430000	214	582	0.36769759450171824	NaN	5.42789167000612e-23	0.403614494428509	0.32238401509304504	true	dss	methylkit
316	4864	chr9	73160922	73161385	73161001	73161500	384	578	0.6643598615916955	NaN	1.87230596448179e-33	0.34164089267703	0.33515355243788203	true	dss	methylkit
321	1748	chr3	60330024	60330434	60330001	60330500	410	499	0.8216432865731463	NaN	0.01824043106635	0.413559124300744	0.41346571988103903	true	dss	methylkit
325	224	chr1	33667763	33667916	33667501	33668000	153	499	0.3066132264529058	NaN	0.0434998206974265	0.470659435781964	0.419548425430778	true	dss	methylkit
369	4893	chr9	84863225	84863617	84863001	84863500	275	616	0.44642857142857145	NaN	1.50387529006483e-34	0.41650742069815	0.35609247906399	true	dss	methylkit
386	6433	chr12	105736108	105736292	105736001	105736500	184	499	0.3687374749498998	NaN	0.027362840477681	0.398093182509739	0.425763142353943	true	dss	methylkit
387	2943	chr5	107651439	107651638	107651501	107652000	137	561	0.24420677361853832	NaN	0.0480334278074643	0.37903297372767	0.38387688043454	true	dss	methylkit
390	8193	chr17	68564004	68564157	68564001	68564500	153	499	0.3066132264529058	NaN	0.0302534083600939	0.492219600641326	0.47632987976139	true	dss	methylkit
392	3596	chr6	138560179	138560444	138560001	138560500	265	499	0.531062124248497	NaN	0.0483007972626545	0.37400799374776	0.378429049925194	true	dss	methylkit
393	1489	chr2	231334476	231334742	231334501	231335000	241	524	0.4599236641221374	NaN	0.0195700882152487	0.464044682646102	0.303452558370591	true	dss	methylkit
399	2080	chr3	179464866	179465042	179464501	179465000	134	541	0.2476894639556377	NaN	2.12281138763455e-22	0.348119592118224	0.248256562694896	true	dss	methylkit
404	898	chr2	26339714	26339977	26339501	26340000	263	499	0.5270541082164328	NaN	0.0349292840731666	-0.449900685605357	-0.389583333333333	true	dss	methylkit
427	7912	chr17	6903425	6903683	6903501	6904000	182	575	0.3165217391304348	NaN	0.0368778265100521	-0.403833966228237	-0.369173981084575	true	dss	methylkit
438	4318	chr8	6420897	6421072	6421001	6421500	71	603	0.11774461028192372	NaN	1.10524921623898e-26	0.459559556282961	0.24110149110149098	true	dss	methylkit
454	1464	chr2	219966243	219966546	219966001	219966500	257	545	0.47155963302752296	NaN	6.59160905510195e-37	0.390703845790439	0.41391914252550005	true	dss	methylkit
462	6401	chr12	95156361	95156537	95156501	95157000	36	639	0.056338028169014086	NaN	0.0000153424231804754	0.412673582675627	0.133754678809061	true	dss	methylkit
474	3331	chr6	28001845	28001962	28001501	28002000	117	499	0.23446893787575152	NaN	1.35197918112706e-64	0.521127859694218	0.372483423749247	true	dss	methylkit
497	2774	chr5	38264056	38264325	38264001	38264500	269	499	0.5390781563126252	NaN	0.0291739314316469	0.462393215421252	0.46350448391067306	true	dss	methylkit
499	2572	chr4	185717449	185717525	185717501	185718000	24	551	0.043557168784029036	NaN	0.000126242388114075	0.292158526276518	0.061658610501798106	true	dss	methylkit
515	2450	chr4	139986156	139986369	139986001	139986500	213	499	0.42685370741482964	NaN	0.0325330692341684	0.414244235296867	0.428989214948583	true	dss	methylkit
545	839	chr2	9961387	9961472	9961001	9961500	85	499	0.17034068136272545	NaN	1.25692398477795e-46	0.288067571573726	0.30216067349090603	true	dss	methylkit
604	4534	chr8	71591517	71591900	71591501	71592000	383	499	0.7675350701402806	NaN	1.21539710470227e-23	0.320022898074159	0.320580132879598	true	dss	methylkit
611	2365	chr4	86387100	86387273	86387001	86387500	173	499	0.3466933867735471	NaN	1.13370161480011e-31	0.387319611839755	0.386253446545865	true	dss	methylkit
624	7154	chr14	101062148	101062233	101062001	101062500	85	499	0.17034068136272545	NaN	0.0205938338719042	0.301843104730308	0.512316859625756	true	dss	methylkit
631	3109	chr5	167575468	167575775	167575501	167576000	274	532	0.5150375939849624	NaN	1.0490007089815e-42	0.378598778663684	0.301973684210526	true	dss	methylkit
699	3571	chr6	130632741	130632897	130632501	130633000	156	499	0.312625250501002	NaN	1.13377392748636e-40	0.412402499221155	0.40018418892057706	true	dss	methylkit
700	2880	chr5	78103364	78103499	78103001	78103500	135	499	0.27054108216432865	NaN	1.31028429996246e-17	0.312715767602709	0.253346055979644	true	dss	methylkit
719	4131	chr7	117226225	117226400	117226001	117226500	175	499	0.35070140280561124	NaN	0.0380632773652399	0.358353766105331	0.39238247132984	true	dss	methylkit
735	4582	chr8	97190836	97190953	97190501	97191000	117	499	0.23446893787575152	NaN	0.0498370683921482	0.388296930841068	0.357534246575342	true	dss	methylkit
769	8198	chr17	70104775	70104848	70104501	70105000	73	499	0.1462925851703407	NaN	6.4147595011077e-38	0.383798328517003	0.38114889214783504	true	dss	methylkit
809	8937	chr20	25864766	25864853	25864501	25865000	87	499	0.1743486973947896	NaN	0.0227515632733674	0.532320943317174	0.49534455842997305	true	dss	methylkit
814	8788	chr19	50781009	50781165	50781001	50781500	156	499	0.312625250501002	NaN	6.16610720977104e-52	0.39445401253028	0.41201578192252497	true	dss	methylkit
816	3340	chr6	29798059	29798285	29798001	29798500	226	499	0.4529058116232465	NaN	4.28092682749891e-30	-0.421704562859495	-0.353763353763354	true	dss	methylkit
842	7299	chr15	46764859	46765029	46764501	46765000	141	528	0.26704545454545453	NaN	2.40797907367842e-20	0.353826500612621	0.25446049099946	true	dss	methylkit
843	4211	chr7	148588798	148588907	148588501	148589000	109	499	0.218436873747495	NaN	0.0363677231681502	0.456692650429493	0.374475468540418	true	dss	methylkit
851	821	chr2	6674314	6674538	6674001	6674500	186	537	0.3463687150837989	NaN	7.37030959979219e-16	-0.429423567023654	-0.291241331782745	true	dss	methylkit
915	2237	chr4	19193331	19193479	19193001	19193500	148	499	0.2965931863727455	NaN	4.3252081052365e-64	0.287841471129515	0.295891250436705	true	dss	methylkit
919	7109	chr14	92487561	92487619	92487501	92488000	58	499	0.11623246492985972	NaN	0.030466138485761	0.462270736886402	0.408292014921849	true	dss	methylkit
16	7	chr1	2249058	2249779	2249001	2249500	442	778	0.5681233933161953	NaN	6.06700606326177e-31	0.26709675788879395	0.29535762212448097	true	epykit_chain_merge	methylkit
16	8	chr1	2249058	2249779	2249501	2250000	278	942	0.2951167728237792	NaN	2.95495060621051e-13	0.26709675788879395	0.18909927181538802	true	epykit_chain_merge	methylkit
71	23	chr1	3907819	3907888	3907501	3908000	69	499	0.13827655310621242	NaN	0.025048449692144	0.11874382942914963	0.051324963696097604	true	epykit_chain_merge	methylkit
77	25	chr1	4010169	4011271	4010501	4011000	499	1102	0.4528130671506352	NaN	0.042656430855997	0.25764450430870056	0.306777381745068	true	epykit_chain_merge	methylkit
107	30	chr1	4664944	4665572	4665001	4665500	499	628	0.7945859872611465	NaN	2.09603267017984e-8	0.19105620682239532	0.21215198567468802	true	epykit_chain_merge	methylkit
115	31	chr1	4847965	4848404	4848001	4848500	403	535	0.7532710280373832	NaN	4.07734989341223e-9	0.20622089505195618	0.22609749211876	true	epykit_chain_merge	methylkit
125	33	chr1	5156993	5157906	5157001	5157500	499	913	0.5465498357064622	NaN	0.0361483275054445	0.13337719440460205	0.0675770308123249	true	epykit_chain_merge	methylkit
142	35	chr1	5478743	5479303	5478501	5479000	257	802	0.3204488778054863	NaN	1.34957713802595e-7	0.1739884316921234	0.158694546743301	true	epykit_chain_merge	methylkit
195	42	chr1	7152305	7153034	7153001	7153500	33	1195	0.027615062761506277	NaN	0.000542928653363652	0.15323896706104279	0.103240424971023	true	epykit_chain_merge	methylkit
197	43	chr1	7245705	7246194	7246001	7246500	193	795	0.24276729559748428	NaN	3.40951398143961e-9	0.30699312686920166	0.198570521925716	true	epykit_chain_merge	methylkit
201	45	chr1	7331689	7332329	7331501	7332000	311	828	0.3756038647342995	NaN	0.0000876244435036248	0.32121938467025757	0.18421739130434803	true	epykit_chain_merge	methylkit
242	53	chr1	8599072	8599603	8599001	8599500	428	602	0.7109634551495017	NaN	0.0352745986558001	0.2636887729167938	0.303905935391049	true	epykit_chain_merge	methylkit
254	57	chr1	8947312	8947827	8947001	8947500	188	826	0.22760290556900725	NaN	0.00432851902006075	0.1841585338115692	0.0788014092075119	true	epykit_chain_merge	methylkit
275	63	chr1	9861395	9861655	9861001	9861500	105	654	0.16055045871559634	NaN	0.0321350637470216	0.3188464045524597	0.111789205761555	true	epykit_chain_merge	methylkit
278	64	chr1	10059475	10059666	10059501	10060000	165	525	0.3142857142857143	NaN	0.00188796969596967	0.18486849963665009	0.14074169169113301	true	epykit_chain_merge	methylkit
286	73	chr1	10515467	10515897	10515501	10516000	396	533	0.7429643527204502	NaN	1.2879298232371e-8	0.18868768215179443	0.155205208149499	true	epykit_chain_merge	methylkit
333	80	chr1	12508009	12508352	12508001	12508500	343	499	0.687374749498998	NaN	0.0486268032423506	-0.08658264577388763	-0.0439746511353422	true	epykit_chain_merge	methylkit
361	88	chr1	14259656	14260237	14260001	14260500	236	844	0.2796208530805687	NaN	0.00839600052368678	0.2516095042228699	0.0886773292713887	true	epykit_chain_merge	methylkit
404	96	chr1	15354293	15354585	15354001	15354500	207	584	0.3544520547945205	NaN	9.48176506208696e-6	0.2734858989715576	0.18775268030852899	true	epykit_chain_merge	methylkit
427	102	chr1	16721982	16722424	16722001	16722500	423	518	0.8166023166023166	NaN	0.0000134447220522794	0.11998873203992844	0.0933340470675257	true	epykit_chain_merge	methylkit
436	105	chr1	17070315	17070471	17070001	17070500	156	499	0.312625250501002	NaN	0.00236900039853743	0.19222871959209442	0.0860322294063679	true	epykit_chain_merge	methylkit
500	125	chr1	18947247	18948003	18947001	18947500	253	1002	0.25249500998003993	NaN	2.58914305177061e-10	0.19380664825439453	0.203472379443061	true	epykit_chain_merge	methylkit
502	126	chr1	19011787	19012748	19011501	19012000	213	1247	0.17080994386527668	NaN	0.00698422237046541	0.20112848281860352	0.126943135091766	true	epykit_chain_merge	methylkit
547	148	chr1	21314088	21314336	21314001	21314500	248	499	0.4969939879759519	NaN	0.00167961722891983	0.24520252645015717	0.123363381114231	true	epykit_chain_merge	methylkit
590	158	chr1	22773869	22774728	22773501	22774000	131	1227	0.10676446617766912	NaN	0.000153358583737137	-0.19408491253852844	-0.10547697808256301	true	epykit_chain_merge	methylkit
606	168	chr1	23826089	23826297	23826001	23826500	208	499	0.4168336673346693	NaN	0.000225386108150906	-0.10755332559347153	-0.08836416747809149	true	epykit_chain_merge	methylkit
611	171	chr1	24046518	24046771	24046501	24047000	253	499	0.5070140280561122	NaN	0.0000135763612508935	-0.20929701626300812	-0.17284933616270098	true	epykit_chain_merge	methylkit
736	220	chr1	33234382	33235298	33235001	33235500	297	1118	0.26565295169946335	NaN	1.37172588099912e-10	0.28987932205200195	0.208333333333333	true	epykit_chain_merge	methylkit
737	221	chr1	33261542	33261828	33261501	33262000	286	499	0.5731462925851704	NaN	0.00869488408393435	0.12510915100574493	0.132209435359042	true	epykit_chain_merge	methylkit
742	223	chr1	33423821	33424765	33424001	33424500	499	944	0.5286016949152542	NaN	0.00164137991105884	0.15865777432918549	0.128214285714286	true	epykit_chain_merge	methylkit
749	224	chr1	33667637	33668553	33667501	33668000	363	1052	0.3450570342205323	NaN	0.0434998206974265	0.38998982310295105	0.419548425430778	true	epykit_chain_merge	methylkit
749	225	chr1	33667637	33668553	33668001	33668500	499	916	0.5447598253275109	NaN	5.97907600831157e-21	0.38998982310295105	0.298119781885648	true	epykit_chain_merge	methylkit
763	227	chr1	34441412	34442197	34441501	34442000	499	785	0.6356687898089172	NaN	0.0181154335321038	0.5310854911804199	0.570463422483644	true	epykit_chain_merge	methylkit
787	233	chr1	36709836	36711557	36710501	36711000	499	1721	0.28994770482277743	NaN	1.45192473861361e-6	-0.28033679723739624	-0.190452647769721	true	epykit_chain_merge	methylkit
790	234	chr1	36836753	36837158	36836501	36837000	247	657	0.3759512937595129	NaN	6.9810057281121e-12	0.3538837134838104	0.271643231320651	true	epykit_chain_merge	methylkit
791	235	chr1	36864944	36865566	36865501	36866000	65	1056	0.061553030303030304	NaN	0.0000205170944420296	0.19803348183631897	0.145952041785375	true	epykit_chain_merge	methylkit
804	237	chr1	37353801	37354190	37353501	37354000	199	689	0.2888243831640058	NaN	3.02840465863192e-15	-0.26735812425613403	-0.224175501425878	true	epykit_chain_merge	methylkit
812	243	chr1	38074083	38074810	38074501	38075000	309	917	0.33696837513631406	NaN	0.000271646093596684	0.2526490390300751	0.137265625637719	true	epykit_chain_merge	methylkit
819	245	chr1	38226033	38226492	38226001	38226500	459	499	0.9198396793587175	NaN	0.000069015468717265	0.1739572286605835	0.153798555006493	true	epykit_chain_merge	methylkit
825	246	chr1	38288174	38288517	38288001	38288500	326	516	0.6317829457364341	NaN	0.023960351281878	0.09123074263334274	0.0727509847758969	true	epykit_chain_merge	methylkit
836	248	chr1	38624366	38624571	38624501	38625000	70	634	0.11041009463722397	NaN	1.87529936810758e-7	-0.3005683124065399	-0.16884413883431598	true	epykit_chain_merge	methylkit
896	267	chr1	43914112	43914456	43914001	43914500	344	499	0.6893787575150301	NaN	5.05694706348945e-8	0.1591242104768753	0.139120447944593	true	epykit_chain_merge	methylkit
903	269	chr1	44295990	44296490	44295501	44296000	10	989	0.010111223458038422	NaN	0.0143169942208032	0.22762426733970642	0.0749250810347991	true	epykit_chain_merge	methylkit
939	280	chr1	47992269	47993565	47993001	47993500	499	1296	0.38503086419753085	NaN	9.29082215634262e-13	0.29765233397483826	0.22542559123026099	true	epykit_chain_merge	methylkit
970	292	chr1	50973676	50974181	50973501	50974000	324	680	0.4764705882352941	NaN	4.31364104058338e-6	0.18250581622123718	0.15664435762682302	true	epykit_chain_merge	methylkit
1001	304	chr1	53942878	53943203	53943001	53943500	202	622	0.3247588424437299	NaN	0.0000674388170105238	0.1737639307975769	0.0758439440598132	true	epykit_chain_merge	methylkit
1145	326	chr1	63001464	63002771	63001001	63001500	36	1770	0.020338983050847456	NaN	1.34957713802595e-7	0.10692380368709564	0.114161053924683	true	epykit_chain_merge	methylkit
1147	327	chr1	63098182	63098625	63098001	63098500	318	624	0.5096153846153846	NaN	0.000601939416598649	0.13893263041973114	0.09281749935019601	true	epykit_chain_merge	methylkit
1192	336	chr1	67919305	67919582	67919001	67919500	195	581	0.33562822719449226	NaN	0.0384395421609571	0.21006794273853302	0.0577461816739359	true	epykit_chain_merge	methylkit
1294	347	chr1	82620780	82621452	82621001	82621500	451	720	0.6263888888888889	NaN	4.34890091261203e-11	-0.1974949985742569	-0.20301123361764098	true	epykit_chain_merge	methylkit
1312	350	chr1	84428256	84428568	84428501	84429000	67	744	0.09005376344086022	NaN	4.38637541238204e-18	0.3996128439903259	0.211514242878561	true	epykit_chain_merge	methylkit
1324	355	chr1	85258504	85258806	85258501	85259000	302	499	0.6052104208416834	NaN	2.75682763590362e-12	0.1394091546535492	0.137086343243669	true	epykit_chain_merge	methylkit
1373	361	chr1	88682776	88683271	88682501	88683000	224	770	0.2909090909090909	NaN	2.96160383124648e-6	-0.1957983672618866	-0.0681001897771295	true	epykit_chain_merge	methylkit
1420	372	chr1	93836827	93837143	93836501	93837000	173	642	0.26947040498442365	NaN	0.0119528423867837	-0.20977003872394562	-0.0729277733994715	true	epykit_chain_merge	methylkit
1509	386	chr1	104344569	104344687	104344501	104345000	118	499	0.23647294589178355	NaN	5.06348110773505e-8	-0.13673606514930725	-0.12697646414294	true	epykit_chain_merge	methylkit
1544	397	chr1	109658104	109658722	109658001	109658500	396	721	0.5492371705963939	NaN	0.0447423264358277	0.35772061347961426	0.370388189236357	true	epykit_chain_merge	methylkit
1553	400	chr1	110090097	110090522	110090001	110090500	403	521	0.7735124760076776	NaN	3.3739701744309e-14	0.2709720730781555	0.258699237270666	true	epykit_chain_merge	methylkit
1683	431	chr1	122720147	122720393	122720001	122720500	246	499	0.49298597194388777	NaN	0.0000974163477435108	-0.13448669016361237	-0.09817153280708811	true	epykit_chain_merge	methylkit
1698	439	chr1	123388036	123388344	123388001	123388500	308	499	0.6172344689378757	NaN	2.68936888931079e-7	-0.1343771070241928	-0.137073721107578	true	epykit_chain_merge	methylkit
1759	458	chr1	144470079	144470940	144470001	144470500	421	939	0.4483493077742279	NaN	4.47806819231133e-12	-0.16308298707008362	-0.180194174757282	true	epykit_chain_merge	methylkit
1809	473	chr1	152154363	152154905	152154501	152155000	404	637	0.6342229199372057	NaN	3.57944176770877e-6	-0.17771871387958527	-0.199377495889124	true	epykit_chain_merge	methylkit
1814	476	chr1	152285569	152285865	152285501	152286000	296	499	0.593186372745491	NaN	7.4520788498642e-9	-0.17650942504405975	-0.183174000749488	true	epykit_chain_merge	methylkit
1819	477	chr1	152358272	152358879	152358001	152358500	228	878	0.25968109339407747	NaN	0.000240294751806858	-0.12451561540365219	-0.125886524822695	true	epykit_chain_merge	methylkit
1825	480	chr1	153466135	153467255	153466001	153466500	365	1254	0.29106858054226475	NaN	6.8925224919474e-18	0.19196593761444092	0.218853389956052	true	epykit_chain_merge	methylkit
1826	481	chr1	153493314	153493967	153493501	153494000	466	686	0.6793002915451894	NaN	3.14794231845177e-9	0.1850597858428955	0.224487471526196	true	epykit_chain_merge	methylkit
1859	493	chr1	156662175	156662753	156662501	156663000	252	825	0.3054545454545455	NaN	0.028497680493042	0.12809553742408752	0.09225861568968631	true	epykit_chain_merge	methylkit
1902	504	chr1	161531884	161533583	161532501	161533000	499	1699	0.2937021777516186	NaN	1.5393057869096e-37	-0.2415686398744583	-0.31087986578702803	true	epykit_chain_merge	methylkit
1941	511	chr1	165162745	165163119	165162501	165163000	255	618	0.41262135922330095	NaN	7.74260015180389e-12	-0.26714372634887695	-0.246050567789698	true	epykit_chain_merge	methylkit
1957	518	chr1	167501989	167502281	167502001	167502500	280	511	0.547945205479452	NaN	5.07571095127062e-12	0.24973361194133759	0.20077104032645	true	epykit_chain_merge	methylkit
1972	519	chr1	169095534	169095768	169095501	169096000	234	499	0.46893787575150303	NaN	1.21291957952935e-7	0.2010805308818817	0.16711824535425301	true	epykit_chain_merge	methylkit
1988	523	chr1	171606452	171606787	171606001	171606500	48	786	0.061068702290076333	NaN	0.00494527058286439	-0.26294249296188354	-0.0551808069090837	true	epykit_chain_merge	methylkit
2001	526	chr1	173603405	173603629	173603501	173604000	128	595	0.21512605042016808	NaN	2.72251469905011e-9	0.23254643380641937	0.16112110311750602	true	epykit_chain_merge	methylkit
2139	567	chr1	193181324	193182150	193181001	193181500	176	1149	0.15317667536988686	NaN	0.0000148301762519733	0.28129178285598755	0.130519165453663	true	epykit_chain_merge	methylkit
2233	594	chr1	204369387	204369646	204369001	204369500	113	645	0.17519379844961241	NaN	0.000224044726408392	-0.26956477761268616	-0.143538705564022	true	epykit_chain_merge	methylkit
2238	595	chr1	204601832	204602370	204601501	204602000	168	869	0.19332566168009205	NaN	0.00898750955329938	0.2889143228530884	0.137513258339682	true	epykit_chain_merge	methylkit
2282	600	chr1	207171702	207172022	207171501	207172000	298	521	0.5719769673704415	NaN	0.0222238704996169	0.513940155506134	0.48948246007824	true	epykit_chain_merge	methylkit
2291	601	chr1	207922705	207922868	207922501	207923000	163	499	0.32665330661322645	NaN	1.48525123011068e-8	0.2051021307706833	0.170157862780814	true	epykit_chain_merge	methylkit
2303	604	chr1	208256413	208256727	208256501	208257000	226	587	0.3850085178875639	NaN	0.0165344221217594	0.16325822472572327	0.09378730330982099	true	epykit_chain_merge	methylkit
2308	605	chr1	208475662	208475998	208475501	208476000	336	499	0.6733466933867736	NaN	0.000828714088707107	0.13302966952323914	0.159530297132477	true	epykit_chain_merge	methylkit
2343	614	chr1	212428822	212429443	212428501	212429000	178	942	0.18895966029723993	NaN	0.0496374626653735	-0.1952143758535385	-0.0578800654272352	true	epykit_chain_merge	methylkit
2386	626	chr1	214427766	214428451	214428001	214428500	450	734	0.6130790190735694	NaN	1.9559747909747e-10	0.18684999644756317	0.217718318424043	true	epykit_chain_merge	methylkit
2388	627	chr1	214700609	214701043	214700501	214701000	391	542	0.7214022140221402	NaN	5.08934357850138e-10	0.1639910787343979	0.16605473652661001	true	epykit_chain_merge	methylkit
2421	638	chr1	217924970	217925323	217924501	217925000	30	822	0.0364963503649635	NaN	4.39733680320687e-7	0.19547398388385773	0.0836572678032955	true	epykit_chain_merge	methylkit
2421	639	chr1	217924970	217925323	217925001	217925500	322	530	0.6075471698113207	NaN	0.0253899344407077	0.19547398388385773	0.1905750074457	true	epykit_chain_merge	methylkit
2468	653	chr1	223091972	223092789	223092001	223092500	499	817	0.6107711138310894	NaN	4.52929107797743e-26	0.13476945459842682	0.314734103848392	true	epykit_chain_merge	methylkit
2552	682	chr1	229754725	229755189	229754501	229755000	275	688	0.3997093023255814	NaN	0.0489462415543657	0.41964372992515564	0.28975700032185403	true	epykit_chain_merge	methylkit
2562	683	chr1	230122403	230122927	230122501	230123000	426	597	0.7135678391959799	NaN	3.47774473660479e-33	0.23274600505828857	0.291307732226258	true	epykit_chain_merge	methylkit
2604	692	chr1	231918840	231920712	231918501	231919000	160	2211	0.07236544549977386	NaN	1.13555300150883e-6	0.07760803401470184	0.17197488476203102	true	epykit_chain_merge	methylkit
2625	698	chr1	232548737	232549308	232548501	232549000	263	807	0.32589838909541513	NaN	1.47130668763955e-16	0.26406553387641907	0.264070810510439	true	epykit_chain_merge	methylkit
2633	699	chr1	232625213	232626344	232625001	232625500	287	1343	0.2137006701414743	NaN	4.82282530552255e-28	0.21730034053325653	0.281431556948798	true	epykit_chain_merge	methylkit
2662	704	chr1	234643199	234643395	234643001	234643500	196	499	0.3927855711422846	NaN	0.00289703462661288	0.111862413585186	0.0939505786675008	true	epykit_chain_merge	methylkit
2671	709	chr1	234953675	234955303	234955001	234955500	302	1825	0.16547945205479453	NaN	0.000151220370960328	0.1991558074951172	0.131414986063289	true	epykit_chain_merge	methylkit
2718	727	chr1	239587710	239589086	239589001	239589500	85	1790	0.04748603351955307	NaN	2.62030005599335e-12	0.2411002218723297	0.182075233526887	true	epykit_chain_merge	methylkit
2740	734	chr1	241108359	241108601	241108501	241109000	100	641	0.15600624024961	NaN	0.0236854251453074	0.15729212760925293	0.0759132420091324	true	epykit_chain_merge	methylkit
2751	737	chr1	242209016	242210297	242210001	242210500	296	1484	0.19946091644204852	NaN	0.0298509370471132	0.13592617213726044	-0.09565799256505571	false	epykit_chain_merge	methylkit
2752	738	chr1	242212365	242213410	242213001	242213500	409	1135	0.360352422907489	NaN	0.0000248011315580068	0.17881594598293304	0.16449579038773698	true	epykit_chain_merge	methylkit
2786	744	chr1	244099876	244101437	244100001	244100500	499	1561	0.3196668802049968	NaN	2.93278257936062e-13	0.24843719601631165	0.190946843853821	true	epykit_chain_merge	methylkit
2817	752	chr1	245516479	245516943	245516501	245517000	442	521	0.8483685220729367	NaN	4.08421310154919e-8	0.20286273956298828	0.19460424939755	true	epykit_chain_merge	methylkit
2825	753	chr1	245645799	245646333	245645501	245646000	201	832	0.24158653846153846	NaN	0.000051562318181372	0.3557994067668915	0.12613351037816	true	epykit_chain_merge	methylkit
2825	754	chr1	245645799	245646333	245646001	245646500	332	701	0.47360912981455067	NaN	0.0236472240950985	0.3557994067668915	0.40157765233753107	true	epykit_chain_merge	methylkit
2826	755	chr1	245654903	245655763	245654501	245655000	97	1262	0.0768621236133122	NaN	0.0272735991529156	0.1640000194311142	-0.0714731585518101	false	epykit_chain_merge	methylkit
2862	761	chr1	246961210	246961980	246961501	246962000	479	790	0.6063291139240506	NaN	0.0000102730502246843	-0.3194086253643036	-0.126367282136929	true	epykit_chain_merge	methylkit
2866	762	chr1	247323154	247323576	247323001	247323500	346	575	0.6017391304347826	NaN	0.0115444344749649	0.18319407105445862	0.105893405945955	true	epykit_chain_merge	methylkit
2904	5146	chr10	1124254	1124802	1124501	1125000	301	746	0.403485254691689	NaN	4.17833897431569e-7	-0.15934056043624878	-0.102737528738705	true	epykit_chain_merge	methylkit
2911	5147	chr10	1424753	1425371	1425001	1425500	370	747	0.49531459170013387	NaN	0.0233547335290521	0.1811170130968094	0.0917414308718657	true	epykit_chain_merge	methylkit
2917	5148	chr10	1546061	1546271	1546001	1546500	210	499	0.42084168336673344	NaN	0.000918823629884752	0.23888874053955078	0.0983363042186571	true	epykit_chain_merge	methylkit
3014	5164	chr10	3957884	3958396	3958001	3958500	395	616	0.6412337662337663	NaN	3.41827099693585e-12	0.18828336894512177	0.22032014763700603	true	epykit_chain_merge	methylkit
3020	5166	chr10	4243138	4243530	4243001	4243500	362	529	0.6843100189035917	NaN	0.0000326891536416264	0.14383353292942047	0.12867034298573202	true	epykit_chain_merge	methylkit
3045	5169	chr10	5556663	5557021	5556501	5557000	337	520	0.6480769230769231	NaN	7.40043281290033e-9	0.19986772537231445	0.137173579109063	true	epykit_chain_merge	methylkit
3050	5170	chr10	5608467	5609091	5608001	5608500	33	1090	0.030275229357798167	NaN	0.0169488518802384	0.34008538722991943	0.08463112335235101	true	epykit_chain_merge	methylkit
3090	5176	chr10	7085292	7085790	7085501	7086000	289	708	0.4081920903954802	NaN	8.70819872993993e-12	0.1550389975309372	0.142968021815435	true	epykit_chain_merge	methylkit
3114	5183	chr10	8095937	8096307	8096001	8096500	306	563	0.5435168738898757	NaN	0.0313438654074518	0.31230804324150085	0.303986378341563	true	epykit_chain_merge	methylkit
3119	5185	chr10	8379143	8379528	8379001	8379500	357	527	0.6774193548387096	NaN	0.000796868469750651	-0.2530342638492584	-0.117717737221537	true	epykit_chain_merge	methylkit
3147	5188	chr10	10797238	10797846	10797501	10798000	345	762	0.452755905511811	NaN	6.94583016532299e-16	0.2651081681251526	0.230399548862758	true	epykit_chain_merge	methylkit
3156	5190	chr10	11003365	11004746	11003501	11004000	499	1381	0.3613323678493845	NaN	8.88612837517845e-37	0.2958131432533264	0.298145261916624	true	epykit_chain_merge	methylkit
3192	5192	chr10	11670511	11670828	11670501	11671000	317	499	0.6352705410821643	NaN	7.3132445880401e-16	0.24082517623901367	0.23348946135831403	true	epykit_chain_merge	methylkit
3208	5198	chr10	12597914	12598783	12597501	12598000	86	1282	0.06708268330733229	NaN	0.0255162322796164	0.33633995056152344	0.0997216670549432	true	epykit_chain_merge	methylkit
3230	5207	chr10	13505010	13505426	13505001	13505500	416	499	0.8336673346693386	NaN	8.82468418348605e-25	0.21504011750221252	0.229540816326531	true	epykit_chain_merge	methylkit
3243	5211	chr10	13832138	13832764	13832501	13833000	263	862	0.3051044083526682	NaN	0.0050710152689666	0.22628267109394073	0.10327949094468901	true	epykit_chain_merge	methylkit
3249	5212	chr10	13870842	13872002	13871501	13872000	499	1160	0.43017241379310345	NaN	0.0470468286718234	0.1997297704219818	0.06351716252706349	true	epykit_chain_merge	methylkit
3253	5213	chr10	13915628	13916327	13916001	13916500	326	872	0.3738532110091743	NaN	0.00344079412716208	0.2720511853694916	0.14236253942136298	true	epykit_chain_merge	methylkit
3272	5220	chr10	14240150	14240761	14240501	14241000	260	850	0.3058823529411765	NaN	2.33972805132308e-6	0.1771652102470398	0.11386250565355001	true	epykit_chain_merge	methylkit
3286	5222	chr10	14774883	14775164	14774501	14775000	117	663	0.17647058823529413	NaN	0.0313624626392948	0.22601231932640076	0.0478435933579009	true	epykit_chain_merge	methylkit
3314	5229	chr10	15867185	15868266	15868001	15868500	265	1315	0.20152091254752852	NaN	0.0286191159421975	0.2729659080505371	0.579071669275129	true	epykit_chain_merge	methylkit
3359	5241	chr10	18753382	18753684	18753501	18754000	183	618	0.2961165048543689	NaN	3.97678128524671e-13	-0.24322819709777832	-0.228795776235282	true	epykit_chain_merge	methylkit
3401	5250	chr10	21817954	21818725	21818001	21818500	499	771	0.6472114137483788	NaN	0.00326661626491941	0.18423143029212952	0.107858048162231	true	epykit_chain_merge	methylkit
3403	5251	chr10	22041176	22041366	22041001	22041500	190	499	0.3807615230460922	NaN	2.98252232428753e-10	-0.13344162702560425	-0.119019560285914	true	epykit_chain_merge	methylkit
3442	5260	chr10	24496893	24497061	24496501	24497000	107	560	0.19107142857142856	NaN	0.0213201230359491	0.180495485663414	0.07835033867787021	true	epykit_chain_merge	methylkit
3449	5263	chr10	24992045	24992672	24992001	24992500	455	671	0.6780923994038748	NaN	4.01563444171385e-11	0.27361974120140076	0.175238095238095	true	epykit_chain_merge	methylkit
3465	5270	chr10	26366599	26367096	26366501	26367000	401	595	0.6739495798319328	NaN	0.00200563429210249	0.16767527163028717	0.10458758915480001	true	epykit_chain_merge	methylkit
3504	5276	chr10	29379923	29380876	29379501	29380000	77	1375	0.056	NaN	0.00317475164053069	0.2249869406223297	0.11017348371608501	true	epykit_chain_merge	methylkit
3509	5278	chr10	29515815	29516125	29515501	29516000	185	624	0.296474358974359	NaN	7.38366218043679e-9	0.1877395659685135	0.18508634222919898	true	epykit_chain_merge	methylkit
3559	5291	chr10	32981772	32982390	32982001	32982500	389	728	0.5343406593406593	NaN	9.42315387972543e-11	0.3346058428287506	0.221664583294464	true	epykit_chain_merge	methylkit
3560	5294	chr10	33015297	33015636	33015001	33015500	203	635	0.31968503937007875	NaN	0.000793413573919035	0.1424930840730667	0.0889074498577878	true	epykit_chain_merge	methylkit
3578	5301	chr10	33771965	33772720	33771501	33772000	35	1219	0.02871205906480722	NaN	0.0401200868591503	0.16659319400787354	0.0958417893321687	true	epykit_chain_merge	methylkit
3578	5302	chr10	33771965	33772720	33772501	33773000	219	1035	0.21159420289855072	NaN	4.98040812791995e-8	0.16659319400787354	0.051851382884431	true	epykit_chain_merge	methylkit
3607	5307	chr10	34918195	34919228	34918001	34918500	305	1227	0.24857375713121435	NaN	0.0371312859849718	0.2844732999801636	0.34624862848365195	true	epykit_chain_merge	methylkit
3647	5317	chr10	37212094	37212459	37212001	37212500	365	499	0.7314629258517034	NaN	0.000501611370460088	-0.10583920776844025	-0.109915234948858	true	epykit_chain_merge	methylkit
3696	5338	chr10	43337496	43338025	43338001	43338500	24	1004	0.02390438247011952	NaN	0.0289054523472125	-0.21858461201190948	-0.0673146258978731	true	epykit_chain_merge	methylkit
3716	5341	chr10	44955558	44956017	44955501	44956000	442	516	0.8565891472868217	NaN	1.32982413417731e-9	0.16653978824615479	0.15722377098939702	true	epykit_chain_merge	methylkit
3759	5351	chr10	48769785	48769919	48769501	48770000	134	499	0.2685370741482966	NaN	4.01733242367596e-10	-0.15169528126716614	-0.11861177978283101	true	epykit_chain_merge	methylkit
3872	5369	chr10	61993509	61994786	61994001	61994500	499	1277	0.39075959279561473	NaN	3.51956660262179e-15	-0.14946220815181732	-0.15318416096739002	true	epykit_chain_merge	methylkit
3923	5384	chr10	70503914	70504121	70504001	70504500	120	586	0.20477815699658702	NaN	0.00146053936529514	0.2590015232563019	0.0875414718252827	true	epykit_chain_merge	methylkit
3925	5386	chr10	70644728	70645616	70645501	70646000	115	1272	0.09040880503144653	NaN	0.000195379039057868	0.17118597030639648	0.10559740608010901	true	epykit_chain_merge	methylkit
3948	5390	chr10	71584697	71586109	71586001	71586500	108	1803	0.059900166389351084	NaN	0.000410294656901609	0.23458202183246613	0.11385551487650201	true	epykit_chain_merge	methylkit
4026	5411	chr10	76882392	76882755	76882001	76882500	108	754	0.14323607427055704	NaN	0.00120632132157263	0.1288965344429016	0.15329809924874802	true	epykit_chain_merge	methylkit
4088	5423	chr10	80105716	80106923	80105501	80106000	284	1422	0.19971870604781997	NaN	0.00995409400583354	-0.20915207266807556	-0.111095856244236	true	epykit_chain_merge	methylkit
4097	5426	chr10	81696654	81697161	81696501	81697000	346	660	0.5242424242424243	NaN	9.93512623268448e-22	0.32839325070381165	0.298072663828095	true	epykit_chain_merge	methylkit
4114	5433	chr10	84298042	84298635	84298501	84299000	134	958	0.13987473903966596	NaN	0.00700322934658151	0.22885620594024658	0.0594565509819747	true	epykit_chain_merge	methylkit
4132	5435	chr10	85955403	85956026	85955001	85955500	97	1025	0.09463414634146342	NaN	0.00018117966990697	0.3317324221134186	0.134191176470588	true	epykit_chain_merge	methylkit
4145	5439	chr10	86818547	86819068	86819001	86819500	67	953	0.07030430220356768	NaN	0.00137947497070329	-0.11973962187767029	-0.056679894179894205	true	epykit_chain_merge	methylkit
4180	5451	chr10	91886607	91886770	91886501	91887000	163	499	0.32665330661322645	NaN	2.13758549255946e-6	0.21620094776153564	0.14939045604464402	true	epykit_chain_merge	methylkit
4236	5473	chr10	96984433	96985513	96984001	96984500	67	1512	0.04431216931216931	NaN	0.00162448761057993	0.1577523946762085	0.0672616832008976	true	epykit_chain_merge	methylkit
4236	5474	chr10	96984433	96985513	96985001	96985500	499	1080	0.462037037037037	NaN	2.62619006889267e-10	0.1577523946762085	0.20747117701978	true	epykit_chain_merge	methylkit
4238	5475	chr10	97091723	97092079	97091501	97092000	277	578	0.47923875432525953	NaN	0.0000288700646144114	0.24184264242649078	0.155487642838161	true	epykit_chain_merge	methylkit
4246	5477	chr10	97235197	97235282	97235001	97235500	85	499	0.17034068136272545	NaN	0.000039213138246831	-0.10897020995616913	-0.07738455911654091	true	epykit_chain_merge	methylkit
4317	5500	chr10	103021457	103021729	103021501	103022000	228	543	0.4198895027624309	NaN	1.58909179795422e-8	0.1603933870792389	0.16234831200608402	true	epykit_chain_merge	methylkit
4343	5510	chr10	105074200	105074590	105074001	105074500	300	589	0.5093378607809848	NaN	0.00001492646920851	0.16447076201438904	0.15915858076875	true	epykit_chain_merge	methylkit
4344	5511	chr10	105084018	105084800	105084501	105085000	299	982	0.3044806517311609	NaN	3.90535703089324e-10	0.11160057783126831	0.131901660505779	true	epykit_chain_merge	methylkit
4399	5524	chr10	110812700	110812791	110812501	110813000	91	499	0.18236472945891782	NaN	5.93736548362904e-12	0.26285120844841003	0.148975934459806	true	epykit_chain_merge	methylkit
4461	5535	chr10	114346605	114346840	114346501	114347000	235	499	0.4709418837675351	NaN	5.67699266803421e-7	0.16780053079128265	0.127085697318048	true	epykit_chain_merge	methylkit
4480	5541	chr10	116174844	116175732	116175001	116175500	499	888	0.5619369369369369	NaN	6.05517757102668e-13	0.16532154381275177	0.156276926704942	true	epykit_chain_merge	methylkit
4522	5547	chr10	117552908	117555149	117553001	117553500	499	2241	0.22266845158411425	NaN	9.46768766567315e-37	0.1562695950269699	0.187538817683925	true	epykit_chain_merge	methylkit
4563	5552	chr10	119166792	119167156	119167001	119167500	155	708	0.2189265536723164	NaN	0.00162128170556713	0.16578634083271027	0.08947828145535891	true	epykit_chain_merge	methylkit
4579	5559	chr10	119702046	119702222	119702001	119702500	176	499	0.3527054108216433	NaN	1.10536005536583e-8	-0.23263096809387207	-0.217339326895504	true	epykit_chain_merge	methylkit
4633	5572	chr10	122286934	122287127	122286501	122287000	66	626	0.10543130990415335	NaN	0.0125419071493502	0.2551792860031128	0.12380257352324399	true	epykit_chain_merge	methylkit
4634	5573	chr10	122310422	122311080	122311001	122311500	79	1078	0.07328385899814471	NaN	5.12248432704757e-12	0.27034205198287964	0.135951437591372	true	epykit_chain_merge	methylkit
4643	5575	chr10	122530161	122530458	122530001	122530500	297	499	0.5951903807615231	NaN	2.0543218926853e-67	0.47122418880462646	0.46862649384904603	true	epykit_chain_merge	methylkit
4649	5576	chr10	123204950	123205107	123205001	123205500	106	550	0.19272727272727272	NaN	3.32216011555556e-6	0.17206601798534393	0.136666406473603	true	epykit_chain_merge	methylkit
4679	5582	chr10	124318898	124319263	124319001	124319500	262	602	0.43521594684385384	NaN	1.50387529006483e-34	0.4411480724811554	0.334534534534534	true	epykit_chain_merge	methylkit
4684	5584	chr10	124564555	124565712	124565001	124565500	499	1157	0.4312878133102852	NaN	3.16642317915637e-8	0.1800224632024765	0.156413014096496	true	epykit_chain_merge	methylkit
4718	5590	chr10	125553517	125554895	125554501	125555000	394	1483	0.26567768037761297	NaN	5.1707695573178e-11	0.2287023812532425	0.188968671025713	true	epykit_chain_merge	methylkit
4721	5592	chr10	125693356	125693642	125693001	125693500	144	641	0.22464898595943839	NaN	0.00939560567976324	-0.15308232605457306	-0.07684312450908701	true	epykit_chain_merge	methylkit
4772	5598	chr10	127402564	127403968	127402501	127403000	436	1467	0.29720518064076346	NaN	2.74496521306923e-42	0.21383552253246307	0.3897252097343	true	epykit_chain_merge	methylkit
4827	5608	chr10	129091058	129091567	129091001	129091500	442	566	0.7809187279151943	NaN	3.52335958774754e-20	0.2515605390071869	0.256529516994633	true	epykit_chain_merge	methylkit
4843	5613	chr10	129716067	129717173	129716501	129717000	499	1106	0.4511754068716094	NaN	1.30532204145119e-9	0.17323750257492065	0.177292637244094	true	epykit_chain_merge	methylkit
4875	5622	chr10	130910389	130910533	130910001	130910500	111	532	0.20864661654135339	NaN	1.25154297844206e-17	-0.31801486015319824	-0.22625745950554102	true	epykit_chain_merge	methylkit
4902	5628	chr10	131636498	131637325	131636501	131637000	499	827	0.6033857315598549	NaN	0.0288065024224658	0.20902487635612488	0.0671834831303931	true	epykit_chain_merge	methylkit
4907	5629	chr10	131750647	131751293	131750501	131751000	353	792	0.4457070707070707	NaN	0.0318652185753667	0.27430960536003113	0.363503563121324	true	epykit_chain_merge	methylkit
4914	5630	chr10	131878113	131878218	131878001	131878500	105	499	0.21042084168336672	NaN	9.05663631142709e-8	0.19450643658638	0.18065953438948998	true	epykit_chain_merge	methylkit
4944	5639	chr10	133054773	133055418	133054501	133055000	227	917	0.247546346782988	NaN	4.75410631309277e-12	0.23200738430023193	0.216973869594899	true	epykit_chain_merge	methylkit
4971	5648	chr11	1303372	1303758	1303001	1303500	128	757	0.1690885072655218	NaN	1.74497680693117e-9	0.34148073196411133	0.155968875384978	true	epykit_chain_merge	methylkit
5007	5658	chr11	3001615	3002118	3002001	3002500	117	885	0.13220338983050847	NaN	1.25157954775983e-6	0.2018762081861496	0.0830065359477123	true	epykit_chain_merge	methylkit
5074	5670	chr11	9146675	9147070	9147001	9147500	69	825	0.08363636363636363	NaN	0.0000943499496554985	-0.23522210121154785	-0.0752794649683062	true	epykit_chain_merge	methylkit
5100	5680	chr11	11661441	11661841	11661501	11662000	340	559	0.6082289803220036	NaN	2.57545587269044e-9	0.24611318111419678	0.23149769585253502	true	epykit_chain_merge	methylkit
5114	5683	chr11	12279269	12279739	12279001	12279500	231	738	0.3130081300813008	NaN	1.48655362748815e-8	0.20563800632953644	0.240299144746206	true	epykit_chain_merge	methylkit
5175	5695	chr11	16803172	16803268	16803001	16803500	96	499	0.19238476953907815	NaN	2.52398721159425e-15	0.16714578866958618	0.142349026073151	true	epykit_chain_merge	methylkit
5179	5696	chr11	16863478	16863721	16863501	16864000	220	522	0.421455938697318	NaN	7.87944591884977e-28	0.35295528173446655	0.34115523465704	true	epykit_chain_merge	methylkit
5241	5716	chr11	23888573	23889082	23889001	23889500	81	927	0.08737864077669903	NaN	0.0493582329661576	-0.13107368350028992	-0.0632000789832698	true	epykit_chain_merge	methylkit
5259	5721	chr11	27459379	27461301	27460001	27460500	499	1922	0.2596253902185224	NaN	6.83565033182853e-31	0.2362183928489685	0.370817870961562	true	epykit_chain_merge	methylkit
5260	5722	chr11	27468698	27471546	27469001	27469500	499	2848	0.17521067415730338	NaN	0.049858974862428	0.3109813630580902	0.41727226544744805	true	epykit_chain_merge	methylkit
5269	5724	chr11	29336863	29337156	29336501	29337000	137	655	0.20916030534351146	NaN	8.03214988092176e-11	-0.22928254306316376	-0.231363067591355	true	epykit_chain_merge	methylkit
5308	5726	chr11	32113354	32113509	32113001	32113500	146	508	0.2874015748031496	NaN	9.55710644241562e-8	0.248967245221138	0.18696945546206	true	epykit_chain_merge	methylkit
5339	5733	chr11	34251235	34251567	34251501	34252000	66	765	0.08627450980392157	NaN	3.46295483414059e-6	0.2454221546649933	0.216145833333333	true	epykit_chain_merge	methylkit
5398	5745	chr11	41237014	41237761	41237001	41237500	486	760	0.6394736842105263	NaN	2.40764058826879e-11	0.1802283078432083	0.17526859188192698	true	epykit_chain_merge	methylkit
5471	5766	chr11	47268334	47269063	47268501	47269000	499	729	0.6844993141289437	NaN	7.31478720794318e-19	0.22378310561180115	0.247445536919221	true	epykit_chain_merge	methylkit
5491	5775	chr11	48365685	48365953	48365501	48366000	268	499	0.5370741482965932	NaN	1.59824305563592e-7	-0.18727320432662964	-0.15906315906315902	true	epykit_chain_merge	methylkit
5504	5776	chr11	49199558	49199709	49199501	49200000	151	499	0.3026052104208417	NaN	8.20314793015325e-6	0.17535537481307983	0.146601216615075	true	epykit_chain_merge	methylkit
5510	5777	chr11	49225207	49226172	49225501	49226000	499	965	0.5170984455958549	NaN	0.0350561519477746	-0.351383239030838	-0.389048539000242	true	epykit_chain_merge	methylkit
5521	5781	chr11	49303695	49304979	49304501	49305000	478	1305	0.36628352490421456	NaN	4.54176000853042e-7	0.15267875790596008	0.13267099216004302	true	epykit_chain_merge	methylkit
5578	5787	chr11	51257726	51257903	51257501	51258000	177	499	0.35470941883767537	NaN	3.02992694001021e-8	-0.15141257643699646	-0.148816945114011	true	epykit_chain_merge	methylkit
5613	5792	chr11	52201173	52201474	52201001	52201500	301	499	0.6032064128256514	NaN	1.21656080061523e-7	-0.13943547010421753	-0.154148481193113	true	epykit_chain_merge	methylkit
5635	5798	chr11	52814960	52815339	52815001	52815500	338	540	0.6259259259259259	NaN	0.0000178720112224636	-0.09448526799678802	-0.0846095852168235	true	epykit_chain_merge	methylkit
5656	5805	chr11	53405151	53405387	53405001	53405500	236	499	0.4729458917835671	NaN	0.000440110621968885	-0.15870708227157593	-0.136999425177237	true	epykit_chain_merge	methylkit
5657	5806	chr11	53432359	53432595	53432501	53433000	94	641	0.14664586583463338	NaN	0.00536165798858379	-0.11161363124847412	-0.104615712383489	true	epykit_chain_merge	methylkit
5715	5822	chr11	57248896	57249304	57249001	57249500	303	604	0.5016556291390728	NaN	0.00401744285596102	0.14786198735237122	0.133105575987868	true	epykit_chain_merge	methylkit
5763	5838	chr11	61832903	61834603	61834001	61834500	499	1700	0.29352941176470587	NaN	1.48000424838745e-12	0.1920243203639984	0.16302809982314798	true	epykit_chain_merge	methylkit
5763	5839	chr11	61832903	61834603	61834501	61835000	102	2097	0.04864091559370529	NaN	0.000332327286645528	0.1920243203639984	0.158201538083631	true	epykit_chain_merge	methylkit
5769	5841	chr11	62185482	62185579	62185001	62185500	18	578	0.031141868512110725	NaN	0.0108942535773816	-0.20453763008117676	-0.060546875	true	epykit_chain_merge	methylkit
5780	5850	chr11	63611138	63611312	63611001	63611500	174	499	0.3486973947895792	NaN	2.75002357474221e-13	0.198978990316391	0.206997595831925	true	epykit_chain_merge	methylkit
5817	5867	chr11	65820512	65820707	65820501	65821000	195	499	0.3907815631262525	NaN	6.65209746052747e-7	0.20763544738292694	0.228372691138649	true	epykit_chain_merge	methylkit
5869	5884	chr11	68962470	68962798	68962001	68962500	30	797	0.037641154328732745	NaN	0.0483453166075029	0.28009867668151855	0.0408597940209622	true	epykit_chain_merge	methylkit
5869	5885	chr11	68962470	68962798	68962501	68963000	297	530	0.560377358490566	NaN	1.5765352084182e-17	0.28009867668151855	0.202901760546365	true	epykit_chain_merge	methylkit
5882	5890	chr11	69448924	69449967	69449001	69449500	499	1043	0.4784276126558006	NaN	0.0364353481417183	0.35591578483581543	0.438729620581343	true	epykit_chain_merge	methylkit
5885	5892	chr11	69511827	69511996	69511501	69512000	169	499	0.33867735470941884	NaN	0.00635639335096851	0.1661592572927475	0.062479709588879405	true	epykit_chain_merge	methylkit
5886	5893	chr11	69576359	69576804	69576501	69577000	303	641	0.47269890795631825	NaN	0.0217018031109219	-0.11609827727079391	-0.0611509687666386	true	epykit_chain_merge	methylkit
6014	5944	chr11	78810371	78810696	78810001	78810500	129	695	0.1856115107913669	NaN	0.0247907543839509	-0.18327860534191132	-0.115302981844765	true	epykit_chain_merge	methylkit
6051	5950	chr11	82989151	82989970	82989501	82990000	469	849	0.552414605418139	NaN	1.46905789315849e-11	0.22024795413017273	0.229412675905294	true	epykit_chain_merge	methylkit
6092	5966	chr11	91807047	91807099	91807001	91807500	52	499	0.10420841683366733	NaN	0.00633084463562033	-0.09936270862817764	-0.0584334206616538	true	epykit_chain_merge	methylkit
6118	5971	chr11	94355103	94355584	94355001	94355500	397	583	0.6809605488850772	NaN	0.0195218827008028	0.1966104954481125	0.098083376117227	true	epykit_chain_merge	methylkit
6150	5974	chr11	96332239	96332681	96332501	96333000	180	761	0.23653088042049936	NaN	0.0000284092921804775	0.2971396744251251	0.170427562148218	true	epykit_chain_merge	methylkit
6168	5978	chr11	98670811	98671576	98670501	98671000	189	1075	0.1758139534883721	NaN	3.18518072652053e-6	-0.1421826034784317	-0.14939999124074801	true	epykit_chain_merge	methylkit
6340	6015	chr11	117109008	117109190	117109001	117109500	182	499	0.36472945891783565	NaN	4.25898616689741e-8	-0.17552369832992554	-0.127036078309608	true	epykit_chain_merge	methylkit
6348	6020	chr11	117606343	117606441	117606001	117606500	98	499	0.1963927855711423	NaN	0.0000279354961357725	0.22805479168891907	0.17347489046174602	true	epykit_chain_merge	methylkit
6366	6024	chr11	118092643	118093622	118093001	118093500	499	979	0.5097037793667007	NaN	7.49947856118197e-19	0.30068451166152954	0.332279848116232	true	epykit_chain_merge	methylkit
6387	6030	chr11	119480023	119480603	119480001	119480500	477	602	0.792358803986711	NaN	0.0000332819615845146	0.11037413775920868	0.155951371218547	true	epykit_chain_merge	methylkit
6402	6036	chr11	120086462	120086811	120086501	120087000	310	538	0.5762081784386617	NaN	6.80099960199801e-10	0.1990407556295395	0.18967774025498	true	epykit_chain_merge	methylkit
6426	6045	chr11	121365574	121367561	121366001	121366500	499	1987	0.25113236034222447	NaN	0.0314060888657983	-0.16982758045196533	-0.0511665808886601	true	epykit_chain_merge	methylkit
6434	6047	chr11	121575330	121575464	121575001	121575500	134	499	0.2685370741482966	NaN	1.15676744180865e-15	0.33505532145500183	0.289178960376921	true	epykit_chain_merge	methylkit
6453	6049	chr11	122439746	122440241	122440001	122440500	240	754	0.3183023872679045	NaN	0.0000147110738959607	0.2762012779712677	0.10432620011567399	true	epykit_chain_merge	methylkit
6499	6064	chr11	125163060	125163793	125163001	125163500	440	792	0.5555555555555556	NaN	4.37868490405189e-11	0.2611912488937378	0.240620410533147	true	epykit_chain_merge	methylkit
6542	6069	chr11	126601305	126602745	126601001	126601500	195	1744	0.11181192660550458	NaN	4.7563495872576e-8	0.1993928849697113	0.19194929770469302	true	epykit_chain_merge	methylkit
6584	6076	chr11	128520539	128521600	128520501	128521000	461	1099	0.4194722474977252	NaN	2.10909515462937e-10	0.2213015854358673	0.216564878016918	true	epykit_chain_merge	methylkit
6595	6078	chr11	128734331	128735044	128734501	128735000	499	713	0.699859747545582	NaN	8.78590518461638e-12	0.16293774545192719	0.19448621553884698	true	epykit_chain_merge	methylkit
6606	6086	chr11	129267687	129268123	129267501	129268000	313	622	0.5032154340836013	NaN	0.0000915345754918923	0.17357730865478516	0.103855834088392	true	epykit_chain_merge	methylkit
6651	6096	chr11	131499062	131499535	131499001	131499500	438	534	0.8202247191011236	NaN	0.0405870445902285	0.32771071791648865	0.356407733127382	true	epykit_chain_merge	methylkit
6700	6100	chr11	132888175	132888586	132888001	132888500	325	585	0.5555555555555556	NaN	0.0000345893924761673	0.19709555804729462	0.149625867553499	true	epykit_chain_merge	methylkit
6705	6101	chr11	133029118	133029692	133029001	133029500	382	691	0.552821997105644	NaN	3.60163205728021e-8	0.21900825202465057	0.174467532467533	true	epykit_chain_merge	methylkit
6726	6106	chr11	133666813	133667424	133667001	133667500	423	687	0.6157205240174672	NaN	7.90950369222984e-20	0.2868909537792206	0.27158173210804804	true	epykit_chain_merge	methylkit
6773	6116	chr12	272190	272495	272001	272500	305	499	0.6112224448897795	NaN	0.00222464284708102	0.10514627397060394	0.0983811879638037	true	epykit_chain_merge	methylkit
6797	6121	chr12	1584110	1585165	1584501	1585000	499	1055	0.4729857819905213	NaN	0.0000330007075003757	0.18932929635047913	0.138838740592378	true	epykit_chain_merge	methylkit
6815	6124	chr12	2163739	2163882	2163501	2164000	143	499	0.2865731462925852	NaN	1.13861391351453e-8	0.16061188280582428	0.120906773085024	true	epykit_chain_merge	methylkit
6830	6129	chr12	2546677	2547829	2547501	2548000	328	1323	0.24792139077853365	NaN	0.0161014825371329	0.11106324195861816	0.08047657011249891	true	epykit_chain_merge	methylkit
6831	6130	chr12	2553424	2554028	2554001	2554500	27	1076	0.02509293680297398	NaN	0.0000166341574633281	0.23073434829711914	0.124004234583937	true	epykit_chain_merge	methylkit
6836	6132	chr12	2785003	2785182	2785001	2785500	179	499	0.3587174348697395	NaN	7.02825951536093e-11	0.3269168734550476	0.21600786075238598	true	epykit_chain_merge	methylkit
6862	6141	chr12	3731885	3733482	3732001	3732500	499	1597	0.31246086412022545	NaN	1.11436010481938e-7	0.05244046449661255	0.199928570907951	true	epykit_chain_merge	methylkit
6900	6155	chr12	5720708	5721292	5721001	5721500	291	792	0.36742424242424243	NaN	3.52335958774754e-20	0.2509170174598694	0.260702289587362	true	epykit_chain_merge	methylkit
6918	6163	chr12	6567354	6567644	6567001	6567500	146	643	0.22706065318818042	NaN	0.000163923006222831	0.178603395819664	0.115315515638419	true	epykit_chain_merge	methylkit
6923	6166	chr12	7141086	7141311	7141001	7141500	225	499	0.45090180360721444	NaN	0.000738979017760227	0.1053803563117981	0.0829688386231977	true	epykit_chain_merge	methylkit
6939	6171	chr12	8880391	8880986	8880001	8880500	109	985	0.11065989847715736	NaN	0.0000898869788068173	-0.21203354001045227	-0.10899068322981399	true	epykit_chain_merge	methylkit
6957	6175	chr12	11508865	11509243	11508501	11509000	135	742	0.18194070080862534	NaN	6.69584018141673e-7	0.2894193232059479	0.231272484161599	true	epykit_chain_merge	methylkit
7026	6189	chr12	14884538	14884862	14884501	14885000	324	499	0.6492985971943888	NaN	0.0000182286508301101	-0.18767759203910828	-0.16322791225864003	true	epykit_chain_merge	methylkit
7047	6195	chr12	16521998	16522234	16522001	16522500	233	502	0.4641434262948207	NaN	4.24874501850128e-13	0.13670916855335236	0.145332601628275	true	epykit_chain_merge	methylkit
7092	6208	chr12	21558262	21558576	21558001	21558500	238	575	0.41391304347826086	NaN	9.57288822639181e-18	0.19873543083667755	0.214301004833648	true	epykit_chain_merge	methylkit
7228	6237	chr12	33670327	33670673	33670501	33671000	172	673	0.2555720653789004	NaN	0.0123786916552846	-0.16993793845176697	-0.08472690346556042	true	epykit_chain_merge	methylkit
7243	6240	chr12	34689398	34689808	34689001	34689500	102	807	0.12639405204460966	NaN	0.0467337673938899	-0.20656566321849823	-0.097811316028431	true	epykit_chain_merge	methylkit
7266	6246	chr12	35777479	35777829	35777001	35777500	21	828	0.025362318840579712	NaN	0.00609063257379502	-0.11417637765407562	-0.10061282212445001	true	epykit_chain_merge	methylkit
7281	6256	chr12	37293291	37293952	37293001	37293500	209	951	0.21976866456361724	NaN	0.00917704094213013	-0.1131189614534378	-0.10582204932129001	true	epykit_chain_merge	methylkit
7292	6260	chr12	37535430	37535827	37535501	37536000	326	570	0.5719298245614035	NaN	0.0000970136799049816	-0.2011326104402542	-0.19013810163813102	true	epykit_chain_merge	methylkit
7303	6266	chr12	38509484	38509698	38509501	38510000	197	516	0.3817829457364341	NaN	3.85171691019671e-16	-0.21877296268939972	-0.185176279642932	true	epykit_chain_merge	methylkit
7391	6291	chr12	49515267	49515473	49515001	49515500	206	499	0.41282565130260523	NaN	2.24928852156205e-12	-0.1887550801038742	-0.199724770642202	true	epykit_chain_merge	methylkit
7463	6319	chr12	55837874	55838198	55837501	55838000	126	697	0.18077474892395984	NaN	0.0209625571356438	-0.1821347028017044	-0.0886584289496911	true	epykit_chain_merge	methylkit
7485	6335	chr12	59227143	59227924	59227501	59228000	423	857	0.4935822637106184	NaN	8.44707064565887e-15	0.19130359590053558	0.319227212416067	true	epykit_chain_merge	methylkit
7532	6342	chr12	64346904	64347167	64347001	64347500	166	596	0.2785234899328859	NaN	0.0000268672618531395	0.24324631690979004	0.11856540084388201	true	epykit_chain_merge	methylkit
7555	6351	chr12	65925276	65927378	65926001	65926500	499	2102	0.2373929590865842	NaN	3.87399626685044e-25	-0.32585325837135315	-0.311433756805808	true	epykit_chain_merge	methylkit
7712	6387	chr12	89363009	89363419	89363001	89363500	410	499	0.8216432865731463	NaN	2.92201697073141e-7	0.13097888231277466	0.13704942808610698	true	epykit_chain_merge	methylkit
7760	6395	chr12	93824597	93825126	93824501	93825000	403	625	0.6448	NaN	7.43216029745512e-24	0.2878745496273041	0.301570748875709	true	epykit_chain_merge	methylkit
7774	6399	chr12	94247191	94248055	94247501	94248000	499	864	0.5775462962962963	NaN	2.02313350340729e-11	0.17147882282733917	0.205652608896414	true	epykit_chain_merge	methylkit
7788	6401	chr12	95156360	95156713	95156501	95157000	212	640	0.33125	NaN	0.0000153424231804754	0.3535182774066925	0.133754678809061	true	epykit_chain_merge	methylkit
7811	6407	chr12	97434121	97434856	97434501	97435000	355	879	0.40386803185437997	NaN	0.00050636208308912	0.161966472864151	0.12241958988835	true	epykit_chain_merge	methylkit
7860	6420	chr12	101411004	101411205	101411001	101411500	201	499	0.4028056112224449	NaN	7.08866584111476e-8	-0.118250772356987	-0.128162967022929	true	epykit_chain_merge	methylkit
7921	6433	chr12	105736107	105736535	105736001	105736500	393	534	0.7359550561797753	NaN	0.027362840477681	0.3807975649833679	0.425763142353943	true	epykit_chain_merge	methylkit
7973	6444	chr12	107929901	107930017	107929501	107930000	99	516	0.19186046511627908	NaN	0.00162718511584986	0.21137495338916779	0.09437883797827111	true	epykit_chain_merge	methylkit
8016	6459	chr12	109745133	109745486	109745001	109745500	353	499	0.7074148296593187	NaN	2.80063894998761e-11	0.14709019660949707	0.148466599754656	true	epykit_chain_merge	methylkit
8020	6463	chr12	110256912	110257267	110257001	110257500	266	588	0.4523809523809524	NaN	9.13676484322215e-6	0.24232584238052368	0.14989150875162702	true	epykit_chain_merge	methylkit
8072	6481	chr12	113229459	113230074	113229501	113230000	499	615	0.8113821138211382	NaN	1.97773287812298e-11	0.11402209848165512	0.112704011530991	true	epykit_chain_merge	methylkit
8093	6488	chr12	113891837	113892230	113892001	113892500	229	663	0.3453996983408748	NaN	0.0176308539662934	-0.26702505350112915	-0.116805671392827	true	epykit_chain_merge	methylkit
8107	6490	chr12	115052036	115052382	115052001	115052500	346	499	0.6933867735470942	NaN	8.66822494079576e-7	-0.136625736951828	-0.13572060123784302	true	epykit_chain_merge	methylkit
8165	6502	chr12	117564586	117565265	117565001	117565500	264	914	0.2888402625820569	NaN	6.55576379965395e-20	0.19836509227752686	0.25250301380407203	true	epykit_chain_merge	methylkit
8175	6505	chr12	118436726	118437828	118437501	118438000	327	1274	0.2566718995290424	NaN	0.0000755813961648386	0.34722253680229187	0.0973732067084259	true	epykit_chain_merge	methylkit
8179	6507	chr12	118861333	118861916	118861501	118862000	415	667	0.6221889055472264	NaN	0.000197633907284527	-0.18287056684494019	-0.12802684378026802	true	epykit_chain_merge	methylkit
8205	6517	chr12	120681572	120681669	120681501	120682000	97	499	0.19438877755511022	NaN	0.0008037630766836	-0.09831897169351578	-0.0732767717698705	true	epykit_chain_merge	methylkit
8220	6525	chr12	121980560	121980927	121980501	121981000	367	499	0.7354709418837675	NaN	1.58654774729902e-7	0.15757597982883453	0.137706589094191	true	epykit_chain_merge	methylkit
8222	6526	chr12	122077795	122077974	122077501	122078000	179	499	0.3587174348697395	NaN	8.8454547857421e-7	0.3323385417461395	0.116236575558609	true	epykit_chain_merge	methylkit
8265	6541	chr12	124087245	124087751	124087001	124087500	255	750	0.34	NaN	0.000191423545008914	0.10645618289709091	0.06772451112543709	true	epykit_chain_merge	methylkit
8289	6545	chr12	124752116	124752666	124752001	124752500	384	665	0.5774436090225564	NaN	8.61374455435554e-8	0.06176545098423958	0.121945173125637	true	epykit_chain_merge	methylkit
8309	6552	chr12	125499453	125499737	125499501	125500000	236	547	0.43144424131627057	NaN	0.038117825847936	0.5094935894012451	0.43460832745236405	true	epykit_chain_merge	methylkit
8320	6563	chr12	127810052	127810735	127810001	127810500	448	734	0.6103542234332425	NaN	0.0000102353587437104	-0.1926881968975067	-0.17390940544973	true	epykit_chain_merge	methylkit
8327	6570	chr12	128356364	128356727	128356001	128356500	136	726	0.18732782369146006	NaN	3.96256334814172e-6	-0.20697171986103058	-0.142018775251249	true	epykit_chain_merge	methylkit
8332	6577	chr12	128512234	128512835	128512501	128513000	334	766	0.4360313315926893	NaN	0.0313117436609019	-0.12880347669124603	-0.0638456330399458	true	epykit_chain_merge	methylkit
8340	6581	chr12	128733915	128734604	128734001	128734500	499	689	0.7242380261248186	NaN	5.27167124293838e-9	-0.24426113069057465	-0.238224654202766	true	epykit_chain_merge	methylkit
8342	6582	chr12	128799328	128799580	128799501	128800000	79	672	0.11755952380952381	NaN	2.07214121483047e-8	-0.25005772709846497	-0.155843232093321	true	epykit_chain_merge	methylkit
8356	6587	chr12	129330483	129331001	129330501	129331000	499	518	0.9633204633204633	NaN	0.000599681411305238	-0.16085876524448395	-0.144533475783476	true	epykit_chain_merge	methylkit
8365	6592	chr12	129604299	129604846	129604001	129604500	201	845	0.2378698224852071	NaN	0.000283999755203285	-0.20037932693958282	-0.126914445542838	true	epykit_chain_merge	methylkit
8376	6599	chr12	130028200	130028676	130028501	130029000	175	800	0.21875	NaN	2.70149814548707e-7	-0.15224432945251465	-0.160861579562531	true	epykit_chain_merge	methylkit
8379	6602	chr12	130060188	130060366	130060001	130060500	178	499	0.35671342685370744	NaN	1.64495659893283e-9	-0.20583531260490417	-0.203789260385005	true	epykit_chain_merge	methylkit
8396	6603	chr12	130178445	130178836	130178501	130179000	335	555	0.6036036036036037	NaN	3.48087825543513e-11	-0.1351289302110672	-0.09802904732076151	true	epykit_chain_merge	methylkit
8406	6611	chr12	130273930	130274939	130274001	130274500	499	1009	0.49454905847373637	NaN	1.36518356008046e-7	-0.15178422629833221	-0.124788147806537	true	epykit_chain_merge	methylkit
8417	6616	chr12	130474166	130475251	130474001	130474500	334	1250	0.2672	NaN	0.000178629937168815	0.20482586324214935	0.0704456638614035	true	epykit_chain_merge	methylkit
8421	6619	chr12	130535047	130535237	130535001	130535500	190	499	0.3807615230460922	NaN	1.13314609642275e-19	0.37084317207336426	0.28171041604714697	true	epykit_chain_merge	methylkit
8449	6622	chr12	131347180	131347488	131347001	131347500	308	499	0.6172344689378757	NaN	0.000142148877319532	0.1410263031721115	0.11603624348281899	true	epykit_chain_merge	methylkit
8462	6624	chr12	131573520	131574448	131573501	131574000	480	947	0.5068637803590285	NaN	3.83782983428086e-43	0.342151403427124	0.390946502057613	true	epykit_chain_merge	methylkit
8464	6626	chr12	131602234	131602445	131602001	131602500	211	499	0.4228456913827655	NaN	4.76403449223149e-13	0.18428456783294678	0.166696621135873	true	epykit_chain_merge	methylkit
8577	6655	chr13	18259965	18260568	18260001	18260500	499	603	0.8275290215588723	NaN	0.0327657305982653	-0.180265411734581	-0.11878127759788001	true	epykit_chain_merge	methylkit
8578	6656	chr13	18317295	18317677	18317501	18318000	176	705	0.24964539007092199	NaN	0.0368370185168076	-0.10995244979858398	-0.10727573686778401	true	epykit_chain_merge	methylkit
8609	6669	chr13	20331507	20332776	20332001	20332500	499	1269	0.39322301024428685	NaN	3.01034309708938e-32	0.369843453168869	0.314261398176292	true	epykit_chain_merge	methylkit
8624	6676	chr13	21784668	21784919	21784501	21785000	251	499	0.503006012024048	NaN	7.80370983220868e-14	0.27682361006736755	0.19607730638872098	true	epykit_chain_merge	methylkit
8640	6677	chr13	22797289	22797462	22797001	22797500	173	499	0.3466933867735471	NaN	0.00146702964984933	-0.08625678718090057	-0.0857252357683517	true	epykit_chain_merge	methylkit
8665	6682	chr13	24085885	24086204	24086001	24086500	203	615	0.3300813008130081	NaN	0.0454862923340734	0.17049747705459595	0.0797653843547305	true	epykit_chain_merge	methylkit
8694	6691	chr13	25928648	25929375	25928501	25929000	352	874	0.40274599542334094	NaN	1.935873774612e-9	0.17154788970947266	0.112776351491112	true	epykit_chain_merge	methylkit
8740	6703	chr13	28907514	28908023	28907501	28908000	486	522	0.9310344827586207	NaN	4.15573846202606e-6	0.15738236904144287	0.129944721786163	true	epykit_chain_merge	methylkit
8847	6726	chr13	35920804	35921182	35921001	35921500	181	696	0.2600574712643678	NaN	0.00183734238871068	0.17420952022075653	0.117516629711752	true	epykit_chain_merge	methylkit
8859	6732	chr13	37644652	37645073	37644501	37645000	348	572	0.6083916083916084	NaN	0.00172664883982849	0.11206034570932388	0.0556730546026669	true	epykit_chain_merge	methylkit
8863	6733	chr13	37870658	37871031	37870501	37871000	342	530	0.6452830188679245	NaN	4.68471619663993e-7	0.17723453044891357	0.137094248892447	true	epykit_chain_merge	methylkit
8890	6735	chr13	39818444	39819435	39818001	39818500	56	1434	0.03905160390516039	NaN	0.0218519690084289	0.18390752375125885	0.104845313606018	true	epykit_chain_merge	methylkit
8986	6751	chr13	45848016	45848217	45848001	45848500	201	499	0.4028056112224449	NaN	0.00912001568504891	-0.17923526465892792	-0.156428894746652	true	epykit_chain_merge	methylkit
9088	6775	chr13	54029670	54030166	54030001	54030500	165	830	0.19879518072289157	NaN	0.00266971694050345	-0.15890951454639435	-0.14515978632991	true	epykit_chain_merge	methylkit
9164	6795	chr13	71643443	71644029	71644001	71644500	28	1057	0.026490066225165563	NaN	0.0450749926633474	0.3173556625843048	0.09067476044103341	true	epykit_chain_merge	methylkit
9228	6806	chr13	77934343	77934522	77934001	77934500	157	521	0.30134357005758156	NaN	0.0000322352513967829	0.30188101530075073	0.0983307275930313	true	epykit_chain_merge	methylkit
9249	6811	chr13	79869340	79870036	79869001	79869500	160	1035	0.15458937198067632	NaN	0.000405061703557766	-0.19423498213291168	-0.0976968571486244	true	epykit_chain_merge	methylkit
9310	6828	chr13	93375096	93375613	93375501	93376000	112	904	0.12389380530973451	NaN	0.000257589675218516	0.12449608743190765	0.109023640502384	true	epykit_chain_merge	methylkit
9375	6842	chr13	98175718	98176047	98176001	98176500	46	782	0.058823529411764705	NaN	2.68936888931079e-7	-0.3720276355743408	-0.06780628785131701	true	epykit_chain_merge	methylkit
9385	6846	chr13	98488313	98488822	98488501	98489000	321	687	0.4672489082969432	NaN	1.86825476363372e-6	0.0636276975274086	0.129179115094608	true	epykit_chain_merge	methylkit
9410	6854	chr13	99738532	99739363	99739001	99739500	362	968	0.3739669421487603	NaN	0.0173358334229648	0.1362907439470291	0.0684514359019953	true	epykit_chain_merge	methylkit
9426	6855	chr13	100063976	100064264	100063501	100064000	24	763	0.03145478374836173	NaN	3.93153712692426e-9	-0.40743398666381836	-0.15002659291564702	true	epykit_chain_merge	methylkit
9446	6862	chr13	100665938	100666443	100665501	100666000	62	942	0.06581740976645435	NaN	0.0338206280539507	-0.17210941016674042	-0.04582098091225881	true	epykit_chain_merge	methylkit
9490	6875	chr13	105195931	105196500	105195501	105196000	69	999	0.06906906906906907	NaN	0.0204537131252865	0.4065077304840088	0.0767402990468447	true	epykit_chain_merge	methylkit
9519	6878	chr13	106466954	106469448	106467501	106468000	499	2494	0.20008019246190858	NaN	4.09723435418426e-10	0.29142066836357117	0.19399773691517802	true	epykit_chain_merge	methylkit
9550	6884	chr13	107389182	107389335	107389001	107389500	153	499	0.3066132264529058	NaN	1.6313131491743e-7	0.16431531310081482	0.0975649813369528	true	epykit_chain_merge	methylkit
9591	6889	chr13	109389339	109390301	109390001	109390500	300	1161	0.25839793281653745	NaN	1.34950649987719e-9	0.16711919009685516	0.132850796852636	true	epykit_chain_merge	methylkit
9592	6890	chr13	109399926	109400885	109400501	109401000	384	1074	0.3575418994413408	NaN	0.029473497492645	0.32464393973350525	0.338997384729092	true	epykit_chain_merge	methylkit
9604	6893	chr13	109892564	109893055	109893001	109893500	54	936	0.057692307692307696	NaN	0.0397659767726698	0.17683878540992737	0.0620260328239955	true	epykit_chain_merge	methylkit
9654	6901	chr13	111249869	111250348	111249501	111250000	131	847	0.15466351829988192	NaN	0.0270704531852302	0.17161794006824493	0.09051644432703741	true	epykit_chain_merge	methylkit
9682	6903	chr13	112160313	112161356	112160001	112160500	187	1355	0.13800738007380073	NaN	0.0305310217229782	0.34462156891822815	0.447253422253422	true	epykit_chain_merge	methylkit
9702	6907	chr13	112714882	112715128	112714501	112715000	118	627	0.18819776714513556	NaN	0.000668572022110427	-0.22207963466644287	-0.08921849903753021	true	epykit_chain_merge	methylkit
9742	6918	chr13	114129723	114130969	114129501	114130000	277	1468	0.18869209809264306	NaN	0.000126631899625388	0.3089755177497864	0.188449174149207	true	epykit_chain_merge	methylkit
9764	6920	chr14	18608824	18610073	18608501	18609000	176	1572	0.11195928753180662	NaN	0.00106879602535473	-0.1808837205171585	-0.127830477356181	true	epykit_chain_merge	methylkit
9788	6934	chr14	21106253	21106765	21106501	21107000	264	747	0.3534136546184739	NaN	0.0000398354106567393	0.18248988687992096	0.06591281829952521	true	epykit_chain_merge	methylkit
9804	6938	chr14	22429027	22429211	22429001	22429500	184	499	0.3687374749498998	NaN	2.56382718131916e-18	0.32401400804519653	0.277493033439491	true	epykit_chain_merge	methylkit
9806	6939	chr14	22508817	22509118	22509001	22509500	117	683	0.17130307467057102	NaN	0.0000180117705911509	0.22768445312976837	0.141414141414141	true	epykit_chain_merge	methylkit
9903	6958	chr14	33430493	33430992	33430501	33431000	491	507	0.9684418145956607	NaN	5.04631767778294e-7	0.23605485260486603	0.21423625536629298	true	epykit_chain_merge	methylkit
9924	6962	chr14	34018214	34018920	34018501	34019000	419	786	0.5330788804071247	NaN	2.17283619151431e-15	0.21197180449962616	0.141627449097196	true	epykit_chain_merge	methylkit
9955	6970	chr14	36668535	36668682	36668501	36669000	147	499	0.29458917835671344	NaN	9.89408864492602e-11	0.18855297565460205	0.158363328450618	true	epykit_chain_merge	methylkit
10005	6987	chr14	48035941	48036155	48036001	48036500	154	559	0.27549194991055453	NaN	5.96531450715658e-7	-0.22021156549453735	-0.142206180488452	true	epykit_chain_merge	methylkit
10057	6997	chr14	53938581	53939054	53938501	53939000	419	553	0.7576853526220615	NaN	0.00408893953266811	-0.08203179389238358	-0.056850459482038505	true	epykit_chain_merge	methylkit
10107	7000	chr14	56886910	56887606	56886501	56887000	90	1105	0.08144796380090498	NaN	0.0128621944247036	-0.213788241147995	-0.08030303030303029	true	epykit_chain_merge	methylkit
10127	7004	chr14	57360386	57360773	57360501	57361000	272	614	0.44299674267100975	NaN	0.00325721133860423	-0.18630577623844147	-0.140056057303021	true	epykit_chain_merge	methylkit
10188	7019	chr14	63299416	63299961	63299001	63299500	84	960	0.0875	NaN	0.000129027173209734	-0.246512770652771	-0.0595974170001743	true	epykit_chain_merge	methylkit
10233	7036	chr14	67464958	67465939	67465501	67466000	438	1042	0.42034548944337813	NaN	0.0000387328427911269	0.20999935269355774	-0.145940558173251	false	epykit_chain_merge	methylkit
10244	7039	chr14	68476843	68478491	68477001	68477500	499	1648	0.30279126213592233	NaN	0.0103867708762065	-0.17412064969539642	0.134504442136841	false	epykit_chain_merge	methylkit
10284	7050	chr14	71437980	71438476	71437501	71438000	20	975	0.020512820512820513	NaN	0.0351630994551191	-0.2171127051115036	-0.0519653405512146	true	epykit_chain_merge	methylkit
10336	7061	chr14	75452445	75452951	75452001	75452500	55	950	0.05789473684210526	NaN	0.00659080360636295	0.23854906857013702	0.10619207932268002	true	epykit_chain_merge	methylkit
10340	7062	chr14	75578839	75579223	75579001	75579500	222	661	0.3358547655068079	NaN	3.437839412353e-19	0.20629888772964478	0.17261726535587202	true	epykit_chain_merge	methylkit
10372	7067	chr14	77109821	77110192	77109501	77110000	179	691	0.2590448625180897	NaN	0.0000351100562136892	0.20850174129009247	0.161870503597122	true	epykit_chain_merge	methylkit
10429	7075	chr14	81303496	81304086	81303501	81304000	499	590	0.8457627118644068	NaN	2.69023532706045e-17	0.2446242868900299	0.255180933259868	true	epykit_chain_merge	methylkit
10491	7090	chr14	88825514	88826046	88826001	88826500	45	986	0.04563894523326572	NaN	0.000462618886651276	0.22165685892105103	0.0280731514300777	true	epykit_chain_merge	methylkit
10495	7091	chr14	89085081	89085429	89085001	89085500	348	499	0.6973947895791583	NaN	0.0421902916354869	0.3120197057723999	0.30160213964841204	true	epykit_chain_merge	methylkit
10545	7103	chr14	91924516	91926174	91924501	91925000	484	1673	0.2893006575014943	NaN	0.0000682171804315821	0.23587538301944733	0.167136895315347	true	epykit_chain_merge	methylkit
10547	7104	chr14	91944547	91945725	91945501	91946000	224	1453	0.15416379903647626	NaN	4.94984782051027e-11	0.1934014856815338	0.189253652856553	true	epykit_chain_merge	methylkit
10552	7106	chr14	92320859	92322476	92320501	92321000	141	1975	0.07139240506329114	NaN	3.68116876358273e-11	-0.22662951052188873	-0.142954417178867	true	epykit_chain_merge	methylkit
10558	7109	chr14	92487560	92487962	92487501	92488000	402	499	0.8056112224448898	NaN	0.030466138485761	0.4232773780822754	0.408292014921849	true	epykit_chain_merge	methylkit
10560	7110	chr14	92729727	92730088	92730001	92730500	87	773	0.11254851228978008	NaN	0.00392816350694676	-0.295148640871048	-0.0510758956785055	true	epykit_chain_merge	methylkit
10576	7119	chr14	94014461	94014765	94014501	94015000	264	539	0.4897959183673469	NaN	0.0000301909769475457	-0.16470219194889069	-0.122712125419707	true	epykit_chain_merge	methylkit
10589	7122	chr14	94373648	94373921	94373501	94374000	273	499	0.5470941883767535	NaN	0.0000281903252572828	-0.18396306037902832	-0.164311125899004	true	epykit_chain_merge	methylkit
10632	7132	chr14	96232209	96233111	96233001	96233500	110	1291	0.08520526723470179	NaN	0.0201251453621658	-0.2337407022714615	-0.0439512928941165	true	epykit_chain_merge	methylkit
10636	7133	chr14	96421900	96423250	96423001	96423500	249	1600	0.155625	NaN	5.36608690482225e-22	0.30117470026016235	0.33224337001623705	true	epykit_chain_merge	methylkit
10654	7136	chr14	97087174	97087639	97087001	97087500	326	638	0.5109717868338558	NaN	3.30779898703984e-6	-0.20716308057308197	-0.141482488824026	true	epykit_chain_merge	methylkit
10657	7137	chr14	97217840	97217965	97217501	97218000	125	499	0.250501002004008	NaN	1.37666949596675e-11	0.2572760283946991	0.11386958591147099	true	epykit_chain_merge	methylkit
10674	7138	chr14	97862977	97863204	97863001	97863500	203	523	0.3881453154875717	NaN	1.34434415514413e-12	0.32123786211013794	0.202168095846257	true	epykit_chain_merge	methylkit
10702	7143	chr14	99146491	99147608	99146501	99147000	499	1117	0.4467323187108326	NaN	0.0203355995790907	0.2876569628715515	0.284337646637966	true	epykit_chain_merge	methylkit
10733	7149	chr14	99744290	99745387	99744001	99744500	210	1386	0.15151515151515152	NaN	0.0000118044739948469	0.1513921469449997	0.18484080022541602	true	epykit_chain_merge	methylkit
10741	7150	chr14	99880341	99881372	99880001	99880500	159	1371	0.11597374179431072	NaN	0.00853499432211199	-0.27599605917930603	-0.101549053356282	true	epykit_chain_merge	methylkit
10769	7154	chr14	101061786	101062851	101062001	101062500	499	1065	0.46854460093896716	NaN	0.0205938338719042	0.4210769832134247	0.512316859625756	true	epykit_chain_merge	methylkit
10814	7172	chr14	104230198	104230582	104230001	104230500	302	581	0.5197934595524957	NaN	0.0048847876094265	0.28642377257347107	0.08133513706480279	true	epykit_chain_merge	methylkit
10818	7175	chr14	104309057	104309296	104309001	104309500	239	499	0.4789579158316633	NaN	0.00137026102570788	0.11384294182062149	0.132872306538292	true	epykit_chain_merge	methylkit
10877	9607	chr14_GL000194v1_random	69943	70455	70001	70500	454	557	0.8150807899461401	NaN	0.023071473375502	-0.13516440987586975	-0.0974397795318454	true	epykit_chain_merge	methylkit
10884	9609	chr14_GL000194v1_random	122339	122901	122001	122500	161	900	0.17888888888888888	NaN	0.0000210716539437507	-0.14625535905361176	-0.145149425287356	true	epykit_chain_merge	methylkit
11000	7206	chr15	24321216	24322262	24321501	24322000	499	1046	0.4770554493307839	NaN	0.00029235161495844	-0.1524488925933838	-0.14397792527407002	true	epykit_chain_merge	methylkit
11039	7216	chr15	26081931	26082091	26081501	26082000	69	590	0.11694915254237288	NaN	2.84650981306679e-20	0.31103184819221497	0.249030948756976	true	epykit_chain_merge	methylkit
11039	7217	chr15	26081931	26082091	26082001	26082500	90	569	0.15817223198594024	NaN	0.0383920004476016	0.31103184819221497	0.0126776449357095	true	epykit_chain_merge	methylkit
11040	7218	chr15	26082902	26083071	26082501	26083000	98	570	0.17192982456140352	NaN	0.0000426577273860542	0.13106514513492584	0.054902691329885206	true	epykit_chain_merge	methylkit
11048	7220	chr15	26434435	26434903	26434501	26435000	402	565	0.7115044247787611	NaN	1.80718922949357e-14	0.26031866669654846	0.191701631701632	true	epykit_chain_merge	methylkit
11062	7223	chr15	27026337	27027441	27026501	27027000	499	1104	0.4519927536231884	NaN	1.96010894432776e-12	0.21694514155387878	0.17132570944515	true	epykit_chain_merge	methylkit
11098	7236	chr15	29070606	29072030	29071001	29071500	499	1424	0.35042134831460675	NaN	1.85375778459388e-23	0.2882641851902008	0.31479440743062	true	epykit_chain_merge	methylkit
11118	7239	chr15	30823603	30824083	30824001	30824500	82	897	0.09141583054626533	NaN	0.0428919526634532	0.1796981543302536	0.0550869887426334	true	epykit_chain_merge	methylkit
11119	7241	chr15	30921939	30922344	30922001	30922500	343	561	0.6114081996434938	NaN	0.000304275044155124	0.12322637438774109	0.0934811850746606	true	epykit_chain_merge	methylkit
11147	7250	chr15	33492691	33493252	33493001	33493500	251	809	0.31025957972805934	NaN	0.0412424841348694	0.25971901416778564	0.125484496124031	true	epykit_chain_merge	methylkit
11172	7259	chr15	36468950	36470143	36469001	36469500	499	1193	0.41827326068734283	NaN	6.79202769691308e-10	-0.15069563686847687	-0.17560056858564302	true	epykit_chain_merge	methylkit
11226	7269	chr15	38867492	38867802	38867501	38868000	301	508	0.59251968503937	NaN	4.59613013706413e-8	0.21271924674510956	0.196453619027988	true	epykit_chain_merge	methylkit
11229	7270	chr15	39230403	39230961	39230501	39231000	460	597	0.7705192629815746	NaN	7.07667488210373e-8	0.2042427659034729	0.221608294282304	true	epykit_chain_merge	methylkit
11235	7272	chr15	39472798	39473529	39472501	39473000	202	1028	0.19649805447470817	NaN	0.000375324743778999	0.14121276140213013	0.0953159041394335	true	epykit_chain_merge	methylkit
11235	7273	chr15	39472798	39473529	39473001	39473500	499	731	0.6826265389876881	NaN	0.00026230257138594	0.14121276140213013	0.114307862679956	true	epykit_chain_merge	methylkit
11250	7279	chr15	40765582	40766058	40765501	40766000	418	557	0.7504488330341114	NaN	0.000844113629704267	-0.08523250371217728	-0.184631147540984	true	epykit_chain_merge	methylkit
11253	7280	chr15	40874868	40874996	40874501	40875000	128	499	0.2565130260521042	NaN	8.83773471477093e-7	-0.15590432286262512	-0.158125722695259	true	epykit_chain_merge	methylkit
11296	7299	chr15	46764537	46765284	46764501	46765000	463	783	0.5913154533844189	NaN	2.40797907367842e-20	0.27556008100509644	0.25446049099946	true	epykit_chain_merge	methylkit
11308	7300	chr15	47720504	47720948	47720501	47721000	444	499	0.8897795591182365	NaN	7.09365530158402e-11	-0.24707269668579102	-0.24628739899541402	true	epykit_chain_merge	methylkit
11345	7315	chr15	52261375	52261736	52261001	52261500	125	735	0.17006802721088435	NaN	1.04019497609147e-9	0.21300877630710602	0.11542061711418301	true	epykit_chain_merge	methylkit
11422	7330	chr15	59524284	59524675	59524501	59525000	174	716	0.2430167597765363	NaN	0.0000132695731296148	0.1677667796611786	0.159595662463731	true	epykit_chain_merge	methylkit
11442	7335	chr15	60610017	60610806	60610501	60611000	305	983	0.31027466937945064	NaN	0.0000323412807095701	0.24533133208751678	0.14252277233627	true	epykit_chain_merge	methylkit
11470	7337	chr15	61656388	61656746	61656001	61656500	112	745	0.15033557046979865	NaN	0.00265095107359624	0.40020591020584106	0.0881733842675607	true	epykit_chain_merge	methylkit
11495	7344	chr15	63076046	63076203	63076001	63076500	157	499	0.31462925851703405	NaN	0.0000175609247078873	0.18662481009960175	0.15724949050998102	true	epykit_chain_merge	methylkit
11543	7356	chr15	66714829	66716455	66714501	66715000	171	1954	0.08751279426816785	NaN	0.00774052282049617	-0.27883535623550415	-0.09728796157728051	true	epykit_chain_merge	methylkit
11667	7376	chr15	72978274	72978656	72978501	72979000	155	726	0.21349862258953167	NaN	0.00749585939138933	-0.1327146291732788	-0.0558485958485959	true	epykit_chain_merge	methylkit
11695	7388	chr15	75305528	75306348	75305501	75306000	472	847	0.5572609208972845	NaN	5.93866185802766e-10	0.10371197760105133	0.23351648351648402	true	epykit_chain_merge	methylkit
11700	7391	chr15	75672650	75672962	75672501	75673000	312	499	0.625250501002004	NaN	0.00105444276795438	-0.12056630849838257	-0.13840118472952	true	epykit_chain_merge	methylkit
11701	7392	chr15	75735445	75735571	75735001	75735500	55	570	0.09649122807017543	NaN	0.000688022583206792	0.22308452427387238	0.0934481365986719	true	epykit_chain_merge	methylkit
11737	7403	chr15	79191957	79192957	79192001	79192500	499	1000	0.499	NaN	1.53440842544335e-11	0.21544447541236877	0.176058447610172	true	epykit_chain_merge	methylkit
11761	7411	chr15	80736264	80737069	80737001	80737500	68	1236	0.05501618122977346	NaN	1.26120033342029e-6	0.22101926803588867	0.120364391216559	true	epykit_chain_merge	methylkit
11762	7412	chr15	80746593	80748818	80746501	80747000	407	2317	0.1756581786793267	NaN	2.39215894414458e-10	0.17956624925136566	0.148384212149245	true	epykit_chain_merge	methylkit
11771	7416	chr15	81644584	81644787	81644501	81645000	203	499	0.40681362725450904	NaN	5.43302861613969e-8	0.16782614588737488	0.148547489217791	true	epykit_chain_merge	methylkit
11784	7421	chr15	82943856	82944739	82943501	82944000	144	1238	0.11631663974151858	NaN	0.00334992113241323	-0.22125279903411865	-0.10807364689699	true	epykit_chain_merge	methylkit
11832	7434	chr15	87736696	87737201	87737001	87737500	200	804	0.24875621890547264	NaN	5.93866185802766e-10	0.3237077295780182	0.191630815120748	true	epykit_chain_merge	methylkit
11851	7438	chr15	89405563	89407426	89406501	89407000	499	1863	0.2678475577026302	NaN	0.045978844502194	0.2847613990306854	0.368761966677634	true	epykit_chain_merge	methylkit
11894	7456	chr15	92289647	92290054	92289501	92290000	353	553	0.6383363471971067	NaN	0.000359493372893225	0.13069486618041992	0.11696112320232199	true	epykit_chain_merge	methylkit
11897	7457	chr15	92306582	92307284	92306501	92307000	418	783	0.5338441890166028	NaN	1.69464933975436e-7	0.18115204572677612	0.163102906520031	true	epykit_chain_merge	methylkit
11910	7459	chr15	92981342	92981633	92981001	92981500	158	632	0.25	NaN	0.00281978869027891	-0.1768583506345749	-0.0651113360923133	true	epykit_chain_merge	methylkit
11942	7466	chr15	94672473	94672605	94672501	94673000	104	527	0.19734345351043645	NaN	0.0497548664399375	-0.1369525045156479	-0.0731196646393016	true	epykit_chain_merge	methylkit
11964	7471	chr15	95596488	95597048	95596501	95597000	499	560	0.8910714285714286	NaN	1.02565533843169e-9	0.28996479511260986	0.24765502866076103	true	epykit_chain_merge	methylkit
12029	7477	chr15	98043081	98043863	98043501	98044000	362	919	0.3939064200217628	NaN	2.65408307458944e-12	0.23226435482501984	0.15172357764059802	true	epykit_chain_merge	methylkit
12073	7487	chr15	100061749	100062675	100062001	100062500	499	926	0.5388768898488121	NaN	0.0015748227220165	0.09907796233892441	0.14310470315045198	true	epykit_chain_merge	methylkit
12138	7502	chr16	1088394	1088868	1088001	1088500	106	867	0.12226066897347174	NaN	2.48711020534427e-10	0.20600643754005432	0.0927639695483404	true	epykit_chain_merge	methylkit
12207	7533	chr16	5367762	5368763	5368001	5368500	499	1001	0.4985014985014985	NaN	0.00334474422185956	0.11511148512363434	0.105384446667808	true	epykit_chain_merge	methylkit
12227	7539	chr16	6352689	6353132	6352501	6353000	311	631	0.4928684627575277	NaN	6.77751962858936e-16	-0.24493248760700226	-0.193620694164727	true	epykit_chain_merge	methylkit
12312	7560	chr16	8951598	8952231	8952001	8952500	230	902	0.2549889135254989	NaN	0.0184508833113429	-0.132273867726326	-0.09922832204910681	true	epykit_chain_merge	methylkit
12342	7568	chr16	10805545	10805618	10805501	10806000	73	499	0.1462925851703407	NaN	6.62388243408804e-8	0.2467065304517746	0.16633574498177703	true	epykit_chain_merge	methylkit
12352	7570	chr16	11114497	11114932	11114501	11115000	431	503	0.856858846918489	NaN	3.78226790885926e-21	0.2738642692565918	0.276437976437976	true	epykit_chain_merge	methylkit
12395	7581	chr16	12525903	12527248	12526001	12526500	499	1345	0.37100371747211897	NaN	0.000699542753786866	0.34439995884895325	0.07249079016615301	true	epykit_chain_merge	methylkit
12396	7582	chr16	12544432	12544753	12544501	12545000	252	568	0.44366197183098594	NaN	7.33119354116083e-12	0.3274378776550293	0.251885489371585	true	epykit_chain_merge	methylkit
12461	7599	chr16	17013182	17014192	17013501	17014000	499	1010	0.49405940594059405	NaN	0.038879509742493	0.38067641854286194	0.48138926966113	true	epykit_chain_merge	methylkit
12461	7600	chr16	17013182	17014192	17014001	17014500	191	1318	0.1449165402124431	NaN	2.66293755713497e-12	0.38067641854286194	0.0608153453982756	true	epykit_chain_merge	methylkit
12480	7603	chr16	17416074	17416458	17416001	17416500	384	499	0.7695390781563126	NaN	8.82960496451872e-8	0.14951126277446747	0.18952043375317001	true	epykit_chain_merge	methylkit
12526	7608	chr16	19970936	19971236	19971001	19971500	235	564	0.4166666666666667	NaN	2.25561229471572e-9	-0.4220820963382721	-0.21885357534560299	true	epykit_chain_merge	methylkit
12542	7612	chr16	20916345	20916674	20916501	20917000	173	655	0.2641221374045801	NaN	5.41812292171976e-11	0.21236412227153778	0.149295633428586	true	epykit_chain_merge	methylkit
12544	7615	chr16	21277359	21277941	21277001	21277500	141	940	0.15	NaN	0.000303604420183757	0.17951767146587372	0.0850883972563037	true	epykit_chain_merge	methylkit
12566	7625	chr16	23051530	23052517	23051501	23052000	470	1016	0.4625984251968504	NaN	0.025461512335938	0.31395596265792847	0.506493506493506	true	epykit_chain_merge	methylkit
12608	7641	chr16	26316994	26317258	26317001	26317500	257	506	0.5079051383399209	NaN	4.9756910149235e-23	0.41096144914627075	0.289147907558311	true	epykit_chain_merge	methylkit
12629	7646	chr16	27700979	27701631	27701001	27701500	499	652	0.7653374233128835	NaN	1.61469144707179e-15	0.2460498958826065	0.288873619382094	true	epykit_chain_merge	methylkit
12652	7658	chr16	29891821	29891996	29891501	29892000	175	499	0.35070140280561124	NaN	4.03147923440374e-7	-0.3168269097805023	-0.159136275914622	true	epykit_chain_merge	methylkit
12683	7670	chr16	34684014	34685051	34684501	34685000	499	1037	0.4811957569913211	NaN	0.00877815053977707	-0.14617514610290527	-0.12446984758118002	true	epykit_chain_merge	methylkit
12686	7672	chr16	34804795	34805380	34805001	34805500	379	705	0.5375886524822695	NaN	0.00113041591792204	-0.16230550408363342	-0.125743277566876	true	epykit_chain_merge	methylkit
12699	7678	chr16	35459721	35459841	35459501	35460000	120	499	0.24048096192384769	NaN	2.50622128820381e-8	-0.1953190714120865	-0.15442106094927	true	epykit_chain_merge	methylkit
12709	7679	chr16	35681021	35681816	35681001	35681500	479	815	0.5877300613496933	NaN	1.51064744136052e-9	-0.16913776099681854	-0.193038140871461	true	epykit_chain_merge	methylkit
12731	7684	chr16	36097663	36098023	36097501	36098000	337	522	0.6455938697318008	NaN	2.45164929810435e-7	-0.19237825274467468	-0.184242948233005	true	epykit_chain_merge	methylkit
12747	7687	chr16	38129054	38129718	38129501	38130000	217	946	0.22938689217758984	NaN	0.000278985650507367	-0.10770472139120102	-0.0787046586094083	true	epykit_chain_merge	methylkit
12828	7705	chr16	50932996	50933226	50933001	50933500	225	504	0.44642857142857145	NaN	8.71904852031054e-15	0.31299498677253723	0.163101966500669	true	epykit_chain_merge	methylkit
12865	7711	chr16	54144160	54144627	54144001	54144500	340	626	0.5431309904153354	NaN	1.21728588917074e-16	0.27676331996917725	0.262978955727616	true	epykit_chain_merge	methylkit
12877	7713	chr16	54437257	54437597	54437001	54437500	243	596	0.4077181208053691	NaN	1.17248343805527e-9	-0.2544254660606384	-0.127041942604857	true	epykit_chain_merge	methylkit
12892	7718	chr16	54873884	54873970	54873501	54874000	86	499	0.17234468937875752	NaN	4.28604724264265e-9	-0.13432350754737854	-0.0947574097728896	true	epykit_chain_merge	methylkit
12942	7729	chr16	58187909	58188266	58188001	58188500	265	591	0.44839255499153974	NaN	1.50513731497054e-24	0.3506372272968292	0.212579773378484	true	epykit_chain_merge	methylkit
12943	7730	chr16	58247342	58247489	58247001	58247500	147	499	0.29458917835671344	NaN	2.92201697073141e-7	0.28359341621398926	0.158138680130381	true	epykit_chain_merge	methylkit
12945	7732	chr16	58419339	58420079	58420001	58420500	78	1161	0.06718346253229975	NaN	0.00112638140005651	-0.19562286138534546	-0.139214908365568	true	epykit_chain_merge	methylkit
12963	7735	chr16	60510097	60511037	60510501	60511000	499	940	0.5308510638297872	NaN	2.40453819677554e-8	0.2162162810564041	0.16852821305600402	true	epykit_chain_merge	methylkit
12988	7744	chr16	63026424	63027102	63026001	63026500	76	1101	0.06902815622161672	NaN	1.86904994519794e-9	0.25795066356658936	0.104408494442735	true	epykit_chain_merge	methylkit
13024	7759	chr16	68430030	68430891	68430501	68431000	390	970	0.4020618556701031	NaN	1.19309507372826e-9	0.2957691550254822	0.241233915190178	true	epykit_chain_merge	methylkit
13026	7761	chr16	68909230	68909986	68909001	68909500	270	985	0.27411167512690354	NaN	1.09278663496919e-7	0.17726431787014008	0.16315711475763203	true	epykit_chain_merge	methylkit
13029	7762	chr16	69078050	69078450	69078001	69078500	400	499	0.8016032064128257	NaN	0.000067397885734141	0.1832810640335083	0.13570430521877	true	epykit_chain_merge	methylkit
13032	7763	chr16	69309667	69309772	69309501	69310000	105	499	0.21042084168336672	NaN	8.43310380225812e-12	0.26729249954223633	0.192274897680764	true	epykit_chain_merge	methylkit
13056	7767	chr16	71761741	71763326	71761501	71762000	259	1825	0.14191780821917807	NaN	0.0206695296078743	0.2039550542831421	0.0624335743417643	true	epykit_chain_merge	methylkit
13081	7770	chr16	73126227	73126832	73126501	73127000	331	773	0.4282018111254851	NaN	8.83281422443356e-9	0.20261414349079132	0.144829941931391	true	epykit_chain_merge	methylkit
13124	7782	chr16	75319458	75320362	75319001	75319500	42	1361	0.03085966201322557	NaN	0.0000227029212900718	0.2447536140680313	0.0864785124420013	true	epykit_chain_merge	methylkit
13145	7788	chr16	77456941	77457453	77457001	77457500	452	559	0.8085867620751341	NaN	7.73559327336001e-21	0.3027118146419525	0.25808012346788	true	epykit_chain_merge	methylkit
13202	7793	chr16	79347086	79348096	79347501	79348000	499	1010	0.49405940594059405	NaN	0.0184412313039355	0.5500569343566895	0.579514594877951	true	epykit_chain_merge	methylkit
13214	7796	chr16	79767926	79768571	79768001	79768500	499	645	0.7736434108527132	NaN	7.85882111631213e-10	-0.19273343682289124	-0.201913718080843	true	epykit_chain_merge	methylkit
13293	7821	chr16	84234661	84235022	84234501	84235000	339	521	0.6506717850287908	NaN	8.95973096822851e-7	0.2145024836063385	0.159337998702472	true	epykit_chain_merge	methylkit
13321	7826	chr16	84840147	84840285	84840001	84840500	138	499	0.27655310621242485	NaN	3.10831981249632e-8	0.22271187603473663	0.185670735241275	true	epykit_chain_merge	methylkit
13332	7830	chr16	85136296	85136789	85136501	85137000	288	704	0.4090909090909091	NaN	3.4206623577241e-6	0.26714658737182617	0.123155778946336	true	epykit_chain_merge	methylkit
13336	7831	chr16	85300384	85300747	85300001	85300500	116	746	0.1554959785522788	NaN	0.00273835703544347	0.3279727101325989	0.0529926891747977	true	epykit_chain_merge	methylkit
13339	7832	chr16	85339363	85339929	85339001	85339500	137	928	0.1476293103448276	NaN	0.000158841387740305	-0.3387567102909088	-0.112379481697056	true	epykit_chain_merge	methylkit
13354	7834	chr16	85660925	85662437	85660501	85661000	75	1936	0.038739669421487606	NaN	0.0230123112017591	0.2719150185585022	0.0578457074944072	true	epykit_chain_merge	methylkit
13357	7836	chr16	85762964	85763615	85762501	85763000	36	1114	0.03231597845601436	NaN	0.00772037837736657	0.18018054962158203	0.0974872446855169	true	epykit_chain_merge	methylkit
13374	7839	chr16	86300353	86301697	86301501	86302000	196	1647	0.11900425015179114	NaN	1.56572880347561e-6	0.21654123067855835	0.16446727398284	true	epykit_chain_merge	methylkit
13377	7841	chr16	86326898	86327390	86327001	86327500	389	602	0.6461794019933554	NaN	0.00999548595470512	0.15508663654327393	0.0721811860138641	true	epykit_chain_merge	methylkit
13397	7846	chr16	86640248	86640769	86640501	86641000	268	752	0.35638297872340424	NaN	4.73377388408869e-17	0.18523994088172913	0.178321125210633	true	epykit_chain_merge	methylkit
13423	7850	chr16	87242164	87242710	87242001	87242500	336	709	0.47390691114245415	NaN	2.01997832709251e-9	0.2267678678035736	0.14591944076826502	true	epykit_chain_merge	methylkit
13527	7877	chr17	977303	977502	977001	977500	197	501	0.3932135728542914	NaN	0.000132496313734529	0.1622198224067688	0.14438967136150202	true	epykit_chain_merge	methylkit
13551	7882	chr17	1769780	1770241	1769501	1770000	220	740	0.2972972972972973	NaN	0.000866167100489	0.26740723848342896	0.100719975490196	true	epykit_chain_merge	methylkit
13572	7884	chr17	2624336	2625126	2624501	2625000	499	790	0.6316455696202532	NaN	0.0323790403201879	0.12179488688707352	0.06613504140078699	true	epykit_chain_merge	methylkit
13603	7906	chr17	5511324	5511683	5511001	5511500	176	682	0.25806451612903225	NaN	0.00106427652901613	0.24759206175804138	0.0697553396142653	true	epykit_chain_merge	methylkit
13629	7909	chr17	6546961	6548794	6547001	6547500	499	1833	0.2722313147845063	NaN	5.44203037294383e-25	0.20159582793712616	0.363457055764748	true	epykit_chain_merge	methylkit
13634	7910	chr17	6684573	6684934	6684501	6685000	361	499	0.7234468937875751	NaN	8.4991004019689e-20	0.2928451895713806	0.26637711601341	true	epykit_chain_merge	methylkit
13639	7912	chr17	6903309	6903928	6903501	6904000	427	691	0.61794500723589	NaN	0.0368778265100521	-0.3945726752281189	-0.369173981084575	true	epykit_chain_merge	methylkit
13695	7936	chr17	9826020	9826130	9826001	9826500	110	499	0.22044088176352705	NaN	0.000216605353580986	0.18310825526714325	0.125108235424958	true	epykit_chain_merge	methylkit
13716	7938	chr17	10944953	10945263	10945001	10945500	262	547	0.4789762340036563	NaN	2.73571543732386e-14	0.29774895310401917	0.300947838317128	true	epykit_chain_merge	methylkit
13734	7941	chr17	11898372	11898889	11898001	11898500	128	888	0.14414414414414414	NaN	4.01104047370741e-7	-0.19825570285320282	-0.059489291196608306	true	epykit_chain_merge	methylkit
13740	7946	chr17	12634858	12635213	12634501	12635000	142	712	0.199438202247191	NaN	0.0392142170648877	-0.22245119512081146	-0.0717515923566879	true	epykit_chain_merge	methylkit
13748	7949	chr17	13346596	13347325	13347001	13347500	324	904	0.3584070796460177	NaN	0.00400098885600493	0.12228605896234512	0.130150430794886	true	epykit_chain_merge	methylkit
13772	7954	chr17	14372794	14373921	14373001	14373500	499	1127	0.4427684117125111	NaN	2.09451591847304e-20	0.26198115944862366	0.333788665270315	true	epykit_chain_merge	methylkit
13810	7962	chr17	17060537	17060730	17060501	17061000	193	499	0.3867735470941884	NaN	0.00168215638389091	0.10242079198360443	0.0702428949652302	true	epykit_chain_merge	methylkit
13821	7964	chr17	17523641	17524247	17524001	17524500	246	859	0.28637951105937137	NaN	1.50387529006483e-34	0.2879151701927185	0.28747645049014897	true	epykit_chain_merge	methylkit
13843	7971	chr17	19435932	19436254	19435501	19436000	68	753	0.0903054448871182	NaN	0.0000904463040311873	-0.2442736178636551	-0.071998946998947	true	epykit_chain_merge	methylkit
13866	7977	chr17	20581305	20581890	20581501	20582000	389	695	0.5597122302158274	NaN	4.35736406435806e-24	0.46003231406211853	0.35132436837815806	true	epykit_chain_merge	methylkit
13896	7994	chr17	22161044	22161663	22161001	22161500	456	662	0.6888217522658611	NaN	0.000541023275719357	-0.14693982899188995	-0.128495046538195	true	epykit_chain_merge	methylkit
13906	7996	chr17	22539533	22540025	22540001	22540500	24	967	0.02481902792140641	NaN	0.000947244017288812	-0.10171972960233688	-0.0863069538767921	true	epykit_chain_merge	methylkit
13910	8001	chr17	22861616	22861830	22861501	22862000	214	499	0.4288577154308617	NaN	0.00605110819292415	-0.17481555044651031	-0.11432531318189501	true	epykit_chain_merge	methylkit
13936	8011	chr17	27315426	27315623	27315001	27315500	74	622	0.1189710610932476	NaN	0.00128309686382023	-0.2561149001121521	-0.144833239849851	true	epykit_chain_merge	methylkit
13956	8023	chr17	28982283	28983010	28982001	28982500	217	1009	0.21506442021803765	NaN	8.21219648256693e-12	0.23110537230968475	0.1619240558932	true	epykit_chain_merge	methylkit
13974	8029	chr17	30271109	30271426	30271001	30271500	317	499	0.6352705410821643	NaN	0.0301294075012614	0.42839574813842773	0.379046879046879	true	epykit_chain_merge	methylkit
14033	8046	chr17	34159718	34161035	34161001	34161500	34	1782	0.019079685746352413	NaN	0.00600779779591832	-0.13415873050689697	-0.08498582807600662	true	epykit_chain_merge	methylkit
14049	8053	chr17	35243768	35244011	35243501	35244000	232	510	0.4549019607843137	NaN	0.0000188152208586652	0.11498554795980453	0.08244268126725929	true	epykit_chain_merge	methylkit
14062	8058	chr17	36698017	36698326	36698001	36698500	309	499	0.6192384769539078	NaN	1.34957713802595e-7	0.13605061173439026	0.151784200855657	true	epykit_chain_merge	methylkit
14068	8059	chr17	36906807	36907117	36906501	36907000	193	616	0.3133116883116883	NaN	0.000390979389630388	0.1705031841993332	0.148651330412142	true	epykit_chain_merge	methylkit
14136	8080	chr17	42055459	42055655	42055501	42056000	154	541	0.2846580406654344	NaN	0.00847488735677408	-0.22807180881500244	-0.14992760389179802	true	epykit_chain_merge	methylkit
14146	8082	chr17	42472947	42473469	42472501	42473000	53	968	0.05475206611570248	NaN	0.0475893908289761	-0.28400203585624695	-0.0592903252333374	true	epykit_chain_merge	methylkit
14157	8085	chr17	43372264	43372785	43372501	43373000	284	736	0.3858695652173913	NaN	1.51835292753717e-6	0.24964630603790283	0.114448132898317	true	epykit_chain_merge	methylkit
14170	8087	chr17	43745633	43746304	43746001	43746500	303	867	0.3494809688581315	NaN	0.00315912405152063	0.14577051997184753	0.14161515419846	true	epykit_chain_merge	methylkit
14194	8098	chr17	45150938	45151288	45150501	45151000	62	787	0.07878017789072427	NaN	0.0344205250407244	-0.14324942231178284	-0.09933547635160529	true	epykit_chain_merge	methylkit
14341	8145	chr17	57698152	57698394	57698001	57698500	242	499	0.4849699398797595	NaN	1.21656080061523e-7	0.2510280907154083	0.250505050505051	true	epykit_chain_merge	methylkit
14399	8157	chr17	61308078	61309500	61309001	61309500	499	1422	0.3509142053445851	NaN	3.63677024937543e-23	0.19110234081745148	0.215060729673404	true	epykit_chain_merge	methylkit
14455	8175	chr17	65463735	65464194	65463501	65464000	265	693	0.3823953823953824	NaN	4.71752714478335e-6	0.08417470008134842	0.12048240725999	true	epykit_chain_merge	methylkit
14510	8191	chr17	68381610	68381787	68381501	68382000	177	499	0.35470941883767537	NaN	3.94999652516009e-9	0.2427702695131302	0.168268628199165	true	epykit_chain_merge	methylkit
14514	8193	chr17	68564003	68564157	68564001	68564500	154	499	0.30861723446893785	NaN	0.0302534083600939	0.455777108669281	0.47632987976139	true	epykit_chain_merge	methylkit
14519	8197	chr17	69415474	69416222	69415501	69416000	499	748	0.6671122994652406	NaN	0.000679722812330649	-0.1337181180715561	-0.09316332226694479	true	epykit_chain_merge	methylkit
14525	8198	chr17	70104774	70105084	70104501	70105000	226	583	0.3876500857632933	NaN	6.4147595011077e-38	0.3638112246990204	0.38114889214783504	true	epykit_chain_merge	methylkit
14538	8203	chr17	71167808	71168641	71167501	71168000	192	1140	0.16842105263157894	NaN	0.042510699428539	-0.22111119329929352	-0.0700185479597244	true	epykit_chain_merge	methylkit
14554	8206	chr17	71975353	71975607	71975501	71976000	106	647	0.16383307573415765	NaN	2.67501866837938e-6	0.2201717644929886	0.201334947005538	true	epykit_chain_merge	methylkit
14560	8207	chr17	72107413	72107830	72107501	72108000	329	587	0.5604770017035775	NaN	8.33746229008297e-8	0.18072445690631866	0.136292502489686	true	epykit_chain_merge	methylkit
14572	8208	chr17	72382753	72383704	72382501	72383000	247	1203	0.2053200332502078	NaN	0.0112937013146009	0.2645566165447235	0.094357515410147	true	epykit_chain_merge	methylkit
14575	8209	chr17	72518129	72518579	72518001	72518500	371	578	0.6418685121107266	NaN	0.031035400796975	-0.17245279252529144	-0.116140334449204	true	epykit_chain_merge	methylkit
14597	8215	chr17	73488414	73489254	73488001	73488500	86	1253	0.06863527533918595	NaN	0.00266161349645025	-0.07643913477659225	-0.0360161902715094	true	epykit_chain_merge	methylkit
14606	8217	chr17	73719015	73719499	73719001	73719500	484	499	0.969939879759519	NaN	3.68438048936777e-27	0.24693642556667328	0.29245858761987803	true	epykit_chain_merge	methylkit
14612	8221	chr17	74008845	74008977	74008501	74009000	132	499	0.26452905811623245	NaN	7.95013646198297e-7	-0.10249153524637222	-0.0870917573872473	true	epykit_chain_merge	methylkit
14621	8222	chr17	74199591	74199733	74199501	74200000	142	499	0.2845691382765531	NaN	0.0002008739683487	0.15390494465827942	0.0600369145391257	true	epykit_chain_merge	methylkit
14658	8229	chr17	75910802	75911240	75910501	75911000	198	739	0.2679296346414073	NaN	0.0345015461936668	-0.1629156470298767	-0.117378917378917	true	epykit_chain_merge	methylkit
14676	8237	chr17	76994879	76995623	76995001	76995500	499	744	0.6706989247311828	NaN	2.9506026472057e-7	0.1546410471200943	0.14339717649977898	true	epykit_chain_merge	methylkit
14684	8238	chr17	77162999	77164205	77163001	77163500	499	1206	0.41376451077943616	NaN	0.0325745589661662	0.479826420545578	0.531774540893082	true	epykit_chain_merge	methylkit
14717	8250	chr17	78435846	78435921	78435501	78436000	75	499	0.15030060120240482	NaN	0.000270929847670737	0.145280659198761	0.0705109665873186	true	epykit_chain_merge	methylkit
14737	8254	chr17	79193157	79193350	79193001	79193500	193	499	0.3867735470941884	NaN	0.0319500521947214	-0.11287663131952286	-0.06262814695304361	true	epykit_chain_merge	methylkit
14749	8262	chr17	79607373	79607700	79607001	79607500	127	699	0.18168812589413447	NaN	0.00383783965459141	0.17440393567085266	0.08807588075880761	true	epykit_chain_merge	methylkit
14768	8264	chr17	80115427	80115725	80115501	80116000	224	573	0.39092495636998253	NaN	0.0275699844053322	-0.14765244722366333	-0.0529407046607945	true	epykit_chain_merge	methylkit
14770	8265	chr17	80126177	80126420	80126001	80126500	243	499	0.48697394789579157	NaN	0.0030010702490999	-0.16282959282398224	-0.108477548809739	true	epykit_chain_merge	methylkit
14783	8269	chr17	80673391	80673680	80673001	80673500	109	679	0.16053019145802652	NaN	0.000285887233202351	0.23197929561138153	0.0837314415592647	true	epykit_chain_merge	methylkit
14833	8286	chr17	83117255	83117838	83117001	83117500	245	837	0.2927120669056153	NaN	3.57060558327786e-6	0.15081214904785156	0.10360149556777101	true	epykit_chain_merge	methylkit
14865	8290	chr18	463326	464422	463501	464000	499	1096	0.4552919708029197	NaN	0.03888257989691	0.33284544944763184	0.378941429009506	true	epykit_chain_merge	methylkit
14886	8297	chr18	2826622	2827130	2826501	2827000	378	629	0.6009538950715422	NaN	0.0000138544076509889	0.14406491816043854	0.137848303605134	true	epykit_chain_merge	methylkit
14889	8300	chr18	3138358	3138500	3138001	3138500	142	499	0.2845691382765531	NaN	1.09350389323715e-6	0.15482138097286224	0.0832836167180405	true	epykit_chain_merge	methylkit
14923	8308	chr18	5728621	5728875	5728501	5729000	254	499	0.5090180360721442	NaN	0.0000142652046972011	0.1895398199558258	0.148908351691652	true	epykit_chain_merge	methylkit
14968	8323	chr18	8232249	8233068	8232501	8233000	499	819	0.6092796092796092	NaN	5.30469489186335e-12	0.2526929974555969	0.23089974655026801	true	epykit_chain_merge	methylkit
14973	8326	chr18	8381693	8382204	8381501	8382000	307	703	0.4366998577524893	NaN	2.38930647191368e-8	-0.18077035248279572	-0.196677614355752	true	epykit_chain_merge	methylkit
14989	8329	chr18	8854211	8854772	8854501	8855000	271	789	0.34347275031685676	NaN	7.65040387583998e-19	0.25426796078681946	0.27559493987976	true	epykit_chain_merge	methylkit
15075	8353	chr18	13499790	13500432	13499501	13500000	210	931	0.22556390977443608	NaN	0.000107182484267145	0.1825968623161316	0.0547385492152851	true	epykit_chain_merge	methylkit
15085	8359	chr18	14406201	14406654	14406501	14407000	153	799	0.19148936170212766	NaN	0.0121223096248549	-0.120449960231781	-0.114899090991582	true	epykit_chain_merge	methylkit
15096	8363	chr18	14867546	14868154	14868001	14868500	153	954	0.16037735849056603	NaN	0.00287363705637255	-0.15176184475421906	-0.143500824717383	true	epykit_chain_merge	methylkit
15098	8365	chr18	14969722	14969884	14969501	14970000	162	499	0.3246492985971944	NaN	0.0000122977223718257	-0.19691608846187592	-0.168693251207986	true	epykit_chain_merge	methylkit
15174	8378	chr18	23159611	23159722	23159501	23160000	111	499	0.22244488977955912	NaN	9.2031267978145e-9	0.18726502358913422	0.153232135249669	true	epykit_chain_merge	methylkit
15182	8380	chr18	23857568	23857890	23857501	23858000	322	499	0.6452905811623246	NaN	5.59784008089654e-8	0.16368262469768524	0.124731767651179	true	epykit_chain_merge	methylkit
15274	8398	chr18	33749857	33750259	33750001	33750500	258	643	0.401244167962675	NaN	2.56571701101674e-32	0.3095800280570984	0.41731601731601703	true	epykit_chain_merge	methylkit
15407	8418	chr18	46387718	46387922	46387501	46388000	204	499	0.4088176352705411	NaN	0.000208287756647167	0.19312115013599396	0.163550023052098	true	epykit_chain_merge	methylkit
15412	8419	chr18	46510504	46510633	46510501	46511000	129	499	0.25851703406813625	NaN	0.0000555815597720671	0.1511463224887848	0.151497750585591	true	epykit_chain_merge	methylkit
15459	8424	chr18	49518744	49518954	49518501	49519000	210	499	0.42084168336673344	NaN	1.00882875127438e-27	0.36540770530700684	0.278371035577373	true	epykit_chain_merge	methylkit
15463	8425	chr18	49647862	49648124	49648001	49648500	123	638	0.19278996865203762	NaN	0.000226247665403393	0.2077220380306244	0.133947162935971	true	epykit_chain_merge	methylkit
15465	8426	chr18	49677925	49678866	49678501	49679000	365	1075	0.3395348837209302	NaN	0.0025327926700241	0.2635490596294403	0.135776762168419	true	epykit_chain_merge	methylkit
15485	8430	chr18	51101042	51101513	51101001	51101500	458	512	0.89453125	NaN	1.43104027410007e-9	0.20160293579101562	0.190656753407683	true	epykit_chain_merge	methylkit
15496	8433	chr18	51667286	51668090	51667501	51668000	499	804	0.6206467661691543	NaN	6.0212256928856e-18	0.21820016205310822	0.18121017773306503	true	epykit_chain_merge	methylkit
15546	8440	chr18	56637190	56637664	56637501	56638000	163	810	0.20123456790123456	NaN	0.0018184388899065	0.14448660612106323	0.046994933607073096	true	epykit_chain_merge	methylkit
15549	8441	chr18	57015746	57016108	57015501	57016000	254	607	0.4184514003294893	NaN	2.14917320966223e-12	0.22237077355384827	0.18251810942840802	true	epykit_chain_merge	methylkit
15589	8451	chr18	58576322	58577175	58576001	58576500	178	1174	0.151618398637138	NaN	0.0136822686657747	0.1429130584001541	0.065252946184523	true	epykit_chain_merge	methylkit
15605	8455	chr18	59269582	59271000	59269501	59270000	418	1499	0.27885256837891925	NaN	5.03171603107208e-19	0.17504733800888062	0.14465036441409201	true	epykit_chain_merge	methylkit
15709	8476	chr18	70452637	70452833	70452501	70453000	196	499	0.3927855711422846	NaN	2.47171606076038e-16	0.2935945391654968	0.17371794871794902	true	epykit_chain_merge	methylkit
15814	8499	chr18	76830425	76830542	76830001	76830500	75	541	0.13863216266173753	NaN	3.90355650567049e-6	0.2542061507701874	0.0853332577371359	true	epykit_chain_merge	methylkit
15842	8510	chr18	77825646	77826084	77825501	77826000	354	583	0.6072041166380789	NaN	0.0481578729833683	0.5002008676528931	0.362289635247382	true	epykit_chain_merge	methylkit
15846	8512	chr18	77896630	77897046	77897001	77897500	45	870	0.05172413793103448	NaN	0.0159029164977657	0.1927139014005661	0.0900614536978174	true	epykit_chain_merge	methylkit
15849	8513	chr18	77944416	77944663	77944501	77945000	162	584	0.2773972602739726	NaN	0.00939481903560064	-0.10046297311782837	-0.08174208097409091	true	epykit_chain_merge	methylkit
15850	8514	chr18	77948343	77948784	77948501	77949000	283	657	0.4307458143074581	NaN	0.00226821679783683	0.17040707170963287	0.141455969020733	true	epykit_chain_merge	methylkit
15880	8520	chr18	78639102	78639794	78639501	78640000	293	898	0.3262806236080178	NaN	5.85316728385678e-7	0.25369709730148315	0.139423735883913	true	epykit_chain_merge	methylkit
15926	8535	chr19	479654	480560	479501	480000	346	1059	0.3267233238904627	NaN	1.18478837661099e-30	0.24988819658756256	0.196352394812707	true	epykit_chain_merge	methylkit
15953	8540	chr19	1634428	1634860	1634501	1635000	359	572	0.6276223776223776	NaN	9.45572497312667e-10	0.1575758457183838	0.15926180403298001	true	epykit_chain_merge	methylkit
15974	8547	chr19	2914401	2915405	2914001	2914500	99	1404	0.07051282051282051	NaN	0.0250602889849078	0.2137809544801712	0.0643349263541934	true	epykit_chain_merge	methylkit
16033	8564	chr19	6028247	6028749	6028501	6029000	248	753	0.3293492695883134	NaN	0.0176828106530905	0.1487264782190323	0.0595492789127712	true	epykit_chain_merge	methylkit
16055	8578	chr19	7287412	7288083	7287501	7288000	499	671	0.7436661698956781	NaN	0.04091374799822	0.36816027760505676	0.40528608591524096	true	epykit_chain_merge	methylkit
16158	8625	chr19	17050243	17050320	17050001	17050500	77	499	0.15430861723446893	NaN	0.00141288358358294	-0.10213662683963776	-0.0777706654894603	true	epykit_chain_merge	methylkit
16183	8632	chr19	18719092	18719891	18719001	18719500	408	890	0.4584269662921348	NaN	7.0897713000901e-8	0.23249146342277527	0.13735362997658102	true	epykit_chain_merge	methylkit
16188	8635	chr19	19077452	19077780	19077501	19078000	279	548	0.5091240875912408	NaN	0.00312907478081591	0.14221133291721344	0.057152072246411896	true	epykit_chain_merge	methylkit
16195	8642	chr19	19489185	19489937	19489001	19489500	315	936	0.33653846153846156	NaN	0.000113020597573829	0.14868192374706268	0.100854700854701	true	epykit_chain_merge	methylkit
16202	8645	chr19	20154259	20154430	20154001	20154500	171	499	0.342685370741483	NaN	9.39125407564967e-9	-0.23888778686523438	-0.187016390714702	true	epykit_chain_merge	methylkit
16234	8655	chr19	22754074	22754299	22754001	22754500	225	499	0.45090180360721444	NaN	1.16631810321121e-9	-0.18689382076263428	-0.18286906814263698	true	epykit_chain_merge	methylkit
16261	8662	chr19	27298719	27299231	27298501	27299000	281	730	0.38493150684931504	NaN	0.0491503187223807	-0.12653400003910065	-0.10098396994025902	true	epykit_chain_merge	methylkit
16275	8664	chr19	27738052	27738735	27738001	27738500	448	734	0.6103542234332425	NaN	0.00169402414378279	-0.12393686175346375	-0.148335917639224	true	epykit_chain_merge	methylkit
16283	8671	chr19	28103631	28103990	28103501	28104000	359	499	0.7194388777555111	NaN	0.0000697605970249546	-0.13867348432540894	-0.121467253905314	true	epykit_chain_merge	methylkit
16290	8678	chr19	28445952	28446316	28445501	28446000	48	815	0.05889570552147239	NaN	0.0224420413551296	-0.1808132529258728	-0.0870705244122966	true	epykit_chain_merge	methylkit
16339	8691	chr19	30402874	30403813	30403001	30403500	499	939	0.531416400425985	NaN	0.0384809685486543	0.2383553385734558	0.2443619566837	true	epykit_chain_merge	methylkit
16388	8695	chr19	31761268	31761797	31761001	31761500	232	796	0.2914572864321608	NaN	2.09451591847304e-20	0.23655526340007782	0.361226920786182	true	epykit_chain_merge	methylkit
16391	8696	chr19	31883345	31883735	31883501	31884000	234	655	0.35725190839694654	NaN	2.90919415776507e-6	0.17904779314994812	0.158749104798281	true	epykit_chain_merge	methylkit
16396	8698	chr19	32048549	32048817	32048501	32049000	268	499	0.5370741482965932	NaN	7.74778815924071e-6	-0.13990645110607147	-0.12514269910814402	true	epykit_chain_merge	methylkit
16431	8707	chr19	33613274	33613474	33613001	33613500	200	499	0.40080160320641284	NaN	2.47127697570564e-11	0.3294471800327301	0.234439416792358	true	epykit_chain_merge	methylkit
16469	8718	chr19	36332209	36332430	36332001	36332500	221	499	0.44288577154308617	NaN	0.000591790975397001	-0.11167125403881073	-0.0950193665792944	true	epykit_chain_merge	methylkit
16486	8727	chr19	38265190	38265813	38265501	38266000	312	810	0.3851851851851852	NaN	2.78521676736772e-17	-0.2142157256603241	-0.218177258487572	true	epykit_chain_merge	methylkit
16533	8748	chr19	42656521	42656919	42656501	42657000	398	499	0.7975951903807615	NaN	0.0139721801672497	-0.13676133751869202	-0.14460163812360402	true	epykit_chain_merge	methylkit
16591	8766	chr19	47003156	47004513	47003001	47003500	344	1512	0.2275132275132275	NaN	1.85784097193596e-8	0.38467103242874146	0.161098367740434	true	epykit_chain_merge	methylkit
16637	8785	chr19	50228580	50228961	50228501	50229000	381	499	0.7635270541082164	NaN	0.0000600834535600306	0.19103214144706726	0.142283175323448	true	epykit_chain_merge	methylkit
16639	8786	chr19	50310315	50311054	50310501	50311000	499	739	0.6752368064952639	NaN	0.00478820812365461	0.1811891794204712	0.149580339211293	true	epykit_chain_merge	methylkit
16647	8787	chr19	50780874	50781389	50780501	50781000	126	888	0.14189189189189189	NaN	0.0000107597143132583	0.4229973256587982	0.11014306090732999	true	epykit_chain_merge	methylkit
16647	8788	chr19	50780874	50781389	50781001	50781500	388	626	0.6198083067092651	NaN	6.16610720977104e-52	0.4229973256587982	0.41201578192252497	true	epykit_chain_merge	methylkit
16671	8798	chr19	52814178	52814420	52814001	52814500	242	499	0.4849699398797595	NaN	8.75341192242252e-8	-0.13952310383319855	-0.0966826419050472	true	epykit_chain_merge	methylkit
16709	8815	chr19	55185283	55185464	55185001	55185500	181	499	0.3627254509018036	NaN	0.0000876839452826951	-0.2679038643836975	-0.131114378967756	true	epykit_chain_merge	methylkit
16721	8819	chr19	55772732	55772868	55772501	55773000	136	499	0.2725450901803607	NaN	0.0000317642486253818	-0.1304578185081482	-0.115668455970995	true	epykit_chain_merge	methylkit
16740	8828	chr19	56953590	56953998	56953501	56954000	408	499	0.8176352705410822	NaN	0.00120323261258163	-0.15308897197246552	-0.117869645172616	true	epykit_chain_merge	methylkit
16749	8836	chr19	58035753	58036228	58036001	58036500	227	747	0.3038821954484605	NaN	0.00102423526687049	0.10308243334293365	0.06588767582504701	true	epykit_chain_merge	methylkit
16754	9594	chr1_KI270706v1_random	20039	20927	20001	20500	461	926	0.4978401727861771	NaN	0.000526949477900553	-0.19089287519454956	-0.17697789412449103	true	epykit_chain_merge	methylkit
16756	9595	chr1_KI270706v1_random	92135	92675	92001	92500	365	674	0.5415430267062314	NaN	0.0240011233866441	-0.15243642032146454	-0.0950913024114016	true	epykit_chain_merge	methylkit
16761	9597	chr1_KI270708v1_random	53455	53670	53501	54000	169	545	0.3100917431192661	NaN	0.0369622390104418	-0.16927146911621094	-0.114471929044488	true	epykit_chain_merge	methylkit
16788	777	chr2	627394	627526	627501	628000	25	606	0.041254125412541254	NaN	0.0010275821475747	-0.08190014213323593	-0.04635345847073961	true	epykit_chain_merge	methylkit
16803	788	chr2	1456079	1456338	1456001	1456500	259	499	0.5190380761523046	NaN	0.0272193800946674	0.5625109672546387	0.493708245104315	true	epykit_chain_merge	methylkit
16860	804	chr2	3169433	3169572	3169001	3169500	67	571	0.11733800350262696	NaN	3.04834303828199e-6	0.19999828934669495	0.174046180584292	true	epykit_chain_merge	methylkit
16887	809	chr2	3780813	3780983	3780501	3781000	170	499	0.3406813627254509	NaN	0.00135441351014887	0.1303621530532837	0.0953109113532837	true	epykit_chain_merge	methylkit
16894	811	chr2	4093756	4094046	4093501	4094000	244	545	0.44770642201834865	NaN	1.71718876989297e-7	0.22159165143966675	0.18723815826312698	true	epykit_chain_merge	methylkit
16921	814	chr2	5343804	5344277	5343501	5344000	196	776	0.25257731958762886	NaN	1.15278237212642e-12	0.4274299144744873	0.194676258992806	true	epykit_chain_merge	methylkit
16990	831	chr2	8469974	8470283	8470001	8470500	282	526	0.5361216730038023	NaN	1.52047228410552e-6	0.18942177295684814	0.191491901108269	true	epykit_chain_merge	methylkit
17016	839	chr2	9961015	9961472	9961001	9961500	457	499	0.9158316633266533	NaN	1.25692398477795e-46	0.35622408986091614	0.30216067349090603	true	epykit_chain_merge	methylkit
17063	846	chr2	11356913	11357788	11357001	11357500	499	875	0.5702857142857143	NaN	8.06060481036853e-11	0.21943962574005127	0.1864505701715	true	epykit_chain_merge	methylkit
17116	857	chr2	15157927	15158256	15157501	15158000	73	755	0.09668874172185431	NaN	0.000205056969261452	0.3042912781238556	0.134376552409339	true	epykit_chain_merge	methylkit
17132	860	chr2	15980898	15981099	15981001	15981500	98	602	0.16279069767441862	NaN	7.73223402509536e-16	0.3346515893936157	0.167424962034813	true	epykit_chain_merge	methylkit
17233	884	chr2	23587489	23587789	23587501	23588000	288	511	0.5636007827788649	NaN	1.61647236766492e-6	0.2135450839996338	0.124219758932415	true	epykit_chain_merge	methylkit
17234	885	chr2	23614760	23615183	23614501	23615000	240	682	0.3519061583577713	NaN	9.50869983205942e-12	0.20358330011367798	0.20734938706577802	true	epykit_chain_merge	methylkit
17277	898	chr2	26339713	26339977	26339501	26340000	264	499	0.5290581162324649	NaN	0.0349292840731666	-0.4349708557128906	-0.389583333333333	true	epykit_chain_merge	methylkit
17284	899	chr2	26646333	26646634	26646001	26646500	167	633	0.2638230647709321	NaN	0.0115822847957058	0.2503868043422699	0.100122332247772	true	epykit_chain_merge	methylkit
17307	913	chr2	28537053	28537263	28537001	28537500	210	499	0.42084168336673344	NaN	7.60680222037729e-12	0.27735671401023865	0.233948335096708	true	epykit_chain_merge	methylkit
17310	915	chr2	28647945	28648296	28647501	28648000	55	795	0.06918238993710692	NaN	0.00105382880009878	0.10126897692680359	0.0707451515374973	true	epykit_chain_merge	methylkit
17338	920	chr2	29546290	29546919	29546501	29547000	418	710	0.5887323943661972	NaN	0.0000338356475239966	-0.12924572825431824	-0.100461130810717	true	epykit_chain_merge	methylkit
17388	927	chr2	33859956	33861151	33861001	33861500	150	1544	0.09715025906735751	NaN	0.0191000772987829	0.23383772373199463	0.0756349103458758	true	epykit_chain_merge	methylkit
17413	935	chr2	36786760	36786867	36786501	36787000	107	499	0.21442885771543085	NaN	4.2373141761559e-20	0.35702627897262573	0.267517871478268	true	epykit_chain_merge	methylkit
17428	938	chr2	37892260	37892597	37892001	37892500	240	596	0.40268456375838924	NaN	0.000081721074262318	0.2429114580154419	0.14840913944053	true	epykit_chain_merge	methylkit
17450	947	chr2	39514787	39516816	39515001	39515500	499	2029	0.24593395761458847	NaN	1.23592747322958e-10	0.22500762343406677	0.13718759081662302	true	epykit_chain_merge	methylkit
17538	957	chr2	44800324	44802405	44801001	44801500	499	2081	0.23978856319077366	NaN	0.0457485975642138	0.26851290464401245	0.441477852622984	true	epykit_chain_merge	methylkit
17551	958	chr2	45082824	45083392	45083001	45083500	391	676	0.5784023668639053	NaN	2.6002958459675e-8	0.10699453204870224	0.21741135502694	true	epykit_chain_merge	methylkit
17601	972	chr2	47721458	47721646	47721001	47721500	42	645	0.06511627906976744	NaN	0.03228404095354	-0.32244178652763367	-0.06129270120639221	true	epykit_chain_merge	methylkit
17613	973	chr2	48698728	48699046	48699001	48699500	45	772	0.05829015544041451	NaN	0.000168384356147953	0.21931247413158417	0.09457025064977741	true	epykit_chain_merge	methylkit
17639	981	chr2	53575709	53576478	53575501	53576000	291	977	0.2978505629477994	NaN	1.64851963891851e-10	-0.2077527791261673	-0.17573385518591	true	epykit_chain_merge	methylkit
17706	994	chr2	60261323	60261797	60261501	60262000	296	677	0.43722304283604135	NaN	0.000123497493192127	-0.07867778092622757	-0.104613097979966	true	epykit_chain_merge	methylkit
17730	1005	chr2	63053994	63061052	63058501	63059000	499	7058	0.07069991499008217	NaN	0.0381508435773974	0.3190118968486786	0.56893756085887	true	epykit_chain_merge	methylkit
17730	1006	chr2	63053994	63061052	63060001	63060500	499	7058	0.07069991499008217	NaN	0.0357870631128809	0.3190118968486786	0.41814036822467004	true	epykit_chain_merge	methylkit
17740	1007	chr2	64288519	64288798	64288501	64289000	279	499	0.5591182364729459	NaN	6.75547457733005e-6	0.14644105732440948	0.127982117455802	true	epykit_chain_merge	methylkit
17913	1051	chr2	79761474	79762054	79761001	79761500	26	1053	0.024691358024691357	NaN	0.0164457326916528	-0.19019299745559692	-0.0424409216571431	true	epykit_chain_merge	methylkit
17949	1061	chr2	85286935	85288678	85286501	85287000	65	2177	0.029857602204869087	NaN	0.0279683499675118	-0.23950126767158508	-0.0527664072934523	true	epykit_chain_merge	methylkit
17972	1074	chr2	87495629	87496006	87495501	87496000	371	505	0.7346534653465346	NaN	0.0000943592936025704	0.18759670853614807	0.12027921878347	true	epykit_chain_merge	methylkit
17983	1079	chr2	88727185	88727708	88727001	88727500	315	707	0.44554455445544555	NaN	0.0239503267559889	-0.11234062910079956	-0.024153571552052	true	epykit_chain_merge	methylkit
17992	1082	chr2	91451378	91451744	91451001	91451500	122	743	0.1641991924629879	NaN	0.000894996964808837	-0.13375720381736755	-0.0732263331382275	true	epykit_chain_merge	methylkit
18002	1086	chr2	92561290	92561587	92561001	92561500	210	586	0.3583617747440273	NaN	0.0179709203865112	-0.1286613643169403	-0.10180045332078899	true	epykit_chain_merge	methylkit
18019	1090	chr2	94997004	94997172	94997001	94997500	168	499	0.3366733466933868	NaN	5.28455796604692e-14	0.28825995326042175	0.214285714285714	true	epykit_chain_merge	methylkit
18057	1101	chr2	98903973	98904473	98904001	98904500	472	527	0.8956356736242884	NaN	1.57569426510026e-15	0.2183801233768463	0.255001837945702	true	epykit_chain_merge	methylkit
18084	1106	chr2	100105550	100106968	100106501	100107000	467	1450	0.3220689655172414	NaN	2.17627680906169e-17	0.2470303475856781	0.26165152778142703	true	epykit_chain_merge	methylkit
18164	1129	chr2	105107143	105107725	105107501	105108000	224	857	0.2613768961493582	NaN	3.80390031663536e-6	0.24653539061546326	0.102243713733075	true	epykit_chain_merge	methylkit
18212	1142	chr2	107338367	107338813	107338501	107339000	312	633	0.4928909952606635	NaN	0.00001081184444351	0.27085286378860474	0.118400124746608	true	epykit_chain_merge	methylkit
18216	1144	chr2	107682060	107682188	107682001	107682500	128	499	0.2565130260521042	NaN	4.22989048935048e-8	0.19204245507717133	0.164253115039119	true	epykit_chain_merge	methylkit
18218	1147	chr2	107808180	107808302	107808001	107808500	122	499	0.24448897795591182	NaN	1.16864662934163e-7	0.2017553746700287	0.13113073139279702	true	epykit_chain_merge	methylkit
18241	1148	chr2	109386114	109386899	109386501	109387000	398	886	0.4492099322799097	NaN	8.17905865521441e-8	0.24513699114322662	0.20509520355073002	true	epykit_chain_merge	methylkit
18250	1150	chr2	109609570	109610129	109609501	109610000	430	628	0.6847133757961783	NaN	5.49990110261649e-12	0.2759658992290497	0.22238682944216698	true	epykit_chain_merge	methylkit
18252	1151	chr2	109645811	109646045	109646001	109646500	44	689	0.06386066763425254	NaN	2.489579465533e-6	0.15937994420528412	0.102395159569038	true	epykit_chain_merge	methylkit
18253	1152	chr2	109677644	109680008	109677501	109678000	356	2507	0.14200239329876346	NaN	1.79817222684414e-30	0.32689812779426575	0.332081658557224	true	epykit_chain_merge	methylkit
18253	1153	chr2	109677644	109680008	109680001	109680500	7	2856	0.0024509803921568627	NaN	0.0184430325646088	0.32689812779426575	0.0532403994370351	true	epykit_chain_merge	methylkit
18271	1155	chr2	111663528	111663974	111663501	111664000	446	499	0.8937875751503006	NaN	1.1634437220757e-11	0.18548484146595	0.19106136218313802	true	epykit_chain_merge	methylkit
18303	1173	chr2	114294508	114295419	114295001	114295500	418	992	0.4213709677419355	NaN	5.72317221786382e-22	0.341150164604187	0.342771139705882	true	epykit_chain_merge	methylkit
18346	1184	chr2	118569067	118570257	118569001	118569500	433	1256	0.3447452229299363	NaN	1.02605608182986e-10	0.21691179275512695	0.182705262563432	true	epykit_chain_merge	methylkit
18349	1185	chr2	118636039	118636226	118636001	118636500	187	499	0.374749498997996	NaN	3.87242926657945e-7	0.2443452775478363	0.18558763931104402	true	epykit_chain_merge	methylkit
18370	1200	chr2	120229377	120229649	120229001	120229500	123	648	0.18981481481481483	NaN	0.000119403042823909	0.27088746428489685	0.09186713860059591	true	epykit_chain_merge	methylkit
18370	1201	chr2	120229377	120229649	120229501	120230000	148	623	0.2375601926163724	NaN	9.89050411152447e-20	0.27088746428489685	0.264868091372772	true	epykit_chain_merge	methylkit
18403	1215	chr2	122007042	122007779	122007001	122007500	458	778	0.5886889460154242	NaN	4.85955945922806e-9	0.19013957679271698	0.196088652071509	true	epykit_chain_merge	methylkit
18418	1219	chr2	124417332	124417578	124417501	124418000	77	668	0.11526946107784432	NaN	0.000116354655958332	0.2017987072467804	0.0962309590706953	true	epykit_chain_merge	methylkit
18432	1222	chr2	125983033	125984288	125983001	125983500	467	1287	0.3628593628593629	NaN	0.0342688371009246	0.3244122266769409	0.35764248704663204	true	epykit_chain_merge	methylkit
18445	1227	chr2	126880799	126881232	126881001	126881500	231	701	0.32952924393723254	NaN	0.00010110286353604	0.3206895887851715	0.168350168350168	true	epykit_chain_merge	methylkit
18463	1243	chr2	128289384	128290187	128289501	128290000	499	803	0.6214196762141968	NaN	2.88528586365021e-32	0.29508474469184875	0.316354571984436	true	epykit_chain_merge	methylkit
18548	1266	chr2	133711865	133712098	133711501	133712000	135	597	0.22613065326633167	NaN	2.12021322274264e-11	0.28611910343170166	0.234847494553377	true	epykit_chain_merge	methylkit
18557	1269	chr2	134160204	134161742	134160001	134160500	296	1741	0.17001723147616313	NaN	4.62443681989509e-14	0.23169712722301483	0.143594671911318	true	epykit_chain_merge	methylkit
18563	1271	chr2	134544914	134545235	134544501	134545000	86	734	0.11716621253405994	NaN	4.23329022731738e-7	0.37523943185806274	0.155873723169826	true	epykit_chain_merge	methylkit
18590	1278	chr2	136448497	136449498	136449001	136449500	497	1003	0.4955134596211366	NaN	3.89242757242563e-10	0.20510676503181458	0.20671649277688603	true	epykit_chain_merge	methylkit
18828	1326	chr2	162579517	162579867	162579501	162580000	350	499	0.7014028056112225	NaN	4.23389353123312e-7	0.15292784571647644	0.15035914436814302	true	epykit_chain_merge	methylkit
18903	1343	chr2	170687986	170688116	170688001	170688500	115	514	0.2237354085603113	NaN	0.0226319116417511	-0.11049815267324448	-0.0575140109319864	true	epykit_chain_merge	methylkit
18904	1344	chr2	170718211	170718931	170718001	170718500	289	930	0.310752688172043	NaN	8.61294741277059e-22	0.16276274621486664	0.181563363600474	true	epykit_chain_merge	methylkit
18927	1349	chr2	172240737	172241194	172241001	172241500	193	763	0.2529488859764089	NaN	5.05641245857009e-11	0.2746988832950592	0.215873553212754	true	epykit_chain_merge	methylkit
18930	1351	chr2	172386746	172387516	172387501	172388000	15	1254	0.011961722488038277	NaN	0.000963510520221003	-0.24446463584899902	-0.14350866524779599	true	epykit_chain_merge	methylkit
18979	1356	chr2	174585842	174586198	174585501	174586000	158	697	0.2266857962697274	NaN	0.00317571070567607	0.27724841237068176	0.09628630246920761	true	epykit_chain_merge	methylkit
18995	1359	chr2	176589020	176589507	176589001	176589500	480	506	0.9486166007905138	NaN	8.82960496451872e-8	0.2264152318239212	0.193189006364329	true	epykit_chain_merge	methylkit
19010	1363	chr2	178523068	178524583	178523501	178524000	499	1515	0.32937293729372935	NaN	4.60757738920829e-16	0.2183256894350052	0.252074869850441	true	epykit_chain_merge	methylkit
19092	1387	chr2	191281460	191281642	191281001	191281500	40	641	0.062402496099843996	NaN	0.0171173364725754	0.2955489158630371	0.10190537358167401	true	epykit_chain_merge	methylkit
19113	1392	chr2	195513380	195513516	195513501	195514000	15	620	0.024193548387096774	NaN	7.72158362027317e-8	0.4123055934906006	0.123582190073145	true	epykit_chain_merge	methylkit
19204	1417	chr2	204051786	204052026	204051501	204052000	214	525	0.4076190476190476	NaN	0.0114864460159846	-0.12484519183635712	-0.0670116869548315	true	epykit_chain_merge	methylkit
19342	1447	chr2	216553542	216554301	216553501	216554000	458	800	0.5725	NaN	3.46272514403342e-7	0.15596076846122742	0.144364634048716	true	epykit_chain_merge	methylkit
19352	1450	chr2	216915927	216915987	216915501	216916000	60	499	0.12024048096192384	NaN	0.00155000248555017	0.1765672266483307	0.12041953457882701	true	epykit_chain_merge	methylkit
19354	1451	chr2	217063753	217065303	217063501	217064000	247	1802	0.13706992230854606	NaN	0.000396347192191157	0.21337012946605682	0.14417699610832702	true	epykit_chain_merge	methylkit
19394	1464	chr2	219965877	219966869	219966001	219966500	499	992	0.5030241935483871	NaN	6.59160905510195e-37	0.36114105582237244	0.41391914252550005	true	epykit_chain_merge	methylkit
19504	1482	chr2	229045718	229046115	229046001	229046500	114	782	0.14578005115089515	NaN	0.00264869337723329	0.13289640843868256	0.0873323013415893	true	epykit_chain_merge	methylkit
19512	1484	chr2	229764933	229765476	229764501	229765000	67	975	0.06871794871794872	NaN	4.17474651208697e-7	-0.14621403813362122	-0.0631295204116304	true	epykit_chain_merge	methylkit
19523	1489	chr2	231334209	231334877	231334501	231335000	376	791	0.47534766118836913	NaN	0.0195700882152487	0.3545207977294922	0.303452558370591	true	epykit_chain_merge	methylkit
19551	1505	chr2	234548774	234549479	234549001	234549500	478	726	0.6584022038567493	NaN	3.87811955123612e-13	0.23307128250598907	0.253316671217245	true	epykit_chain_merge	methylkit
19560	1506	chr2	234864263	234865401	234864001	234864500	237	1400	0.1692857142857143	NaN	0.0122248785652289	0.23003633320331573	0.133998396915145	true	epykit_chain_merge	methylkit
19560	1507	chr2	234864263	234865401	234864501	234865000	499	1138	0.4384885764499121	NaN	1.07880429951514e-17	0.23003633320331573	0.216953385382395	true	epykit_chain_merge	methylkit
19625	1519	chr2	236083111	236083338	236083001	236083500	227	499	0.45490981963927857	NaN	7.24359548936807e-24	0.2705245614051819	0.258226604707393	true	epykit_chain_merge	methylkit
19639	1523	chr2	236360721	236360960	236360501	236361000	239	499	0.4789579158316633	NaN	9.8565871489883e-13	-0.16163931787014008	-0.16985507246376802	true	epykit_chain_merge	methylkit
19665	1531	chr2	237164827	237165402	237164501	237165000	173	901	0.19200887902330743	NaN	6.35037407069261e-12	-0.21348443627357483	-0.14910516563474502	true	epykit_chain_merge	methylkit
19702	1542	chr2	238695654	238696509	238696501	238697000	8	1346	0.005943536404160475	NaN	0.0485642542783783	-0.13240592181682587	-0.0774647887323944	true	epykit_chain_merge	methylkit
19762	1551	chr2	240911922	240912026	240911501	240912000	78	525	0.14857142857142858	NaN	0.0449452003133939	0.1600780189037323	0.0641301146322167	true	epykit_chain_merge	methylkit
19803	8848	chr20	2252827	2253588	2252501	2253000	173	1087	0.15915363385464582	NaN	8.78580520072167e-14	0.23925188183784485	0.24292763048079402	true	epykit_chain_merge	methylkit
19804	8853	chr20	2341408	2341775	2341001	2341500	92	774	0.11886304909560723	NaN	0.00359498998818699	-0.20843830704689026	-0.11109577592221999	true	epykit_chain_merge	methylkit
19806	8854	chr20	2439763	2440293	2439501	2440000	237	792	0.29924242424242425	NaN	0.0213820917007912	-0.1987411081790924	-0.08620689655172409	true	epykit_chain_merge	methylkit
19851	8865	chr20	5739375	5739932	5739001	5739500	125	931	0.13426423200859292	NaN	0.0127454224909181	-0.26565659046173096	-0.109064665127021	true	epykit_chain_merge	methylkit
19955	8883	chr20	15716231	15716734	15716001	15716500	269	733	0.3669849931787176	NaN	2.87612329159114e-7	-0.23698295652866364	-0.16734744034014098	true	epykit_chain_merge	methylkit
19959	8884	chr20	15851790	15852148	15851501	15852000	210	647	0.32457496136012365	NaN	0.00156192566752627	0.30242136120796204	0.148671768072664	true	epykit_chain_merge	methylkit
19989	8897	chr20	17910789	17910986	17910501	17911000	197	499	0.39478957915831664	NaN	0.00338013722726942	0.28311794996261597	0.08019329934030481	true	epykit_chain_merge	methylkit
19990	8898	chr20	17936781	17936946	17936501	17937000	165	499	0.3306613226452906	NaN	4.33820194550173e-11	0.344815194606781	0.263452749520861	true	epykit_chain_merge	methylkit
19993	8899	chr20	18223583	18224571	18224001	18224500	499	988	0.5050607287449392	NaN	9.75473122095183e-6	0.21821025013923645	0.125725900116144	true	epykit_chain_merge	methylkit
20012	8902	chr20	19441181	19441294	19441001	19441500	113	499	0.22645290581162325	NaN	9.18789988153246e-9	0.17790772020816803	0.124390552540884	true	epykit_chain_merge	methylkit
20054	8908	chr20	20875811	20876142	20876001	20876500	141	689	0.204644412191582	NaN	2.32430767528486e-17	-0.3710690438747406	-0.22291579969482603	true	epykit_chain_merge	methylkit
20070	8910	chr20	21977652	21978368	21977501	21978000	348	867	0.4013840830449827	NaN	2.41441140242228e-23	0.4140913486480713	0.372672508214677	true	epykit_chain_merge	methylkit
20092	8915	chr20	23086109	23086648	23086501	23087000	147	891	0.16498316498316498	NaN	7.9159333482372e-18	0.41880524158477783	0.25363186200564003	true	epykit_chain_merge	methylkit
20101	8918	chr20	23664212	23664469	23664001	23664500	257	499	0.5150300601202404	NaN	7.99366127690962e-35	0.4442514479160309	0.297032987060324	true	epykit_chain_merge	methylkit
20129	8929	chr20	24638625	24639193	24638501	24639000	375	692	0.541907514450867	NaN	0.0000133214011247454	0.16348154842853546	0.17371634076549503	true	epykit_chain_merge	methylkit
20145	8935	chr20	25394413	25395300	25394001	25394500	87	1299	0.06697459584295612	NaN	8.15089769116555e-8	0.15398253500461578	0.21747074271164601	true	epykit_chain_merge	methylkit
20152	8937	chr20	25864506	25865176	25864501	25865000	494	675	0.7318518518518519	NaN	0.0227515632733674	0.37253808975219727	0.49534455842997305	true	epykit_chain_merge	methylkit
20161	8942	chr20	28807856	28808876	28808001	28808500	499	1020	0.4892156862745098	NaN	0.0485318860415724	-0.11856909096240997	-0.0755083416970559	true	epykit_chain_merge	methylkit
20164	8943	chr20	28875467	28875974	28875501	28876000	473	533	0.8874296435272045	NaN	0.0412405154289715	-0.13043829798698425	-0.10290590034613199	true	epykit_chain_merge	methylkit
20243	8976	chr20	35121373	35121474	35121001	35121500	101	499	0.20240480961923848	NaN	0.0000719324327771763	0.1662396639585495	0.10419224338513	true	epykit_chain_merge	methylkit
20289	8992	chr20	37934950	37935636	37934501	37935000	50	1135	0.04405286343612335	NaN	2.78624281073721e-7	-0.3104441463947296	-0.134513970877607	true	epykit_chain_merge	methylkit
20296	8995	chr20	38286953	38288216	38288001	38288500	215	1547	0.1389786683904331	NaN	9.76010140108979e-9	0.2227647304534912	0.09331990674357771	true	epykit_chain_merge	methylkit
20360	9008	chr20	42194409	42195365	42194501	42195000	499	956	0.5219665271966527	NaN	4.6586845686487e-14	0.19009676575660706	0.279255534830914	true	epykit_chain_merge	methylkit
20383	9011	chr20	43365522	43366025	43366001	43366500	24	978	0.024539877300613498	NaN	0.00343009976176438	0.18586154282093048	0.101805541820355	true	epykit_chain_merge	methylkit
20400	9017	chr20	44230861	44232012	44232001	44232500	11	1639	0.006711409395973154	NaN	0.000529006056362975	0.2916037440299988	0.147111556411	true	epykit_chain_merge	methylkit
20402	9019	chr20	44323991	44324054	44324001	44324500	53	509	0.10412573673870335	NaN	0.0177667872799012	0.15817803144454956	0.113661540660624	true	epykit_chain_merge	methylkit
20489	9036	chr20	48178487	48178940	48178501	48179000	439	513	0.8557504873294347	NaN	0.000349219639866913	0.19990237057209015	0.163996297087517	true	epykit_chain_merge	methylkit
20490	9037	chr20	48187896	48188400	48188001	48188500	399	604	0.6605960264900662	NaN	7.30782918152536e-7	0.15827438235282898	0.19781599346392198	true	epykit_chain_merge	methylkit
20496	9041	chr20	48393919	48394239	48393501	48394000	81	738	0.10975609756097561	NaN	1.26042558738847e-17	0.27983006834983826	0.18750547549169902	true	epykit_chain_merge	methylkit
20519	9045	chr20	48975939	48976215	48975501	48976000	61	714	0.08543417366946779	NaN	0.0195700882152487	0.1441950500011444	0.0589812416607801	true	epykit_chain_merge	methylkit
20528	9052	chr20	49642354	49643663	49642501	49643000	499	1309	0.3812070282658518	NaN	2.06234502940473e-10	-0.1606796532869339	-0.193334312861201	true	epykit_chain_merge	methylkit
20534	9055	chr20	49909474	49910681	49910501	49911000	180	1526	0.11795543905635648	NaN	6.16250013395599e-6	0.3593268394470215	0.165639861101211	true	epykit_chain_merge	methylkit
20573	9064	chr20	51384730	51385095	51384501	51385000	270	594	0.45454545454545453	NaN	1.0559138806119e-6	0.2729318141937256	0.162859379770444	true	epykit_chain_merge	methylkit
20626	9074	chr20	53621515	53622057	53622001	53622500	56	985	0.05685279187817259	NaN	0.00339596546578878	-0.2287312000989914	-0.125754548322642	true	epykit_chain_merge	methylkit
20634	9077	chr20	53778148	53778354	53778001	53778500	206	499	0.41282565130260523	NaN	9.29170692576768e-8	0.17933647334575653	0.11898285525882	true	epykit_chain_merge	methylkit
20635	9078	chr20	53859870	53860239	53859501	53860000	130	738	0.17615176151761516	NaN	5.90054279825366e-6	0.15629303455352783	0.122954662665854	true	epykit_chain_merge	methylkit
20651	9085	chr20	54844142	54844578	54844001	54844500	358	577	0.6204506065857885	NaN	0.000280576902837515	-0.16394589841365814	-0.130948107686305	true	epykit_chain_merge	methylkit
20677	9092	chr20	56815475	56816014	56816001	56816500	13	1025	0.012682926829268294	NaN	0.000615801442525196	0.19709736108779907	0.12722122070564	true	epykit_chain_merge	methylkit
20680	9093	chr20	56860789	56861526	56861001	56861500	499	737	0.6770691994572592	NaN	2.41544742234641e-12	0.1925661265850067	0.224845447637043	true	epykit_chain_merge	methylkit
20680	9094	chr20	56860789	56861526	56861501	56862000	25	1211	0.02064409578860446	NaN	0.000307297608521754	0.1925661265850067	0.139158645698268	true	epykit_chain_merge	methylkit
20714	9099	chr20	57615482	57615764	57615501	57616000	263	518	0.5077220077220077	NaN	0.00146702964984933	0.09796927124261856	0.0841923860253799	true	epykit_chain_merge	methylkit
20724	9104	chr20	58012911	58013383	58012501	58013000	89	882	0.10090702947845805	NaN	0.000603334286663778	0.22580677270889282	0.10972553334555901	true	epykit_chain_merge	methylkit
20779	9115	chr20	60238171	60238351	60238001	60238500	180	499	0.36072144288577157	NaN	0.000349219639866913	0.16575759649276733	0.127151745110621	true	epykit_chain_merge	methylkit
20782	9117	chr20	60322599	60323086	60323001	60323500	85	901	0.09433962264150944	NaN	0.00207067529558447	0.2522478997707367	-0.0698829566133988	false	epykit_chain_merge	methylkit
20785	9118	chr20	60422465	60422739	60422501	60423000	238	535	0.44485981308411215	NaN	0.0405246245133	0.3622386157512665	0.30127144312945603	true	epykit_chain_merge	methylkit
20802	9125	chr20	60900960	60901497	60901001	60901500	496	540	0.9185185185185185	NaN	0.00496774625666713	0.09796969592571259	0.0793861404935143	true	epykit_chain_merge	methylkit
20835	9132	chr20	61740330	61740787	61740501	61741000	286	670	0.42686567164179107	NaN	0.0466058077385457	0.11126986891031265	0.0494934102141681	true	epykit_chain_merge	methylkit
20858	9143	chr20	62663357	62663707	62663001	62663500	143	706	0.20254957507082152	NaN	2.370031146293e-8	0.2435942441225052	0.188949503716102	true	epykit_chain_merge	methylkit
20880	9147	chr20	63614441	63614535	63614001	63614500	59	534	0.1104868913857678	NaN	0.0433145805739776	0.16631212830543518	0.06687381451532391	true	epykit_chain_merge	methylkit
20892	9151	chr20	64258146	64258606	64258501	64259000	105	854	0.12295081967213115	NaN	0.00880601014228925	-0.14450396597385406	-0.075623996195019	true	epykit_chain_merge	methylkit
20937	9155	chr21	8766737	8768038	8768001	8768500	37	1763	0.02098695405558707	NaN	0.00104448273279697	-0.15484952926635742	-0.0862082159632967	true	epykit_chain_merge	methylkit
20954	9156	chr21	9077586	9078210	9077501	9078000	414	709	0.5839210155148096	NaN	8.27557301622932e-6	-0.15910755097866058	-0.151390372047328	true	epykit_chain_merge	methylkit
21014	9161	chr21	10483979	10484094	10483501	10484000	21	593	0.03541315345699832	NaN	0.000537395021333828	-0.15140889585018158	-0.10774303489671601	true	epykit_chain_merge	methylkit
21029	9163	chr21	10637944	10639463	10638001	10638500	499	1519	0.3285055957867018	NaN	0.000226247665403393	-0.11886078864336014	-0.0966425176959477	true	epykit_chain_merge	methylkit
21077	9170	chr21	13870134	13870707	13870001	13870500	366	706	0.5184135977337111	NaN	0.00017504298340331	-0.14828050136566162	-0.13573851149801802	true	epykit_chain_merge	methylkit
21169	9194	chr21	26447163	26448050	26447001	26447500	337	1049	0.32125834127740704	NaN	0.0327069021812676	0.1244962140917778	0.0643998340076771	true	epykit_chain_merge	methylkit
21220	9204	chr21	31543280	31543574	31543501	31544000	73	720	0.10138888888888889	NaN	0.00866212756629966	0.19898974895477295	0.057607926397735404	true	epykit_chain_merge	methylkit
21274	9218	chr21	33304374	33304500	33304001	33304500	126	499	0.25250501002004005	NaN	8.29513457181199e-7	-0.13764815032482147	-0.132952952860047	true	epykit_chain_merge	methylkit
21275	9219	chr21	33380819	33381034	33381001	33381500	33	681	0.048458149779735685	NaN	0.0000104322255682582	0.3093506693840027	0.117973533478175	true	epykit_chain_merge	methylkit
21284	9222	chr21	33888240	33888924	33888501	33889000	423	760	0.5565789473684211	NaN	6.89635358982765e-7	0.19259916245937347	0.122880864687469	true	epykit_chain_merge	methylkit
21301	9226	chr21	34852986	34853290	34853001	34853500	289	514	0.5622568093385214	NaN	2.73433231612985e-11	0.203901007771492	0.151916293259605	true	epykit_chain_merge	methylkit
21308	9227	chr21	35294273	35294880	35294001	35294500	227	879	0.2582480091012514	NaN	2.04476955399938e-8	-0.21793140470981598	-0.12431452043102499	true	epykit_chain_merge	methylkit
21325	9235	chr21	36499653	36499917	36499501	36500000	264	499	0.5290581162324649	NaN	3.19965680130745e-15	0.29058837890625	0.18347809365084503	true	epykit_chain_merge	methylkit
21427	9263	chr21	41183521	41184276	41183501	41184000	479	775	0.6180645161290322	NaN	2.82962131338148e-19	0.28907638788223267	0.336565530184548	true	epykit_chain_merge	methylkit
21428	9265	chr21	41192001	41192476	41192001	41192500	475	499	0.9519038076152304	NaN	1.22204123984423e-8	-0.13130401074886322	-0.13467917062106902	true	epykit_chain_merge	methylkit
21429	9269	chr21	41251944	41252529	41252501	41253000	28	1056	0.026515151515151516	NaN	0.00719162654433683	-0.14281189441680908	-0.055923249589482804	true	epykit_chain_merge	methylkit
21437	9274	chr21	41752450	41752827	41752501	41753000	326	550	0.5927272727272728	NaN	1.85881869325136e-12	0.2727675139904022	0.21734273277090801	true	epykit_chain_merge	methylkit
21443	9276	chr21	41950897	41951096	41950501	41951000	103	595	0.173109243697479	NaN	0.00116781484781049	-0.32949313521385193	-0.08329582064521819	true	epykit_chain_merge	methylkit
21461	9278	chr21	42398451	42398867	42398501	42399000	366	549	0.6666666666666666	NaN	1.41103319042232e-12	0.19517634809017181	0.183795013850416	true	epykit_chain_merge	methylkit
21463	9279	chr21	42413140	42413203	42413001	42413500	63	499	0.12625250501002003	NaN	0.000642701305900168	0.17195595800876617	0.0851786725479092	true	epykit_chain_merge	methylkit
21471	9281	chr21	42581705	42581912	42581501	42582000	207	499	0.4148296593186373	NaN	9.95531486561545e-6	0.19744901359081268	0.112187861305625	true	epykit_chain_merge	methylkit
21511	9292	chr21	44282823	44283519	44282501	44283000	177	1018	0.1738703339882122	NaN	0.000282838840769031	-0.22913458943367004	-0.10800342103486299	true	epykit_chain_merge	methylkit
21515	9295	chr21	44485353	44486553	44486001	44486500	499	1200	0.41583333333333333	NaN	0.038357618685532	-0.2831825017929077	-0.28527473933346104	true	epykit_chain_merge	methylkit
21554	9303	chr21	46188981	46189415	46189001	46189500	414	519	0.7976878612716763	NaN	0.00108076557642125	0.16130003333091736	0.128833584715938	true	epykit_chain_merge	methylkit
21555	9304	chr21	46202801	46203339	46203001	46203500	338	699	0.48354792560801146	NaN	0.00521332476699306	0.4286532402038574	0.059745601545644	true	epykit_chain_merge	methylkit
21652	9326	chr22	16036193	16037118	16036501	16037000	499	925	0.5394594594594595	NaN	2.41601999110277e-9	-0.1542123258113861	-0.157869689365752	true	epykit_chain_merge	methylkit
21655	9328	chr22	16053166	16053859	16053501	16054000	358	834	0.4292565947242206	NaN	0.0000173243368611168	-0.11076407134532928	-0.117410249123804	true	epykit_chain_merge	methylkit
21705	9344	chr22	19169513	19170003	19169501	19170000	487	502	0.9701195219123506	NaN	0.0389362214071955	-0.3631861209869385	-0.378439991060121	true	epykit_chain_merge	methylkit
21749	9353	chr22	22266187	22266558	22266001	22266500	313	557	0.5619389587073609	NaN	0.0200870085230873	-0.20742471516132355	-0.10921912624699001	true	epykit_chain_merge	methylkit
21761	9355	chr22	23432840	23433004	23432501	23433000	160	503	0.31809145129224653	NaN	0.0000153842085774154	0.23835353553295135	0.10811120976558501	true	epykit_chain_merge	methylkit
21806	9368	chr22	25941480	25941741	25941501	25942000	240	520	0.46153846153846156	NaN	1.18739668383268e-10	0.21972449123859406	0.255966386554622	true	epykit_chain_merge	methylkit
21811	9370	chr22	26125184	26125674	26125001	26125500	316	673	0.46953937592867756	NaN	8.7676583939244e-10	-0.24669775366783142	-0.219068812050668	true	epykit_chain_merge	methylkit
21818	9376	chr22	26555509	26555822	26555501	26556000	313	499	0.627254509018036	NaN	7.10899733611629e-20	0.2894696593284607	0.26001380551323	true	epykit_chain_merge	methylkit
21821	9377	chr22	26571276	26572225	26572001	26572500	224	1224	0.1830065359477124	NaN	0.00346887695688753	0.3228897750377655	0.107901526879762	true	epykit_chain_merge	methylkit
21884	9384	chr22	28029585	28029824	28029501	28030000	239	499	0.4789579158316633	NaN	1.42427124944528e-14	0.2910090386867523	0.296956612577478	true	epykit_chain_merge	methylkit
21892	9388	chr22	28889459	28889944	28889501	28890000	443	541	0.8188539741219963	NaN	1.99019457229015e-16	0.234193354845047	0.24165855098126	true	epykit_chain_merge	methylkit
21921	9398	chr22	30208925	30209143	30209001	30209500	142	575	0.24695652173913044	NaN	1.70178152315981e-26	0.40758365392684937	0.214776685796518	true	epykit_chain_merge	methylkit
21943	9407	chr22	31876219	31876275	31876001	31876500	56	499	0.11222444889779559	NaN	1.60710227202934e-6	0.11667506396770477	0.08058340686077911	true	epykit_chain_merge	methylkit
21956	9413	chr22	32623985	32624120	32624001	32624500	119	515	0.23106796116504855	NaN	0.0000187168805582656	-0.22070761024951935	-0.126084171101912	true	epykit_chain_merge	methylkit
21980	9417	chr22	33605353	33606202	33605001	33605500	147	1201	0.12239800166527894	NaN	1.41307523509807e-8	0.20297227799892426	0.15459331723167302	true	epykit_chain_merge	methylkit
21990	9419	chr22	33773060	33773784	33773501	33774000	283	940	0.30106382978723406	NaN	2.93737949088508e-7	0.21124206483364105	0.143583168080401	true	epykit_chain_merge	methylkit
22035	9435	chr22	36573869	36574507	36573501	36574000	131	1006	0.13021868787276342	NaN	0.0337662835790585	-0.2490515559911728	-0.12574236043623802	true	epykit_chain_merge	methylkit
22046	9437	chr22	36826931	36828641	36828001	36828500	499	1710	0.291812865497076	NaN	0.0000351877502412956	-0.18070529401302338	-0.144706994328922	true	epykit_chain_merge	methylkit
22058	9439	chr22	37442279	37442358	37442001	37442500	79	499	0.15831663326653306	NaN	2.50280978176904e-7	0.34145045280456543	0.19358800743236898	true	epykit_chain_merge	methylkit
22069	9446	chr22	38141529	38141745	38141501	38142000	216	499	0.43286573146292584	NaN	0.00121091810992033	0.20080319046974182	0.0757431777387432	true	epykit_chain_merge	methylkit
22071	9448	chr22	38231066	38231207	38231001	38231500	141	499	0.28256513026052105	NaN	1.78608563430713e-12	0.31659215688705444	0.17458981572767102	true	epykit_chain_merge	methylkit
22073	9450	chr22	38244019	38244210	38244001	38244500	191	499	0.38276553106212424	NaN	5.61027215647363e-13	0.2755983769893646	0.266711038390785	true	epykit_chain_merge	methylkit
22140	9475	chr22	42273971	42274807	42274001	42274500	499	836	0.59688995215311	NaN	3.84506748291677e-8	0.17365168035030365	0.194252008032128	true	epykit_chain_merge	methylkit
22174	9487	chr22	43439662	43440276	43439501	43440000	338	775	0.43612903225806454	NaN	0.0322155753433347	0.40064287185668945	0.458076985496983	true	epykit_chain_merge	methylkit
22184	9490	chr22	43682305	43682552	43682501	43683000	51	695	0.07338129496402877	NaN	0.00996778816716436	-0.2317173033952713	-0.0779531314763939	true	epykit_chain_merge	methylkit
22188	9492	chr22	43823306	43824142	43824001	43824500	141	1194	0.11809045226130653	NaN	0.000172585168938295	0.18099573254585266	0.106139862284972	true	epykit_chain_merge	methylkit
22192	9494	chr22	44007373	44007567	44007501	44008000	66	627	0.10526315789473684	NaN	0.0199911854297587	0.19711972773075104	0.06723929915545711	true	epykit_chain_merge	methylkit
22205	9498	chr22	44298277	44299277	44298501	44299000	499	1000	0.499	NaN	7.56863865562122e-7	0.26747047901153564	0.214263415852402	true	epykit_chain_merge	methylkit
22230	9509	chr22	45218918	45219373	45219001	45219500	372	582	0.6391752577319587	NaN	3.87729575466068e-14	0.23101915419101715	0.21843617577059302	true	epykit_chain_merge	methylkit
22232	9512	chr22	45455240	45455591	45455001	45455500	260	590	0.4406779661016949	NaN	6.06700606326177e-31	0.28372886776924133	0.250532528443427	true	epykit_chain_merge	methylkit
22320	9526	chr22	48423369	48423936	48423001	48423500	131	935	0.14010695187165775	NaN	0.0166626746587065	0.2815512418746948	0.12569657974405402	true	epykit_chain_merge	methylkit
22349	9531	chr22	49119254	49120095	49120001	49120500	94	1246	0.0754414125200642	NaN	0.00400703038276226	0.28840944170951843	0.114169533938067	true	epykit_chain_merge	methylkit
22368	9535	chr22	49939468	49939812	49939001	49939500	32	811	0.03945745992601726	NaN	0.0390066802768119	0.2881530523300171	0.0871352736399389	true	epykit_chain_merge	methylkit
22438	1560	chr3	490056	490572	490001	490500	444	571	0.7775831873905429	NaN	2.47263559492179e-7	-0.12895511090755463	-0.119759362954268	true	epykit_chain_merge	methylkit
22490	1566	chr3	3080228	3080374	3080001	3080500	146	499	0.2925851703406814	NaN	0.000172246381045599	-0.1518917977809906	-0.12018760850219601	true	epykit_chain_merge	methylkit
22516	1574	chr3	5277058	5277276	5277001	5277500	218	499	0.43687374749499	NaN	8.36559991791892e-8	-0.12154876440763474	-0.11214712901135901	true	epykit_chain_merge	methylkit
22558	1580	chr3	9200801	9202307	9201501	9202000	499	1506	0.33134130146082336	NaN	3.2916660736454e-11	0.26779600977897644	0.226359367276322	true	epykit_chain_merge	methylkit
22560	1581	chr3	9205829	9206518	9206001	9206500	499	689	0.7242380261248186	NaN	0.025048449692144	0.20518705248832703	0.0868976889877782	true	epykit_chain_merge	methylkit
22642	1607	chr3	14640449	14640519	14640001	14640500	51	518	0.09845559845559845	NaN	0.000164230434425199	0.23867075145244598	0.13156713369276798	true	epykit_chain_merge	methylkit
22651	1616	chr3	15498486	15498583	15498001	15498500	14	582	0.024054982817869417	NaN	0.0000117060003279639	0.390617311000824	0.144286436562249	true	epykit_chain_merge	methylkit
22668	1618	chr3	16468196	16469054	16469001	16469500	53	1304	0.040644171779141106	NaN	0.0045062406952917	-0.1520565003156662	-0.0509696653761224	true	epykit_chain_merge	methylkit
22703	1629	chr3	22971542	22971977	22971501	22972000	435	499	0.8717434869739479	NaN	1.23163053429043e-12	-0.12420395761728287	-0.131563926940639	true	epykit_chain_merge	methylkit
22741	1635	chr3	26718577	26719990	26719501	26720000	489	1423	0.3436401967673928	NaN	0.0041651670334404	-0.26952412724494934	-0.123379350900283	true	epykit_chain_merge	methylkit
22781	1643	chr3	31409902	31410287	31409501	31410000	98	786	0.12468193384223919	NaN	1.15141246045244e-16	-0.25939205288887024	-0.23850558071477898	true	epykit_chain_merge	methylkit
22782	1644	chr3	31473722	31474124	31473501	31474000	278	623	0.4462279293739968	NaN	3.40704539283991e-8	-0.2934584617614746	-0.175900353513036	true	epykit_chain_merge	methylkit
22786	1646	chr3	31717524	31718349	31718001	31718500	348	976	0.35655737704918034	NaN	0.0408698809320345	-0.15246529877185822	-0.0703430858501118	true	epykit_chain_merge	methylkit
22854	1674	chr3	40780397	40781583	40781501	40782000	82	1603	0.051154086088583905	NaN	0.0000101574303113894	0.31569984555244446	0.08951621519245521	true	epykit_chain_merge	methylkit
22878	1679	chr3	42507253	42507567	42507001	42507500	247	566	0.4363957597173145	NaN	0.000404979684624438	0.19515714049339294	0.154846408785121	true	epykit_chain_merge	methylkit
22884	1685	chr3	43405339	43406886	43406501	43407000	385	1661	0.23178807947019867	NaN	5.70648161732574e-16	0.3362850546836853	0.231147974639258	true	epykit_chain_merge	methylkit
22902	1691	chr3	45631556	45631945	45631501	45632000	389	499	0.779559118236473	NaN	0.0170471008843376	0.16325847804546356	0.11819762523888601	true	epykit_chain_merge	methylkit
22974	1724	chr3	53511122	53511471	53511001	53511500	349	499	0.6993987975951904	NaN	0.00417665650079974	0.12475830316543579	0.08768510111870359	true	epykit_chain_merge	methylkit
22990	1727	chr3	54279055	54279272	54279001	54279500	217	499	0.4348697394789579	NaN	2.46474920474168e-20	-0.3269869387149811	-0.28173517053590297	true	epykit_chain_merge	methylkit
23026	1734	chr3	55546162	55547285	55546501	55547000	499	1123	0.44434550311665183	NaN	0.0000105302433422437	0.2099951058626175	0.123980322003578	true	epykit_chain_merge	methylkit
23051	1737	chr3	56748309	56749168	56748001	56748500	191	1167	0.1636675235646958	NaN	3.33659192076892e-6	0.18406236171722412	0.170692549076844	true	epykit_chain_merge	methylkit
23073	1741	chr3	58041337	58041642	58041001	58041500	163	641	0.2542901716068643	NaN	2.28245836952337e-7	0.318534791469574	0.183982786342571	true	epykit_chain_merge	methylkit
23075	1743	chr3	58121150	58121802	58121501	58122000	301	850	0.35411764705882354	NaN	7.72158362027317e-8	0.1880112588405609	0.10710654257535801	true	epykit_chain_merge	methylkit
23085	1744	chr3	58493058	58494055	58493001	58493500	442	1054	0.41935483870967744	NaN	0.0238085854490944	-0.21410426497459412	-0.11334721560384599	true	epykit_chain_merge	methylkit
23107	1747	chr3	59981637	59981815	59981501	59982000	178	499	0.35671342685370744	NaN	0.00202081040808263	-0.10059579461812973	-0.0660053670028543	true	epykit_chain_merge	methylkit
23114	1748	chr3	60330171	60330434	60330001	60330500	263	499	0.5270541082164328	NaN	0.01824043106635	0.5144788026809692	0.41346571988103903	true	epykit_chain_merge	methylkit
23137	1754	chr3	62142041	62142984	62142001	62142500	459	983	0.4669379450661241	NaN	1.14529446570222e-7	0.18891800940036774	0.139381304304404	true	epykit_chain_merge	methylkit
23164	1761	chr3	64031815	64032471	64032001	64032500	470	685	0.6861313868613139	NaN	0.000158263508480453	0.17685338854789734	0.13088049148210598	true	epykit_chain_merge	methylkit
23172	1762	chr3	64343653	64344099	64343501	64344000	347	598	0.580267558528428	NaN	1.004539114968e-13	0.201526939868927	0.223198446377355	true	epykit_chain_merge	methylkit
23180	1763	chr3	64583823	64584027	64583501	64584000	177	526	0.3365019011406844	NaN	3.52703821803075e-7	0.17071038484573364	0.151786426667943	true	epykit_chain_merge	methylkit
23189	1766	chr3	64995359	64996559	64995001	64995500	141	1558	0.09050064184852374	NaN	4.6658199917284e-8	0.22558915615081787	0.140299554526641	true	epykit_chain_merge	methylkit
23192	1767	chr3	65240469	65240718	65240501	65241000	217	531	0.4086629001883239	NaN	2.97621724921631e-8	0.2673722207546234	0.167685855749335	true	epykit_chain_merge	methylkit
23217	1770	chr3	66399958	66400299	66400001	66400500	298	542	0.5498154981549815	NaN	0.000266371600893684	0.15284718573093414	0.09321878579610542	true	epykit_chain_merge	methylkit
23238	1772	chr3	67504278	67504626	67504501	67505000	125	722	0.1731301939058172	NaN	1.93749445195779e-11	0.30723777413368225	0.212084323473241	true	epykit_chain_merge	methylkit
23272	1781	chr3	70243677	70244296	70243501	70244000	323	795	0.40628930817610065	NaN	0.0437353803056115	-0.22864721715450287	-0.0911380193370361	true	epykit_chain_merge	methylkit
23290	1783	chr3	71109115	71111317	71109501	71110000	499	2202	0.22661217075386011	NaN	0.0326054727975115	0.24348333477973938	0.367886339488774	true	epykit_chain_merge	methylkit
23290	1784	chr3	71109115	71111317	71111001	71111500	316	2385	0.13249475890985324	NaN	0.00373623096821164	0.24348333477973938	0.06930667757439411	true	epykit_chain_merge	methylkit
23309	1785	chr3	71520286	71520891	71520501	71521000	390	714	0.5462184873949579	NaN	2.01984074227125e-8	0.2167915403842926	0.18828770099956502	true	epykit_chain_merge	methylkit
23335	1790	chr3	72519908	72520525	72520501	72521000	24	1092	0.02197802197802198	NaN	0.000437050239996125	0.13879866898059845	0.102040660698217	true	epykit_chain_merge	methylkit
23336	1792	chr3	72590648	72591616	72590501	72591000	352	1115	0.31569506726457397	NaN	9.20927718937197e-12	0.19575613737106323	0.196098902498027	true	epykit_chain_merge	methylkit
23340	1797	chr3	72891202	72891684	72891001	72891500	298	683	0.4363103953147877	NaN	8.18682659420618e-8	-0.17280317842960358	-0.138671984326896	true	epykit_chain_merge	methylkit
23399	1804	chr3	77148988	77149518	77149001	77149500	499	530	0.9415094339622642	NaN	0.0000512405453376659	0.09626900404691696	0.10765047583735	true	epykit_chain_merge	methylkit
23446	1817	chr3	83344871	83345111	83344501	83345000	129	610	0.21147540983606558	NaN	0.00147402261385098	-0.13531549274921417	-0.0845515480370253	true	epykit_chain_merge	methylkit
23476	1822	chr3	86971262	86972470	86971501	86972000	499	1208	0.41307947019867547	NaN	5.46687236108514e-25	0.20851100981235504	0.230656209039787	true	epykit_chain_merge	methylkit
23482	1823	chr3	86991966	86992769	86992001	86992500	499	803	0.6214196762141968	NaN	4.91985576032779e-9	0.15868793427944183	0.16735449735449698	true	epykit_chain_merge	methylkit
23505	1834	chr3	90484640	90485588	90485001	90485500	499	948	0.5263713080168776	NaN	3.15304754384516e-9	0.12877017259597778	0.11653114979386199	true	epykit_chain_merge	methylkit
23508	1841	chr3	90508815	90509397	90509001	90509500	396	685	0.5781021897810219	NaN	4.05938717995713e-8	0.1439134031534195	0.12437650178142301	true	epykit_chain_merge	methylkit
23509	1842	chr3	90510167	90510762	90510001	90510500	333	761	0.4375821287779238	NaN	0.000627012537440266	0.15416710078716278	0.0885167464114832	true	epykit_chain_merge	methylkit
23510	1844	chr3	90516575	90517020	90516501	90517000	425	519	0.8188824662813102	NaN	2.14917320966223e-12	0.1608300507068634	0.142296480520726	true	epykit_chain_merge	methylkit
23511	1845	chr3	90519237	90520220	90520001	90520500	219	1263	0.17339667458432304	NaN	0.000219076592184054	0.1145707219839096	0.10906976352205501	true	epykit_chain_merge	methylkit
23515	1853	chr3	90560406	90561148	90560001	90560500	94	1147	0.08195292066259809	NaN	0.0045034711375137	0.1079191341996193	0.042589240658006705	true	epykit_chain_merge	methylkit
23518	1855	chr3	90572399	90573844	90572001	90572500	101	1843	0.05480195333695062	NaN	0.00379020184233932	0.1349475234746933	0.060869413827814	true	epykit_chain_merge	methylkit
23518	1856	chr3	90572399	90573844	90572501	90573000	499	1445	0.3453287197231834	NaN	2.97621724921631e-8	0.1349475234746933	0.13825780162989498	true	epykit_chain_merge	methylkit
23521	1868	chr3	90612140	90613180	90612501	90613000	499	1040	0.4798076923076923	NaN	0.000160995509055266	0.08896240592002869	0.0980663998907689	true	epykit_chain_merge	methylkit
23523	1873	chr3	90637321	90638662	90637501	90638000	499	1341	0.372110365398956	NaN	0.000387218224898411	0.09037991613149643	0.0644832447316588	true	epykit_chain_merge	methylkit
23525	1877	chr3	90661617	90662168	90661501	90662000	383	667	0.5742128935532234	NaN	2.45030158508466e-7	0.1146094799041748	0.100373061064206	true	epykit_chain_merge	methylkit
23526	1878	chr3	90667170	90667720	90667501	90668000	219	830	0.26385542168674697	NaN	0.0000411823368008702	0.10448754578828812	0.0974658768993046	true	epykit_chain_merge	methylkit
23530	1882	chr3	90687096	90687530	90687001	90687500	404	529	0.7637051039697542	NaN	3.14794231845177e-9	0.12068990617990494	0.108761904761905	true	epykit_chain_merge	methylkit
23530	1883	chr3	90687096	90687530	90687501	90688000	29	904	0.032079646017699116	NaN	0.0184981538838057	0.12068990617990494	0.0689044219339887	true	epykit_chain_merge	methylkit
23532	1886	chr3	90698488	90699133	90699001	90699500	132	1012	0.13043478260869565	NaN	0.000865343794513348	0.12370482087135315	0.09669343197401661	true	epykit_chain_merge	methylkit
23540	1894	chr3	93714158	93714685	93714001	93714500	342	684	0.5	NaN	0.0000315333546660133	-0.16140632331371307	-0.129925061111006	true	epykit_chain_merge	methylkit
23785	1946	chr3	123335085	123335310	123335001	123335500	225	499	0.45090180360721444	NaN	0.000898384535110665	0.1383746862411499	0.0796139139150044	true	epykit_chain_merge	methylkit
23796	1949	chr3	124374960	124375266	124375001	124375500	265	540	0.49074074074074076	NaN	0.00606081156859878	0.2050425112247467	0.132344572485418	true	epykit_chain_merge	methylkit
23827	1953	chr3	126057023	126057496	126057001	126057500	473	499	0.9478957915831663	NaN	0.0112966643786815	0.12860998511314392	0.107012662467313	true	epykit_chain_merge	methylkit
23880	1978	chr3	129358399	129358546	129358501	129359000	45	601	0.07487520798668885	NaN	0.0301338031327303	-0.2402912825345993	-0.07378468133214	true	epykit_chain_merge	methylkit
23895	1983	chr3	130200801	130201414	130200501	130201000	199	913	0.21796276013143484	NaN	6.29189265969454e-7	0.5152697563171387	0.171717370356532	true	epykit_chain_merge	methylkit
23896	1984	chr3	130221926	130222868	130221501	130222000	74	1367	0.05413313825896123	NaN	0.00606828618504812	0.20123346149921417	0.101372109436626	true	epykit_chain_merge	methylkit
23910	1991	chr3	133463263	133463504	133463001	133463500	237	503	0.4711729622266402	NaN	0.00790154488882206	0.1821974813938141	0.06337372990143819	true	epykit_chain_merge	methylkit
23932	1999	chr3	135931029	135931416	135931001	135931500	387	499	0.7755511022044088	NaN	4.33820194550173e-11	0.17954908311367035	0.172773740350642	true	epykit_chain_merge	methylkit
23965	2008	chr3	139830739	139831348	139831001	139831500	347	761	0.4559789750328515	NaN	2.00854964607199e-12	0.2674095928668976	0.20327181208053702	true	epykit_chain_merge	methylkit
23974	2010	chr3	140448975	140449400	140448501	140449000	25	899	0.027808676307007785	NaN	2.44318708586019e-8	-0.2325267791748047	-0.111208645443196	true	epykit_chain_merge	methylkit
24003	2019	chr3	143124848	143125348	143125001	143125500	347	652	0.5322085889570553	NaN	7.68808681276015e-7	-0.19348683953285217	-0.173980295343798	true	epykit_chain_merge	methylkit
24058	2028	chr3	150746547	150746902	150746501	150747000	355	499	0.7114228456913828	NaN	0.000389813570802425	0.09545471519231796	0.0886906020070256	true	epykit_chain_merge	methylkit
24106	2037	chr3	156751767	156751942	156751501	156752000	175	499	0.35070140280561124	NaN	3.08692486064816e-8	0.16594922542572021	0.141881803818111	true	epykit_chain_merge	methylkit
24116	2039	chr3	157631571	157632224	157631501	157632000	429	723	0.5933609958506224	NaN	0.0242627255061403	0.3027906119823456	0.364396718706763	true	epykit_chain_merge	methylkit
24121	2041	chr3	158818653	158819069	158819001	158819500	68	847	0.08028335301062574	NaN	0.0000359690265216373	-0.22604241967201233	-0.0721284623709381	true	epykit_chain_merge	methylkit
24170	2054	chr3	169003595	169003867	169003501	169004000	272	499	0.5450901803607214	NaN	3.54968132400846e-6	0.14282341301441193	0.0999726386700506	true	epykit_chain_merge	methylkit
24188	2055	chr3	169658146	169660863	169660001	169660500	499	2717	0.18365844681634155	NaN	4.35842865198169e-70	0.23265184462070465	0.249154292518068	true	epykit_chain_merge	methylkit
24200	2058	chr3	170860748	170861057	170861001	170861500	56	752	0.07446808510638298	NaN	4.03378284025024e-9	0.3644319772720337	0.176177727678362	true	epykit_chain_merge	methylkit
24206	2060	chr3	171317475	171317964	171317501	171318000	463	525	0.8819047619047619	NaN	7.97593077889021e-9	0.13321976363658905	0.126535976520926	true	epykit_chain_merge	methylkit
24227	2063	chr3	172222547	172223022	172222501	172223000	453	521	0.8694817658349329	NaN	0.0185377395592744	0.4350179433822632	0.44027791465457805	true	epykit_chain_merge	methylkit
24253	2072	chr3	175346710	175347219	175346501	175347000	290	718	0.403899721448468	NaN	1.14358451190964e-9	-0.29508867859840393	-0.16164779452379102	true	epykit_chain_merge	methylkit
24289	2080	chr3	179464544	179465011	179464501	179465000	456	510	0.8941176470588236	NaN	2.12281138763455e-22	0.29606449604034424	0.248256562694896	true	epykit_chain_merge	methylkit
24329	2088	chr3	182643713	182643900	182643501	182644000	187	499	0.374749498997996	NaN	5.99871429846065e-13	0.28057852387428284	0.243588469184891	true	epykit_chain_merge	methylkit
24389	2104	chr3	186757561	186758035	186758001	186758500	34	939	0.0362087326943557	NaN	9.10464541568748e-13	-0.22209160029888153	-0.122536483167172	true	epykit_chain_merge	methylkit
24430	2114	chr3	190586308	190587313	190586501	190587000	499	1005	0.49651741293532337	NaN	0.000404979684624438	-0.07679491490125656	-0.151209677419355	true	epykit_chain_merge	methylkit
24440	2118	chr3	192185853	192186712	192185501	192186000	147	1211	0.12138728323699421	NaN	0.0384822429876351	0.11364851146936417	-0.0395163970043197	false	epykit_chain_merge	methylkit
24475	2121	chr3	194140110	194140497	194140001	194140500	387	499	0.7755511022044088	NaN	0.0100667868188299	0.15312211215496063	0.10973474742574901	true	epykit_chain_merge	methylkit
24488	2124	chr3	194739152	194739787	194739501	194740000	286	848	0.33726415094339623	NaN	7.27932048551246e-8	0.15838271379470825	0.16157599855413002	true	epykit_chain_merge	methylkit
24505	2129	chr3	195198012	195199232	195199001	195199500	231	1488	0.15524193548387097	NaN	0.0000548263459273801	0.2313312441110611	0.0724966993259676	true	epykit_chain_merge	methylkit
24513	2133	chr3	195596619	195596959	195596501	195597000	340	499	0.6813627254509018	NaN	0.0200797132036805	0.12306132167577744	0.0983760650857202	true	epykit_chain_merge	methylkit
24529	2136	chr3	196263481	196263794	196263001	196263500	19	793	0.02395964691046658	NaN	0.0222150046985446	0.34536612033843994	0.0746040451380232	true	epykit_chain_merge	methylkit
24566	2147	chr4	549609	549996	549501	550000	387	499	0.7755511022044088	NaN	0.000120471441409007	-0.15094542503356934	-0.17608185664613998	true	epykit_chain_merge	methylkit
24567	2148	chr4	586880	587084	586501	587000	120	583	0.2058319039451115	NaN	0.0000518069369606486	0.15762409567832947	0.129447219681512	true	epykit_chain_merge	methylkit
24599	2163	chr4	2593946	2594394	2593501	2594000	54	893	0.060470324748040316	NaN	0.0000482458315548568	0.3244008421897888	0.138855429245401	true	epykit_chain_merge	methylkit
24627	2170	chr4	3883930	3884096	3884001	3884500	95	570	0.16666666666666666	NaN	1.72323180003906e-13	0.4054865837097168	0.28882587407425603	true	epykit_chain_merge	methylkit
24639	2173	chr4	4470803	4471052	4471001	4471500	51	697	0.07317073170731707	NaN	0.0124991401431873	-0.0994839072227478	-0.0513275702377277	true	epykit_chain_merge	methylkit
24686	2185	chr4	6350389	6350690	6350501	6351000	189	611	0.309328968903437	NaN	0.00117808333098943	0.25154516100883484	0.107531399656637	true	epykit_chain_merge	methylkit
24690	2186	chr4	6418846	6419024	6419001	6419500	23	654	0.035168195718654434	NaN	0.00716421620808627	0.13439114391803741	0.0763743942501407	true	epykit_chain_merge	methylkit
24724	2198	chr4	7595277	7596613	7596501	7597000	112	1723	0.06500290191526407	NaN	0.00084363635429047	0.2011824995279312	-0.11325548226065299	false	epykit_chain_merge	methylkit
24793	2212	chr4	9105892	9106621	9106001	9106500	499	729	0.6844993141289437	NaN	0.0116834575865981	-0.37065011262893677	-0.376385864501191	true	epykit_chain_merge	methylkit
24795	2214	chr4	9422162	9422603	9422501	9423000	102	838	0.12171837708830549	NaN	0.00489684057733542	-0.21509428322315216	-0.12302232246509	true	epykit_chain_merge	methylkit
24846	2220	chr4	13950659	13951321	13950501	13951000	341	820	0.41585365853658535	NaN	0.0000996698183277887	0.09746456146240234	0.0963239502189854	true	epykit_chain_merge	methylkit
24859	2226	chr4	15848282	15848451	15848001	15848500	169	499	0.33867735470941884	NaN	0.00170888356595678	0.14552481472492218	0.09764698692091431	true	epykit_chain_merge	methylkit
24890	2236	chr4	18935910	18936414	18935501	18936000	90	913	0.09857612267250822	NaN	4.14964482183299e-12	-0.35549667477607727	-0.22182534891899403	true	epykit_chain_merge	methylkit
24893	2237	chr4	19193138	19193482	19193001	19193500	344	499	0.6893787575150301	NaN	4.3252081052365e-64	0.33951807022094727	0.295891250436705	true	epykit_chain_merge	methylkit
24933	2245	chr4	23198393	23198633	23198501	23199000	132	607	0.21746293245469522	NaN	6.29755947881731e-17	0.3757975399494171	0.2225	true	epykit_chain_merge	methylkit
24975	2256	chr4	25938005	25939199	25938501	25939000	499	1194	0.41792294807370184	NaN	1.56288694323405e-10	-0.17072518169879913	-0.17482078913473	true	epykit_chain_merge	methylkit
25009	2262	chr4	28702549	28703484	28702501	28703000	451	983	0.4587995930824008	NaN	2.78560868605862e-36	-0.3835527002811432	-0.405410847584392	true	epykit_chain_merge	methylkit
25061	2274	chr4	38129083	38129534	38129001	38129500	417	533	0.7823639774859287	NaN	0.000129784055775982	0.1841992288827896	0.156436294398984	true	epykit_chain_merge	methylkit
25164	2303	chr4	49098477	49098683	49098501	49099000	182	523	0.3479923518164436	NaN	0.00120332649838481	-0.12920089066028595	-0.104294309212342	true	epykit_chain_merge	methylkit
25166	2304	chr4	49159407	49159803	49159501	49160000	302	593	0.5092748735244519	NaN	0.000458498508904016	-0.12465490400791168	-0.1451192731296	true	epykit_chain_merge	methylkit
25181	2306	chr4	49534929	49535599	49535501	49536000	98	1071	0.0915032679738562	NaN	0.0336888348582846	-0.12253540009260178	-0.0991983346315304	true	epykit_chain_merge	methylkit
25254	2320	chr4	57168311	57168896	57168501	57169000	395	689	0.5732946298984035	NaN	7.02825951536093e-11	0.21227823197841644	0.22268342365194702	true	epykit_chain_merge	methylkit
25267	2322	chr4	58306521	58306829	58306501	58307000	308	499	0.6172344689378757	NaN	4.19432366981741e-9	0.17418596148490906	0.164047729911979	true	epykit_chain_merge	methylkit
25270	2324	chr4	59120674	59121254	59121001	59121500	253	826	0.3062953995157385	NaN	0.000042862087420318	0.0923384502530098	0.106680994704915	true	epykit_chain_merge	methylkit
25381	2348	chr4	78125771	78126044	78125501	78126000	229	543	0.42173112338858193	NaN	0.0101074735723299	0.2443550080060959	0.11591876558946901	true	epykit_chain_merge	methylkit
25433	2361	chr4	84415178	84415463	84415001	84415500	285	499	0.5711422845691383	NaN	0.0155236883140831	0.12370771914720535	0.107504173741813	true	epykit_chain_merge	methylkit
25444	2363	chr4	85919529	85920004	85919501	85920000	471	503	0.9363817097415507	NaN	9.98432127193559e-7	0.17035965621471405	0.17375734962862002	true	epykit_chain_merge	methylkit
25450	2365	chr4	86386498	86387273	86387001	86387500	272	1002	0.2714570858283433	NaN	1.13370161480011e-31	0.30640777945518494	0.386253446545865	true	epykit_chain_merge	methylkit
25584	2399	chr4	110201500	110201967	110201501	110202000	466	500	0.932	NaN	0.0116039713332231	-0.10150440037250519	-0.11490105462732601	true	epykit_chain_merge	methylkit
25623	2405	chr4	116063419	116063694	116063501	116064000	193	581	0.33218588640275387	NaN	3.8848805531868e-12	0.1975010186433792	0.207284364998829	true	epykit_chain_merge	methylkit
25667	2423	chr4	124635210	124635739	124635501	124636000	238	790	0.3012658227848101	NaN	7.02159274914089e-6	-0.18541426956653595	-0.15025657071339202	true	epykit_chain_merge	methylkit
25717	2435	chr4	134585723	134586303	134586001	134586500	302	777	0.3886743886743887	NaN	0.0000503376356732794	0.1359831541776657	0.170350788552456	true	epykit_chain_merge	methylkit
25749	2445	chr4	138977252	138977763	138977501	138978000	262	748	0.3502673796791444	NaN	9.15450623960061e-19	0.24548469483852386	0.321346485347634	true	epykit_chain_merge	methylkit
25769	2450	chr4	139986155	139986611	139986001	139986500	345	610	0.5655737704918032	NaN	0.0325330692341684	0.4069163501262665	0.428989214948583	true	epykit_chain_merge	methylkit
25773	2451	chr4	140082348	140082698	140082501	140083000	197	652	0.30214723926380366	NaN	1.96951692218773e-8	0.3194146454334259	0.144276293218465	true	epykit_chain_merge	methylkit
25864	2476	chr4	151912566	151913059	151913001	151913500	58	934	0.06209850107066381	NaN	0.000148337580385943	0.22992810606956482	0.0734917579034026	true	epykit_chain_merge	methylkit
25884	2481	chr4	153209316	153209703	153209501	153210000	202	684	0.2953216374269006	NaN	4.65824487020982e-9	0.19322147965431213	0.150590343664347	true	epykit_chain_merge	methylkit
25900	2486	chr4	155026730	155027014	155027001	155027500	13	770	0.016883116883116882	NaN	0.0273722496124798	-0.2604518234729767	-0.0711256273591395	true	epykit_chain_merge	methylkit
26022	2515	chr4	171358424	171359951	171358001	171358500	76	1950	0.038974358974358976	NaN	0.0334313397938847	-0.21873044967651367	-0.041425881086898	true	epykit_chain_merge	methylkit
26034	2520	chr4	172855776	172855912	172855501	172856000	136	499	0.2725450901803607	NaN	0.00218321891485877	0.2006886899471283	0.100854428324269	true	epykit_chain_merge	methylkit
26056	2524	chr4	175559369	175559590	175559001	175559500	131	589	0.22241086587436332	NaN	6.31280596504543e-12	-0.21268890798091888	-0.15900464499004602	true	epykit_chain_merge	methylkit
26068	2530	chr4	176314023	176314705	176314501	176315000	204	977	0.20880245649948823	NaN	0.000641033007279073	0.17642197012901306	0.101636843355716	true	epykit_chain_merge	methylkit
26078	2534	chr4	177558308	177559061	177558001	177558500	192	1060	0.1811320754716981	NaN	0.00613621030854013	0.09168647974729538	-0.0544783183033253	false	epykit_chain_merge	methylkit
26080	2536	chr4	177696514	177696813	177696501	177697000	299	499	0.5991983967935872	NaN	5.47724930907877e-13	0.2512797713279724	0.242279387309593	true	epykit_chain_merge	methylkit
26128	2546	chr4	182112283	182113219	182113001	182113500	218	1217	0.1791290057518488	NaN	0.00382082594627924	-0.15110397338867188	-0.0710291588615521	true	epykit_chain_merge	methylkit
26139	2548	chr4	182339070	182339669	182339501	182340000	168	930	0.18064516129032257	NaN	0.00479268565394413	-0.4441610872745514	-0.064391375671087	true	epykit_chain_merge	methylkit
26162	2552	chr4	182865644	182865888	182865501	182866000	244	499	0.48897795591182364	NaN	0.0352399553507865	0.2649141550064087	0.277990716380901	true	epykit_chain_merge	methylkit
26184	2557	chr4	183728479	183728742	183728501	183729000	241	521	0.46257197696737046	NaN	1.33724857306767e-22	0.3462856411933899	0.269209558823529	true	epykit_chain_merge	methylkit
26213	2562	chr4	184500982	184501618	184500501	184501000	18	1117	0.01611459265890779	NaN	0.00606828618504812	0.33925992250442505	0.110951559513264	true	epykit_chain_merge	methylkit
26238	2572	chr4	185716822	185717525	185717501	185718000	24	1178	0.02037351443123939	NaN	0.000126242388114075	0.21215243637561798	0.061658610501798106	true	epykit_chain_merge	methylkit
26243	2574	chr4	185745734	185746283	185745501	185746000	266	782	0.340153452685422	NaN	2.60173808288076e-26	0.41812896728515625	0.315517999801342	true	epykit_chain_merge	methylkit
26246	2576	chr4	185805645	185807769	185806501	185807000	499	2124	0.2349340866290019	NaN	5.25912273418765e-21	0.18671289086341858	0.155483939511988	true	epykit_chain_merge	methylkit
26257	2580	chr4	185965598	185966173	185966001	185966500	172	902	0.19068736141906872	NaN	0.0342312558232862	0.2504795789718628	0.0653782653241016	true	epykit_chain_merge	methylkit
26278	2590	chr4	186808579	186809618	186808501	186809000	421	1117	0.37690241718889883	NaN	0.0000363694975534758	0.1421499401330948	0.09763436972413131	true	epykit_chain_merge	methylkit
26319	2601	chr4	189193702	189194314	189193501	189194000	298	813	0.36654366543665434	NaN	0.0000597976361609365	0.13731952011585236	0.0855866509000132	true	epykit_chain_merge	methylkit
26343	2609	chr5	348467	348888	348001	348500	33	887	0.03720405862457723	NaN	0.00026195114695154	0.20511209964752197	0.10179702650290899	true	epykit_chain_merge	methylkit
26344	2610	chr5	354976	355624	355501	356000	123	1024	0.1201171875	NaN	1.08987380940255e-11	0.21218839287757874	0.177800138167182	true	epykit_chain_merge	methylkit
26348	2611	chr5	429119	430005	430001	430500	4	1381	0.002896451846488052	NaN	0.00956010386738373	0.17827045917510986	0.054290315159880496	true	epykit_chain_merge	methylkit
26394	2633	chr5	2204543	2205966	2205501	2206000	465	1457	0.3191489361702128	NaN	0.023071473375502	0.326137512922287	0.28185317802493304	true	epykit_chain_merge	methylkit
26401	2640	chr5	2432714	2433506	2432501	2433000	286	1005	0.2845771144278607	NaN	0.00821525974711451	-0.1290884017944336	0.12458456177968401	false	epykit_chain_merge	methylkit
26404	2641	chr5	2464707	2465221	2464501	2465000	293	720	0.40694444444444444	NaN	5.17161870394355e-8	0.09869055449962616	0.163586828940886	true	epykit_chain_merge	methylkit
26406	2643	chr5	2514720	2515403	2515001	2515500	402	780	0.5153846153846153	NaN	2.72516650087045e-31	0.18550799787044525	0.20804106073567102	true	epykit_chain_merge	methylkit
26409	2644	chr5	2607254	2608950	2607001	2607500	246	1949	0.12621857362750127	NaN	0.000219289501820988	0.24052321910858154	0.0991223218794335	true	epykit_chain_merge	methylkit
26415	2645	chr5	2744137	2747042	2744001	2744500	363	3041	0.11936862874054588	NaN	2.72533177615376e-13	0.3957711160182953	0.210741389375365	true	epykit_chain_merge	methylkit
26415	2646	chr5	2744137	2747042	2745001	2745500	499	2905	0.17177280550774526	NaN	1.23184774089789e-40	0.3957711160182953	0.378230854662022	true	epykit_chain_merge	methylkit
26418	2647	chr5	2786850	2787152	2787001	2787500	151	650	0.2323076923076923	NaN	0.0463325397896471	-0.06589286029338837	-0.05642181162685891	true	epykit_chain_merge	methylkit
26422	2653	chr5	2989531	2991095	2991001	2991500	94	1969	0.047739969527679026	NaN	0.00166064149056698	0.22350823879241943	0.114457384467028	true	epykit_chain_merge	methylkit
26428	2655	chr5	3082226	3083317	3082001	3082500	274	1316	0.20820668693009117	NaN	9.61714028494835e-14	0.15135657787322998	0.178521822596127	true	epykit_chain_merge	methylkit
26480	2663	chr5	5062036	5062121	5062001	5062500	85	499	0.17034068136272545	NaN	0.00367611209806714	0.09737174212932587	0.0612124000848642	true	epykit_chain_merge	methylkit
26492	2665	chr5	5536239	5536406	5536001	5536500	167	499	0.3346693386773547	NaN	0.0000143826022162901	0.23559324443340302	0.177851962702889	true	epykit_chain_merge	methylkit
26505	2668	chr5	6252766	6253450	6252501	6253000	234	949	0.2465753424657534	NaN	0.000158263508480453	0.08635837584733963	0.117972706398314	true	epykit_chain_merge	methylkit
26546	2680	chr5	8069488	8070364	8069001	8069500	12	1363	0.00880410858400587	NaN	0.039402167570032	0.27490460872650146	0.066429890300858	true	epykit_chain_merge	methylkit
26551	2682	chr5	8383922	8384588	8384501	8385000	87	1078	0.08070500927643785	NaN	0.0186624604964808	-0.21834035217761993	-0.0746779388083736	true	epykit_chain_merge	methylkit
26562	2689	chr5	9483341	9484027	9483501	9484000	499	686	0.7274052478134111	NaN	0.0000392561210001739	0.23979033529758453	0.158446662185222	true	epykit_chain_merge	methylkit
26568	2690	chr5	9596159	9596782	9596001	9596500	341	781	0.43661971830985913	NaN	0.0414393509859877	0.35606974363327026	0.34516536603493103	true	epykit_chain_merge	methylkit
26576	2694	chr5	10117379	10117727	10117501	10118000	226	621	0.3639291465378422	NaN	4.41831245074216e-7	0.18076737225055695	0.164445834636638	true	epykit_chain_merge	methylkit
26638	2705	chr5	14266093	14266235	14266001	14266500	142	499	0.2845691382765531	NaN	6.5764909193218e-9	0.19829006493091583	0.184691805799215	true	epykit_chain_merge	methylkit
26663	2708	chr5	14741316	14741671	14741001	14741500	184	670	0.2746268656716418	NaN	9.6273920652743e-9	0.045406971126794815	0.0613981762917933	true	epykit_chain_merge	methylkit
26674	2709	chr5	15391974	15392652	15391501	15392000	26	1151	0.022589052997393572	NaN	0.0139988376817489	0.3043665885925293	0.107780637610014	true	epykit_chain_merge	methylkit
26683	2713	chr5	16711706	16712176	16711501	16712000	294	675	0.43555555555555553	NaN	0.0331278011150089	-0.2729410231113434	-0.0396612880790096	true	epykit_chain_merge	methylkit
26748	2742	chr5	25744862	25745346	25745001	25745500	345	638	0.5407523510971787	NaN	0.00178473840522013	-0.2319863885641098	-0.127309760810274	true	epykit_chain_merge	methylkit
26783	2751	chr5	31783674	31784118	31784001	31784500	117	826	0.14164648910411623	NaN	0.000389997372165021	0.12467950582504272	0.11364906999247401	true	epykit_chain_merge	methylkit
26784	2752	chr5	31864195	31864559	31864001	31864500	305	558	0.546594982078853	NaN	1.27011601960258e-13	0.23235192894935608	0.28980404768756	true	epykit_chain_merge	methylkit
26793	2755	chr5	32461526	32462068	32462001	32462500	67	974	0.06878850102669405	NaN	0.0000630772016396816	-0.18877780437469482	-0.125380116959064	true	epykit_chain_merge	methylkit
26854	2774	chr5	38264002	38264325	38264001	38264500	323	499	0.6472945891783567	NaN	0.0291739314316469	0.4772331714630127	0.46350448391067306	true	epykit_chain_merge	methylkit
26895	2790	chr5	44756971	44757819	44757501	44758000	318	1029	0.30903790087463556	NaN	0.000410294656901609	-0.14526799321174622	-0.10210826042696301	true	epykit_chain_merge	methylkit
26949	2806	chr5	52599109	52599874	52599001	52599500	391	873	0.44788087056128295	NaN	3.61013775864988e-10	-0.14347074925899506	-0.171196483180428	true	epykit_chain_merge	methylkit
26969	2814	chr5	55923181	55923498	55923001	55923500	317	499	0.6352705410821643	NaN	1.55607738883546e-20	0.4150030016899109	0.25489259146716303	true	epykit_chain_merge	methylkit
26980	2816	chr5	56732290	56732774	56732501	56733000	273	710	0.3845070422535211	NaN	5.12570612273516e-6	0.21680893003940582	0.161599023104856	true	epykit_chain_merge	methylkit
27016	2824	chr5	60430418	60430750	60430001	60430500	82	749	0.10947930574098798	NaN	0.0106138584901073	-0.3006701171398163	-0.0652328075273281	true	epykit_chain_merge	methylkit
27047	2833	chr5	65177969	65178262	65177501	65178000	31	761	0.040735873850197106	NaN	0.0158326068760831	0.31566423177719116	0.08720492644543279	true	epykit_chain_merge	methylkit
27068	2840	chr5	67192975	67193516	67192501	67193000	25	1015	0.024630541871921183	NaN	0.0425197243704404	-0.3672359585762024	-0.052713089145726706	true	epykit_chain_merge	methylkit
27107	2849	chr5	71706684	71706918	71706501	71707000	234	499	0.46893787575150303	NaN	2.18791106827575e-18	0.23336346447467804	0.18894523909959	true	epykit_chain_merge	methylkit
27118	2855	chr5	72444253	72444388	72444001	72444500	135	499	0.27054108216432865	NaN	3.34017117126394e-12	0.23706896603107452	0.157661583151779	true	epykit_chain_merge	methylkit
27166	2874	chr5	76492886	76493223	76492501	76493000	114	722	0.15789473684210525	NaN	0.000652848214356647	0.17031894624233246	0.09686004784689001	true	epykit_chain_merge	methylkit
27189	2881	chr5	78495760	78496283	78495501	78496000	240	782	0.3069053708439898	NaN	0.00238763130762782	0.220754012465477	0.111246706354249	true	epykit_chain_merge	methylkit
27224	2896	chr5	81857567	81857800	81857501	81858000	233	499	0.46693386773547096	NaN	9.97033530371799e-11	-0.19148479402065277	-0.169509337545752	true	epykit_chain_merge	methylkit
27330	2914	chr5	93880523	93881630	93880501	93881000	477	1129	0.4224977856510186	NaN	1.07101464217312e-19	0.1864793598651886	0.183275430313468	true	epykit_chain_merge	methylkit
27356	2924	chr5	97245072	97245369	97245001	97245500	297	499	0.5951903807615231	NaN	0.0477249441378269	0.39323365688323975	0.354724919028299	true	epykit_chain_merge	methylkit
27375	2932	chr5	100774826	100775606	100774501	100775000	174	1105	0.15746606334841629	NaN	0.0438247032552302	0.5508086085319519	0.363181844253676	true	epykit_chain_merge	methylkit
27381	2935	chr5	101782629	101783863	101782501	101783000	371	1362	0.2723935389133627	NaN	2.13963927318067e-14	0.18163859844207764	0.18591924986444	true	epykit_chain_merge	methylkit
27419	2943	chr5	107651079	107652001	107651501	107652000	499	922	0.5412147505422994	NaN	0.0480334278074643	0.37067365646362305	0.38387688043454	true	epykit_chain_merge	methylkit
27446	2951	chr5	112412002	112412673	112412001	112412500	498	672	0.7410714285714286	NaN	1.58591562831546e-17	0.2683202922344208	0.263704935998381	true	epykit_chain_merge	methylkit
27473	2958	chr5	116377299	116377605	116377501	116378000	104	701	0.14835948644793154	NaN	0.0000329186970245366	0.21964497864246368	0.0835998964803313	true	epykit_chain_merge	methylkit
27517	2971	chr5	123150821	123151348	123151001	123151500	347	679	0.5110456553755522	NaN	0.00936260393259001	-0.1109783798456192	-0.12023742821123401	true	epykit_chain_merge	methylkit
27539	2974	chr5	124452440	124452901	124452501	124453000	400	560	0.7142857142857143	NaN	0.0000650697254051092	0.17801763117313385	0.122017560867518	true	epykit_chain_merge	methylkit
27660	3000	chr5	135218990	135219748	135219501	135220000	247	1010	0.24455445544554455	NaN	1.33724857306767e-22	0.05970848351716995	0.18318597643938903	true	epykit_chain_merge	methylkit
27667	3001	chr5	135429417	135429526	135429501	135430000	25	583	0.04288164665523156	NaN	8.68161754071524e-9	-0.29348859190940857	-0.173724954462659	true	epykit_chain_merge	methylkit
27668	3002	chr5	135434239	135434583	135434001	135434500	261	582	0.4484536082474227	NaN	2.81767136746486e-9	0.18844136595726013	0.138230755412422	true	epykit_chain_merge	methylkit
27704	3014	chr5	138724584	138725870	138725001	138725500	499	1286	0.3880248833592535	NaN	0.00624302439545255	0.1810087412595749	0.138027634326258	true	epykit_chain_merge	methylkit
27723	3018	chr5	140342036	140342583	140342001	140342500	464	582	0.7972508591065293	NaN	0.0243080106861027	0.16008007526397705	0.11049608240162	true	epykit_chain_merge	methylkit
27784	3035	chr5	145450023	145450799	145450001	145450500	477	798	0.5977443609022557	NaN	5.36608690482225e-22	0.2931365966796875	0.27051634305248	true	epykit_chain_merge	methylkit
27795	3038	chr5	146633127	146633797	146633001	146633500	373	796	0.4685929648241206	NaN	0.0368536344218952	0.285317599773407	0.268527237320713	true	epykit_chain_merge	methylkit
27809	3039	chr5	147669237	147669760	147669501	147670000	259	763	0.3394495412844037	NaN	0.0325086664422477	-0.3298618495464325	-0.08154622733536691	true	epykit_chain_merge	methylkit
27849	3056	chr5	151321924	151322493	151321501	151322000	76	992	0.07661290322580645	NaN	5.47088719567559e-7	0.3208956718444824	0.14820415879017002	true	epykit_chain_merge	methylkit
27851	3057	chr5	151387981	151388362	151388001	151388500	361	519	0.6955684007707129	NaN	0.0069640543404655	-0.12772133946418762	-0.129257741156271	true	epykit_chain_merge	methylkit
27877	3061	chr5	152953316	152953898	152953501	152954000	397	684	0.5804093567251462	NaN	4.94615477530397e-8	0.21918074786663055	0.18423668168566099	true	epykit_chain_merge	methylkit
27960	3080	chr5	158810387	158810950	158810501	158811000	449	613	0.732463295269168	NaN	0.004644477691109	0.10953189432621002	0.10611571453313999	true	epykit_chain_merge	methylkit
27965	3081	chr5	158880100	158880532	158880501	158881000	31	900	0.034444444444444444	NaN	2.50755870126106e-7	0.23385195434093475	0.0945743911261153	true	epykit_chain_merge	methylkit
27970	3085	chr5	158977416	158978928	158978001	158978500	499	1512	0.330026455026455	NaN	0.00356028074517191	0.7175357937812805	0.812538309124343	true	epykit_chain_merge	methylkit
27995	3092	chr5	160262416	160263690	160262501	160263000	499	1274	0.391679748822606	NaN	0.0000293911341520197	0.08591152727603912	0.151597442567342	true	epykit_chain_merge	methylkit
27995	3093	chr5	160262416	160263690	160263001	160263500	499	1274	0.391679748822606	NaN	6.05007063819061e-9	0.08591152727603912	0.167836782641744	true	epykit_chain_merge	methylkit
28001	3094	chr5	160565268	160565762	160565001	160565500	232	761	0.30486202365308807	NaN	3.93179504973887e-10	0.19577784836292267	0.141846697548119	true	epykit_chain_merge	methylkit
28005	3095	chr5	161696797	161697754	161697501	161698000	253	1203	0.21030756442227763	NaN	0.000343454521977739	0.27216172218322754	0.09215059774941979	true	epykit_chain_merge	methylkit
28057	3109	chr5	167575396	167575910	167575501	167576000	409	604	0.6771523178807947	NaN	1.0490007089815e-42	0.3332372307777405	0.301973684210526	true	epykit_chain_merge	methylkit
28064	3111	chr5	167665673	167666060	167665501	167666000	327	559	0.5849731663685152	NaN	3.28526206959766e-19	-0.28740060329437256	-0.20425531914893602	true	epykit_chain_merge	methylkit
28069	3113	chr5	167779700	167780339	167780001	167780500	338	800	0.4225	NaN	0.0209790039018448	0.13720610737800598	0.0884053902302078	true	epykit_chain_merge	methylkit
28076	3114	chr5	167952557	167953103	167953001	167953500	102	943	0.10816542948038176	NaN	2.91572174574855e-7	0.22440239787101746	0.202737945492662	true	epykit_chain_merge	methylkit
28077	3116	chr5	168024239	168024634	168024001	168024500	261	633	0.41232227488151657	NaN	3.77246555275736e-8	0.12903864681720734	0.0890749601275916	true	epykit_chain_merge	methylkit
28078	3117	chr5	168072514	168072914	168072501	168073000	400	499	0.8016032064128257	NaN	3.44810352424057e-28	0.2908937633037567	0.310239436426682	true	epykit_chain_merge	methylkit
28089	3121	chr5	168331658	168331874	168331501	168332000	216	499	0.43286573146292584	NaN	1.75010594502095e-9	0.20950353145599365	0.140057038276276	true	epykit_chain_merge	methylkit
28103	3122	chr5	168883115	168887561	168887501	168888000	60	4885	0.012282497441146366	NaN	0.000141525589516932	0.21972079575061798	0.0805857432307976	true	epykit_chain_merge	methylkit
28178	3131	chr5	172532583	172532918	172532501	172533000	335	499	0.6713426853707415	NaN	1.01081958776459e-6	-0.22686767578125	-0.180504447422932	true	epykit_chain_merge	methylkit
28194	3133	chr5	173060978	173061123	173060501	173061000	22	622	0.03536977491961415	NaN	0.0472113362667129	0.12497475743293762	0.0699425230074089	true	epykit_chain_merge	methylkit
28234	3143	chr5	174572591	174572938	174572501	174573000	347	499	0.6953907815631263	NaN	6.97482284258917e-18	0.19911862909793854	0.208831700364654	true	epykit_chain_merge	methylkit
28260	3152	chr5	175770033	175770650	175770001	175770500	467	649	0.7195685670261941	NaN	5.78279516961903e-11	0.11470116674900055	0.199767581346529	true	epykit_chain_merge	methylkit
28297	3166	chr5	178080492	178080888	178080501	178081000	387	508	0.7618110236220472	NaN	0.0127355426796512	0.04982532188296318	0.12899271677889199	true	epykit_chain_merge	methylkit
28308	3167	chr5	178485961	178486663	178486501	178487000	162	1039	0.15591915303176132	NaN	6.04397001600986e-16	0.2790330648422241	0.159489545738347	true	epykit_chain_merge	methylkit
28317	3171	chr5	179380297	179380627	179380001	179380500	203	626	0.3242811501597444	NaN	3.97765651341605e-9	0.15611213445663452	0.185147359206303	true	epykit_chain_merge	methylkit
28323	3175	chr5	179760129	179760564	179760501	179761000	63	871	0.07233065442020666	NaN	0.0445460855987201	0.14737507700920105	0.0789549522220537	true	epykit_chain_merge	methylkit
28345	3181	chr5	181036567	181036933	181036501	181037000	366	499	0.7334669338677354	NaN	5.13559021335867e-24	0.31426486372947693	0.274625648858113	true	epykit_chain_merge	methylkit
28358	3188	chr6	407653	408752	407501	408000	347	1251	0.2773780975219824	NaN	3.55115378615236e-31	0.2585476338863373	0.31000265511625097	true	epykit_chain_merge	methylkit
28363	3192	chr6	731544	732107	731501	732000	456	606	0.7524752475247525	NaN	6.97494431486733e-22	-0.20274999737739563	-0.247111268291298	true	epykit_chain_merge	methylkit
28375	3197	chr6	1136188	1137144	1136001	1136500	312	1143	0.27296587926509186	NaN	9.46719972241371e-8	-0.22686874866485596	-0.20172525722398899	true	epykit_chain_merge	methylkit
28392	3200	chr6	1821361	1822158	1821501	1822000	499	797	0.6260978670012547	NaN	1.2943405487917e-35	0.24339176714420319	0.406340136054422	true	epykit_chain_merge	methylkit
28402	3201	chr6	2221967	2222708	2221501	2222000	33	1207	0.027340513670256836	NaN	0.0127432851688611	-0.37166109681129456	-0.060366018321689	true	epykit_chain_merge	methylkit
28405	3202	chr6	2368645	2368892	2368501	2369000	247	499	0.49498997995991983	NaN	0.000125548383574515	0.17412109673023224	0.11421085976451399	true	epykit_chain_merge	methylkit
28408	3205	chr6	2690170	2690272	2690001	2690500	102	499	0.20440881763527055	NaN	1.60184959632459e-7	0.24363470077514648	0.0997093841940954	true	epykit_chain_merge	methylkit
28409	3206	chr6	2726104	2726434	2726001	2726500	330	499	0.6613226452905812	NaN	0.0000713365604133816	-0.214501291513443	-0.142164128497249	true	epykit_chain_merge	methylkit
28420	3208	chr6	3008630	3009311	3008501	3009000	370	810	0.4567901234567901	NaN	7.3132445880401e-16	0.37206628918647766	0.21410839042257301	true	epykit_chain_merge	methylkit
28420	3209	chr6	3008630	3009311	3009001	3009500	310	870	0.3563218390804598	NaN	0.0370699940139616	0.37206628918647766	0.421750467233376	true	epykit_chain_merge	methylkit
28428	3211	chr6	3277996	3278450	3278001	3278500	449	504	0.8908730158730159	NaN	0.00831606565962985	0.0635102316737175	0.0971746371639305	true	epykit_chain_merge	methylkit
28584	3247	chr6	12884959	12886068	12884501	12885000	41	1567	0.02616464582003829	NaN	0.0457485975642138	-0.3814932107925415	-0.0291531784084041	true	epykit_chain_merge	methylkit
28604	3256	chr6	14275106	14275680	14275001	14275500	394	679	0.5802650957290133	NaN	8.70556091324576e-6	0.14769192039966583	0.11746232147084401	true	epykit_chain_merge	methylkit
28611	3259	chr6	14505299	14505560	14505001	14505500	201	559	0.3595706618962433	NaN	0.00361530454842627	0.1778639554977417	0.142184651867932	true	epykit_chain_merge	methylkit
28615	3260	chr6	14754797	14755683	14755001	14755500	499	886	0.5632054176072234	NaN	0.0420980031678938	0.47000938653945923	0.672048506396622	true	epykit_chain_merge	methylkit
28625	3262	chr6	14961810	14962611	14962501	14963000	110	1190	0.09243697478991597	NaN	0.000451208145977807	-0.23724640905857086	-0.0754015852689933	true	epykit_chain_merge	methylkit
28647	3271	chr6	15656824	15657222	15656501	15657000	176	721	0.24410540915395285	NaN	0.00310506958978877	-0.09495990723371506	-0.0761001386001386	true	epykit_chain_merge	methylkit
28658	3273	chr6	16121269	16121689	16121001	16121500	231	688	0.33575581395348836	NaN	2.33684307552525e-12	0.20390281081199646	0.212929013644287	true	epykit_chain_merge	methylkit
28686	3274	chr6	17122399	17122814	17122001	17122500	101	813	0.12423124231242312	NaN	3.23180892106447e-11	-0.29990142583847046	-0.208637226798263	true	epykit_chain_merge	methylkit
28708	3282	chr6	18324285	18324889	18324501	18325000	388	715	0.5426573426573427	NaN	0.042006413723925	0.09547021239995956	0.090285853556631	true	epykit_chain_merge	methylkit
28834	3328	chr6	27793168	27793317	27793001	27793500	149	499	0.2985971943887776	NaN	3.61699759173949e-7	0.14561505615711212	0.10690326445043401	true	epykit_chain_merge	methylkit
28837	3330	chr6	27977535	27977803	27977501	27978000	268	499	0.5370741482965932	NaN	2.58923694788867e-89	0.5540369153022766	0.560382945519297	true	epykit_chain_merge	methylkit
28838	3331	chr6	28001490	28001962	28001501	28002000	461	510	0.903921568627451	NaN	1.35197918112706e-64	0.3368574380874634	0.372483423749247	true	epykit_chain_merge	methylkit
28852	3341	chr6	30486357	30486742	30486501	30487000	241	643	0.374805598755832	NaN	6.21984883672773e-14	0.2615157961845398	0.20933406818632003	true	epykit_chain_merge	methylkit
28863	3343	chr6	31496655	31497204	31497001	31497500	203	845	0.24023668639053256	NaN	0.00279775457069719	0.2639350891113281	0.16497552460820403	true	epykit_chain_merge	methylkit
28892	3357	chr6	35418130	35418660	35418001	35418500	370	659	0.5614567526555387	NaN	1.35234845280584e-17	0.21267610788345337	0.197886185858818	true	epykit_chain_merge	methylkit
28906	3368	chr6	36769675	36769768	36769501	36770000	93	499	0.18637274549098196	NaN	6.62311420613444e-13	0.34223702549934387	0.230215175081597	true	epykit_chain_merge	methylkit
28911	3369	chr6	36863950	36864688	36864501	36865000	187	1050	0.17809523809523808	NaN	0.00972377873440981	-0.15873171389102936	-0.06699042192862431	true	epykit_chain_merge	methylkit
28920	3372	chr6	37542167	37542670	37542001	37542500	333	669	0.4977578475336323	NaN	0.0232175072517095	0.4181216359138489	0.447146818447169	true	epykit_chain_merge	methylkit
29026	3394	chr6	45880168	45880912	45880001	45880500	332	911	0.36443468715697036	NaN	0.0124812595642845	0.24161648750305176	0.147435897435897	true	epykit_chain_merge	methylkit
29100	3412	chr6	54577344	54577568	54577501	54578000	67	656	0.10213414634146341	NaN	9.97899165730316e-13	0.13813209533691406	0.13728436911487799	true	epykit_chain_merge	methylkit
29101	3413	chr6	54717899	54718906	54717501	54718000	101	1405	0.07188612099644127	NaN	0.00582762135179819	-0.210236594080925	-0.05873504273504271	true	epykit_chain_merge	methylkit
29107	3417	chr6	55874005	55875151	55874001	55874500	495	1150	0.43043478260869567	NaN	0.0258273456286404	0.6243360638618469	0.60966841640999	true	epykit_chain_merge	methylkit
29131	3427	chr6	58912493	58912924	58912501	58913000	423	507	0.834319526627219	NaN	0.00695816889199596	-0.1797279417514801	-0.129380494630852	true	epykit_chain_merge	methylkit
29194	3452	chr6	75155646	75156438	75156001	75156500	437	854	0.5117096018735363	NaN	1.42060075707098e-63	0.4476611912250519	0.458556718339023	true	epykit_chain_merge	methylkit
29240	3464	chr6	83429785	83430709	83429501	83430000	215	1208	0.17798013245033112	NaN	5.42789167000612e-23	0.2760394215583801	0.32238401509304504	true	epykit_chain_merge	methylkit
29273	3479	chr6	89536349	89536553	89536501	89537000	52	651	0.07987711213517665	NaN	1.87185104370824e-13	0.2650375962257385	0.19241025641025603	true	epykit_chain_merge	methylkit
29291	3483	chr6	90364639	90365021	90365001	90365500	20	861	0.023228803716608595	NaN	0.0048528041492976	-0.2547647953033447	-0.08666078936660791	true	epykit_chain_merge	methylkit
29316	3487	chr6	92052719	92053249	92053001	92053500	248	781	0.3175416133162612	NaN	2.71165715528394e-10	0.12865620851516724	0.17770592389864898	true	epykit_chain_merge	methylkit
29329	3497	chr6	95087446	95087969	95087501	95088000	468	554	0.8447653429602888	NaN	1.6566123679755e-16	-0.18498046696186066	-0.166187819813774	true	epykit_chain_merge	methylkit
29478	3537	chr6	111592610	111593600	111593501	111594000	99	1390	0.07122302158273382	NaN	0.0148380237679001	-0.2973290681838989	-0.06972242813606791	true	epykit_chain_merge	methylkit
29504	3539	chr6	112878617	112878982	112878501	112879000	365	499	0.7314629258517034	NaN	0.0000110622094182054	0.07699932903051376	0.080368906455863	true	epykit_chain_merge	methylkit
29625	3571	chr6	130632411	130632897	130632501	130633000	396	589	0.6723259762308998	NaN	1.13377392748636e-40	0.35820794105529785	0.40018418892057706	true	epykit_chain_merge	methylkit
29627	3572	chr6	130742158	130742875	130742001	130742500	342	874	0.391304347826087	NaN	0.000139920554116813	-0.19656646251678467	-0.17084905660377403	true	epykit_chain_merge	methylkit
29690	3592	chr6	137339826	137343427	137340501	137341000	499	3601	0.13857261871702306	NaN	0.0256089859879114	0.2158544361591339	0.47139739606450703	true	epykit_chain_merge	methylkit
29718	3596	chr6	138560178	138560444	138560001	138560500	266	499	0.533066132264529	NaN	0.0483007972626545	0.39301395416259766	0.378429049925194	true	epykit_chain_merge	methylkit
29760	3606	chr6	143510835	143511197	143510501	143511000	165	696	0.23706896551724138	NaN	8.66275401864721e-6	0.2738224267959595	0.0694991251093613	true	epykit_chain_merge	methylkit
29854	3625	chr6	150300937	150302220	150301001	150301500	499	1283	0.38893219017926733	NaN	0.000129350255167685	0.20167583227157593	0.09064658539368241	true	epykit_chain_merge	methylkit
29897	3631	chr6	152552800	152552977	152552501	152553000	177	499	0.35470941883767537	NaN	0.0000651873808930034	0.13479305803775787	0.138134282178218	true	epykit_chain_merge	methylkit
29931	3637	chr6	155121521	155122098	155121501	155122000	479	597	0.8023450586264657	NaN	3.69489951736677e-56	0.33041784167289734	0.347913204542307	true	epykit_chain_merge	methylkit
29945	3642	chr6	155887322	155887876	155887001	155887500	178	875	0.20342857142857143	NaN	1.86431718166149e-11	0.2785007059574127	0.213620617644891	true	epykit_chain_merge	methylkit
29948	3643	chr6	156167234	156167977	156167001	156167500	266	976	0.2725409836065574	NaN	0.0000310153675235542	0.19141195714473724	0.131224072812829	true	epykit_chain_merge	methylkit
29964	3649	chr6	156651339	156651603	156651001	156651500	161	602	0.26744186046511625	NaN	0.0000154135881452633	0.15719673037528992	0.11732889536093201	true	epykit_chain_merge	methylkit
29975	3652	chr6	157036579	157037541	157037001	157037500	499	962	0.5187110187110187	NaN	1.13314609642275e-19	0.22342835366725922	0.21535087719298301	true	epykit_chain_merge	methylkit
30048	3672	chr6	161251596	161252180	161251501	161252000	404	679	0.5949926362297496	NaN	2.86792309687134e-18	0.18504634499549866	0.302246376811594	true	epykit_chain_merge	methylkit
30082	3676	chr6	162163827	162164254	162163501	162164000	173	753	0.2297476759628154	NaN	1.36844625690673e-13	-0.24005253612995148	-0.179573367808662	true	epykit_chain_merge	methylkit
30103	3678	chr6	163284284	163284404	163284001	163284500	120	499	0.24048096192384769	NaN	2.78277450805651e-21	0.3138572871685028	0.256475114603798	true	epykit_chain_merge	methylkit
30122	3682	chr6	163722091	163722468	163722001	163722500	377	499	0.7555110220440882	NaN	0.0000176981736908616	0.21813514828681946	0.163673003447954	true	epykit_chain_merge	methylkit
30160	3687	chr6	165774956	165776415	165775501	165776000	499	1459	0.3420150788211104	NaN	3.3147123761724e-30	0.24477562308311462	0.285696289509849	true	epykit_chain_merge	methylkit
30165	3688	chr6	165939674	165940069	165940001	165940500	68	826	0.08232445520581114	NaN	0.00005741579034748	-0.27371421456336975	-0.049040623202802294	true	epykit_chain_merge	methylkit
30167	3689	chr6	166007049	166007461	166007001	166007500	412	499	0.8256513026052105	NaN	8.29513457181199e-7	0.18128442764282227	0.173952641165756	true	epykit_chain_merge	methylkit
30252	3703	chr6	168098853	168099551	168099001	168099500	499	698	0.7148997134670487	NaN	0.000201229392995198	0.17156442999839783	0.131036368608149	true	epykit_chain_merge	methylkit
30271	3711	chr6	168697769	168697885	168697501	168698000	116	499	0.23246492985971945	NaN	1.79719386310078e-19	0.3991754651069641	0.179251872346945	true	epykit_chain_merge	methylkit
30279	3713	chr6	168992527	168992979	168992501	168993000	452	499	0.905811623246493	NaN	8.29057378787797e-12	0.16863472759723663	0.183484042381124	true	epykit_chain_merge	methylkit
30282	3717	chr6	169145628	169146086	169146001	169146500	85	872	0.09747706422018348	NaN	0.00523785076126656	0.12635710835456848	0.064267991015874	true	epykit_chain_merge	methylkit
30291	3718	chr6	169546034	169546418	169546001	169546500	384	499	0.7695390781563126	NaN	4.28117535928018e-8	0.21741452813148499	0.156113420744057	true	epykit_chain_merge	methylkit
30310	3725	chr6	170432347	170432555	170432501	170433000	54	653	0.08269525267993874	NaN	0.00443546047029513	-0.18721038103103638	-0.135625378723912	true	epykit_chain_merge	methylkit
30341	3727	chr7	972504	973300	973001	973500	299	996	0.3002008032128514	NaN	5.41750218491928e-6	0.24344968795776367	0.122644741349777	true	epykit_chain_merge	methylkit
30349	3729	chr7	1209256	1209331	1209001	1209500	75	499	0.15030060120240482	NaN	2.675851510922e-14	0.27087947726249695	0.20838474734402698	true	epykit_chain_merge	methylkit
30392	3735	chr7	2566686	2568097	2567501	2568000	499	1411	0.35364989369241673	NaN	0.0427007857701086	0.24762317538261414	0.10349990743866501	true	epykit_chain_merge	methylkit
30429	3740	chr7	3754910	3755623	3755501	3756000	122	1090	0.11192660550458716	NaN	0.00221086060958621	0.17451854050159454	0.0425409089456358	true	epykit_chain_merge	methylkit
30447	3743	chr7	4079777	4080295	4080001	4080500	294	723	0.4066390041493776	NaN	6.33172974180589e-42	0.3733423054218292	0.39905372405372397	true	epykit_chain_merge	methylkit
30452	3744	chr7	4144317	4145074	4144501	4145000	499	757	0.6591809775429326	NaN	0.0415290874657918	0.3017594516277313	0.32591549295774597	true	epykit_chain_merge	methylkit
30512	3766	chr7	8379257	8379774	8379001	8379500	243	773	0.314359637774903	NaN	0.00341819686212577	0.09340829402208328	0.125696706478465	true	epykit_chain_merge	methylkit
30601	3781	chr7	19141866	19142418	19142001	19142500	417	634	0.6577287066246057	NaN	0.000261791265564509	-0.1367541253566742	-0.12263629099998001	true	epykit_chain_merge	methylkit
30634	3789	chr7	21255639	21255861	21255501	21256000	222	499	0.44488977955911824	NaN	0.000127809076477698	0.13320070505142212	0.122905865340528	true	epykit_chain_merge	methylkit
30680	3798	chr7	24706244	24707020	24706001	24706500	256	1019	0.2512266928361138	NaN	9.29401375003825e-11	0.2814525365829468	0.165184620596206	true	epykit_chain_merge	methylkit
30720	3804	chr7	26640304	26640500	26640001	26640500	196	499	0.3927855711422846	NaN	0.00259466222956003	0.17016813158988953	0.0734035809595996	true	epykit_chain_merge	methylkit
30727	3807	chr7	27387190	27388244	27388001	27388500	243	1310	0.18549618320610686	NaN	0.00620202668931933	0.08290944993495941	0.104195300739577	true	epykit_chain_merge	methylkit
30765	3811	chr7	29037600	29037837	29037501	29038000	237	499	0.4749498997995992	NaN	0.0289054523472125	0.12418798357248306	0.0989161612633496	true	epykit_chain_merge	methylkit
30807	3817	chr7	31471012	31471754	31471501	31472000	253	988	0.2560728744939271	NaN	0.00656522214771689	-0.16278813779354095	-0.057693048334296206	true	epykit_chain_merge	methylkit
30826	3824	chr7	32925421	32926205	32925001	32925500	79	1204	0.06561461794019934	NaN	0.00597489875698476	-0.2630814015865326	-0.08198125836680059	true	epykit_chain_merge	methylkit
30849	3832	chr7	35410009	35410637	35410001	35410500	491	636	0.7720125786163522	NaN	0.00316827457907722	0.11191564053297043	0.0992763316225731	true	epykit_chain_merge	methylkit
30859	3840	chr7	36557946	36558681	36558001	36558500	499	735	0.6789115646258503	NaN	0.000128528553104071	0.12443355470895767	0.126948299527223	true	epykit_chain_merge	methylkit
30918	3853	chr7	41051276	41051710	41051501	41052000	209	724	0.2886740331491713	NaN	1.31031707730636e-15	-0.22668606042861938	-0.205203800315382	true	epykit_chain_merge	methylkit
30936	3856	chr7	42087976	42088707	42088001	42088500	499	731	0.6826265389876881	NaN	5.94223373164669e-8	0.19582967460155487	0.207615433568247	true	epykit_chain_merge	methylkit
30955	3859	chr7	42685990	42688295	42686001	42686500	499	2305	0.21648590021691974	NaN	5.14479029645218e-18	0.26445111632347107	0.28541676557628703	true	epykit_chain_merge	methylkit
30955	3860	chr7	42685990	42688295	42687501	42688000	499	2305	0.21648590021691974	NaN	3.48511719181174e-20	0.26445111632347107	0.230761257152334	true	epykit_chain_merge	methylkit
30962	3863	chr7	43199111	43199629	43199001	43199500	389	628	0.6194267515923567	NaN	0.0062126274793034	0.15006498992443085	0.11236138735253301	true	epykit_chain_merge	methylkit
31030	3885	chr7	48701471	48701879	48701501	48702000	378	529	0.7145557655954632	NaN	3.48862507919011e-11	0.2515515983104706	0.250622072599532	true	epykit_chain_merge	methylkit
31102	3904	chr7	55475813	55477341	55477001	55477500	340	1687	0.2015411973918198	NaN	1.37673175483175e-13	0.3753282129764557	0.21381262685610503	true	epykit_chain_merge	methylkit
31113	3909	chr7	56296274	56296841	56296501	56297000	340	726	0.46831955922865015	NaN	0.000225157544489066	-0.1850462257862091	-0.150043936731107	true	epykit_chain_merge	methylkit
31129	3918	chr7	57065651	57066792	57066501	57067000	291	1349	0.2157153446997776	NaN	0.000634966821969195	-0.12406407296657562	-0.12598929604952	true	epykit_chain_merge	methylkit
31197	3942	chr7	60226182	60226414	60226001	60226500	232	499	0.4649298597194389	NaN	0.00129111634047895	-0.14069493114948273	-0.131049258953493	true	epykit_chain_merge	methylkit
31204	3950	chr7	60961728	60962267	60961501	60962000	272	766	0.35509138381201044	NaN	0.0000701851834691374	-0.16665084660053253	-0.12415131436158701	true	epykit_chain_merge	methylkit
31270	3971	chr7	64233020	64233448	64233001	64233500	428	499	0.8577154308617234	NaN	0.00309182784406427	-0.1866849809885025	-0.133063350825158	true	epykit_chain_merge	methylkit
31277	3974	chr7	64467061	64467263	64467001	64467500	202	499	0.40480961923847697	NaN	0.000202955814135802	-0.11672127991914749	-0.108731734997872	true	epykit_chain_merge	methylkit
31283	3979	chr7	65907269	65907387	65907001	65907500	118	499	0.23647294589178355	NaN	0.000109793972512074	0.15647868812084198	0.0980474466673581	true	epykit_chain_merge	methylkit
31304	3985	chr7	67589258	67589714	67589501	67590000	213	742	0.28706199460916443	NaN	0.000010097348178733	-0.17795957624912262	-0.15825902600237002	true	epykit_chain_merge	methylkit
31363	4003	chr7	70760514	70761045	70760501	70761000	486	544	0.8933823529411765	NaN	1.85194310064787e-20	0.24505417048931122	0.24129402370930103	true	epykit_chain_merge	methylkit
31425	4024	chr7	75795670	75796220	75796001	75796500	219	830	0.26385542168674697	NaN	3.98115872457614e-10	0.13987915217876434	0.203685440052739	true	epykit_chain_merge	methylkit
31492	4043	chr7	84701463	84701664	84701501	84702000	163	537	0.30353817504655495	NaN	3.42246963471067e-12	0.2638513445854187	0.172248611508461	true	epykit_chain_merge	methylkit
31594	4077	chr7	98602345	98602883	98602501	98603000	382	655	0.583206106870229	NaN	0.0418938314089479	-0.1700253188610077	-0.106422266258332	true	epykit_chain_merge	methylkit
31634	4094	chr7	101823481	101823837	101823501	101824000	336	519	0.6473988439306358	NaN	0.0000110622094182054	-0.15436305105686188	-0.10703067113323501	true	epykit_chain_merge	methylkit
31716	4102	chr7	106530384	106530692	106530501	106531000	191	616	0.31006493506493504	NaN	0.0264782112755009	-0.1365508735179901	-0.059241797195592596	true	epykit_chain_merge	methylkit
31798	4131	chr7	117225963	117226400	117226001	117226500	399	537	0.7430167597765364	NaN	0.0380632773652399	0.38139083981513977	0.39238247132984	true	epykit_chain_merge	methylkit
31829	4137	chr7	122352434	122353049	122352501	122353000	499	615	0.8113821138211382	NaN	0.044807567180583	-0.1047511026263237	-0.0928409001803497	true	epykit_chain_merge	methylkit
31873	4155	chr7	129177163	129177524	129177501	129178000	23	837	0.027479091995221028	NaN	0.0000384090281763703	-0.3494097590446472	-0.08094396025430511	true	epykit_chain_merge	methylkit
31954	4175	chr7	134550726	134552222	134551501	134552000	499	1496	0.3335561497326203	NaN	1.10790376476925e-18	0.12043442577123642	0.276007380241908	true	epykit_chain_merge	methylkit
31961	4177	chr7	134885946	134887102	134887001	134887500	101	1554	0.064993564993565	NaN	0.00421748360618883	-0.19245347380638123	-0.0712703734940585	true	epykit_chain_merge	methylkit
32055	4201	chr7	142857608	142857790	142857501	142858000	182	499	0.36472945891783565	NaN	1.69464933975436e-7	0.2156102955341339	0.169062593590895	true	epykit_chain_merge	methylkit
32087	4209	chr7	148226710	148227209	148227001	148227500	208	790	0.26329113924050634	NaN	0.0000512405453376659	0.1498595029115677	0.146280498991011	true	epykit_chain_merge	methylkit
32101	4211	chr7	148588315	148589255	148588501	148589000	499	940	0.5308510638297872	NaN	0.0363677231681502	0.3416174054145813	0.374475468540418	true	epykit_chain_merge	methylkit
32107	4215	chr7	149070434	149071133	149070001	149070500	66	1132	0.05830388692579505	NaN	0.0479432603066867	0.1971854716539383	0.048680935788949706	true	epykit_chain_merge	methylkit
32107	4216	chr7	149070434	149071133	149071001	149071500	132	1066	0.12382739212007504	NaN	0.00143453981841234	0.1971854716539383	0.0513041848481729	true	epykit_chain_merge	methylkit
32114	4219	chr7	149911925	149912606	149911501	149912000	75	1105	0.06787330316742081	NaN	1.63070860229404e-11	0.16571220755577087	0.157138352029554	true	epykit_chain_merge	methylkit
32162	4232	chr7	152005044	152005430	152005001	152005500	386	499	0.7735470941883767	NaN	2.6571025750415e-20	0.2503180205821991	0.195876489023136	true	epykit_chain_merge	methylkit
32208	4243	chr7	154392071	154392500	154392001	154392500	429	499	0.8597194388777555	NaN	0.00458822126903448	0.08077255636453629	0.0697666496337932	true	epykit_chain_merge	methylkit
32211	4245	chr7	154444223	154444610	154444001	154444500	277	609	0.4548440065681445	NaN	2.20443342422153e-9	-0.14396968483924866	-0.070488853169334	true	epykit_chain_merge	methylkit
32300	4255	chr7	157450591	157451281	157451001	157451500	280	909	0.30803080308030806	NaN	0.00164322164782145	-0.12708871066570282	-0.12166851290779301	true	epykit_chain_merge	methylkit
32315	4258	chr7	157718360	157718485	157718001	157718500	125	499	0.250501002004008	NaN	0.0246425697894199	0.19505882263183594	0.11165722347373	true	epykit_chain_merge	methylkit
32320	4259	chr7	157835279	157835631	157835001	157835500	221	630	0.35079365079365077	NaN	1.96100677310043e-7	0.22533807158470154	0.17244816586921802	true	epykit_chain_merge	methylkit
32338	4273	chr7	158554243	158554662	158554001	158554500	257	661	0.3888048411497731	NaN	0.0308029139883108	-0.21911048889160156	-0.0929251700680273	true	epykit_chain_merge	methylkit
32345	4276	chr7	158850476	158850951	158850501	158851000	450	524	0.8587786259541985	NaN	0.000298054553593276	-0.1857028305530548	-0.15509561948349102	true	epykit_chain_merge	methylkit
32386	4286	chr8	1064936	1065187	1064501	1065000	64	686	0.09329446064139942	NaN	3.41607920641324e-6	-0.2570216655731201	-0.10575033849474201	true	epykit_chain_merge	methylkit
32404	4292	chr8	1455336	1456122	1455501	1456000	499	786	0.6348600508905853	NaN	0.0224732192831252	0.45859360694885254	0.479910714285714	true	epykit_chain_merge	methylkit
32432	4295	chr8	1958122	1958897	1958501	1959000	396	878	0.4510250569476082	NaN	1.61906076401826e-6	0.25932881236076355	0.122994913034208	true	epykit_chain_merge	methylkit
32520	4318	chr8	6420464	6421085	6421001	6421500	84	1036	0.08108108108108109	NaN	1.10524921623898e-26	0.3473946154117584	0.24110149110149098	true	epykit_chain_merge	methylkit
32524	4319	chr8	6682325	6682715	6682501	6683000	214	675	0.31703703703703706	NaN	0.000257589675218516	0.14346589148044586	0.132745304546252	true	epykit_chain_merge	methylkit
32575	4327	chr8	9230479	9231305	9231001	9231500	304	1021	0.29774730656219395	NaN	2.9244318704922e-6	-0.23460043966770172	-0.107576384695241	true	epykit_chain_merge	methylkit
32614	4333	chr8	10790063	10790698	10790501	10791000	197	937	0.2102454642475987	NaN	1.23163053429043e-12	0.3467309772968292	0.20440120760615402	true	epykit_chain_merge	methylkit
32733	4354	chr8	19555853	19556541	19555501	19556000	147	1040	0.14134615384615384	NaN	0.000358235885260022	0.17445319890975952	0.130003397893306	true	epykit_chain_merge	methylkit
32740	4356	chr8	19868909	19870051	19870001	19870500	50	1591	0.03142677561282212	NaN	0.0449988533416558	0.28524574637413025	0.0882620749087421	true	epykit_chain_merge	methylkit
32780	4361	chr8	21811134	21812278	21811001	21811500	366	1277	0.28660924040720437	NaN	5.83285680755113e-9	0.2525566816329956	0.256234199692968	true	epykit_chain_merge	methylkit
32795	4364	chr8	22783397	22783930	22783501	22784000	429	603	0.7114427860696517	NaN	3.63241290520747e-6	0.1340445578098297	0.137920101458465	true	epykit_chain_merge	methylkit
32812	4367	chr8	23423622	23424106	23423501	23424000	378	605	0.6247933884297521	NaN	0.000087027886791603	-0.13532765209674835	-0.0868315508021391	true	epykit_chain_merge	methylkit
32817	4368	chr8	23547695	23548144	23547501	23548000	305	643	0.47433903576982894	NaN	2.60972820089617e-17	0.3344760835170746	0.20686441994098503	true	epykit_chain_merge	methylkit
32832	4375	chr8	24998494	24999904	24999501	25000000	403	1506	0.26759628154050463	NaN	8.47493138640492e-7	0.1601201295852661	0.152212879977825	true	epykit_chain_merge	methylkit
32892	4389	chr8	27908181	27908426	27908001	27908500	245	499	0.4909819639278557	NaN	2.66225804432003e-15	0.372086763381958	0.256113840997529	true	epykit_chain_merge	methylkit
32894	4391	chr8	28166510	28167000	28166501	28167000	490	499	0.9819639278557114	NaN	1.00197220610841e-12	-0.1463548094034195	-0.14238909337466102	true	epykit_chain_merge	methylkit
32910	4395	chr8	28970173	28970426	28970001	28970500	253	499	0.5070140280561122	NaN	0.0478921442126454	0.3643358051776886	0.24471821864865098	true	epykit_chain_merge	methylkit
32980	4410	chr8	33289440	33290169	33290001	33290500	168	1060	0.15849056603773584	NaN	1.53440842544335e-11	0.13493221998214722	0.19604787560526502	true	epykit_chain_merge	methylkit
32984	4414	chr8	33723332	33723920	33723001	33723500	168	919	0.18280739934711643	NaN	0.000067130345364462	-0.28078925609588623	-0.0826400711964093	true	epykit_chain_merge	methylkit
33022	4421	chr8	37504600	37505145	37504501	37505000	400	644	0.6211180124223602	NaN	2.37430993772106e-13	0.30803602933883667	0.275361544625482	true	epykit_chain_merge	methylkit
33055	4426	chr8	38863478	38864112	38863001	38863500	22	1111	0.019801980198019802	NaN	0.0171509705408228	0.30115774273872375	0.0659322458255494	true	epykit_chain_merge	methylkit
33093	4438	chr8	41249543	41250237	41250001	41250500	236	957	0.24660397074190177	NaN	2.71842012761491e-32	0.3005118668079376	0.343843952433594	true	epykit_chain_merge	methylkit
33162	4451	chr8	46450998	46451444	46451001	46451500	443	502	0.8824701195219123	NaN	0.0339107698793339	-0.09344098716974258	-0.0915721564760026	true	epykit_chain_merge	methylkit
33189	4461	chr8	48427220	48427307	48427001	48427500	87	499	0.1743486973947896	NaN	0.0000970136799049816	0.17211101949214935	0.07871478489460029	true	epykit_chain_merge	methylkit
33221	4470	chr8	51209110	51209873	51209501	51210000	372	890	0.41797752808988764	NaN	6.66061844427954e-10	0.19286425411701202	0.17100568256905	true	epykit_chain_merge	methylkit
33236	4474	chr8	52405944	52407257	52407001	52407500	256	1556	0.16452442159383032	NaN	4.29439876081725e-6	0.1801747977733612	0.10585715403938001	true	epykit_chain_merge	methylkit
33241	4476	chr8	52848542	52849074	52849001	52849500	73	958	0.07620041753653445	NaN	7.93054121008456e-9	-0.2768184244632721	-0.10727799283988701	true	epykit_chain_merge	methylkit
33250	4478	chr8	53538556	53539056	53539001	53539500	55	944	0.05826271186440678	NaN	0.044910814044049	0.2918750047683716	0.06947986388961601	true	epykit_chain_merge	methylkit
33255	4480	chr8	53668687	53670491	53670001	53670500	490	1813	0.2702702702702703	NaN	0.000911930029188072	0.09642457962036133	0.137741403674046	true	epykit_chain_merge	methylkit
33264	4492	chr8	54397573	54397907	54397501	54398000	334	499	0.6693386773547094	NaN	1.13632593711541e-21	0.33848562836647034	0.359378552482001	true	epykit_chain_merge	methylkit
33274	4496	chr8	55582162	55582804	55582501	55583000	303	838	0.3615751789976134	NaN	0.0000150470878237109	0.20093068480491638	0.182580668138756	true	epykit_chain_merge	methylkit
33335	4513	chr8	61518364	61518947	61518501	61519000	446	636	0.7012578616352201	NaN	4.57276060358025e-18	0.2368108481168747	0.209433333333333	true	epykit_chain_merge	methylkit
33343	4516	chr8	62868791	62869739	62868501	62869000	209	1238	0.16882067851373184	NaN	5.02215162087422e-7	-0.38262417912483215	-0.09672393007836042	true	epykit_chain_merge	methylkit
33432	4534	chr8	71591165	71592672	71591501	71592000	499	1507	0.33112143331121435	NaN	1.21539710470227e-23	0.26881054043769836	0.320580132879598	true	epykit_chain_merge	methylkit
33532	4551	chr8	81005646	81005966	81005501	81006000	320	499	0.6412825651302605	NaN	1.15778914422515e-9	0.13554304838180542	0.121645272076215	true	epykit_chain_merge	methylkit
33538	4552	chr8	81569816	81570875	81570501	81571000	374	1184	0.3158783783783784	NaN	1.69351647708761e-24	0.13726362586021423	0.323711095272036	true	epykit_chain_merge	methylkit
33586	4569	chr8	93225759	93226665	93226501	93227000	164	1241	0.13215149073327961	NaN	0.000109793972512074	0.0842771977186203	0.132565740603179	true	epykit_chain_merge	methylkit
33588	4571	chr8	93602925	93603208	93603001	93603500	207	575	0.36	NaN	0.00373954015837727	0.20195846259593964	0.114778051490122	true	epykit_chain_merge	methylkit
33629	4582	chr8	97190610	97190953	97190501	97191000	343	499	0.687374749498998	NaN	0.0498370683921482	0.3650309145450592	0.357534246575342	true	epykit_chain_merge	methylkit
33655	4589	chr8	100510786	100511139	100510501	100511000	214	638	0.335423197492163	NaN	0.0000883973022182269	-0.368213415145874	-0.160341937182205	true	epykit_chain_merge	methylkit
33663	4591	chr8	101041234	101042419	101041001	101041500	266	1418	0.18758815232722145	NaN	8.68738353030626e-19	0.292549729347229	0.329280349232843	true	epykit_chain_merge	methylkit
33669	4597	chr8	101311339	101312287	101311501	101312000	499	948	0.5263713080168776	NaN	0.00704867989172316	0.12804855406284332	0.06279763462242931	true	epykit_chain_merge	methylkit
33706	4604	chr8	104213499	104213706	104213501	104214000	205	501	0.4091816367265469	NaN	9.76010140108979e-9	-0.15131908655166626	-0.093330081697354	true	epykit_chain_merge	methylkit
33847	4628	chr8	119656912	119657575	119657501	119658000	74	1088	0.06801470588235294	NaN	0.00003743338290171	0.19208461046218872	0.0704744170984456	true	epykit_chain_merge	methylkit
33936	4650	chr8	126379809	126380691	126379501	126380000	191	1190	0.16050420168067228	NaN	1.75774841780108e-8	0.18375250697135925	0.14753251631685202	true	epykit_chain_merge	methylkit
33947	4652	chr8	126833630	126834294	126833501	126834000	370	793	0.4665825977301387	NaN	1.82428757323529e-43	0.30240869522094727	0.338924731182796	true	epykit_chain_merge	methylkit
34012	4667	chr8	132417862	132418508	132417501	132418000	138	1007	0.13704071499503476	NaN	0.0417533839648775	-0.28052574396133423	-0.11923153099623701	true	epykit_chain_merge	methylkit
34016	4669	chr8	132741417	132741598	132741001	132741500	83	597	0.1390284757118928	NaN	0.00922907584542291	0.1663195639848709	0.060573567262994205	true	epykit_chain_merge	methylkit
34094	4682	chr8	138212975	138213313	138213001	138213500	312	525	0.5942857142857143	NaN	2.97906868652857e-8	-0.11067351698875427	-0.0988862451199006	true	epykit_chain_merge	methylkit
34117	4691	chr8	139700619	139700751	139700501	139701000	132	499	0.26452905811623245	NaN	0.0330434635769267	0.14980629086494446	0.08364601491023331	true	epykit_chain_merge	methylkit
34200	4713	chr8	142114129	142114706	142114001	142114500	371	705	0.526241134751773	NaN	3.53324679152383e-6	0.2271224707365036	0.149217091295117	true	epykit_chain_merge	methylkit
34218	4719	chr8	143310426	143311769	143311001	143311500	499	1343	0.37155621742367834	NaN	0.0410113049837152	0.2796817421913147	0.10756449196685001	true	epykit_chain_merge	methylkit
34227	4723	chr8	143759672	143759903	143759501	143760000	231	499	0.46292585170340683	NaN	1.10861418490058e-8	0.14962519705295563	0.135090163300054	true	epykit_chain_merge	methylkit
34235	4727	chr8	144229808	144230284	144229501	144230000	192	783	0.24521072796934865	NaN	0.000115064230617355	-0.1343284696340561	-0.0849008803597442	true	epykit_chain_merge	methylkit
34266	4736	chr9	972300	973469	973001	973500	468	1200	0.39	NaN	6.29941166432445e-45	0.2003646045923233	0.239134974231384	true	epykit_chain_merge	methylkit
34268	4737	chr9	977945	978908	978001	978500	499	963	0.5181723779854621	NaN	0.00834992542614739	0.12433704733848572	0.09861114428336	true	epykit_chain_merge	methylkit
34273	4740	chr9	1386419	1386682	1386501	1387000	181	581	0.31153184165232356	NaN	0.0000555284193564792	0.17740745842456818	0.15925089967801	true	epykit_chain_merge	methylkit
34431	4776	chr9	16425386	16425714	16425001	16425500	114	713	0.15988779803646563	NaN	0.0218910602796566	0.24405591189861298	0.104896884512612	true	epykit_chain_merge	methylkit
34462	4783	chr9	20351241	20351744	20351001	20351500	259	743	0.34858681022880217	NaN	0.000103771267630585	0.17661060392856598	0.110202135774218	true	epykit_chain_merge	methylkit
34471	4786	chr9	21502103	21502378	21502001	21502500	275	499	0.5511022044088176	NaN	1.63142400129268e-9	0.18185104429721832	0.153924790340808	true	epykit_chain_merge	methylkit
34479	4791	chr9	23027775	23028270	23028001	23028500	269	725	0.37103448275862067	NaN	4.92371077416761e-26	-0.31618091464042664	-0.31895808176643103	true	epykit_chain_merge	methylkit
34532	4803	chr9	32194662	32194979	32194501	32195000	317	499	0.6352705410821643	NaN	0.00052804717411684	-0.10738318413496017	-0.100574136894686	true	epykit_chain_merge	methylkit
34545	4804	chr9	33218468	33218882	33218001	33218500	32	881	0.036322360953461974	NaN	0.00289225552311295	-0.28246617317199707	-0.104180727000922	true	epykit_chain_merge	methylkit
34546	4805	chr9	33438870	33439234	33439001	33439500	233	630	0.36984126984126986	NaN	1.12226821141153e-9	0.22635899484157562	0.296490767480529	true	epykit_chain_merge	methylkit
34584	4815	chr9	37006361	37006988	37006501	37007000	487	639	0.7621283255086072	NaN	4.04953822447867e-6	-0.15776996314525604	-0.14600753019412202	true	epykit_chain_merge	methylkit
34590	4817	chr9	37053775	37054456	37053501	37054000	225	955	0.2356020942408377	NaN	0.0078264292682704	-0.1577824056148529	-0.126236710202041	true	epykit_chain_merge	methylkit
34593	4819	chr9	37383553	37384040	37383501	37384000	447	539	0.8293135435992579	NaN	8.88612837517845e-37	0.3830176591873169	0.407060638195315	true	epykit_chain_merge	methylkit
34606	4825	chr9	38253010	38253265	38253001	38253500	255	499	0.5110220440881763	NaN	0.00122038662682065	0.11330640316009521	0.10762590123055199	true	epykit_chain_merge	methylkit
34638	4833	chr9	42422598	42423649	42423001	42423500	499	1051	0.4747859181731684	NaN	0.0235758089361976	0.23339655995368958	0.08592827626918541	true	epykit_chain_merge	methylkit
34639	4834	chr9	42779538	42779706	42779501	42780000	168	499	0.3366733466933868	NaN	0.00574299631555651	-0.10387683659791946	-0.0895554044528174	true	epykit_chain_merge	methylkit
34642	4836	chr9	43023630	43024774	43023501	43024000	370	1273	0.2906520031421838	NaN	0.0429158130673425	0.18631672859191895	0.0917359223300971	true	epykit_chain_merge	methylkit
34704	4854	chr9	69254284	69254440	69254001	69254500	156	499	0.312625250501002	NaN	2.13167187422764e-8	0.1455976963043213	0.0844279642040991	true	epykit_chain_merge	methylkit
34736	4861	chr9	72048913	72049189	72048501	72049000	87	688	0.12645348837209303	NaN	0.0000242783993471119	0.3284473419189453	0.0945525048470823	true	epykit_chain_merge	methylkit
34747	4864	chr9	73160921	73161385	73161001	73161500	384	579	0.6632124352331606	NaN	1.87230596448179e-33	0.3544040620326996	0.33515355243788203	true	epykit_chain_merge	methylkit
34799	4875	chr9	77483360	77483811	77483001	77483500	140	810	0.1728395061728395	NaN	0.00799781765141969	0.1892627626657486	0.0840498643984221	true	epykit_chain_merge	methylkit
34869	4886	chr9	82117367	82118349	82117001	82117500	133	1348	0.09866468842729971	NaN	2.49090145985396e-9	-0.24813440442085266	-0.12694666838843	true	epykit_chain_merge	methylkit
34897	4888	chr9	84139309	84139487	84139001	84139500	178	499	0.35671342685370744	NaN	6.02711609377552e-7	-0.17043712735176086	-0.153583831560598	true	epykit_chain_merge	methylkit
34919	4893	chr9	84863224	84865293	84863001	84863500	276	2292	0.12041884816753927	NaN	1.50387529006483e-34	0.20980389416217804	0.35609247906399	true	epykit_chain_merge	methylkit
34983	4908	chr9	88742656	88742908	88742501	88743000	252	499	0.5050100200400801	NaN	6.38999110538466e-12	-0.25751036405563354	-0.215834773829603	true	epykit_chain_merge	methylkit
35006	4913	chr9	89542920	89543273	89543001	89543500	272	580	0.4689655172413793	NaN	0.00701035568745475	0.18186531960964203	0.0979020979020979	true	epykit_chain_merge	methylkit
35008	4914	chr9	89611609	89612043	89611501	89612000	391	542	0.7214022140221402	NaN	1.55024037684389e-7	0.1482444852590561	0.19232947054933403	true	epykit_chain_merge	methylkit
35024	4917	chr9	89994175	89995728	89995501	89996000	227	1825	0.12438356164383561	NaN	1.1781244057311e-7	0.2237572818994522	0.161641824751581	true	epykit_chain_merge	methylkit
35043	4922	chr9	91162051	91163191	91162501	91163000	499	1140	0.437719298245614	NaN	2.7822238955312e-8	0.19978661835193634	0.184333659970603	true	epykit_chain_merge	methylkit
35061	4925	chr9	91898485	91900654	91899501	91900000	499	2169	0.2300599354541263	NaN	0.0044154962942505	0.3369039297103882	0.061886470337174496	true	epykit_chain_merge	methylkit
35076	4931	chr9	93196207	93196319	93196001	93196500	112	499	0.22444889779559118	NaN	2.33197889946079e-9	0.2568491995334625	0.149144869215292	true	epykit_chain_merge	methylkit
35235	4962	chr9	107222074	107222654	107222001	107222500	426	653	0.6523736600306279	NaN	0.0000185326686245613	0.17464974522590637	0.12990461108293	true	epykit_chain_merge	methylkit
35249	4969	chr9	108551323	108552480	108552001	108552500	479	1177	0.40696686491079015	NaN	0.00192808436949573	-0.20857146382331848	-0.0761933611005932	true	epykit_chain_merge	methylkit
35254	4971	chr9	108836639	108837034	108836501	108837000	361	533	0.6772983114446529	NaN	0.000220260690681035	-0.1953151971101761	-0.12627921367033199	true	epykit_chain_merge	methylkit
35260	4973	chr9	109446077	109446540	109446501	109447000	39	923	0.04225352112676056	NaN	0.0184914882167819	0.3311017155647278	0.08985376319801251	true	epykit_chain_merge	methylkit
35279	4979	chr9	111276592	111276731	111276501	111277000	139	499	0.2785571142284569	NaN	9.17641267460983e-8	0.18222343921661377	0.16472395409776802	true	epykit_chain_merge	methylkit
35295	4985	chr9	112488257	112489774	112488001	112488500	243	1773	0.13705583756345177	NaN	3.79924641226078e-15	0.18210577964782715	0.154954392102961	true	epykit_chain_merge	methylkit
35315	4995	chr9	114037491	114039386	114039001	114039500	385	2009	0.1916376306620209	NaN	0.0174723244762335	-0.26261013746261597	-0.0443317024352274	true	epykit_chain_merge	methylkit
35389	5017	chr9	121463384	121463638	121463501	121464000	137	616	0.2224025974025974	NaN	0.000460484902500443	-0.16657312214374542	-0.10261971373082501	true	epykit_chain_merge	methylkit
35410	5025	chr9	123264814	123265541	123264501	123265000	186	1040	0.17884615384615385	NaN	0.000217438499298299	-0.22556790709495544	-0.0589683203791087	true	epykit_chain_merge	methylkit
35455	5030	chr9	124212251	124212928	124212001	124212500	249	927	0.2686084142394822	NaN	0.0000561067236795295	-0.2022142857313156	-0.100441785756334	true	epykit_chain_merge	methylkit
35465	5032	chr9	124535954	124536081	124536001	124536500	80	546	0.14652014652014653	NaN	0.00927558683199302	-0.20103836059570312	-0.0779648549686032	true	epykit_chain_merge	methylkit
35487	5035	chr9	126055634	126055751	126055501	126056000	117	499	0.23446893787575152	NaN	0.000218098534265538	0.18455970287322998	0.150591630591631	true	epykit_chain_merge	methylkit
35551	5050	chr9	128887646	128888329	128887501	128888000	354	828	0.427536231884058	NaN	0.0477420861253719	0.26811471581459045	0.311446846598246	true	epykit_chain_merge	methylkit
35579	5067	chr9	130629381	130629913	130629501	130630000	412	619	0.6655896607431341	NaN	9.39708243070402e-6	0.18110477924346924	0.16892153880110003	true	epykit_chain_merge	methylkit
35583	5069	chr9	130755600	130757117	130757001	130757500	116	1900	0.061052631578947365	NaN	6.36482489744993e-8	0.17965269088745117	0.20641673467734	true	epykit_chain_merge	methylkit
35612	5079	chr9	131846792	131847048	131847001	131847500	47	708	0.06638418079096045	NaN	0.0133133636151112	0.2307276427745819	0.09028152302879941	true	epykit_chain_merge	methylkit
35625	5082	chr9	132139773	132140764	132140001	132140500	499	991	0.5035317860746721	NaN	2.80812818585484e-11	0.16045983135700226	0.23195275105666302	true	epykit_chain_merge	methylkit
35629	5084	chr9	132403138	132405089	132404501	132405000	499	1951	0.2557662737057919	NaN	8.68738353030626e-19	0.24692575633525848	0.19777229335089602	true	epykit_chain_merge	methylkit
35664	5100	chr9	133840049	133840290	133840001	133840500	241	499	0.48296593186372744	NaN	7.28085476032967e-10	0.23244424164295197	0.229588670089714	true	epykit_chain_merge	methylkit
35688	5104	chr9	134488365	134488901	134488001	134488500	135	900	0.15	NaN	0.00256310759370108	0.26287364959716797	0.102785127263127	true	epykit_chain_merge	methylkit
35711	5107	chr9	135350467	135350798	135350501	135351000	297	533	0.5572232645403377	NaN	5.59604524301755e-38	0.33871346712112427	0.421598877980365	true	epykit_chain_merge	methylkit
35713	5108	chr9	135355552	135355680	135355501	135356000	128	499	0.2565130260521042	NaN	6.25965027972145e-8	0.15566620230674744	0.121048541677459	true	epykit_chain_merge	methylkit
35760	5125	chr9	137919772	137920344	137919501	137920000	228	843	0.2704626334519573	NaN	8.83382785814472e-10	0.25257608294487	0.169126105245085	true	epykit_chain_merge	methylkit
35767	9604	chr9_KI270720v1_random	11847	12167	12001	12500	166	653	0.2542113323124043	NaN	0.00148405718107686	-0.09308608621358871	-0.105161718864411	true	epykit_chain_merge	methylkit
35769	9605	chr9_KI270720v1_random	14938	15244	15001	15500	243	562	0.43238434163701067	NaN	0.0086331552435476	-0.1751922219991684	-0.110065700063529	true	epykit_chain_merge	methylkit
35789	9635	chrUn_GL000218v1	71514	71573	71501	72000	59	499	0.11823647294589178	NaN	0.00396480591525832	-0.11446668952703476	-0.0845144608925496	true	epykit_chain_merge	methylkit
35850	9646	chrUn_KI270442v1	155145	155789	155501	156000	288	855	0.3368421052631579	NaN	0.0000110411423840775	-0.11600449681282043	-0.09759526911068371	true	epykit_chain_merge	methylkit
35911	9653	chrUn_KI270744v1	44657	45632	45501	46000	131	1343	0.0975428145941921	NaN	0.000424186080890491	-0.14892597496509552	-0.143078229186933	true	epykit_chain_merge	methylkit
35959	9551	chrX	517583	517852	517501	518000	269	499	0.5390781563126252	NaN	0.0000486308261977844	0.17162109911441803	0.113544548976204	true	epykit_chain_merge	methylkit
35968	9553	chrX	666890	667735	667001	667500	499	845	0.5905325443786982	NaN	0.033890994338769	0.4468202292919159	0.43929970265323	true	epykit_chain_merge	methylkit
36021	9567	chrX	2707594	2708881	2707501	2708000	406	1380	0.2942028985507246	NaN	0.044860578954148	0.24395515024662018	0.304575163398693	true	epykit_chain_merge	methylkit
36087	9571	chrX	9144626	9145220	9144501	9145000	374	719	0.5201668984700973	NaN	0.0425458126414968	0.28177961707115173	0.326476093163609	true	epykit_chain_merge	methylkit
