chrom	start	end	n_cpgs	n_significant	mean_meth_diff	combined_pvalue	dmr_type	combined_qvalue	combined_qvalue_reject	gene_id	gene_name	feature_type	distance_to_tss	nearest_tss_gene	nearest_tss_distance	all_overlapping_genes	all_overlapping_features
chr1	6435144	6435417	13	13	0.537207	1.7860245711037408e-75	hyper	2.766714426509795e-74	true	NM_001367473	ESPN	intron	10505.5	MIR4252	-5384	ESPN	intron
chr1	6435527	6435628	4	4	0.5185084	1.5434704867363064e-23	hyper	2.7920103072172677e-23	true	NM_001367474	ESPN	intron	10802.5	MIR4252	-5681	ESPN	intron
chr1	6975963	6976052	7	5	0.41439176	1.6406406385309306e-30	hyper	4.49461679751882e-30	true	NM_001349609	CAMTA1	intron	190554.5	CAMTA1	190554	CAMTA1	intron
chr1	8908454	8908668	14	14	0.4140374	2.2594089477216464e-63	hyper	2.532916346656372e-62	true	""	""	intergenic	NaN	ENO1-AS1	29727	""	""
chr1	10161184	10161388	8	8	0.384903	6.681670199631969e-38	hyper	2.5994442968431224e-37	true	NM_006048	UBE4B	exon	128329.0	KIF1B	-49283	UBE4B	exon;intron
chr1	16796340	16796493	7	7	-0.5511652	4.660099826828457e-37	hypo	1.7262630662860194e-36	true	""	""	intergenic	NaN	MST1L	-31936	""	""
chr1	18458944	18459063	5	5	0.40843672	3.2881465931016124e-30	hyper	8.865509168742321e-30	true	""	""	intergenic	NaN	KLHDC7A	-21926	""	""
chr1	18588123	18588327	8	8	0.4392284	3.4801659399700887e-54	hyper	2.8239060770043003e-53	true	""	""	intergenic	NaN	PAX7	-42620	""	""
chr1	18722631	18722701	4	4	-0.4520475	1.8414287109901303e-20	hypo	2.6910759206922657e-20	true	NM_001135254	PAX7	intron	91821.0	PAX7	91821	PAX7	intron
chr1	20711917	20712026	4	4	0.4860783	2.053496313972536e-20	hyper	2.980543201881773e-20	true	NM_001122819	KIF17	intron	6035.5	KIF17	6036	KIF17	intron
chr1	25567776	25567884	7	7	0.5157389	8.979408765127802e-39	hyper	3.67810397494658e-38	true	NM_015627	LDLRAP1	exon	24225.0	LDLRAP1	24225	LDLRAP1	exon
chr1	33667637	33667916	10	10	0.42389363	9.476236338119856e-52	hyper	6.960132206963894e-51	true	NM_052896	CSMD2	intron	498065.5	HMGB4	-192698	CSMD2	intron
chr1	33898974	33899177	8	8	0.4525255	1.7552014911261993e-40	hyper	7.788706616872509e-40	true	NM_052896	CSMD2	intron	266766.5	CSMD2-AS1	30120	CSMD2	intron
chr1	34441412	34441986	19	19	0.5475764	2.7460452498974206e-134	hyper	1.2997947516181124e-132	true	""	""	intergenic	NaN	MIR552	227995	""	""
chr1	50417722	50417926	9	9	0.434229	1.190915214494812e-47	hyper	7.145491286968873e-47	true	NM_032110	DMRTA2	exon	5619.0	DMRTA2	5619	DMRTA2	exon
chr1	50418067	50418459	15	15	0.5207811	1.9120563749690756e-106	hyper	5.255071069269847e-105	true	NM_032110	DMRTA2	exon	5180.0	DMRTA2	5180	DMRTA2	exon
chr1	57832373	57832506	3	3	0.3615695	2.3664079988507954e-15	hyper	2.507686088334425e-15	true	NM_001379462	DAB1	intron	418063.5	DAB1-AS1	-28141	DAB1	intron
chr1	59697517	59697677	5	5	0.4773077	6.0403718129711995e-24	hyper	1.1212193430613208e-23	true	NR_103473	FGGY	exon	400504.0	MIR4711	35699	FGGY	exon;intron;noncoding
chr1	61156536	61156649	3	3	-0.3437802	4.0478260079239285e-16	hypo	4.555809456738689e-16	true	NM_005595	NFIA	intron	74032.5	NFIA	74032	NFIA	intron
chr1	62954920	62955011	3	3	0.33768412	4.126829888715542e-16	hyper	4.638600349849131e-16	true	""	""	intergenic	NaN	LINC01739	55960	""	""
chr1	76679905	76679992	4	4	0.3383223	8.29029854437578e-20	hyper	1.1485096520013276e-19	true	""	""	intergenic	NaN	LINC02567	99319	""	""
chr1	78474750	78474873	3	3	0.41217646	6.258909386627959e-29	hyper	1.563809618007924e-28	true	""	""	intergenic	NaN	PTGFR	-16162	""	""
chr1	82426097	82426232	5	5	0.5295675	1.2152127593929344e-48	hyper	7.557381540166278e-48	true	""	""	intergenic	NaN	LINC01362	-477018	""	""
chr1	82843909	82844207	10	10	0.4055478	4.050005297093346e-58	hyper	3.791873091344539e-57	true	""	""	intergenic	NaN	LINC01362	-59124	""	""
chr1	84428432	84428568	4	4	0.38447946	1.1281655850804016e-23	hyper	2.0538399113002183e-23	true	""	""	intergenic	NaN	DNASE2B	20231	""	""
chr1	84719694	84719822	4	4	-0.4158978	2.2566342176980917e-19	hypo	3.0664311857715696e-19	true	""	""	intergenic	NaN	SSX2IP	-29290	""	""
chr1	84719956	84720007	3	3	-0.39147	2.0423332217012003e-18	hypo	2.6127145719060403e-18	true	""	""	intergenic	NaN	SSX2IP	-29513	""	""
chr1	86806430	86806485	3	3	0.4176004	1.2711307532732836e-16	hyper	1.4896883105761179e-16	true	""	""	intergenic	NaN	SH3GLB1	101882	""	""
chr1	87284678	87284875	7	7	0.45869428	2.617165885055075e-57	hyper	2.3721546107094938e-56	true	""	""	intergenic	NaN	LMO4	-44103	""	""
chr1	87285047	87285158	5	5	0.52564347	4.925480946231957e-34	hyper	1.595631089805942e-33	true	""	""	intergenic	NaN	LMO4	-43777	""	""
chr1	100423875	100423944	4	4	0.38221213	1.8176522642140797e-21	hyper	2.8625503310728204e-21	true	NM_033312	CDC14A	intron	71443.5	CDC14A	71404	CDC14A	intron
chr1	145616727	145616885	5	5	0.41272506	5.047121172701462e-27	hyper	1.1590693366958613e-26	true	NR_036541	GPR89A	intron	8847.0	GPR89A	8819	GPR89A	intron;noncoding
chr1	171143011	171143064	3	3	-0.65293026	4.3464260035741717e-16	hypo	4.878992035632667e-16	true	NR_002601	FMO6P	intron	5298.5	FMO6P	5298	FMO6P	intron;noncoding
chr1	172029299	172029491	3	3	-0.39632142	1.18201720448316e-16	hypo	1.3909926218503485e-16	true	NM_015569	DNM3	intron	187898.0	MIR3120	-109412	DNM3	intron;noncoding
chr1	175044643	175044864	11	11	0.41275832	1.658801819866288e-59	hyper	1.5879765736248062e-58	true	""	""	intergenic	NaN	MRPS14	-21298	""	""
chr1	176437096	176437211	4	4	0.49900275	4.647716777466385e-22	hyper	7.644507132048958e-22	true	""	""	intergenic	NaN	PAPPA2	-26021	""	""
chr1	177411460	177411548	3	3	-0.53723	8.982285725592034e-21	hypo	1.3449749452028845e-20	true	""	""	intergenic	NaN	LINC01645	59919	""	""
chr1	181491135	181491287	4	4	0.49308354	1.2978164895511462e-31	hyper	3.7738554576709096e-31	true	NM_001205293	CACNA1E	intron	7695.0	CACNA1E	7695	CACNA1E	intron
chr1	184027944	184028072	3	3	-0.3063813	5.922094933166396e-19	hypo	7.822674237298868e-19	true	NM_001303420	COLGALT2	intron	9720.0	COLGALT2	9720	COLGALT2	intron
chr1	185444842	185445028	6	6	0.37269685	2.1299819321487825e-28	hyper	5.170212553250036e-28	true	""	""	intergenic	NaN	GS1-279B7.1	-109896	""	""
chr1	197606222	197606354	4	4	-0.40488476	5.788709192707197e-31	hypo	1.622361918482412e-30	true	NM_001300858	DENND1B	intron	169192.0	DENND1B	169192	DENND1B	intron;noncoding
chr1	205449150	205449294	4	4	-0.4330021	2.0216406557580446e-19	hypo	2.7559005419293663e-19	true	NR_029893	MIR135B	promoter	-824.0	MIR135B	-824	BLACAT1;MIR135B	intron;noncoding;promoter
chr1	206421659	206421779	5	5	-0.38961852	8.55788036116779e-38	hypo	3.314233667143162e-37	true	NM_015326	SRGAP2	intron	218179.0	IKBKE	-48756	SRGAP2	intron
chr1	207171702	207172022	7	7	0.512795	2.1654628479818668e-69	hyper	2.673875864464566e-68	true	""	""	intergenic	NaN	C4BPA	67630	""	""
chr1	212570498	212570602	3	3	0.28335798	4.339586843326649e-15	hyper	4.536598761367246e-15	true	NM_001030287	ATF3	intron	5217.0	ATF3	5217	ATF3	intron
chr1	213661350	213661650	8	8	0.44482034	2.7044242519306055e-45	hyper	1.449163184053381e-44	true	""	""	intergenic	NaN	LINC00538	-263248	""	""
chr1	221788351	221788651	6	6	-0.4067951	3.4532960239862696e-33	hypo	1.0777319459473631e-32	true	""	""	intergenic	NaN	DUSP10	-46325	""	""
chr1	222892465	222892633	3	3	0.34793723	8.733166692541823e-23	hyper	1.4911138320732734e-22	true	NM_001377228	DISP1	intron	77469.0	DISP1	-35874	DISP1	intron
chr1	222970153	222970251	4	4	0.40963528	7.985697570009376e-20	hyper	1.1099207715575837e-19	true	NM_001377228	DISP1	intron	155122.0	DISP1	41779	DISP1	intron
chr1	227429757	227429951	8	8	0.4232778	2.7143795889900748e-42	hyper	1.277707961226267e-41	true	""	""	intergenic	NaN	CDC42BPA	-111362	""	""
chr1	230636903	230637075	4	4	0.40661165	7.115490660110375e-22	hyper	1.143848687247932e-21	true	""	""	intergenic	NaN	COG2	-5491	""	""
chr1	230638004	230638056	3	3	0.43379083	3.013968732549157e-20	hyper	4.330356425180239e-20	true	""	""	intergenic	NaN	COG2	-4450	""	""
chr1	231987036	231987098	4	4	0.38312542	2.957811745913683e-22	hyper	4.912389098476526e-22	true	NM_001164547	DISC1	intron	360278.0	DISC1-IT1	61234	DISC1;TSNAX-DISC1	intron;noncoding
chr1	233885594	233885719	4	4	-0.46846506	1.6870347320383062e-20	hypo	2.469679710818964e-20	true	""	""	intergenic	NaN	SLC35F3	-19019	""	""
chr1	239310781	239310841	3	3	0.3007022	2.5982469790483966e-16	hyper	2.9743328104458894e-16	true	""	""	intergenic	NaN	CHRM3	-75756	""	""
chr1	242634920	242635049	5	5	0.36871266	1.431200591773691e-37	hyper	5.419479574183044e-37	true	""	""	intergenic	NaN	PLD5	-110287	""	""
chr1	243508259	243508464	6	6	0.47469953	1.775910876601104e-32	hyper	5.403843095943358e-32	true	NM_181690	AKT3	intron	334920.5	MIR4677	162186	AKT3	intron
chr1	244118053	244118579	14	14	0.48377943	5.206369942094863e-88	hyper	9.85739375703294e-87	true	""	""	intergenic	NaN	ZBTB18	65112	""	""
chr1	245646132	245646218	5	5	0.3803734	7.246746101448602e-29	hyper	1.794833627451805e-28	true	NM_018012	KIF26B	exon	491191.0	SMYD3	342376	KIF26B	exon
chr10	484577	485159	34	34	0.55570656	7.870650439946565e-218	hyper	1.1176323624724122e-215	true	NM_014974	DIP2C	intron	204800.0	LOC101930421	-143695	DIP2C	intron
chr10	2529330	2529414	3	3	0.38018307	1.2172085824115282e-14	hyper	1.2375438093253246e-14	true	""	""	intergenic	NaN	LINC02645	-27910	""	""
chr10	3013489	3013569	5	5	0.4741366	3.169307308274442e-39	hyper	1.3434078739551365e-38	true	""	""	intergenic	NaN	LOC101927824	53404	""	""
chr10	3822711	3822865	4	4	0.40368822	6.601367636876765e-30	hyper	1.7466972753475168e-29	true	""	""	intergenic	NaN	LINC02639	-11161	""	""
chr10	3823020	3823171	4	4	0.3574034	1.2429828528437828e-26	hyper	2.78689839637606e-26	true	""	""	intergenic	NaN	LINC02639	-10854	""	""
chr10	4023566	4023707	4	4	0.36780602	2.945658198947924e-19	hyper	3.958518589122447e-19	true	""	""	intergenic	NaN	LOC101927964	-28089	""	""
chr10	8614891	8615054	5	5	0.4794456	6.304672962598727e-40	hyper	2.754657109812367e-39	true	""	""	intergenic	NaN	LOC105376398	-20581	""	""
chr10	8758071	8758157	3	3	-0.3202809	3.2075774348381077e-17	hypo	3.8985106625992406e-17	true	""	""	intergenic	NaN	LINC02676	-139874	""	""
chr10	10199006	10199065	3	3	0.47334376	3.093616798830796e-26	hyper	6.758362852830354e-26	true	""	""	intergenic	NaN	LINC02670	140314	""	""
chr10	10870719	10870945	11	11	0.36331302	1.6712744591062037e-65	hyper	1.950583341312994e-64	true	NM_001326327	CELF2	intron	72108.0	CELF2	72108	CELF2	intron
chr10	11708046	11708303	11	11	0.47496995	1.972143622529476e-54	hyper	1.6156407369183786e-53	true	""	""	intergenic	NaN	ECHDC3	-34207	""	""
chr10	13085432	13085525	3	3	0.4117352	1.1975110389582265e-18	hyper	1.54353919091136e-18	true	NM_001282658	CCDC3	intron	14510.5	CCDC3	14511	CCDC3	intron
chr10	13865907	13866007	3	3	0.41286758	6.180893744219234e-16	hyper	6.848012314791661e-16	true	NM_018027	FRMD4A	intron	464967.0	FRMD4A	105939	FRMD4A	intron
chr10	14007966	14008127	8	8	0.63949156	9.79678909889236e-46	hyper	5.385073749842769e-45	true	NM_001318336	FRMD4A	exon	503.5	FRMD4A	504	FRMD4A	exon;intron
chr10	14008306	14008615	13	13	0.46835893	9.909638463207026e-77	hyper	1.5635207353059974e-75	true	NM_001318336	FRMD4A	promoter	89.5	FRMD4A	90	FRMD4A	exon;intron;promoter
chr10	15868097	15868266	5	5	0.5558148	1.6343037710994382e-62	hyper	1.7405335162209018e-61	true	""	""	intergenic	NaN	MINDY3	-7648	""	""
chr10	21499128	21499501	12	11	0.354508	1.1025119784552355e-59	hyper	1.0674320518680234e-58	true	NR_160800	MIR1915HG	promoter	-2054.5	MIR1915HG	-2054	MIR1915HG	promoter
chr10	21507687	21507794	3	3	0.36476478	1.8807852961210593e-15	hyper	2.0080564815728604e-15	true	""	""	intergenic	NaN	MIR1915HG	-10480	""	""
chr10	26154748	26154805	3	3	0.28845817	2.584764822239705e-17	hyper	3.155042447776832e-17	true	NM_017433	MYO3A	exon	220548.5	GAD2	-61530	MYO3A	exon
chr10	29878273	29878349	3	3	0.4712514	1.9178606643482735e-16	hyper	2.2171197910783297e-16	true	""	""	intergenic	NaN	SVIL	-141375	""	""
chr10	33145910	33145997	3	3	0.407571	7.37866503772201e-18	hyper	9.204425493615158e-18	true	""	""	intergenic	NaN	IATPR	-29146	""	""
chr10	34169637	34169790	4	4	0.35555553	2.822332515425348e-22	hyper	4.696537701449993e-22	true	NM_001184791	PARD3	intron	645582.5	LINC00838	-397033	PARD3	intron
chr10	36002800	36003072	8	8	0.43283516	1.2328266790614837e-38	hyper	5.001753955049448e-38	true	""	""	intergenic	NaN	PCAT5	224635	""	""
chr10	46052453	46052559	3	3	-0.42938972	3.156052918459255e-21	hypo	4.897918190395783e-21	true	""	""	intergenic	NaN	MSMB	-6237	""	""
chr10	49278919	49279140	4	4	-0.5579829	1.2230375005679629e-36	hypo	4.453110899503865e-36	true	""	""	intergenic	NaN	C10orf71-AS1	19864	""	""
chr10	52956907	52956980	3	3	-0.2923903	7.513824284606207e-16	hypo	8.281731294287824e-16	true	""	""	intergenic	NaN	MBL2	-184159	""	""
chr10	58137378	58137470	3	3	-0.35240874	1.175874251248436e-16	hypo	1.385677540890273e-16	true	""	""	intergenic	NaN	IPMK	130470	""	""
chr10	67609378	67609487	3	3	0.43410185	3.742833977955934e-15	hyper	3.92721003598332e-15	true	NM_013266	CTNNA3	intron	86762.5	CTNNA3	56228	CTNNA3	intron
chr10	73442329	73442415	3	3	-0.35366288	1.2741263937772516e-18	hypo	1.6398122167646802e-18	true	NM_001142353	PPP3CB	intron	53652.0	MSS51	-8811	PPP3CB	intron
chr10	82021196	82021279	4	4	0.429206	4.3856249113697965e-25	hyper	8.812623642658176e-25	true	NM_001370082	NRG3	intron	146044.5	NRG3	143551	NRG3	intron;noncoding
chr10	82981505	82981676	4	4	0.40490884	8.536384734208773e-19	hyper	1.1120794791354547e-18	true	NM_001370081	NRG3	intron	1106397.5	LINC02650	695499	NRG3	intron;noncoding
chr10	88500100	88500156	3	3	-0.6114609	5.53345936290141e-21	hypo	8.494607886832434e-21	true	NM_001031709	RNLS	intron	83190.0	RNLS	83190	RNLS	intron
chr10	88789809	88789883	3	3	0.33432117	9.039769167346852e-17	hyper	1.0756820294105471e-16	true	""	""	intergenic	NaN	LIPM	-12883	""	""
chr10	91435595	91435751	3	3	0.30930874	5.16849521751557e-16	hyper	5.763819273983332e-16	true	NR_145526	HECTD2	intron	25389.0	HECTD2	25330	HECTD2;HECTD2-AS1	intron;noncoding
chr10	99464071	99464136	3	3	0.37283805	4.047505820368662e-18	hyper	5.1088517910431116e-18	true	""	""	intergenic	NaN	GOT1	-33479	""	""
chr10	99994396	99994560	5	5	0.38085467	2.1735152035494275e-25	hyper	4.451526330346423e-25	true	NM_015221	DNMBP	intron	15469.0	DNMBP	15469	DNMBP	intron
chr10	104515117	104515169	3	3	-0.5107084	1.0170154204512381e-30	hypo	2.8133023968326455e-30	true	""	""	intergenic	NaN	LINC02620	-34868	""	""
chr10	109001228	109001319	4	4	-0.3621357	5.086291986268293e-20	hypo	7.162844251736504e-20	true	""	""	intergenic	NaN	XPNPEP1	921973	""	""
chr10	117132566	117132678	8	8	0.35719362	1.5564367029258252e-37	hyper	5.86762863226904e-37	true	NM_001112704	VAX1	TTS	5648.0	VAX1	5648	VAX1	TTS;intron
chr10	120095828	120095886	3	3	0.47556344	1.240963317616326e-16	hyper	1.4563371165414735e-16	true	""	""	intergenic	NaN	MIR4682	137345	""	""
chr10	120516493	120516603	3	3	-0.36704955	2.6822927285587917e-15	hypo	2.8318629550583525e-15	true	NM_001318169	PLPP4	intron	59595.0	PLPP4	59322	PLPP4	intron;noncoding
chr10	123408772	123408860	3	3	0.6410256	6.495617336915707e-17	hyper	7.805734796970638e-17	true	""	""	intergenic	NaN	BUB3	254415	""	""
chr10	124319032	124319130	3	3	0.39211634	1.021242130958447e-16	hyper	1.2084698549674956e-16	true	""	""	intergenic	NaN	OAT	99842	""	""
chr10	127402729	127402881	6	6	0.44171178	5.805074622342687e-34	hyper	1.873455900846958e-33	true	NM_001377556	DOCK1	intron	497378.0	NPS	-146503	DOCK1	intron
chr10	127403020	127403136	4	4	0.4842961	4.315170677597921e-30	hyper	1.1561400683375562e-29	true	NM_001377547	DOCK1	exon	497651.0	NPS	-146230	DOCK1	exon;intron
chr10	128453623	128453787	7	7	0.36347413	1.7098091727139298e-33	hyper	5.395397833897289e-33	true	""	""	intergenic	NaN	LINC01163	167756	""	""
chr10	130461479	130461553	4	4	0.56084055	2.9748162938543043e-27	hyper	6.88734641946703e-27	true	""	""	intergenic	NaN	GLRX3	325108	""	""
chr10	131350595	131350979	13	13	0.52086425	3.303158214892198e-98	hyper	7.406028418653033e-97	true	""	""	intergenic	NaN	TCERG1L	-39066	""	""
chr10	131380210	131380485	7	7	-0.47264868	2.1301547058548165e-50	hypo	1.429048668809688e-49	true	""	""	intergenic	NaN	TCERG1L	-68626	""	""
chr10	131676186	131676364	9	9	0.47864363	2.8144019118476275e-43	hyper	1.378086453387459e-42	true	""	""	intergenic	NaN	LINC01164	113924	""	""
chr10	132330033	132330190	5	5	0.45793715	7.236831118685985e-26	hyper	1.545308299027684e-25	true	NM_001318880	STK32C	TTS	1768.5	STK32C	1769	STK32C	TTS;intron
chr11	3532686	3532784	4	4	0.64977777	1.8860082637486213e-29	hyper	4.825462584726203e-29	true	NR_126335	LOC101927708	intron	39252.0	LOC101927708	39252	LOC101927708	intron;noncoding
chr11	3576369	3576489	6	6	0.5742789	5.175929735453247e-57	hyper	4.641991720638069e-56	true	""	""	intergenic	NaN	LOC101927708	-4442	""	""
chr11	11733425	11733584	6	6	0.43152925	5.999520137875129e-35	hyper	2.052847854405466e-34	true	""	""	intergenic	NaN	MIR8070	49718	""	""
chr11	12441445	12441648	5	5	-0.5987153	2.6193795344261935e-25	hypo	5.351825811345604e-25	true	NM_018222	PARVA	intron	63976.5	PARVA	63976	PARVA	intron
chr11	13983574	13983678	3	3	0.39634076	2.6924649218262823e-18	hyper	3.4238509155164067e-18	true	NM_006108	SPON1	intron	20904.0	SPON1	20904	SPON1	intron
chr11	22009082	22009209	3	3	0.3491176	1.3042630610503338e-15	hyper	1.4119849148854949e-15	true	""	""	intergenic	NaN	ANO5	-183939	""	""
chr11	27469411	27469484	3	3	0.45248374	2.5384973152128765e-20	hyper	3.659559581322116e-20	true	NM_018490	LGR4	intron	3342.5	LGR4-AS1	-2283	LGR4	intron
chr11	27469755	27469881	5	5	0.4298393	2.8116559585914562e-24	hyper	5.323401948266491e-24	true	NR_131169	LGR4-AS1	promoter	-1912.0	LGR4-AS1	-1912	LGR4;LGR4-AS1	intron;promoter
chr11	31820798	31820872	4	4	0.47480136	6.302688795271675e-20	hyper	8.84660766650983e-20	true	NR_033971	PAX6-AS1	intron	4270.0	PAX6	-2874	PAX6-AS1	intron;noncoding
chr11	35205868	35206069	4	4	0.36506742	4.811192777260035e-19	hyper	6.394908340445474e-19	true	NM_000610	CD44	intron	66798.5	SNORD164	43019	CD44	intron
chr11	40999124	40999245	3	3	0.4316322	7.01863458955136e-22	hyper	1.1325523996776058e-21	true	NM_020929	LRRC4C	intron	460451.5	LRRC4C	460452	LRRC4C	intron
chr11	44147954	44148008	3	3	0.48387095	1.9370439158249193e-24	hyper	3.708677339961418e-24	true	NM_000401	EXT2	intron	51785.0	EXT2	51785	EXT2	intron
chr11	46952331	46952503	4	4	-0.35636705	3.614395576227907e-28	hypo	8.723696971518914e-28	true	NM_001003676	C11orf49	intron	15729.0	C11orf49	15657	C11orf49	intron;noncoding
chr11	49194679	49194807	3	3	0.39224276	1.4377806367563764e-24	hyper	2.7840661420828016e-24	true	NM_001193471	FOLH1	intron	13859.0	FOLH1	13859	FOLH1	intron
chr11	49200548	49200699	3	3	0.32418448	1.4266741314918798e-19	hyper	1.957369339824608e-19	true	NM_001193471	FOLH1	intron	7978.5	FOLH1	7979	FOLH1	intron
chr11	49225489	49225621	5	5	-0.34697902	3.328974877663693e-36	hypo	1.1917170570459945e-35	true	""	""	intergenic	NaN	FOLH1	-16953	""	""
chr11	61603371	61603521	12	12	-0.50786275	1.2552666728917497e-61	hypo	1.2885388015708082e-60	true	NR_110189	LOC101927495	intron	14953.0	RPLP0P2	-11589	LOC101927495	intron;noncoding
chr11	70364909	70364983	3	3	0.36288035	1.8201785460623217e-15	hyper	1.9457868522523188e-15	true	NM_003626	PPFIA1	intron	94257.0	CTTN	-33559	PPFIA1	intron;noncoding
chr11	70634223	70634324	3	3	0.45516	4.2133294163828307e-17	hyper	5.0990861686905845e-17	true	NR_046567	SHANK2-AS1	exon	3180.5	SHANK2-AS1	3180	SHANK2;SHANK2-AS1	exon;intron;noncoding
chr11	70885838	70886202	20	20	0.5547213	1.6318119340821345e-139	hyper	8.689398548987367e-138	true	NM_012309	SHANK2	intron	366557.0	MIR3664	-13652	SHANK2	intron
chr11	70886329	70886413	3	3	0.46745327	1.748639589656315e-17	hyper	2.1591897541843195e-17	true	NM_012309	SHANK2	intron	366206.0	MIR3664	-14003	SHANK2	intron
chr11	71689277	71689368	6	6	0.4498954	3.9594462495470875e-39	hyper	1.6700238636703557e-38	true	""	""	intergenic	NaN	KRTAP5-11	-106447	""	""
chr11	83665715	83665949	5	5	0.37328547	5.304848697522585e-30	hyper	1.4080159159779571e-29	true	NM_001142700	DLG2	intron	607448.0	DLG2	16456	DLG2	intron;noncoding
chr11	83896214	83896395	4	4	0.34474432	8.502173538776579e-25	hyper	1.680708087015695e-24	true	NR_165353	DLG2	intron	376975.5	DLG2	-171379	DLG2	intron;noncoding
chr11	86713768	86713901	5	5	-0.41084003	1.6965489323840124e-34	hypo	5.624356771950111e-34	true	""	""	intergenic	NaN	ME3	-41198	""	""
chr11	92524647	92524714	3	3	0.40866467	2.187729262395807e-19	hyper	2.9775484529732073e-19	true	NM_001378141	FAT3	exon	299863.5	FAT3	299863	FAT3	exon
chr11	100221434	100221568	4	4	-0.55042714	8.255244641209596e-20	hypo	1.1455160316466737e-19	true	NM_014361	CNTN5	intron	1200553.0	ARHGAP42	-465786	CNTN5	intron
chr11	100221719	100221797	3	3	-0.49145564	3.193214674026594e-16	hypo	3.6274918696942106e-16	true	NM_014361	CNTN5	intron	1200810.0	ARHGAP42	-465529	CNTN5	intron
chr11	102840470	102840577	3	3	0.3821698	7.290913402215188e-18	hyper	9.108296508339208e-18	true	NM_002422	MMP3	exon	3085.5	MMP3	3086	MMP3	exon
chr11	105153674	105153923	13	13	0.4011558	1.929955431001982e-63	hyper	2.1924293696182518e-62	true	""	""	intergenic	NaN	CARD18	-14029	""	""
chr11	107647507	107647632	3	3	0.34560022	1.1528547441206407e-15	hyper	1.252847247437227e-15	true	NM_001130037	ELMOD1	exon	56479.5	ELMOD1	56423	ELMOD1	exon;intron
chr11	107678524	107678603	4	4	0.35376218	6.783726046245057e-21	hyper	1.0265958421671026e-20	true	""	""	intergenic	NaN	SLN	33493	""	""
chr11	112525519	112525592	3	3	0.36371598	1.5064954616441848e-14	hyper	1.5261999207144416e-14	true	NR_120559	LINC02763	intron	43324.5	LINC02764	30247	LINC02763	intron;noncoding
chr11	113062379	113062466	5	5	0.37658602	1.7672692145377856e-30	hyper	4.8105858491571674e-30	true	NM_181351	NCAM1	intron	101003.5	LOC101928847	-98962	NCAM1	intron
chr11	118472060	118472217	5	5	-0.42296606	8.232121588888373e-25	hypo	1.6311087427285801e-24	true	NM_001197104	KMT2A	exon	35647.5	KMT2A	35647	KMT2A	exon
chr11	123257710	123257800	3	3	0.32311493	2.1322571852462073e-18	hyper	2.7236628513189933e-18	true	""	""	intergenic	NaN	CLMP	-62507	""	""
chr11	125980566	125980731	6	6	0.37452713	1.4732965341391162e-34	hyper	4.922543714064812e-34	true	NM_001243597	CDON	intron	82643.5	VSIG10L2	34593	CDON	intron
chr11	126101048	126101339	10	10	0.527908	1.2162499393614301e-51	hyper	8.856794430221696e-51	true	""	""	intergenic	NaN	CDON	-37901	""	""
chr11	126997243	126997366	3	3	0.34644803	7.065213974608748e-17	hyper	8.454441441526198e-17	true	NM_001161707	KIRREL3	intron	3565.5	KIRREL3	3466	KIRREL3	intron
chr11	130415016	130415073	3	3	0.33734798	5.400052644365917e-15	hyper	5.617637183149892e-15	true	NM_007037	ADAMTS8	intron	13564.5	ADAMTS8	13565	ADAMTS8	intron
chr11	132590542	132590831	8	8	0.47598982	2.582663738882803e-71	hyper	3.385276162350997e-70	true	NM_001319106	OPCML	intron	352950.5	NTM-IT	306385	OPCML	intron
chr12	1232461	1232534	3	3	-0.21986097	1.9503417536232595e-14	hypo	1.9505779689780016e-14	true	NR_027948	ERC1	intron	241275.5	ERC1	204750	ERC1	intron;noncoding
chr12	3990755	3990991	12	12	0.52331406	1.581828928759465e-60	hyper	1.5491014336816829e-59	true	""	""	intergenic	NaN	PARP11	-117425	""	""
chr12	5577502	5577559	3	3	-0.39812756	8.094015948827944e-16	hypo	8.909691974678822e-16	true	NM_001364791	ANO2	intron	367728.5	NTF3	83399	ANO2	intron
chr12	5706185	5706287	3	3	0.3758665	3.0664823569541233e-15	hyper	3.2265812867574963e-15	true	NM_001278597	ANO2	intron	239996.0	NTF3	212105	ANO2	intron
chr12	5719790	5719848	3	3	0.43626764	2.9755939048551574e-22	hyper	4.932307406491428e-22	true	NM_001278597	ANO2	intron	226413.0	ANO2	225440	ANO2	intron
chr12	15329094	15329360	5	5	0.31584752	8.093216570138724e-27	hyper	1.8338884355739875e-26	true	NM_002848	PTPRO	intron	6720.0	PTPRO	6720	PTPRO	intron
chr12	20350459	20350685	7	7	0.2970452	1.0470190701260789e-32	hyper	3.2088498120410766e-32	true	""	""	intergenic	NaN	PDE3A	-17964	""	""
chr12	24287453	24287544	4	4	0.45967954	6.620928097415323e-22	hyper	1.0744820455234012e-21	true	NM_152989	SOX5	intron	274992.5	SOX5-AS1	64228	SOX5	intron
chr12	25828204	25828293	3	3	0.43195614	7.195750000650797e-16	hyper	7.941423575847771e-16	true	""	""	intergenic	NaN	MIR4302	45831	""	""
chr12	33767479	33767575	3	3	0.39687327	1.0952590366275995e-23	hyper	1.9982027820272268e-23	true	""	""	intergenic	NaN	ALG10	-254968	""	""
chr12	43289503	43289603	4	4	-0.40244007	4.146438897864743e-22	hypo	6.859739691224779e-22	true	""	""	intergenic	NaN	LINC02461	134239	""	""
chr12	43674728	43674902	5	5	0.4836773	5.108031725331859e-32	hyper	1.5111260520773415e-31	true	""	""	intergenic	NaN	PUS7L	83975	""	""
chr12	60993246	60993373	4	4	-0.49399942	8.881635161919555e-20	hypo	1.226442975357449e-19	true	""	""	intergenic	NaN	TAFA2	1199530	""	""
chr12	76422558	76422631	4	4	-0.5397037	1.997765155693362e-21	hypo	3.140398362824252e-21	true	NM_001319655	OSBPL8	exon	690.5	OSBPL8	691	OSBPL8	exon;intron
chr12	76692248	76692472	18	18	0.4664787	1.2845796250560219e-100	hyper	3.040171779299252e-99	true	""	""	intergenic	NaN	ZDHHC17	-71754	""	""
chr12	76692580	76692719	3	3	0.63959354	1.9744548811255793e-18	hyper	2.529677531908261e-18	true	""	""	intergenic	NaN	ZDHHC17	-71465	""	""
chr12	78951803	78951934	5	5	-0.3737223	6.81060743723164e-27	hypo	1.5473700097390286e-26	true	NM_001135805	SYT1	intron	87887.5	SYT1	87095	SYT1	intron
chr12	82874001	82874169	3	3	-0.3695191	1.156719735654341e-21	hypo	1.838666445480408e-21	true	NM_001320321	TMTC2	intron	187180.0	TMTC2	186931	TMTC2	intron
chr12	90087603	90087710	3	3	0.2883562	1.2800844967546888e-15	hyper	1.3875725079325635e-15	true	""	""	intergenic	NaN	LINC02399	139964	""	""
chr12	93972845	93972900	3	3	-0.4609692	2.1650485737903506e-16	hypo	2.492731601174836e-16	true	""	""	intergenic	NaN	LOC105369911	-29266	""	""
chr12	95156360	95156589	8	8	0.35737616	4.149845966261008e-37	hyper	1.5439601586263665e-36	true	NM_018351	FGD6	intron	60992.5	FGD6	60993	FGD6	intron
chr12	97457676	97457757	3	3	0.3186195	8.207910767995382e-17	hyper	9.794313689540709e-17	true	""	""	intergenic	NaN	RMST	-5059	""	""
chr12	104599359	104599598	11	11	0.3636938	1.7010902770260257e-52	hyper	1.3057017261497063e-51	true	NM_018413	CHST11	intron	142531.5	MIR3922	7846	CHST11	intron
chr12	105736107	105736292	6	6	0.3745922	3.8497159418278804e-34	hyper	1.2566888821599058e-33	true	NR_110111	CASC18	intron	29426.5	CASC18	29426	CASC18	intron;noncoding
chr12	106006547	106006647	3	3	0.3479251	1.7131787220982118e-14	hyper	1.725328925801036e-14	true	""	""	intergenic	NaN	NUAK1	133436	""	""
chr12	108804389	108804543	4	4	0.48741508	8.0156754291209e-19	hyper	1.0490561391107538e-18	true	NM_018984	SSH1	intron	53117.0	SSH1	23085	SSH1	intron
chr12	108972330	108972445	4	4	0.44419906	1.439556025484144e-25	hyper	3.0283993424999774e-25	true	NM_018711	SVOP	exon	48680.5	SVOP	48681	SVOP	exon;intron
chr12	109444353	109444459	3	3	0.39582634	5.189910621470627e-19	hyper	6.887544936904944e-19	true	NM_001101421	MYO1H	exon	55688.0	KCTD10	32894	MYO1H	exon;intron
chr12	112602694	112602784	4	4	-0.44731626	1.1928668894491671e-21	hypo	1.8925932771148798e-21	true	NM_001347952	RPH3A	intron	27504.0	RPH3A	27504	RPH3A	intron
chr12	115164058	115164186	5	5	-0.37387347	7.271821150666161e-29	hypo	1.7958236580775562e-28	true	""	""	intergenic	NaN	TBX3	-479947	""	""
chr12	115994737	115994825	3	3	-0.35473147	1.0970805038547745e-15	hypo	1.1968150951142995e-15	true	NM_015335	MED13L	intron	282912.0	MIR620	153873	MED13L	intron
chr12	118881327	118881381	3	3	0.36832133	5.806325350764512e-21	hyper	8.849712341415679e-21	true	""	""	intergenic	NaN	LINC02439	-47818	""	""
chr12	119147495	119147555	3	3	0.31991613	8.95839960847711e-16	hyper	9.835768642297034e-16	true	NM_194286	SRRM4	intron	165985.0	LOC105370024	28959	SRRM4	intron
chr12	123072002	123072228	4	4	-0.44757426	2.2336559993853864e-21	hypo	3.498299469625642e-21	true	NM_001384662	PITPNM2	intron	33401.0	PITPNM2-AS1	-9268	PITPNM2	intron
chr12	123945201	123945440	8	8	0.4532626	4.4265530163593853e-38	hyper	1.7379830276212886e-37	true	NM_001304961	CCDC92	intron	27510.5	CCDC92	26739	CCDC92	intron
chr12	125499571	125499737	6	6	0.4661251	3.596443472422827e-46	hyper	2.0159012095422692e-45	true	NM_001366854	TMEM132B	intron	313269.0	TMEM132B	-122797	TMEM132B	intron
chr12	130101124	130101306	5	5	0.3225581	3.5792607352974917e-25	hyper	7.260786063032054e-25	true	""	""	intergenic	NaN	LINC02419	29881	""	""
chr12	131216990	131217371	22	19	0.54356676	4.1783334740373696e-107	hyper	1.186646706626613e-105	true	""	""	intergenic	NaN	LINC01257	52170	""	""
chr12	131604605	131604736	9	9	0.34830534	8.492621270520633e-48	hyper	5.168366658916842e-47	true	""	""	intergenic	NaN	LINC02414	43451	""	""
chr12	131604985	131605060	5	5	0.5265689	5.719458142230047e-45	hyper	3.0080113192469137e-44	true	""	""	intergenic	NaN	LINC02414	43099	""	""
chr12	132836436	132836514	8	8	0.5511642	8.16416315114292e-40	hyper	3.513064143825135e-39	true	NM_001161346	CHFR	exon	51130.0	GOLGA3	-7606	CHFR	exon
chr13	20331897	20331982	6	6	0.42431402	8.053489951694072e-41	hyper	3.6304621369541528e-40	true	""	""	intergenic	NaN	GJB6	-99544	""	""
chr13	20332159	20332278	5	5	0.33326712	1.5328006163342667e-25	hyper	3.1852344515043788e-25	true	""	""	intergenic	NaN	GJB6	-99823	""	""
chr13	21785656	21785756	3	3	-0.38552675	1.9010111242916916e-16	hypo	2.2006270080115777e-16	true	""	""	intergenic	NaN	LINC00424	92454	""	""
chr13	22884109	22884163	5	5	0.38599506	4.1162351213521066e-23	hyper	7.216115891753076e-23	true	NR_138043	LINC00621	intron	32233.0	BASP1P1	14045	LINC00621	intron;noncoding
chr13	23382036	23382223	5	5	-0.29403704	1.2140332444204728e-26	hypo	2.729172359488767e-26	true	NM_014363	SACS	intron	51572.5	SACS	-6621	SACS	intron
chr13	30713180	30713271	3	3	0.45957288	1.414541531029614e-14	hyper	1.4347492671871798e-14	true	NM_001204406	ALOX5AP	promoter	-251.5	ALOX5AP	-252	ALOX5AP	promoter
chr13	31352238	31352405	6	6	0.5726526	4.768757819052759e-36	hyper	1.685884506984627e-35	true	""	""	intergenic	NaN	B3GLCT	152347	""	""
chr13	44820759	44820879	3	3	-0.34165135	3.3948436904411076e-20	hypo	4.8449025531923347e-20	true	""	""	intergenic	NaN	LINC00330	-11189	""	""
chr13	50128659	50128881	8	8	0.3835967	6.703825095630484e-39	hyper	2.7726499910083364e-38	true	NR_109974	DLEU1	intron	46602.0	DLEU2	-3229	DLEU1	intron;noncoding
chr13	51105316	51105405	3	3	0.33884063	2.102726875494098e-17	hyper	2.585170704070666e-17	true	NR_102431	C13orf42	intron	67027.5	C13orf42	5868	C13orf42	intron;noncoding
chr13	52894616	52894668	3	3	0.38327765	6.483692714067292e-17	hyper	7.80240987625047e-17	true	""	""	intergenic	NaN	PCDH8	-46002	""	""
chr13	52932845	52933117	9	9	0.508142	7.742406661769832e-51	hyper	5.49710872985658e-50	true	""	""	intergenic	NaN	PCDH8	-84341	""	""
chr13	52933234	52933328	4	4	0.48864168	1.6049215518128375e-21	hyper	2.532209559526921e-21	true	""	""	intergenic	NaN	PCDH8	-84641	""	""
chr13	52933466	52933575	5	5	0.54226553	1.5022184580435957e-24	hyper	2.9002252094958465e-24	true	""	""	intergenic	NaN	PCDH8	-84880	""	""
chr13	53475296	53475441	3	3	0.35891977	9.287822068898884e-17	hyper	1.102120390348447e-16	true	""	""	intergenic	NaN	LINC01065	-323468	""	""
chr13	53507863	53507989	4	4	0.5153846	4.4163504272069163e-32	hyper	1.3202563382386992e-31	true	""	""	intergenic	NaN	LINC00558	-307492	""	""
chr13	54572254	54572420	13	13	0.45590064	5.60861983055689e-66	hyper	6.63686679949232e-65	true	""	""	intergenic	NaN	MIR1297	-260289	""	""
chr13	72473432	72473497	3	3	0.40054068	6.792971212784351e-17	hyper	8.140100525024286e-17	true	""	""	intergenic	NaN	MZT1	254165	""	""
chr13	75173759	75173901	5	5	0.40209848	5.639950865357924e-28	hyper	1.3535882076859017e-27	true	""	""	intergenic	NaN	CTAGE11P	66551	""	""
chr13	77675641	77675706	3	3	0.28571254	9.374894767583633e-15	hyper	9.600252814881317e-15	true	""	""	intergenic	NaN	LOC100129307	-12870	""	""
chr13	80277054	80277269	4	4	-0.42107514	5.172793332076846e-25	hypo	1.032135812395661e-24	true	""	""	intergenic	NaN	SPRY2	62498	""	""
chr13	82412985	82413050	3	3	0.42618516	1.0085530853649603e-14	hyper	1.0303204181426213e-14	true	""	""	intergenic	NaN	LINC00564	-1186034	""	""
chr13	92512958	92513130	5	5	0.4071795	3.376992625830717e-28	hyper	8.17385715115844e-28	true	NM_004466	GPC5	intron	1114424.0	MIR548AS	22882	GPC5	intron
chr13	94859404	94859507	6	6	0.42870525	6.171529110635568e-31	hyper	1.723981246643116e-30	true	NR_110754	LOC101927284	intron	98515.5	LOC101927284	98515	LOC101927284	intron;noncoding
chr13	99433115	99433202	4	4	0.42925397	2.377764693892244e-19	hyper	3.2156436812637967e-19	true	""	""	intergenic	NaN	LINC01232	66148	""	""
chr13	101111153	101111216	4	4	0.43216392	4.340616232076708e-23	hyper	7.59385016371531e-23	true	NM_001350748	NALCN	exon	305323.5	LINC00411	-166820	NALCN	exon
chr13	106467389	106467561	4	4	0.38350976	1.3283904010498678e-26	hyper	2.9705738102217513e-26	true	""	""	intergenic	NaN	EFNB2	68187	""	""
chr13	106755523	106755798	10	10	0.4179662	3.558498844602521e-56	hyper	3.125609294434379e-55	true	""	""	intergenic	NaN	LINC00443	101781	""	""
chr13	107198422	107198478	3	3	-0.5375874	1.6057372462343627e-16	hypo	1.8715295947902559e-16	true	NM_001080396	FAM155A	intron	669046.0	SNORD31B	122513	FAM155A	intron
chr13	109672823	109672957	3	3	-0.36419833	5.572110678817073e-19	hypo	7.383263294482343e-19	true	""	""	intergenic	NaN	LINC00676	-55383	""	""
chr13	112160313	112160441	7	7	0.48152763	1.3537318353771123e-35	hyper	4.726965261234834e-35	true	NR_134944	LOC100506016	exon	333.0	LOC100506016	333	LOC100506016	exon;noncoding
chr14	25350009	25350134	4	4	0.3564145	3.1421894407641194e-20	hyper	4.499404039547949e-20	true	""	""	intergenic	NaN	STXBP6	-299774	""	""
chr14	26043898	26043981	3	3	0.39592686	1.0761074696230872e-18	hyper	1.3933792767763985e-18	true	""	""	intergenic	NaN	NOVA1	509491	""	""
chr14	47468209	47468350	4	4	-0.46505848	7.139761482604564e-21	hypo	1.0747485482648566e-20	true	NM_001113498	MDGA2	intron	206674.5	MDGA2	-125033	MDGA2	intron
chr14	48561825	48562034	6	6	0.5185683	1.3016106712357765e-33	hyper	4.122573575809969e-33	true	""	""	intergenic	NaN	LINC00648	-766915	""	""
chr14	48565260	48565387	3	3	0.3796791	6.862010330533825e-21	hyper	1.0366015605700033e-20	true	""	""	intergenic	NaN	LINC00648	-770309	""	""
chr14	49946942	49947051	3	3	-0.28767696	1.0501275876733537e-19	hypo	1.4454098621933723e-19	true	""	""	intergenic	NaN	MIR6076	-19402	""	""
chr14	53689920	53690057	3	3	0.40266764	2.655467741381173e-16	hyper	3.0327862140171035e-16	true	""	""	intergenic	NaN	MIR5580	258496	""	""
chr14	54650490	54650553	3	3	0.38172516	8.254171463137824e-19	hyper	1.0786125899683167e-18	true	NM_015589	SAMD4A	intron	83394.5	SAMD4A	82910	SAMD4A	intron
chr14	54650823	54651011	5	5	0.44311342	6.324818382323916e-33	hyper	1.9595437315418096e-32	true	NM_015589	SAMD4A	intron	83790.0	SAMD4A	83306	SAMD4A	intron
chr14	55760931	55761000	4	4	0.3264658	2.4707593177115983e-20	hyper	3.5679439638818333e-20	true	""	""	intergenic	NaN	RPL13AP3	-5279	""	""
chr14	56797657	56797816	7	7	0.5222688	8.726180710155343e-36	hyper	3.0721925475422943e-35	true	""	""	intergenic	NaN	OTX2	7931	""	""
chr14	56798636	56798843	17	17	0.6067575	1.2492007128847612e-112	hyper	3.941922249547469e-111	true	""	""	intergenic	NaN	OTX2	6928	""	""
chr14	56799115	56799391	14	14	0.5018114	7.938435206563577e-72	hyper	1.0735788565066933e-70	true	NR_073034	OTX2	TTS	11226.0	OTX2	6414	OTX2	TTS
chr14	56799508	56799584	3	3	0.49026772	2.9292336329631186e-24	hyper	5.533718526129882e-24	true	NR_073036	OTX2	TTS	6121.0	OTX2	6121	OTX2	TTS
chr14	56803928	56804020	4	4	0.58045334	3.8863303173268136e-35	hyper	1.3351425122429216e-34	true	NM_001270523	OTX2	intron	6505.0	OTX2	1693	OTX2	intron;noncoding
chr14	56804137	56804535	24	24	0.6449948	3.207652325219126e-172	hyper	3.036577534540773e-170	true	NM_001270523	OTX2	exon	6143.0	OTX2	1331	OTX2	exon;intron;noncoding
chr14	56812441	56812952	17	17	0.5444508	2.1487199740726527e-98	hyper	4.947863291648378e-97	true	NR_029385	OTX2-AS1	promoter	-460.5	OTX2-AS1	-461	OTX2;OTX2-AS1	intron;noncoding;promoter
chr14	64623690	64623822	4	4	-0.41426373	4.369480049052016e-20	hypo	6.194337773364921e-20	true	""	""	intergenic	NaN	PPP1R36	73796	""	""
chr14	69572158	69572344	26	26	0.5830156	1.5430634521105678e-125	hyper	5.975863914537289e-124	true	NM_001271507	CCDC177	exon	2620.0	CCDC177	2620	CCDC177	exon
chr14	69850255	69850585	21	21	0.50340694	4.32040007631005e-103	hyper	1.1154487469745948e-101	true	""	""	intergenic	NaN	SMOC1	-28995	""	""
chr14	75832595	75832712	3	3	-0.30541217	9.435655007911128e-16	hypo	1.0333133761876968e-15	true	NM_015072	TTLL5	intron	171408.5	TGFB3	149342	TTLL5	intron
chr14	81122951	81123076	9	9	0.4186643	4.096952102802652e-43	hyper	1.994630395193063e-42	true	NM_000369	TSHR	intron	167393.5	SNORA79	79821	TSHR	intron
chr14	88150040	88150111	4	4	-0.4958688	6.238373973814773e-21	hypo	9.474321970927248e-21	true	""	""	intergenic	NaN	KCNK10	120836	""	""
chr14	88940588	88940677	5	5	-0.34242362	4.7188434910377763e-23	hypo	8.221788659231462e-23	true	""	""	intergenic	NaN	TTC8	115982	""	""
chr14	95656782	95657002	4	4	0.36761618	1.2365569381100594e-24	hyper	2.421946002919013e-24	true	NR_028288	TCL6	intron	4796.0	TCL6	4796	TCL6	intron;noncoding
chr15	26882669	26882796	6	6	0.4714074	6.265305075411716e-32	hyper	1.8407034221554418e-31	true	NM_000810	GABRA5	intron	15671.5	GABRA5	15607	GABRA5	intron
chr15	27386269	27386495	4	4	0.3626768	5.992259333140188e-22	hyper	9.76176855035457e-22	true	NM_001270873	GABRG3	intron	415202.0	GABRG3-AS1	-225063	GABRG3	intron
chr15	28777373	28777820	19	19	0.4567999	4.325791567227185e-140	hyper	2.4570496101850407e-138	true	""	""	intergenic	NaN	LOC100289656	-10646	""	""
chr15	36921699	36921830	3	3	0.36235413	2.584272140175852e-16	hyper	2.963391471641758e-16	true	NM_001220482	MEIS2	intron	179546.5	LOC145845	-35231	MEIS2	intron;noncoding
chr15	38412669	38412763	3	3	0.3792077	7.334317660306268e-15	hyper	7.556032220775019e-15	true	""	""	intergenic	NaN	FAM98B	-41410	""	""
chr15	48040301	48040395	4	4	-0.37752128	2.5074615551868804e-19	hypo	3.3803120965494016e-19	true	""	""	intergenic	NaN	SLC24A5	-80641	""	""
chr15	57547314	57547501	9	8	0.47586283	3.777858970781904e-49	hyper	2.420102137673821e-48	true	NM_001252335	CGNL1	exon	170903.5	GCOM1	-44496	CGNL1	exon;intron
chr15	61122120	61122239	3	3	-0.35122487	4.5368566106385055e-15	hypo	4.737012049343146e-15	true	NM_134261	RORA	intron	107122.5	RORA	107123	RORA	intron
chr15	69548892	69549054	8	8	0.6159803	3.3790583116806137e-40	hyper	1.483998804923651e-39	true	""	""	intergenic	NaN	DRAIC	-12746	""	""
chr15	69549322	69549398	3	3	0.46327665	1.9502193872159761e-16	hyper	2.2514727884932406e-16	true	""	""	intergenic	NaN	DRAIC	-12359	""	""
chr15	73842795	73842865	3	3	0.38830462	5.992433000445639e-17	hyper	7.221432696435197e-17	true	""	""	intergenic	NaN	TBC1D21	-30733	""	""
chr15	86076557	86076645	3	2	-0.406005	5.178802489925127e-15	hypo	5.394058339139619e-15	true	""	""	intergenic	NaN	AGBL1	-3018	""	""
chr15	86645988	86646109	4	4	0.45544386	1.3073457542408079e-24	hyper	2.5488754750873416e-24	true	NM_152336	AGBL1	intron	566429.5	LOC105370954	-286831	AGBL1	intron
chr15	91635484	91635558	3	3	0.43678513	7.060823287686924e-22	hyper	1.1372063215707483e-21	true	""	""	intergenic	NaN	CRAT37	172183	""	""
chr15	91926690	91926834	7	7	0.6185322	4.081249485091162e-37	hyper	1.5250984917972238e-36	true	NM_001145044	SLCO3A1	intron	73055.0	SLCO3A1	72459	SLCO3A1	intron;noncoding
chr15	95940592	95940850	7	7	0.43808937	8.065248816370614e-37	hyper	2.9747151478561744e-36	true	""	""	intergenic	NaN	LOC105369212	187120	""	""
chr15	100059213	100059397	8	8	0.50896025	1.504861543904946e-44	hyper	7.723747201247072e-44	true	NM_139057	ADAMTS17	intron	282670.0	LOC400464	252283	ADAMTS17	intron
chr15	100252446	100252550	6	6	0.44527957	6.875176892521557e-30	hyper	1.813514152454603e-29	true	NM_139057	ADAMTS17	intron	89477.0	ADAMTS17	89477	ADAMTS17	intron
chr15	100471547	100471638	4	4	-0.3808294	9.135205762175155e-20	hypo	1.2594167167270601e-19	true	NM_001290342	CERS3	intron	72693.5	CERS3	57358	CERS3	intron
chr16	5159640	5159789	4	4	-0.4240313	1.9265965104337238e-29	hypo	4.914551577513571e-29	true	""	""	intergenic	NaN	EEF2KMT	-61894	""	""
chr16	5288040	5288151	5	5	0.4646309	3.9986281450892156e-29	hyper	1.0049649497392364e-28	true	""	""	intergenic	NaN	EEF2KMT	-190275	""	""
chr16	5642284	5642388	5	5	-0.6791504	1.507184096311441e-25	hypo	3.139659780091315e-25	true	""	""	intergenic	NaN	MIR8065	9870	""	""
chr16	7344787	7344917	4	4	0.44397628	3.2890023402707287e-23	hyper	5.837979153980543e-23	true	NM_001142333	RBFOX1	intron	1325829.0	RBFOX1	12008	RBFOX1	intron
chr16	7828578	7828677	3	3	0.49864492	1.2639832016048364e-20	hyper	1.8664015385915436e-20	true	""	""	intergenic	NaN	RBFOX1	495783	""	""
chr16	8380371	8380552	6	6	-0.3422501	2.0773667824301923e-38	hypo	8.318076657055285e-38	true	""	""	intergenic	NaN	TMEM114	209377	""	""
chr16	8582125	8582182	4	4	0.5473868	3.235369750044596e-27	hyper	7.47028462611923e-27	true	NM_001290097	TMEM114	intron	8357.5	TMEM114	7685	TMEM114	intron;noncoding
chr16	12526578	12526978	21	21	0.4606988	6.305592176752058e-115	hyper	2.2384852227469807e-113	true	NM_032167	SNX29	intron	550045.0	MIR4718	-193542	SNX29	intron
chr16	12610126	12610252	3	3	-0.42047217	5.478237764440773e-15	hypo	5.692022652809193e-15	true	""	""	intergenic	NaN	MIR4718	-110131	""	""
chr16	13102702	13102817	4	4	-0.4669363	2.5935853662799955e-24	hypo	4.932443598371777e-24	true	NM_001145204	SHISA9	intron	201162.5	SHISA9	201162	SHISA9	intron
chr16	14487006	14487205	12	12	0.5573678	3.624087350303013e-83	hyper	6.301474331547281e-82	true	NM_002582	PARN	intron	143154.5	LINC02130	-116839	PARN	intron
chr16	15811700	15811750	3	3	-0.42313644	1.409674634593786e-15	hypo	1.5203073274353238e-15	true	NM_001040113	MYH11	intron	45303.0	MYH11	45303	MYH11	intron
chr16	17013526	17013969	16	16	0.4502169	2.518859254777483e-111	hyper	7.664528875251484e-110	true	""	""	intergenic	NaN	LOC102723692	-120756	""	""
chr16	18832806	18833156	11	11	-0.4171379	1.965694027517687e-83	hypo	3.489106898843894e-82	true	NM_015092	SMG1	exon	93427.0	ARL6IP1	-31432	SMG1	exon;intron
chr16	19901262	19901477	5	5	-0.47552204	4.406003533510726e-30	hypo	1.1767758653765324e-29	true	""	""	intergenic	NaN	GPRC5B	-15735	""	""
chr16	20016349	20016571	7	7	-0.3722889	1.7787377437439466e-35	hypo	6.160506331991229e-35	true	""	""	intergenic	NaN	GPR139	57318	""	""
chr16	21527474	21527553	4	4	0.4255067	1.2734286806769673e-33	hyper	4.0483628206596124e-33	true	""	""	intergenic	NaN	SLC7A5P2	-7069	""	""
chr16	21527680	21527782	3	3	0.4051695	6.778438961121542e-21	hyper	1.0265958421671026e-20	true	""	""	intergenic	NaN	SLC7A5P2	-7287	""	""
chr16	23051636	23051999	9	9	0.45507792	9.166182829126903e-56	hyper	7.732265119223882e-55	true	""	""	intergenic	NaN	USP31	97453	""	""
chr16	25819388	25819678	8	8	0.45481718	2.0687310871858736e-46	hyper	1.2072321138920303e-45	true	NM_006040	HS3ST4	intron	127575.0	HS3ST4	127575	HS3ST4	intron
chr16	25889080	25889378	10	10	0.44584012	7.085259137937129e-56	hyper	6.159837536247382e-55	true	NM_006040	HS3ST4	intron	197271.0	MIR548W	-136007	HS3ST4	intron
chr16	48879688	48879762	4	4	0.545341	1.2558105753257971e-42	hyper	5.977377710489269e-42	true	""	""	intergenic	NaN	N4BP1	-269545	""	""
chr16	48879878	48879968	6	6	0.49548665	9.286568788403525e-47	hyper	5.4566597294619325e-46	true	""	""	intergenic	NaN	N4BP1	-269743	""	""
chr16	60984453	60984543	3	3	-0.2890752	3.116558505840685e-17	hypo	3.7932969242518055e-17	true	""	""	intergenic	NaN	CDH8	1051940	""	""
chr16	61506105	61506214	3	3	-0.347394	2.0407443311297196e-16	hypo	2.3527931936705294e-16	true	""	""	intergenic	NaN	CDH8	530279	""	""
chr16	78330457	78330691	13	13	0.4320855	7.412786111816288e-73	hyper	1.0704565707233014e-71	true	NM_016373	WWOX	intron	230921.0	WWOX	230921	WWOX	intron
chr16	79347218	79347893	27	27	0.5979747	6.281173012652889e-246	hyper	1.3378898516950652e-243	true	""	""	intergenic	NaN	MAF	253182	""	""
chr16	84286787	84287096	10	10	0.4414938	8.753992386095409e-56	hyper	7.458401512953288e-55	true	""	""	intergenic	NaN	WFDC1	-7936	""	""
chr17	6567939	6568136	9	9	0.41073334	2.1353967961357693e-46	hyper	1.2376585512297112e-45	true	""	""	intergenic	NaN	PITPNM3	-11482	""	""
chr17	6903584	6903683	4	4	-0.39046377	1.217437084796933e-21	hypo	1.9279858666300873e-21	true	""	""	intergenic	NaN	ALOX12P2	9857	""	""
chr17	14078617	14078688	4	4	0.32005012	4.581977375989968e-20	hyper	6.474037685478362e-20	true	NM_001303	COX10	intron	9149.5	COX10	9149	COX10	intron
chr17	14672994	14673121	3	3	-0.37648225	6.657278981555825e-15	hypo	6.883497199375683e-15	true	""	""	intergenic	NaN	LOC101928475	-341747	""	""
chr17	15038729	15038822	4	4	-0.38640422	8.876181303459534e-21	hypo	1.3314271955189301e-20	true	NR_135638	LOC101928475	intron	23971.5	CDRT7	7801	LOC101928475	intron;noncoding
chr17	15591955	15592031	3	3	-0.4168439	2.814647329908561e-16	hypo	3.210280488731049e-16	true	NM_001282540	CDRT1	intron	27711.0	CDRT1	27711	CDRT1	intron
chr17	15592195	15592247	3	3	-0.46654925	9.098472561832133e-19	hypo	1.1816918632135637e-18	true	NM_006382	CDRT1	intron	27483.0	CDRT1	27483	CDRT1	intron
chr17	30271300	30271426	3	3	0.49367246	4.9091462458637345e-32	hyper	1.4624449655510146e-31	true	NM_000386	BLMH	exon	20581.0	BLMH	20581	BLMH	exon;intron
chr17	31584073	31584243	5	5	0.4259819	5.344619319745282e-33	hyper	1.6619035257018177e-32	true	""	""	intergenic	NaN	MIR365B	8748	""	""
chr17	34130864	34130981	5	5	0.3608274	1.211094456300667e-27	hyper	2.874240882362586e-27	true	NM_001094	ASIC2	intron	25883.5	ASIC2	25884	ASIC2	intron
chr17	34131119	34131189	3	3	0.348693	3.383040636809097e-16	hyper	3.83291306191669e-16	true	NM_001094	ASIC2	intron	25652.0	ASIC2	25652	ASIC2	intron
chr17	36059637	36059798	4	4	0.4971844	7.045214649398135e-33	hyper	2.166975769417766e-32	true	""	""	intergenic	NaN	CCL3L1	30426	""	""
chr17	42925368	42925527	6	6	0.4985908	1.5563585960339921e-53	hyper	1.2392687138513656e-52	true	""	""	intergenic	NaN	G6PC	24649	""	""
chr17	43591757	43592151	17	17	0.4590307	3.8225944844723093e-88	hyper	7.574070932024203e-87	true	""	""	intergenic	NaN	ETV4	-45614	""	""
chr17	54906782	54906945	5	5	0.3610817	7.658459381767702e-26	hyper	1.6312518483165206e-25	true	NM_001321175	TOM1L1	exon	6173.5	TOM1L1	6012	TOM1L1	exon;intron
chr17	57073211	57073338	3	3	0.4179081	2.1423378278876494e-17	hyper	2.6262904019572336e-17	true	""	""	intergenic	NaN	AKAP1	-11971	""	""
chr17	59194428	59194603	4	4	-0.3369366	6.520089537008512e-27	hypo	1.485325210035094e-26	true	NM_018304	PRR11	intron	38770.5	SMG8	-15494	PRR11	intron
chr17	59297058	59297135	3	3	-0.3983594	1.1105462878535213e-18	hypo	1.4357897378622157e-18	true	""	""	intergenic	NaN	YPEL2	-34558	""	""
chr17	65403339	65403675	12	12	0.5634376	4.599273890301201e-68	hyper	5.597973363623747e-67	true	""	""	intergenic	NaN	LINC02563	-54033	""	""
chr17	67700192	67700397	5	5	-0.54277146	3.676066903766747e-26	hypo	7.989818882676706e-26	true	""	""	intergenic	NaN	NOL11	-17538	""	""
chr17	68383521	68383818	9	9	0.4365649	1.3482852676469662e-50	hyper	9.33934185394484e-50	true	NM_001267727	ARSG	intron	92175.5	PRKAR1A	-29953	ARSG	intron
chr17	68564003	68564157	5	5	0.48271877	8.269916785408077e-43	hyper	3.9807735034845656e-42	true	NM_017565	FAM20A	intron	37287.0	FAM20A	-5653	FAM20A	intron
chr17	70104774	70104848	4	4	0.37213486	9.4336323836588e-21	hyper	1.4076102961256214e-20	true	NM_170742	KCNJ16	promoter	-186.0	KCNJ16	-33	KCNJ16	exon;intron;promoter
chr17	71824715	71824883	4	4	0.42631137	7.231897597206133e-22	hyper	1.1603722698342045e-21	true	""	""	intergenic	NaN	ROCR	201180	""	""
chr17	73396956	73397085	9	9	0.47276723	8.487574141685308e-48	hyper	5.168366658916842e-47	true	NM_001144952	SDK2	intron	247424.5	CDC42EP4	-85019	SDK2	intron
chr17	77163022	77163244	8	8	0.51551515	3.797961807218198e-52	hyper	2.8384767190788644e-51	true	NM_001204408	SEC14L1	intron	74449.0	SEC14L1	-22079	SEC14L1	intron
chr17	77163629	77163796	8	8	0.453259	8.679277164804087e-45	hyper	4.536652849333179e-44	true	NM_001039573	SEC14L1	intron	22744.5	SEC14L1	-21500	SEC14L1	intron
chr17	78082101	78082240	5	5	0.39150745	1.0846827931507428e-25	hyper	2.2988799496627684e-25	true	NM_018996	TNRC6C	intron	77934.5	TMC6	46585	TNRC6C	intron
chr17	78592194	78592817	23	23	0.56624675	1.3540916262390242e-153	hyper	1.1536860655556487e-151	true	""	""	intergenic	NaN	DNAH17	-15109	""	""
chr17	78824798	78824977	6	6	0.34746006	1.0936304201235384e-31	hyper	3.191003828579639e-31	true	NM_001385174	USP36	intron	15926.5	USP36	15927	USP36	intron;noncoding
chr17	83151423	83151496	5	5	0.47229537	7.933104786465647e-24	hyper	1.4566821719975714e-23	true	""	""	intergenic	NaN	METRNL	70314	""	""
chr18	463523	463762	10	10	0.39479247	6.149473453100829e-48	hyper	3.7966314362622507e-47	true	NM_130386	COLEC12	intron	37058.5	COLEC12	37059	COLEC12	intron
chr18	5638514	5638608	3	3	0.3483019	4.392192693079569e-16	hyper	4.923879176978675e-16	true	""	""	intergenic	NaN	EPB41L3	-7898	""	""
chr18	7290256	7290325	3	3	-0.4815549	1.7328480904638877e-18	hypo	2.2234737546313737e-18	true	""	""	intergenic	NaN	LRRC30	59187	""	""
chr18	10074690	10074941	8	8	0.40441638	8.115197638455123e-46	hyper	4.4897067454310165e-45	true	""	""	intergenic	NaN	VAPA	160800	""	""
chr18	11850118	11850400	12	12	0.39004755	3.444842454485299e-63	hyper	3.8116958067811364e-62	true	NM_020412	CHMP1B	promoter	-1153.0	CHMP1B	-1153	CHMP1B;GNAL	intron;promoter
chr18	21240854	21241175	8	8	0.4636368	1.1218533876154329e-52	hyper	8.768982442645403e-52	true	NM_001142966	GREB1L	promoter	-1226.5	GREB1L	-1227	GREB1L	promoter
chr18	21244550	21244842	5	5	0.56383246	3.0506290604177323e-46	hyper	1.721282092368151e-45	true	NM_001142966	GREB1L	intron	2455.0	GREB1L	2455	GREB1L	intron
chr18	23532864	23532962	3	3	-0.35822868	5.136410116543311e-15	hypo	5.356452165599634e-15	true	NM_000271	NPC1	intron	53593.0	RMC1	29403	NPC1	intron
chr18	25456737	25456893	6	6	0.44717693	4.595434435844685e-31	hyper	1.3051033797798906e-30	true	""	""	intergenic	NaN	ZNF521	-104649	""	""
chr18	40926638	40926773	4	4	-0.33991253	3.659141795583618e-24	hypo	6.866935704487318e-24	true	""	""	intergenic	NaN	KC6	593972	""	""
chr18	42243050	42243176	4	4	0.42132244	3.730198910663264e-20	hyper	5.3145977790720755e-20	true	NR_046454	LINC00907	intron	56446.0	LINC00907	56446	LINC00907	intron;noncoding
chr18	44474193	44474296	3	3	0.47227132	1.9592490426930274e-15	hyper	2.086600230468074e-15	true	NR_110792	LINC01478	intron	57452.5	LINC01478	57453	LINC01478	intron;noncoding
chr18	55458855	55458973	6	6	0.46073902	6.9659574664225e-33	hyper	2.1503607831130325e-32	true	NM_001243227	TCF4	intron	130897.0	TCF4-AS1	6382	TCF4;TCF4-AS1	intron;noncoding
chr18	61529271	61529465	5	5	0.3583525	4.148712533957987e-25	hyper	8.395969308627565e-25	true	NM_031891	CDH20	intron	195939.0	CDH20	195939	CDH20	intron
chr18	63143368	63143582	8	8	0.49053514	1.8356203927603858e-42	hyper	8.688603192399159e-42	true	NM_000633	BCL2	intron	176294.0	BCL2	176294	BCL2	intron
chr18	67840855	67840997	3	3	0.28720495	6.598718515000034e-19	hyper	8.67609286231486e-19	true	NR_033921	LOC643542	intron	324381.0	LINC01903	-26104	LOC643542	intron;noncoding
chr18	68595500	68595643	4	4	0.30339968	3.180007725402769e-21	hyper	4.926121058260289e-21	true	""	""	intergenic	NaN	TMX3	119537	""	""
chr18	76771726	76771895	6	6	-0.5494719	1.5880251774621216e-30	hypo	4.364507907089444e-30	true	""	""	intergenic	NaN	ZNF236-DT	50485	""	""
chr18	77042654	77042805	9	9	0.4022814	6.495926182739489e-49	hyper	4.069506696833856e-48	true	NM_001025100	MBP	intron	90053.5	MBP	-25674	MBP	intron
chr18	77825844	77825929	4	4	0.4859747	1.9467510896627404e-36	hyper	6.998446955243269e-36	true	""	""	intergenic	NaN	LINC01029	167841	""	""
chr18	77924622	77924717	7	7	0.3096016	1.5994812913130222e-36	hyper	5.798970468930617e-36	true	""	""	intergenic	NaN	LINC01029	69058	""	""
chr18	78396912	78397078	6	6	0.49132395	4.1024676503724175e-32	hyper	1.2307402951117254e-31	true	""	""	intergenic	NaN	LINC01029	-403268	""	""
chr19	7287690	7287932	7	7	0.41622418	2.3224266737589937e-41	hyper	1.0695716356987366e-40	true	NM_001079817	INSR	intron	6603.0	INSR	6603	INSR	intron
chr19	9774847	9775024	6	6	0.3534545	1.2971571140466925e-29	hyper	3.359203225433988e-29	true	NM_001353800	ZNF846	intron	11247.5	ZNF846	-6197	ZNF846	intron
chr19	18457666	18457767	3	3	-0.46505716	9.342832321485314e-15	hypo	9.578932777262921e-15	true	NM_006532	ELL	intron	64353.5	ISYNA1	-19583	ELL	intron
chr19	30791220	30791448	8	8	0.45013052	1.690251802300722e-43	hyper	8.372642648605903e-43	true	""	""	intergenic	NaN	LINC01791	-376175	""	""
chr19	34557424	34557589	5	5	-0.4322915	1.9371048335501382e-26	hypo	4.2427077588296085e-26	true	""	""	intergenic	NaN	ZNF807P	-12120	""	""
chr19	47004365	47004435	6	6	0.4934032	1.1988274321740218e-29	hyper	3.1140273543056906e-29	true	NM_004491	ARHGAP35	exon	143404.0	NPAS1	-15436	ARHGAP35	exon
chr19	52176545	52176645	5	5	0.4392232	1.1623141879861522e-24	hyper	2.2817780833276538e-24	true	""	""	intergenic	NaN	ZNF836	-4974	""	""
chr19	53658122	53658246	5	5	0.39776546	3.806876782412487e-24	hyper	7.128481359594371e-24	true	""	""	intergenic	NaN	MIR512-2	-8488	""	""
chr19	54224117	54224291	5	5	0.36733362	1.026271189861763e-23	hyper	1.8763584844682877e-23	true	NM_006864	LILRB3	promoter	-54026396.0	TSEN34	32897	LILRB3	promoter
chr2	1306195	1306274	4	4	0.5133519	1.6063588510261108e-26	hyper	3.5456418162545243e-26	true	NM_018968	SNTG2	intron	355386.5	TPO	-107226	SNTG2	intron
chr2	1306447	1306531	3	3	0.47303283	2.3584414885798757e-17	hyper	2.882915564232502e-17	true	NM_018968	SNTG2	intron	355641.0	TPO	-106971	SNTG2	intron
chr2	1456079	1456338	9	9	0.5346155	7.251644631985874e-94	hyper	1.544600306612991e-92	true	NM_000547	TPO	exon	42748.5	TPO	41801	TPO	exon;intron
chr2	3040796	3041073	11	11	0.4596233	7.640947159931704e-72	hyper	1.0500140290744859e-70	true	NR_110228	LINC01250	intron	85091.5	LINC01250	85092	LINC01250	intron;noncoding
chr2	4863567	4863793	4	4	0.62604356	2.4475696870164147e-34	hyper	8.082671989682115e-34	true	""	""	intergenic	NaN	LINC01249	-207458	""	""
chr2	6448922	6449159	7	7	0.46809205	1.1442656918074826e-38	hyper	4.66466205464103e-38	true	""	""	intergenic	NaN	LINC01247	-73618	""	""
chr2	6674454	6674538	3	3	-0.4219207	3.954017581039772e-20	hypo	5.624078429125018e-20	true	""	""	intergenic	NaN	MIR7515HG	-23977	""	""
chr2	8162561	8162878	15	15	0.43655226	6.94264380704998e-74	hyper	1.0562736649297468e-72	true	NR_034135	LINC00299	intron	165699.5	LINC00299	165700	LINC00299	intron;noncoding
chr2	9961311	9961472	8	8	0.39554006	7.8588937669648e-40	hyper	3.398871822057873e-39	true	NM_198182	GRHL1	exon	9699.5	GRHL1	9699	GRHL1	exon;intron
chr2	9990976	9991045	3	3	0.40743184	3.985590878061455e-16	hyper	4.491697656227989e-16	true	NM_198182	GRHL1	intron	39318.5	GRHL1	39318	GRHL1	intron
chr2	12350832	12350986	3	3	0.33282003	4.8777846188786126e-17	hyper	5.894854603240536e-17	true	NR_110196	MIR3681HG	intron	343794.0	MIR3681	151780	MIR3681HG	intron;noncoding
chr2	16561440	16561556	6	6	0.409719	2.8515568034964436e-35	hyper	9.836139257404736e-35	true	NM_030797	CYRIA	exon	104336.0	CYRIA	104336	CYRIA	exon;intron
chr2	26339844	26339977	3	3	-0.45905027	1.4609479069416383e-25	hypo	3.065831568261763e-25	true	NM_001321975	ADGRF3	intron	5900.5	ADGRF3	5901	ADGRF3	intron;noncoding
chr2	27809291	27809525	4	4	-0.38407913	1.9737766886242477e-27	hypo	4.6326659468536065e-27	true	NM_022128	RBKS	intron	80979.0	MRPL33	37690	RBKS	intron
chr2	38213879	38213989	3	3	0.45049635	2.3970060164307954e-22	hyper	4.004410050978505e-22	true	""	""	intergenic	NaN	CYP1B1-AS1	82830	""	""
chr2	39515818	39515877	3	3	0.4052118	3.003835558707846e-18	hyper	3.8084343690760194e-18	true	NR_037875	MAP4K3-DT	intron	78432.5	MAP4K3-DT	78432	MAP4K3-DT	intron;noncoding
chr2	39922646	39922755	3	3	0.38303533	2.6578911750119108e-18	hyper	3.384937639925483e-18	true	NR_038441	SLC8A1-AS1	intron	5067.5	SLC8A1-AS1	5067	SLC8A1-AS1	intron;noncoding
chr2	44929730	44930241	31	29	0.42137507	9.420334268282461e-146	hyper	6.173942151212813e-144	true	NR_147194	LINC01833	TTS	8902.5	LINC01833	8903	LINC01833	TTS;intron;noncoding
chr2	44930633	44930883	7	7	0.33811316	1.4329949109336558e-34	hyper	4.806738835100295e-34	true	NR_147194	LINC01833	TTS	8130.0	LINC01833	8130	LINC01833	TTS;intron;noncoding
chr2	44932625	44932960	21	21	0.5082924	5.873798549808477e-114	hyper	1.92479860170647e-112	true	NR_147195	LINC01833	intron	6406.5	LINC01833	6096	LINC01833	intron;noncoding
chr2	44933237	44933587	19	19	0.4651127	1.5108697520687162e-94	hyper	3.300669304519349e-93	true	NR_147195	LINC01833	intron	5787.0	LINC01833	5476	LINC01833	intron;noncoding
chr2	44953016	44953131	11	11	0.47406262	1.5408772904844995e-50	hyper	1.0587318157199949e-49	true	""	""	intergenic	NaN	SIX3-AS1	-11195	""	""
chr2	63058510	63059033	33	33	0.5838212	2.295489356774458e-290	hyper	6.519189773239461e-288	true	NM_014562	OTX1	TTS	7942.5	OTX1	7942	OTX1	TTS
chr2	63059428	63059823	21	21	0.63533574	3.989013246823493e-137	hyper	1.9991995801727153e-135	true	""	""	intergenic	NaN	OTX1	8796	""	""
chr2	63060005	63060288	14	14	0.39537257	7.769934084159927e-74	hyper	1.161400673632326e-72	true	""	""	intergenic	NaN	OTX1	9317	""	""
chr2	63060551	63060649	3	3	0.4922737	4.954950339412791e-32	hyper	1.4709469300277695e-31	true	""	""	intergenic	NaN	OTX1	9771	""	""
chr2	63993575	63993641	4	4	-0.3595186	6.954220515884607e-22	hypo	1.1242876431752724e-21	true	NM_016516	VPS54	intron	25820.0	VPS54	25820	VPS54	intron
chr2	64931807	64931885	5	5	-0.38399744	6.154431232426211e-24	hypo	1.1399076978319851e-23	true	NR_036586	LINC02245	intron	601.0	LINC02245	601	LINC02245	intron;noncoding
chr2	65088587	65088665	4	4	-0.3925424	1.591725834012798e-26	hypo	3.531641694215895e-26	true	NM_004161	RAB1A	exon	41480.0	CEP68	32211	RAB1A	exon
chr2	65278498	65278623	7	7	0.4283218	9.985770216669467e-41	hyper	4.477829591895992e-40	true	""	""	intergenic	NaN	ACTR2	50730	""	""
chr2	66217315	66217567	7	7	0.4571958	4.715467533593601e-42	hyper	2.207460625616345e-41	true	""	""	intergenic	NaN	MIR4778	140887	""	""
chr2	69196378	69196515	3	3	0.36758456	1.171596950545106e-16	hyper	1.3825493100615378e-16	true	NM_032208	ANTXR1	intron	183268.5	MIR3126	92765	ANTXR1	intron
chr2	74044600	74044756	7	7	0.33773994	5.8159647139818704e-39	hyper	2.4171716762500263e-38	true	NM_001287491	TET3	intron	59769.0	TET3	41987	TET3	intron
chr2	77959466	77959537	3	3	0.29913795	6.289252461494265e-15	hyper	6.510866460744974e-15	true	NR_110288	LOC101927967	intron	331229.5	SNAR-H	-4475	LOC101927967	intron;noncoding
chr2	80153485	80153536	3	3	-0.5124238	2.6001173254514854e-15	hypo	2.748511118219188e-15	true	NM_001282598	CTNNA2	intron	630328.5	LRRTM1	151242	CTNNA2	intron
chr2	97397976	97398199	5	5	-0.3075833	1.0678489283181112e-24	hypo	2.1011715633418726e-24	true	""	""	intergenic	NaN	LOC100506076	114153	""	""
chr2	100045185	100045407	10	10	0.5760695	1.3786257902098152e-73	hyper	2.0251537469978666e-72	true	NM_002285	AFF3	intron	97294.0	AFF3	60287	AFF3	intron
chr2	103254570	103254818	7	7	0.46081248	5.169159821161278e-55	hyper	4.275848706436319e-54	true	""	""	intergenic	NaN	LINC01935	-270265	""	""
chr2	105081933	105082061	4	4	0.38442323	4.1083053806251785e-21	hyper	6.341080044008427e-21	true	NM_182640	MRPS9	intron	43929.0	MRPS9-AS1	20947	MRPS9	intron
chr2	105082298	105082411	3	3	0.346217	3.0675244627624084e-15	hyper	3.2265812867574963e-15	true	NM_182640	MRPS9	intron	44286.5	MRPS9-AS1	20590	MRPS9	intron
chr2	105584253	105584454	4	4	0.36532614	1.9818199259307935e-22	hyper	3.3238397182933785e-22	true	""	""	intergenic	NaN	LOC285000	26206	""	""
chr2	106281709	106281812	3	3	0.5032181	7.578384610919626e-24	hyper	1.397572226948814e-23	true	""	""	intergenic	NaN	UXS1	-87459	""	""
chr2	106281930	106282418	11	11	0.535765	1.3147360686303424e-89	hyper	2.667036024935838e-88	true	""	""	intergenic	NaN	ANAPC1P6	-87570	""	""
chr2	109700397	109700485	5	5	0.37111062	1.1808394805549295e-25	hyper	2.4902852411702966e-25	true	""	""	intergenic	NaN	RGPD6	-60230	""	""
chr2	112078672	112078840	4	4	-0.2781585	5.585553285631952e-21	hypo	8.559157193090688e-21	true	NM_032824	TMEM87B	intron	23488.0	TMEM87B	23488	TMEM87B	intron
chr2	118618581	118618687	5	5	-0.42836028	9.880665840254849e-25	hypo	1.9486868740502617e-24	true	""	""	intergenic	NaN	LOC101927709	-15668	""	""
chr2	120610039	120610114	5	5	0.44975862	6.924566642240696e-26	hyper	1.4823444168816766e-25	true	""	""	intergenic	NaN	GLI2	-125791	""	""
chr2	122557430	122557543	3	3	-0.3939534	1.0726281903356105e-21	hypo	1.708185454515776e-21	true	""	""	intergenic	NaN	LINC01826	515995	""	""
chr2	125983392	125983448	4	4	0.49286908	7.591825939459038e-46	hyper	4.2276050329536597e-45	true	""	""	intergenic	NaN	LINC01941	134565	""	""
chr2	126402212	126402343	3	3	0.39131376	1.062643098962112e-15	hyper	1.1607332311739992e-15	true	""	""	intergenic	NaN	GYPC	-253657	""	""
chr2	126655116	126655271	5	5	0.3954906	2.0538168288256652e-25	hyper	4.216510694360161e-25	true	NM_002101	GYPC	promoter	-963.5	GYPC	-741	GYPC	promoter
chr2	127480936	127481168	5	5	0.34500828	2.2000502936104034e-23	hyper	3.9545207809199655e-23	true	NM_017969	IWS1	exon	45437.0	IWS1	45437	IWS1	exon
chr2	129480084	129480239	5	5	0.39552283	6.305020338626051e-26	hyper	1.3565346789165142e-25	true	""	""	intergenic	NaN	LINC01854	-206270	""	""
chr2	129712110	129712270	4	4	0.4797318	1.150555933243039e-25	hyper	2.4324408315708914e-25	true	""	""	intergenic	NaN	LINC02572	165301	""	""
chr2	130195425	130195527	4	4	0.45418185	3.8299490498240264e-31	hyper	1.0913433412876489e-30	true	NM_207312	TUBA3E	intron	2963.0	TUBA3E	2963	TUBA3E	intron
chr2	134876884	134877065	3	3	0.35437068	7.436569886488176e-22	hyper	1.1887349987406991e-21	true	NM_138326	ACMSD	intron	38359.5	MIR5590	19155	ACMSD;CCNT2-AS1	intron;noncoding
chr2	136111922	136111986	3	3	0.42718163	1.0143104619806527e-17	hyper	1.2615949103759359e-17	true	""	""	intergenic	NaN	CXCR4	4281	""	""
chr2	148953512	148953761	5	5	-0.42683715	4.4493661956687965e-24	hypo	8.295098465448172e-24	true	NR_111932	KIF5C	intron	5762.5	KIF5C	5762	KIF5C	intron;noncoding
chr2	150586957	150587049	3	3	0.40354547	1.2374541507476224e-14	hyper	1.2566280529642126e-14	true	""	""	intergenic	NaN	LINC01920	-14782	""	""
chr2	150619789	150619861	3	3	0.32220006	2.669641731329727e-19	hyper	3.593261856386931e-19	true	""	""	intergenic	NaN	LINC02612	-9071	""	""
chr2	160227427	160227483	3	3	0.39485297	3.181943331590868e-16	hyper	3.61951364287773e-16	true	""	""	intergenic	NaN	ITGB6	-27142	""	""
chr2	162500438	162500581	3	3	0.33864164	6.457829665033493e-19	hyper	8.5171375767934e-19	true	NM_033272	KCNH7	intron	338257.5	GCA	156142	KCNH7	intron
chr2	165892709	165892813	6	6	0.6196074	2.0232738299814885e-32	hyper	6.112869869305774e-32	true	NM_024753	TTC21B	intron	61015.0	LOC100506124	-20820	TTC21B	intron
chr2	169293998	169294208	7	7	0.47520772	1.069230776611917e-34	hyper	3.643938486693413e-34	true	NM_004525	LRP2	exon	68431.0	LRP2	68431	LRP2	exon;intron
chr2	175609304	175609451	4	3	0.37999886	1.5233725059003119e-19	hyper	2.0833280498026739e-19	true	""	""	intergenic	NaN	LNPK	392890	""	""
chr2	176643794	176643874	3	3	0.33758414	6.9663253835880815e-15	hyper	7.185604390819667e-15	true	NR_110599	LINC01117	intron	6081.0	LINC01117	6081	LINC01117	intron;noncoding
chr2	177711803	177711921	4	4	0.4200342	1.8807984509187158e-22	hyper	3.166878024076573e-22	true	NM_001077197	PDE11A	exon	396477.0	PDE11A-AS1	38541	PDE11A;PDE11A-AS1	exon;intron;noncoding
chr2	180523811	180523959	4	4	0.3218705	6.779379510027294e-23	hyper	1.166875018695607e-22	true	""	""	intergenic	NaN	SCHLAP1	-168218	""	""
chr2	186408716	186408828	3	3	-0.37500897	5.811214791932684e-15	hypo	6.030639467389338e-15	true	""	""	intergenic	NaN	ZC3H15	-77487	""	""
chr2	188976965	188977102	4	4	0.37171158	3.681058478054846e-19	hyper	4.915770882919638e-19	true	NR_031647	MIR1245A	promoter	-1057.5	MIR1245A	-1058	COL3A1;MIR1245A;MIR1245B	TTS;intron;promoter
chr2	188978411	188978563	3	3	0.43725216	5.690825932503185e-26	hyper	1.2306049986022117e-25	true	NR_039947	MIR1245B	promoter	-326.0	MIR1245B	-326	COL3A1;MIR1245A;MIR1245B	TTS;intron;promoter
chr2	191093727	191093989	8	8	-0.41318905	6.3254807943637404e-43	hypo	3.0621077481806284e-42	true	NM_001243835	STAT4	intron	57738.0	STAT4	57136	STAT4	intron
chr2	194346973	194347079	4	4	0.5084417	3.750267109309687e-26	hyper	8.130350069037794e-26	true	NR_110222	LINC01821	intron	2758.0	LINC01821	2758	LINC01821	intron;noncoding
chr2	197619964	197620040	3	3	0.5128949	1.9411254026011624e-15	hyper	2.069885911159187e-15	true	NM_144629	RFTN2	intron	55585.0	RFTN2	55585	RFTN2	intron
chr2	209922278	209922402	8	8	0.3107142	5.913814591504868e-42	hyper	2.7533169573563647e-41	true	NM_001371986	UNC80	exon	150509.0	RPE	-80224	UNC80	exon;intron
chr2	217712537	217712676	6	6	0.438754	3.0625318301939114e-31	hyper	8.785444846212837e-31	true	NR_026597	DIRC3	intron	43986.5	DIRC3	43987	DIRC3	intron;noncoding
chr2	219722347	219722474	4	4	0.4332034	1.5054130241630765e-25	hyper	3.139659780091315e-25	true	""	""	intergenic	NaN	SLC4A3	94781	""	""
chr2	221966691	221966808	3	3	0.5056083	1.4995162476400406e-15	hyper	1.6110817692172944e-15	true	""	""	intergenic	NaN	CCDC140	-331397	""	""
chr2	224958252	224958373	4	4	-0.37383476	1.6078632877627006e-20	hypo	2.3578305011597606e-20	true	NM_001363762	DOCK10	intron	24114.5	DOCK10	-11263	DOCK10	intron
chr2	226796003	226796212	8	8	0.44966713	4.638024185875081e-41	hyper	2.1131532654361333e-40	true	NM_005544	IRS1	exon	3712.5	IRS1	3713	IRS1	exon
chr2	232975045	232975161	4	4	-0.34378114	3.084518240198689e-19	hypo	4.138597701809894e-19	true	NM_019850	NGEF	intron	38153.0	LOC101928881	-37510	NGEF	intron
chr2	236040643	236040910	15	15	0.50489265	8.609741320665136e-84	hyper	1.5946738272188468e-82	true	NM_001037131	AGAP1	exon	546734.5	GBX2	127610	AGAP1	exon;intron
chr2	238763579	238763770	5	5	-0.4934414	3.9219129337634294e-36	hypo	1.3981045270152476e-35	true	""	""	intergenic	NaN	LOC100287387	84233	""	""
chr20	1972261	1972370	4	4	-0.4395485	4.981915124068187e-23	hypo	8.662432011645092e-23	true	NR_134520	PDYN-AS1	intron	25106.5	PDYN	20491	PDYN-AS1	intron;noncoding
chr20	3461644	3461741	3	3	0.39744213	4.744236862676702e-20	hyper	6.692201667219454e-20	true	""	""	intergenic	NaN	ATRN	-9325	""	""
chr20	9785994	9786086	3	3	0.48956463	5.939049385515775e-23	hyper	1.0263833826489738e-22	true	NM_020341	PAK5	intron	53036.0	PAK5	53036	PAK5	intron
chr20	11681522	11681644	3	3	0.34012794	1.808168538737759e-17	hyper	2.2294639580384526e-17	true	""	""	intergenic	NaN	LINC00687	189132	""	""
chr20	14915230	14915319	3	3	-0.31010357	1.7496866933321988e-15	hypo	1.8751359279484697e-15	true	NM_001351661	MACROD2	intron	919759.5	MACROD2-AS1	14244	MACROD2;MACROD2-AS1	intron;noncoding
chr20	17025213	17025279	4	4	0.38643792	9.691529554746772e-23	hyper	1.6514366361288498e-22	true	""	""	intergenic	NaN	PCSK2	-200860	""	""
chr20	17771262	17771338	3	3	0.5320935	1.3787790436348001e-22	hyper	2.330793145192162e-22	true	""	""	intergenic	NaN	BANF2	71335	""	""
chr20	17771449	17771506	5	5	0.56279725	1.0418923958551243e-43	hyper	5.221719536873917e-43	true	""	""	intergenic	NaN	BANF2	71512	""	""
chr20	17771671	17771909	9	9	0.58199227	6.1749796250547815e-61	hyper	6.18950898887844e-60	true	""	""	intergenic	NaN	BANF2	71825	""	""
chr20	21978209	21978368	4	4	0.47707617	1.4321497689675032e-29	hyper	3.6975503126070085e-29	true	""	""	intergenic	NaN	LINC01432	-75801	""	""
chr20	22367054	22367165	3	3	0.45544985	1.036687246740055e-18	hyper	1.3443798085578796e-18	true	""	""	intergenic	NaN	LOC284788	53534	""	""
chr20	23065264	23065325	4	4	0.3241666	1.9316761703754167e-20	hyper	2.813312986598043e-20	true	""	""	intergenic	NaN	THBD	-15622	""	""
chr20	23086396	23086602	8	8	0.4657141	8.91274690869411e-37	hyper	3.2731294681928374e-36	true	NM_012072	CD93	promoter	-175.0	CD93	-175	CD93	promoter
chr20	24081161	24081285	5	5	0.4205366	3.34842515943779e-27	hyper	7.710427664435127e-27	true	""	""	intergenic	NaN	GGTLC1	-92444	""	""
chr20	24359407	24359594	4	4	0.45338538	9.723184963633043e-21	hyper	1.4482785994782085e-20	true	""	""	intergenic	NaN	SYNDIG1	-109698	""	""
chr20	24386984	24387060	3	3	0.47424698	1.9505779689780016e-14	hyper	1.9505779689780016e-14	true	""	""	intergenic	NaN	SYNDIG1	-82176	""	""
chr20	25864765	25864890	5	5	0.4780418	7.529384503931034e-24	hyper	1.391547851919575e-23	true	""	""	intergenic	NaN	LOC101926935	-10806	""	""
chr20	26219739	26219867	3	3	0.3582774	7.596107105484156e-24	hyper	1.397814957639849e-23	true	""	""	intergenic	NaN	MIR663AHG	-10570	""	""
chr20	30731973	30732078	3	3	0.4817617	1.724169776624734e-18	hyper	2.2156751880607443e-18	true	""	""	intergenic	NaN	MLLT10P1	-328563	""	""
chr20	33612127	33612233	3	3	-0.353294	7.0147230714447e-16	hypo	7.761745528403746e-16	true	NM_005093	CBFA2T2	intron	49816.0	CBFA2T2	49816	CBFA2T2	intron
chr20	36249423	36249596	4	4	-0.53686804	7.698304843081418e-20	hypo	1.0734788422758377e-19	true	NM_001271874	AAR2	intron	13032.5	AAR2	13032	AAR2	intron
chr20	41729092	41729150	5	5	0.36129385	3.884084845307241e-23	hyper	6.837273322730928e-23	true	""	""	intergenic	NaN	CHD6	-110744	""	""
chr20	41729255	41729308	3	3	0.36995324	1.1113917114908887e-15	hyper	1.2108769030565692e-15	true	""	""	intergenic	NaN	CHD6	-110904	""	""
chr20	57088449	57088539	4	4	-0.5822189	2.32916849649607e-21	hypo	3.6411955211278016e-21	true	""	""	intergenic	NaN	BMP7-AS1	-125201	""	""
chr20	61092265	61092497	9	9	0.37911707	1.7972786245591484e-45	hyper	9.753384637734997e-45	true	""	""	intergenic	NaN	LINC01718	13318	""	""
chr21	15407608	15407780	4	4	0.39286187	3.30596320112492e-24	hyper	6.2178380736389224e-24	true	""	""	intergenic	NaN	USP25	-322239	""	""
chr21	20399364	20399500	4	4	-0.30281967	2.198025063373534e-22	hypo	3.6792089469435183e-22	true	""	""	intergenic	NaN	LINC02573	-140747	""	""
chr21	21973993	21974237	5	5	0.36626065	5.148224034044253e-25	hyper	1.0296448068088507e-24	true	""	""	intergenic	NaN	LINC01687	124344	""	""
chr21	29824684	29824850	7	7	0.4006227	4.011086402865631e-49	hyper	2.5503325486876997e-48	true	NM_000830	GRIK1	intron	115229.0	GRIK1-AS1	76593	GRIK1	intron
chr21	31306603	31306851	9	9	0.4553337	5.466798257125301e-53	hyper	4.3126964028432926e-52	true	NM_001353687	TIAM1	intron	37627.0	TIAM1	37627	TIAM1	intron
chr21	31306974	31307077	4	4	0.5025747	5.041865327312746e-22	hyper	8.276819381253294e-22	true	NM_001353689	TIAM1	intron	252061.5	TIAM1	37329	TIAM1	intron
chr21	31346424	31346634	8	8	0.43099245	1.2716975642512043e-37	hyper	4.858683070592045e-37	true	NM_001353688	TIAM1	intron	212558.0	TIAM1	-2175	TIAM1	intron
chr21	31583453	31583554	3	3	0.4534575	3.358734768285757e-17	hyper	4.076413137577585e-17	true	""	""	intergenic	NaN	LOC150051	24271	""	""
chr21	31583676	31583769	3	3	0.3404504	1.1919624999849427e-16	hyper	1.400761448258167e-16	true	""	""	intergenic	NaN	LOC150051	24490	""	""
chr21	32521091	32521214	4	4	-0.39897037	1.2994870297388072e-20	hypo	1.9155068327637778e-20	true	""	""	intergenic	NaN	TCP10L	64371	""	""
chr21	32807940	32808094	5	5	-0.5159732	3.569824052442294e-29	hypo	9.05205384726439e-29	true	NM_001162495	C21orf62	intron	5686.0	C21orf62	5686	C21orf62	intron
chr21	37623868	37623961	3	3	0.499733	2.1700060407436872e-17	hyper	2.6563867050483067e-17	true	NM_002240	KCNJ6	exon	292542.5	DYRK1A	203616	KCNJ6	exon
chr21	37711106	37711292	9	9	0.47136164	2.3286468962701363e-46	hyper	1.3315484265920511e-45	true	NM_002240	KCNJ6	intron	205258.0	KCNJ6	205258	KCNJ6	intron
chr21	38744353	38744467	8	8	0.5605031	1.5959403327653936e-52	hyper	1.2361283304691957e-51	true	NR_027066	LINC00114	intron	24564.0	LINC00114	24564	LINC00114	intron;noncoding
chr21	39851190	39851362	6	6	0.5550932	6.095881442378549e-47	hyper	3.606729853407308e-46	true	""	""	intergenic	NaN	PCP4	-16161	""	""
chr21	42409402	42409608	6	6	0.42174968	5.299964610131515e-31	hyper	1.490287078492426e-30	true	NM_018961	UBASH3A	exon	5604.0	UBASH3A	5604	UBASH3A	exon;intron
chr21	42668428	42668839	21	21	0.5585965	1.3553530682092512e-152	hyper	9.623006784285684e-151	true	NM_001001572	PDE9A	intron	14882.5	PDE9A	14882	PDE9A	intron
chr21	43592151	43592268	4	4	0.38268816	1.137626220952601e-29	hyper	2.9640903371609053e-29	true	NM_007031	HSF2BP	exon	67278.5	MIR6070	17780	HSF2BP	exon;intron
chr22	17140094	17140169	4	4	0.3113885	9.028269304629898e-19	hyper	1.1743641904648354e-18	true	NM_017829	HDHD5	intron	25155.5	LINC01664	18537	HDHD5	intron
chr22	34161670	34161773	4	4	-0.401897	2.9990363920880252e-24	hypo	5.653050898360614e-24	true	""	""	intergenic	NaN	LARGE1	-238897	""	""
chr22	34428725	34428920	7	7	0.58265114	3.585775866296698e-81	hyper	6.110162076169574e-80	true	""	""	intergenic	NaN	LARGE1	-505998	""	""
chr22	43263506	43263621	9	9	0.48396668	1.0791746863199445e-47	hyper	6.520970444997112e-47	true	NM_173050	SCUBE1	intron	79808.5	SCUBE1-AS1	-12378	SCUBE1	intron
chr22	44134103	44134322	6	6	0.45480505	1.749781080530608e-31	hyper	5.053605019023993e-31	true	NM_001003828	PARVB	intron	135002.5	PARVG	-38743	PARVB	intron
chr22	44595842	44595925	3	3	0.5109205	4.916028883776755e-16	hyper	5.489458203116377e-16	true	""	""	intergenic	NaN	LINC00207	26544	""	""
chr22	47919117	47919385	9	9	-0.44947284	2.2255216959046397e-52	hypo	1.6929861472417436e-51	true	""	""	intergenic	NaN	LOC284930	287578	""	""
chr22	48257416	48257483	3	3	0.48778594	2.4442056876363316e-19	hyper	3.300258709772036e-19	true	""	""	intergenic	NaN	MIR3201	-16914	""	""
chr22	49370704	49370839	5	5	0.4354559	1.0513023168068086e-27	hyper	2.508990403135577e-27	true	""	""	intergenic	NaN	MIR3667	172695	""	""
chr22	49404962	49405175	14	14	0.69855076	2.0885758865943523e-106	hyper	5.560833298057462e-105	true	""	""	intergenic	NaN	MIR3667	138398	""	""
chr3	335477	335660	5	5	-0.3971409	4.816609080854413e-31	hypo	1.3633724042817142e-30	true	NM_001253387	CHL1	intron	138973.5	CHL1	15886	CHL1	intron
chr3	668147	668217	3	3	-0.32311016	4.3100603606695965e-18	hypo	5.432206253388308e-18	true	NR_110118	LINC01266	intron	76078.0	LINC01266	76078	LINC01266	intron;noncoding
chr3	8313838	8313963	4	4	0.4095307	1.9101550176261286e-20	hyper	2.7867330051668864e-20	true	NR_033378	LMCD1-AS1	intron	187757.5	LMCD1-AS1	187758	LMCD1-AS1	intron;noncoding
chr3	11146067	11146173	3	3	0.4710145	2.108086877300604e-29	hyper	5.361462744657059e-29	true	NM_001098213	HRH1	intron	8883.0	HRH1	-8372	HRH1	intron
chr3	11168412	11168657	12	12	0.43514112	8.325646388271275e-56	hyper	7.165101740209219e-55	true	NM_001098213	HRH1	intron	31297.5	HRH1	14042	HRH1	intron
chr3	18730462	18730572	3	3	-0.3872415	4.937019293953437e-17	hypo	5.957989289586868e-17	true	""	""	intergenic	NaN	SATB1	-284925	""	""
chr3	24770452	24770537	4	4	0.3254873	4.212000526927417e-21	hyper	6.489375133710957e-21	true	""	""	intergenic	NaN	RARB	-58828	""	""
chr3	31319729	31319799	3	3	-0.6743712	8.582065388226229e-21	hypo	1.2895801959027773e-20	true	""	""	intergenic	NaN	MIR466	-157977	""	""
chr3	37561709	37561832	4	4	0.389191	7.42434390275019e-19	hyper	9.731601546374096e-19	true	NM_002207	ITGA9	intron	109630.5	ITGA9	109630	ITGA9	intron
chr3	40328580	40328708	4	4	0.37955156	7.546510823981416e-23	hyper	1.296295810893582e-22	true	""	""	intergenic	NaN	EIF1B	18938	""	""
chr3	40593664	40593879	4	4	-0.3722825	1.0193439598269554e-22	hypo	1.733495117310511e-22	true	""	""	intergenic	NaN	ZNF621	68812	""	""
chr3	43388266	43388479	4	4	0.50438774	3.265582975822892e-30	hyper	8.832624429844774e-30	true	NM_001346466	ANO10	intron	233553.5	SNRK-AS1	-36410	ANO10	intron
chr3	56001478	56001590	3	3	-0.5657508	5.010146825510787e-31	hypo	1.413458640839467e-30	true	NM_015576	ERC2	intron	466933.0	MIR3938	-148940	ERC2	intron;noncoding
chr3	56633748	56633908	5	5	-0.4670585	6.03972814535449e-32	hypo	1.7805703736477596e-31	true	NM_001365637	TASOR	exon	49437.0	TASOR	30218	TASOR	exon;intron
chr3	60330171	60330268	3	3	0.40844035	2.5284060488758807e-23	hyper	4.5351620076678956e-23	true	NM_002012	FHIT	intron	921232.5	FHIT	-249310	FHIT	intron
chr3	62377685	62377792	5	5	0.46996754	1.8631485511045925e-25	hyper	3.834305713867422e-25	true	""	""	intergenic	NaN	FEZF2	-4188	""	""
chr3	62377898	62377968	3	3	0.4703183	5.685118411593615e-16	hyper	6.315151090844537e-16	true	""	""	intergenic	NaN	FEZF2	-4383	""	""
chr3	65564084	65564235	5	5	0.38198623	1.2903589869448999e-24	hyper	2.521527194672144e-24	true	NM_001033057	MAGI1	intron	474758.5	MAGI1-AS1	-329656	MAGI1	intron
chr3	67614444	67614549	3	3	0.41493142	1.0753502012136145e-17	hyper	1.3355661391166175e-17	true	NM_001177599	SUCLG2	intron	40117.5	SUCLG2	40116	SUCLG2	intron
chr3	70488063	70488246	8	8	0.47991353	8.568191577269767e-61	hyper	8.488487469574235e-60	true	""	""	intergenic	NaN	MDFIC2	-175516	""	""
chr3	71104116	71104269	5	5	0.38171956	1.3887391106069258e-27	hyper	3.2866825617697245e-27	true	NM_001244812	FOXP1	intron	200578.5	FOXP1	26394	FOXP1	intron;noncoding
chr3	71851071	71851214	3	3	0.58496267	2.689293473992944e-15	hyper	2.835740148319292e-15	true	""	""	intergenic	NaN	PROK2	-65994	""	""
chr3	75948506	75948670	4	4	0.5616071	1.625549651427061e-57	hyper	1.4892132290493076e-56	true	""	""	intergenic	NaN	ZNF717	-163039	""	""
chr3	79100508	79100625	4	4	-0.4082575	3.6865831486139286e-29	hypo	9.29280722668363e-29	true	NM_002941	ROBO1	intron	667431.5	ROBO1	-81107	ROBO1	intron
chr3	86783944	86784084	3	3	0.32921267	5.80318020747117e-19	hyper	7.677499280691672e-19	true	""	""	intergenic	NaN	VGLL3	207135	""	""
chr3	86954719	86954795	3	3	0.4338757	1.1302009785837587e-20	hyper	1.674663015223239e-20	true	NM_016206	VGLL3	intron	36392.0	VGLL3	36392	VGLL3	intron
chr3	86974662	86974777	3	3	0.3115772	1.5200651742133424e-14	hyper	1.5381182047859473e-14	true	NM_016206	VGLL3	intron	16429.5	VGLL3	16430	VGLL3	intron
chr3	86993731	86993801	4	4	0.46229607	1.0654223817123061e-29	hyper	2.7844781264382966e-29	true	""	""	intergenic	NaN	VGLL3	-2617	""	""
chr3	95218089	95218164	3	3	0.2640379	1.896948346835791e-14	hyper	1.901411754710699e-14	true	""	""	intergenic	NaN	LINC00879	279864	""	""
chr3	96300464	96300515	3	3	0.37767923	1.3660759762349703e-15	hyper	1.4770263093301963e-15	true	""	""	intergenic	NaN	MIR8060	-59474	""	""
chr3	111074764	111074875	4	4	0.48515671	8.823205595397334e-32	hyper	2.5832890609204566e-31	true	NM_015480	NECTIN3	intron	3004.5	NECTIN3	3004	NECTIN3	intron
chr3	111075111	111075218	3	3	0.5044098	8.522227213675441e-19	hyper	1.1119353117996135e-18	true	NM_001243288	NECTIN3	intron	3349.5	NECTIN3	3349	NECTIN3	intron
chr3	112002900	112002969	3	3	0.47189987	1.1253431230409764e-15	hyper	1.2245112909717905e-15	true	NM_013259	TAGLN3	intron	4196.5	TAGLN3	3775	TAGLN3	intron
chr3	114759097	114759153	4	4	-0.3550285	1.5285849748822206e-20	hypo	2.2493167506038893e-20	true	NM_001164345	ZBTB20	promoter	-18.0	ZBTB20	-18	ZBTB20	exon;intron;noncoding;promoter
chr3	120573730	120573874	6	6	0.465914	1.0281961174804655e-28	hyper	2.524562225052901e-28	true	""	""	intergenic	NaN	NDUFB4	-22533	""	""
chr3	125387004	125387092	3	3	-0.40825287	1.0116076445127925e-15	hypo	1.106405280006289e-15	true	""	""	intergenic	NaN	ZNF148	-11694	""	""
chr3	128563754	128563827	4	4	0.47298062	3.967999113586549e-34	hyper	1.2903569636548624e-33	true	""	""	intergenic	NaN	LINC01565	12296	""	""
chr3	128999624	128999839	9	9	0.44230592	1.0188076933747666e-42	hyper	4.876540195254501e-42	true	NM_001377500	EFCC1	promoter	-1571.5	EFCC1	-1572	CFAP92;EFCC1	intron;promoter
chr3	130200997	130201110	6	6	0.5623747	5.681068165661089e-39	hyper	2.3726814103643374e-38	true	""	""	intergenic	NaN	COL6A4P2	-11766	""	""
chr3	133613406	133613552	3	3	0.36065257	7.165338623467162e-20	hyper	1.0007981159334463e-19	true	NM_007027	TOPBP1	intron	48462.0	CDV3	39046	TOPBP1	intron
chr3	137509636	137509986	13	13	-0.5896076	9.988438319229758e-109	hypo	2.9345342924081914e-107	true	""	""	intergenic	NaN	SOX14	-254503	""	""
chr3	139229251	139229353	5	5	0.37731144	1.797682431735794e-26	hyper	3.957688454364073e-26	true	""	""	intergenic	NaN	PISRT1	4220	""	""
chr3	141070803	141070929	5	5	0.45079374	1.5337789762936685e-26	hyper	3.411957409405237e-26	true	NM_080862	SPSB4	intron	19520.0	SPSB4	19520	SPSB4	intron
chr3	143081874	143082044	7	7	0.6331934	1.3857001448240253e-70	hyper	1.7888129142273782e-69	true	""	""	intergenic	NaN	CHST2	-37811	""	""
chr3	143752331	143752471	5	5	-0.50370705	2.3534358030822996e-37	hypo	8.833159930511538e-37	true	NM_173653	SLC9A9	intron	96067.0	SLC9A9	96067	SLC9A9	intron
chr3	146626764	146626849	3	3	0.3662331	4.608440014218588e-16	hyper	5.159514969926724e-16	true	""	""	intergenic	NaN	PLSCR5	-20590	""	""
chr3	150549741	150549822	3	3	0.3368895	2.1077377110422117e-17	hyper	2.587597305198796e-17	true	NM_001319044	EIF2A	intron	3104.5	EIF2A	2995	EIF2A	intron
chr3	151974265	151974416	3	3	-0.30946827	2.358853879390489e-15	hypo	2.502793904409336e-15	true	""	""	intergenic	NaN	AADACL2-AS1	-46165	""	""
chr3	155648374	155648578	6	6	0.34722245	1.4559385608384576e-29	hyper	3.747612247233734e-29	true	NM_014996	PLCH1	intron	96595.0	PLCH1	27867	PLCH1	intron
chr3	157631571	157631772	8	8	0.3926571	2.588553077182958e-45	hyper	1.395852671999924e-44	true	""	""	intergenic	NaN	SLC66A1L	88360	""	""
chr3	158058978	158059083	7	7	0.4849693	4.238766389958521e-54	hyper	3.4070084568345845e-53	true	""	""	intergenic	NaN	SHOX2	47133	""	""
chr3	165502251	165502382	4	4	-0.43985665	1.5069727741645444e-21	hypo	2.3820794129651054e-21	true	NR_125764	LINC01322	intron	295357.5	LINC01322	295357	LINC01322	intron;noncoding
chr3	168828222	168828328	4	4	0.4653253	1.4602962108818435e-35	hyper	5.07825457825033e-35	true	NR_021485	EGFEM1P	intron	578754.0	LINC02082	-73669	EGFEM1P	intron;noncoding
chr3	171194515	171194600	4	4	-0.39462802	3.1365173022892334e-20	hypo	4.4988429992431433e-20	true	NM_001161561	TNIK	exon	265847.5	MIR569	-87798	TNIK	exon;intron
chr3	172112283	172112540	7	7	0.5152546	1.2731540729548726e-44	hyper	6.6141906716923865e-44	true	NM_022763	FNDC3B	exon	72834.5	FNDC3B	71881	FNDC3B	exon;intron
chr3	172222653	172222815	7	7	0.43230447	2.898205344410271e-38	hyper	1.143180996961829e-37	true	NM_001135095	FNDC3B	intron	182204.0	FNDC3B	182204	FNDC3B	intron
chr3	175347126	175347219	3	3	-0.34348193	1.7134332409708234e-15	hypo	1.8385958706639064e-15	true	NM_207015	NAALADL2	intron	487839.5	MIR4789	-22367	NAALADL2	intron
chr3	177131016	177131194	4	4	0.47323817	4.417190348877453e-22	hyper	7.279392992734216e-22	true	NM_001374327	TBL1XR1	intron	66377.0	TBL1XR1	65373	TBL1XR1	intron
chr3	177681590	177681692	3	3	0.3046862	6.866861946096034e-15	hyper	7.091595609786449e-15	true	NR_047568	LINC00578	intron	239721.0	LINC02015	-135223	LINC00578	intron;noncoding
chr3	181359761	181359868	3	3	0.34744942	6.561589331891738e-26	hyper	1.4081798767687055e-25	true	NR_075091	SOX2-OT	intron	303135.5	LOC102724604	82672	SOX2-OT	intron;noncoding
chr3	185630092	185630208	3	3	-0.38020286	3.854210645439296e-18	hypo	4.872088234294185e-18	true	NM_021627	SENP2	exon	43856.0	SENP2	43856	SENP2	exon
chr3	186214107	186214213	4	4	0.36431548	2.097168625628567e-23	hyper	3.777563782316151e-23	true	NM_001346	DGKG	intron	148074.0	ETV5	-105071	DGKG	intron
chr3	190545962	190546063	5	5	0.41798645	9.044595097773157e-34	hyper	2.907922650302917e-33	true	NR_157353	IL1RAP	intron	31928.5	IL1RAP	31928	IL1RAP	intron;noncoding
chr3	194323987	194324191	14	14	0.527595	4.228549494795577e-66	hyper	5.074259393754693e-65	true	""	""	intergenic	NaN	LINC00887	-11285	""	""
chr4	4059156	4059247	5	5	0.36489287	2.9679553233380175e-27	hyper	6.88734641946703e-27	true	""	""	intergenic	NaN	FAM86EP	-103773	""	""
chr4	4939785	4939912	4	4	0.40725124	3.112905892619391e-21	hyper	4.839773395094382e-21	true	NR_125893	LOC101928306	intron	19041.5	LOC101928306	19041	LOC101928306	intron;noncoding
chr4	6016844	6017093	9	9	0.40802398	4.430444595598448e-51	hyper	3.198931182584642e-50	true	NM_001364689	C4orf50	intron	1577.5	C4orf50	1578	C4orf50	intron
chr4	8090618	8090831	7	7	0.44063002	2.522333720655804e-38	hyper	1.0042188457938062e-37	true	NM_001130086	ABLIM2	intron	68088.5	ABLIM2	-18736	ABLIM2	intron
chr4	9106161	9106345	10	10	-0.3802472	2.043936112111882e-49	hypo	1.3192678541813058e-48	true	""	""	intergenic	NaN	FAM90A26	-66919	""	""
chr4	15148250	15148547	10	10	0.43984818	6.684110464317001e-50	hyper	4.38066316584468e-49	true	NR_125911	C1QTNF7-AS1	intron	279515.5	CPEB2	145918	C1QTNF7-AS1	intron;noncoding
chr4	19193290	19193365	6	6	0.33168003	3.722685371087765e-28	hyper	8.959683435499368e-28	true	""	""	intergenic	NaN	SLIT2	-1058577	""	""
chr4	20676867	20677049	6	6	0.49726275	6.231484850145985e-31	hyper	1.7350408798445682e-30	true	""	""	intergenic	NaN	PACRGL	-19323	""	""
chr4	21710285	21710474	5	5	0.36114997	4.1114491827264293e-23	hyper	7.216115891753076e-23	true	NM_147182	KCNIP4	intron	238371.5	KCNIP4	-12684	KCNIP4	intron
chr4	22373657	22373768	3	3	0.4225823	1.2116906855993708e-15	hyper	1.3151088715040306e-15	true	""	""	intergenic	NaN	LOC100505912	-34046	""	""
chr4	22871128	22871300	5	5	0.41406712	1.1402358584729458e-26	hyper	2.5768725501828906e-26	true	""	""	intergenic	NaN	GBA3	157123	""	""
chr4	31998301	31998454	4	4	0.4059875	4.5560200799734825e-52	hyper	3.375416615771658e-51	true	NR_125936	LINC02506	intron	999.5	LINC02506	999	LINC02506	intron;noncoding
chr4	40672617	40672819	6	6	-0.40619588	6.441176254775587e-31	hypo	1.7875837684263192e-30	true	""	""	intergenic	NaN	RBM47	-42124	""	""
chr4	41598958	41599038	3	3	0.34248757	1.792771916105699e-23	hyper	3.236105238394186e-23	true	NM_001112718	LIMCH1	exon	238192.0	LIMCH1	-13710	LIMCH1	exon;intron
chr4	44842834	44842908	3	3	0.42573103	2.3754502455580284e-20	hyper	3.4361351599583027e-20	true	""	""	intergenic	NaN	GNPDA2	-116237	""	""
chr4	53963465	53963581	3	3	-0.43761888	9.588396249528226e-17	hypo	1.1362049519607855e-16	true	""	""	intergenic	NaN	RPL21P44	23759	""	""
chr4	58132174	58132258	3	3	0.36310935	5.928080831105037e-15	hyper	6.14443414610887e-15	true	""	""	intergenic	NaN	LINC02494	404112	""	""
chr4	77367862	77368050	5	5	0.48078722	7.48406734379985e-40	hyper	3.253278253529323e-39	true	""	""	intergenic	NaN	CXCL13	-143796	""	""
chr4	86387099	86387273	5	5	0.37932304	2.5739685610296607e-27	hyper	5.9918612404297025e-27	true	NM_002753	MAPK10	intron	66009.0	MAPK10	-16319	MAPK10	intron
chr4	87600428	87600551	3	3	-0.52655625	3.374471617281388e-16	hypo	3.828295363413772e-16	true	""	""	intergenic	NaN	DSPP	-8039	""	""
chr4	95539215	95539282	3	3	0.34911573	5.268479310162099e-16	hyper	5.86763970229818e-16	true	NM_003728	UNC5C	intron	9724.5	UNC5C	9725	UNC5C	intron
chr4	98801171	98801287	4	4	-0.42559406	3.8436741552461597e-19	hypo	5.124898873661547e-19	true	""	""	intergenic	NaN	EIF4E	127904	""	""
chr4	109095584	109095742	3	3	0.51243764	2.2414062764170983e-30	hyper	6.081777539832382e-30	true	NM_032518	COL25A1	intron	206995.0	COL25A1	206995	COL25A1	intron;noncoding
chr4	116011029	116011207	4	4	0.384802	2.210256790624447e-27	hyper	5.159284344142544e-27	true	""	""	intergenic	NaN	MIR1973	-288606	""	""
chr4	117806945	117807089	4	4	0.33777183	4.7007752231685255e-23	hyper	8.207091168318818e-23	true	""	""	intergenic	NaN	LINC02264	-27383	""	""
chr4	123338908	123339135	7	7	-0.6154696	6.343761091209049e-44	hypo	3.198156479118408e-43	true	""	""	intergenic	NaN	SPRY1	-57773	""	""
chr4	137529586	137529913	9	9	0.4778219	1.9656785945529243e-70	hyper	2.499639048595659e-69	true	NM_001300828	PCDH18	exon	2744.5	PCDH18	2745	PCDH18	exon;intron
chr4	137530165	137530431	7	7	0.5694245	9.73171491413272e-73	hyper	1.3819035178068462e-71	true	NM_001300828	PCDH18	exon	2196.0	PCDH18	2196	PCDH18	exon
chr4	138673101	138673290	7	7	0.51046664	1.8854712310731786e-36	hyper	6.806870715569272e-36	true	""	""	intergenic	NaN	LOC105377448	339451	""	""
chr4	139986155	139986217	4	4	0.42602244	8.354184030383665e-26	hyper	1.7750036892485991e-25	true	NM_018717	MAML3	intron	167998.0	LOC101927516	-141828	MAML3	intron
chr4	142352150	142352214	3	3	-0.39727652	5.881370463772052e-18	hypo	7.35819035996151e-18	true	NM_001385347	INPP4B	intron	122239.0	INPP4B	-46238	INPP4B	intron;noncoding
chr4	143352877	143353000	3	3	-0.32818806	1.971112332639179e-15	hypo	2.096613866927067e-15	true	NM_002039	GAB1	intron	16063.5	MIR3139	9479	GAB1	intron
chr4	144587651	144587794	4	4	0.4894956	7.0107349188661e-29	hyper	1.7414420264938534e-28	true	""	""	intergenic	NaN	HHIP-AS1	58297	""	""
chr4	147492890	147493101	6	6	0.4075524	1.12345100324634e-34	hyper	3.8134671504616805e-34	true	NM_001354797	EDNRA	intron	11899.5	EDNRA	11899	EDNRA	intron;noncoding
chr4	155674882	155674970	3	3	0.44274998	3.0145737720976056e-21	hyper	4.695460427471956e-21	true	NM_001379675	GUCY1A1	intron	7265.0	GUCY1A1	7265	GUCY1A1	intron
chr4	157014879	157014999	6	6	0.48007807	3.2026193465160497e-44	hyper	1.6339111875638768e-43	true	""	""	intergenic	NaN	PDGFC	-43140	""	""
chr4	157015109	157015201	3	3	0.41790926	2.297054615840521e-18	hyper	2.9297762465510836e-18	true	""	""	intergenic	NaN	PDGFC	-43356	""	""
chr4	158524245	158524331	3	3	-0.36957183	6.59075920495348e-17	hypo	7.908911045944176e-17	true	NM_001363776	RXFP1	intron	2575.0	RXFP1	2407	RXFP1	intron;noncoding
chr4	163611646	163611756	3	3	0.33871403	2.5834375680843665e-15	hyper	2.7342718111899133e-15	true	NM_001166373	MARCHF1	intron	771554.0	MARCHF1	1833	MARCHF1	intron
chr4	167688452	167688751	13	13	0.54031986	1.6030250829973744e-102	hyper	4.0169922668051855e-101	true	""	""	intergenic	NaN	ANXA10	-403935	""	""
chr4	177596549	177596619	3	3	0.33103815	1.1906030118981091e-14	hyper	1.2119399834375017e-14	true	""	""	intergenic	NaN	LINC01098	-132172	""	""
chr4	178595770	178595984	4	4	0.40915832	3.133675955412315e-23	hyper	5.585547937262119e-23	true	""	""	intergenic	NaN	LINC01099	-687941	""	""
chr4	182403950	182404072	3	3	-0.36551723	6.082397776017667e-22	hypo	9.889700200700482e-22	true	NM_001080477	TENM3	intron	160610.0	TENM3	160610	TENM3	intron
chr4	182560976	182561042	4	4	0.36915994	7.06885411152958e-19	hyper	9.279913255813872e-19	true	NM_001080477	TENM3	intron	317608.0	TENM3	317608	TENM3	intron
chr4	182767925	182768201	10	10	0.40833244	2.545770476366064e-58	hyper	2.409996050959874e-57	true	NM_001080477	TENM3	intron	524662.0	DCTD	149190	TENM3	intron
chr4	185783629	185783709	3	3	0.442596	2.2815556046841816e-19	hyper	3.0904377983957434e-19	true	NM_021069	SORBS2	intron	172703.0	SORBS2	-7815	SORBS2	intron
chr5	1428686	1428944	7	7	0.65547276	2.572856632334704e-72	hyper	3.5935636897527338e-71	true	""	""	intergenic	NaN	LINC01511	-48742	""	""
chr5	1429095	1429183	3	3	0.652489	1.6743609297885487e-24	hyper	3.212962865269918e-24	true	""	""	intergenic	NaN	LINC01511	-49066	""	""
chr5	1943079	1943139	3	3	0.31590715	2.987681364539292e-18	hyper	3.7935983943181476e-18	true	""	""	intergenic	NaN	CTD-2194D22.4	55779	""	""
chr5	2607807	2607916	4	4	0.31324756	3.8246202711284166e-23	hyper	6.746535136648884e-23	true	""	""	intergenic	NaN	LSINCT5	-104729	""	""
chr5	2746408	2746554	3	3	0.46868762	1.324808892216275e-35	hyper	4.6450089554249647e-35	true	NM_033267	IRX2	exon	5196.0	IRX2	5196	IRX2	exon
chr5	2746854	2747042	5	5	0.58319557	6.312770737031179e-51	hyper	4.519731653739971e-50	true	NM_033267	IRX2	exon	4729.0	IRX2	4729	IRX2	exon;intron
chr5	2747556	2748339	39	39	0.5727493	0.0	hyper	0.0	true	NM_001134222	IRX2	exon	3729.5	IRX2	3730	IRX2	exon;intron
chr5	2749297	2749492	18	15	0.5526211	4.3880898233123234e-88	hyper	8.496937566959316e-87	true	NM_001134222	IRX2	exon	2282.5	IRX2	2283	IRX2	exon;intron
chr5	3518159	3518356	10	10	0.4440813	2.4261468727871496e-46	hyper	1.3780514237431011e-45	true	NR_033898	LINC01019	intron	17836.5	LINC01017	-14253	LINC01019	intron;noncoding
chr5	5040833	5040903	3	3	0.3550837	1.7778282905582385e-15	hyper	1.902901637632687e-15	true	NR_026994	LINC01020	intron	6510.0	LINC01020	6510	LINC01020	intron;noncoding
chr5	5616643	5616739	5	5	-0.5911182	1.1704909260331195e-50	hypo	8.174248106395227e-50	true	""	""	intergenic	NaN	ICE1	194015	""	""
chr5	6115871	6115935	4	4	0.4079185	1.1280664143057506e-28	hyper	2.7618177729554585e-28	true	""	""	intergenic	NaN	LINC02145	221389	""	""
chr5	7562622	7562688	3	3	0.36952892	9.22115520444198e-21	hyper	1.3783200410850118e-20	true	NM_020546	ADCY2	intron	166518.0	ADCY2	166518	ADCY2	intron
chr5	7877046	7877121	3	3	-0.37612292	3.4396387877212217e-15	hypo	3.613529281305155e-15	true	NM_001364440	MTRR	intron	7936.5	MTRR	7936	MTRR	intron;noncoding
chr5	9443042	9443185	3	3	0.51847875	3.0090003380156927e-20	hyper	4.330356425180239e-20	true	NM_003966	SEMA5A	intron	102961.5	SEMA5A-AS1	-68219	SEMA5A	intron
chr5	14160174	14160294	4	4	0.40174296	6.333794494002427e-27	hyper	1.4467541310697233e-26	true	NR_134469	TRIO	intron	16893.0	TRIO	16893	TRIO	intron;noncoding
chr5	18713392	18713444	3	3	0.40144694	3.488858735733872e-23	hyper	6.179849569324864e-23	true	""	""	intergenic	NaN	LINC02223	906145	""	""
chr5	18944920	18945130	5	5	0.34499496	5.373394820177527e-27	hyper	1.2306807491374337e-26	true	""	""	intergenic	NaN	CDH18	941247	""	""
chr5	33781802	33781961	4	4	0.41891778	1.6338486748415741e-25	hyper	3.386956377043847e-25	true	NM_001324511	ADAMTS12	intron	110108.5	ADAMTS12	110109	ADAMTS12	intron
chr5	38264249	38264325	3	3	0.48588243	5.352584635011306e-21	hyper	8.231772759981287e-21	true	NM_152403	EGFLAM	intron	5729.0	EGFLAM	5729	EGFLAM	intron
chr5	41419233	41419346	3	3	0.3855009	1.2183922997538212e-17	hyper	1.5110192713104157e-17	true	NM_001005473	PLCXD3	intron	91311.5	PLCXD3	91312	PLCXD3	intron
chr5	51574008	51574216	4	4	-0.3546976	1.504576927930944e-24	hypo	2.9002252094958465e-24	true	""	""	intergenic	NaN	ISL1	190665	""	""
chr5	66440153	66440314	4	4	0.3982935	5.919695970809698e-23	hyper	1.0251180827499721e-22	true	""	""	intergenic	NaN	LINC02229	71371	""	""
chr5	72495571	72495676	4	4	0.37335736	5.907220724567394e-22	hyper	9.641670607914598e-22	true	NM_152625	ZNF366	intron	11786.5	ZNF366	11787	ZNF366	intron
chr5	76867041	76867127	3	3	0.36239395	4.039819268256817e-17	hyper	4.8960540776028566e-17	true	NM_130772	S100Z	intron	17071.0	S100Z	17071	S100Z	intron
chr5	78103363	78103499	4	4	0.30230764	2.6345171922120625e-25	hyper	5.369877147762386e-25	true	NM_003664	AP3B1	intron	191267.0	LOC101929154	145185	AP3B1	intron
chr5	78915351	78915438	3	3	0.35052964	1.692665573864622e-16	hyper	1.9656398212768835e-16	true	NM_000046	ARSB	intron	69915.5	ARSB	69916	ARSB	intron
chr5	81167602	81167675	3	3	0.5000755	3.33887488630246e-20	hyper	4.7730224884726444e-20	true	NM_006909	RASGRF2	intron	207276.5	CKMT2	-65681	RASGRF2	intron
chr5	83941105	83941245	4	4	0.4880792	5.093472476686188e-25	hyper	1.0210914235615605e-24	true	NM_001278642	EDIL3	exon	443692.0	HAPLN1	-220320	EDIL3	exon
chr5	88089990	88090140	4	4	0.44437698	8.709575574838892e-24	hyper	1.595819008551126e-23	true	""	""	intergenic	NaN	TMEM161B	178780	""	""
chr5	93821215	93821273	3	3	0.2760164	1.6862634095514154e-17	hyper	2.08519074736982e-17	true	NR_028080	FAM172A	intron	290455.0	POU5F2	-79644	FAM172A	intron;noncoding
chr5	100774933	100775179	11	11	0.617244	3.4311491230833023e-127	hyper	1.4616695264334868e-125	true	""	""	intergenic	NaN	MIR548P	41509	""	""
chr5	101364588	101364688	4	4	0.34292534	2.798072414112993e-24	hyper	5.309482620989465e-24	true	""	""	intergenic	NaN	ST8SIA4	-461356	""	""
chr5	107651438	107651638	6	6	0.3878328	9.891750046150955e-34	hyper	3.1683349771882005e-33	true	NM_001962	EFNA5	intron	19399.0	EFNA5	19399	EFNA5	intron
chr5	107668623	107668741	3	3	0.43436146	1.1491543625905138e-16	hyper	1.357946625419026e-16	true	NM_001962	EFNA5	intron	2255.0	EFNA5	2255	EFNA5	intron
chr5	113924986	113925140	3	3	-0.2765369	9.101166341989902e-17	hypo	1.0814775067469172e-16	true	""	""	intergenic	NaN	KCNN2	-130914	""	""
chr5	125315142	125315205	3	3	0.28460002	1.1479075401477244e-14	hyper	1.1698770624472025e-14	true	NR_109882	LOC101927421	intron	278343.5	LINC02240	-178087	LOC101927421	intron;noncoding
chr5	135112468	135112585	4	4	-0.38658434	3.2095313808644373e-19	hypo	4.29281120329121e-19	true	NR_161235	C5orf66	intron	79253.5	C5orf66-AS1	-72479	C5orf66	intron;noncoding
chr5	155884144	155884202	4	4	-0.5001515	1.5377563974682695e-27	hypo	3.629275486545611e-27	true	""	""	intergenic	NaN	SGCD	-442990	""	""
chr5	158977947	158978016	3	3	0.78122187	4.793255427808164e-50	hyper	3.1657780034826013e-49	true	NM_001364155	EBF1	intron	121798.5	EBF1	119975	EBF1	intron
chr5	158978171	158978341	12	12	0.8067685	7.721583206920648e-227	hyper	1.3157577784592785e-224	true	NM_001324103	EBF1	intron	121660.0	EBF1	119700	EBF1	intron
chr5	158979491	158979596	4	4	0.53240085	6.982255552688262e-30	hyper	1.836074608299506e-29	true	NM_001290360	EBF1	intron	120372.5	EBF1	118413	EBF1	intron
chr5	162948868	162948985	4	4	0.35342517	2.4066747948495162e-24	hyper	4.587219072062165e-24	true	""	""	intergenic	NaN	CCNG1	-488644	""	""
chr5	164253737	164253838	3	3	0.30957323	1.4888223653154402e-16	hyper	1.7376392537654177e-16	true	""	""	intergenic	NaN	LINC02143	213615	""	""
chr5	167575757	167575808	3	3	0.3079118	4.807136297132871e-16	hyper	5.374908300731242e-16	true	NM_001368146	TENM2	intron	2124.5	TENM2	2124	TENM2	intron
chr5	172156680	172156914	10	10	0.47093502	9.899534081139723e-62	hyper	1.0412843255717338e-60	true	NM_005990	STK10	exon	31427.0	STK10	31427	STK10	exon;intron
chr5	175248699	175248802	4	4	0.48090893	1.1519948530233426e-33	hyper	3.676028519759879e-33	true	""	""	intergenic	NaN	DRD1	195432	""	""
chr5	180724624	180724708	3	3	0.42474067	6.94131773583787e-20	hyper	9.711006093487463e-20	true	""	""	intergenic	NaN	OR2Y1	15392	""	""
chr6	999589	999785	8	8	0.3471474	1.0400005722382195e-37	hyper	4.009413970800737e-37	true	NR_027116	LINC01622	intron	101645.0	LINC01622	101645	LINC01622	intron;noncoding
chr6	1056231	1056284	3	3	0.44822064	7.026038911812349e-16	hyper	7.764183077644775e-16	true	NR_027115	LINC01622	intron	45074.5	LINC01622	45075	LINC01622	intron;noncoding
chr6	1665969	1666292	9	9	0.37635803	1.9842504860869652e-50	hyper	1.3417312810683288e-49	true	NM_001500	GMDS	intron	579474.5	FOXC1	56216	GMDS	intron
chr6	3009105	3009311	9	9	0.4135238	1.1485433571402215e-50	hyper	8.087263969284866e-50	true	NM_001290222	NQO2	intron	9393.0	NQO2	9051	NQO2	intron
chr6	3340326	3340429	5	5	0.3995293	1.6445862545259553e-27	hyper	3.870683670873243e-27	true	NR_104448	SLC22A23	intron	104635.5	SLC22A23	-16227	SLC22A23	intron;noncoding
chr6	3340546	3340766	9	9	0.5256552	1.0324130115016988e-90	hyper	2.145404599510847e-89	true	NM_015482	SLC22A23	intron	116394.0	SLC22A23	-16506	SLC22A23	intron;noncoding
chr6	14754852	14755258	18	18	0.64555764	9.662145076947435e-200	hyper	1.176021086508459e-197	true	""	""	intergenic	NaN	LINC01108	-469601	""	""
chr6	15266362	15266562	6	6	0.48212156	2.55870526634866e-32	hyper	7.703239883141547e-32	true	NM_004973	JARID2	intron	20394.0	JARID2	17608	JARID2	intron
chr6	16768939	16769048	5	5	0.48368305	1.485526716655466e-25	hyper	3.1097512594360123e-25	true	""	""	intergenic	NaN	ATXN1	-7503	""	""
chr6	27977660	27977803	6	6	0.5692426	2.1725490325176465e-56	hyper	1.928137266359411e-55	true	""	""	intergenic	NaN	OR2B6	20491	""	""
chr6	28001844	28001962	5	5	0.46715036	1.454928219723593e-30	hyper	4.01164674176214e-30	true	""	""	intergenic	NaN	OR2B6	44663	""	""
chr6	31087192	31087302	5	5	0.3667813	2.709171273973749e-25	hyper	5.508863783832062e-25	true	""	""	intergenic	NaN	CDSN	33199	""	""
chr6	37542129	37542504	7	7	0.42094067	2.0795191642638213e-38	hyper	8.318076657055285e-38	true	""	""	intergenic	NaN	MIR4462	13106	""	""
chr6	50840505	50840668	4	4	-0.33536232	2.289430887616566e-20	hypo	3.317338633077065e-20	true	NM_003221	TFAP2B	intron	21716.5	TFAP2B	21716	TFAP2B	intron
chr6	55874470	55874736	8	8	0.68759465	4.720035898059157e-130	hyper	2.1165634658665271e-128	true	NM_021073	BMP5	exon	987.0	BMP5	987	BMP5	exon
chr6	60737476	60737563	3	3	0.40935683	2.595166294790802e-22	hyper	4.326970025756875e-22	true	""	""	intergenic	NaN	MTRNR2L9	-836610	""	""
chr6	67257183	67257290	3	3	0.24854314	3.7126386750289856e-16	hyper	4.189626690231385e-16	true	""	""	intergenic	NaN	LOC102723883	-798114	""	""
chr6	71664270	71664375	3	3	0.36703864	4.909764999448994e-18	hyper	6.160706597246749e-18	true	""	""	intergenic	NaN	RIMS1	-222380	""	""
chr6	75156346	75156438	5	5	0.48436767	2.398412697272851e-47	hyper	1.428984348305223e-46	true	NM_004370	COL12A1	exon	49661.0	SNORD156	-27610	COL12A1	exon;intron
chr6	79334846	79334914	4	4	-0.63354886	3.120014542241809e-23	hypo	5.572856163501093e-23	true	""	""	intergenic	NaN	LCAL1	-21496	""	""
chr6	83429920	83430083	6	6	0.40863046	1.6455378896249182e-34	hyper	5.47655578890793e-34	true	NM_002395	ME1	intron	1049.5	ME1	1050	ME1	intron
chr6	84263748	84263804	3	3	0.50545895	5.814647523400176e-22	hyper	9.508790191817563e-22	true	""	""	intergenic	NaN	CEP162	-36133	""	""
chr6	88006570	88006736	6	6	0.6125798	1.4158803518014765e-34	hyper	4.768103002904577e-34	true	""	""	intergenic	NaN	SPACA1	-41187	""	""
chr6	89269027	89269148	4	4	0.35534757	3.749210051565697e-21	hyper	5.7973266133102984e-21	true	NM_002043	GABRR2	exon	46211.5	GABRR1	-37799	GABRR2	exon
chr6	92208584	92208665	5	5	-0.39806294	7.250417469306832e-41	hypo	3.2858274914092665e-40	true	""	""	intergenic	NaN	CASC6	-518196	""	""
chr6	100538913	100538964	3	3	0.496653	1.6935793566331485e-22	hyper	2.8572863601018664e-22	true	NM_006828	ASCC3	intron	342390.5	SIM1	-74017	ASCC3	intron
chr6	104162119	104162182	3	3	0.38494095	1.6934033202080193e-16	hyper	1.9656398212768835e-16	true	""	""	intergenic	NaN	HACE1	697396	""	""
chr6	104576027	104576164	3	3	0.37752318	1.5316485772335963e-20	hyper	2.2499389444879725e-20	true	""	""	intergenic	NaN	HACE1	283451	""	""
chr6	108174413	108176264	100	100	0.5668814	0.0	hyper	0.0	true	NM_003269	NR2E1	exon	9317.5	NR2E1	7316	NR2E1	exon;intron
chr6	108176504	108176861	29	29	0.6885428	2.0356440752050394e-187	hyper	2.167960940093367e-185	true	NM_003269	NR2E1	exon	10661.5	NR2E1	8660	NR2E1	exon;intron
chr6	112879681	112879863	5	5	0.48891163	2.5639163487752997e-31	hyper	7.37992138228566e-31	true	""	""	intergenic	NaN	RFPL4B	532443	""	""
chr6	112879963	112880056	7	7	0.63756645	2.572532681819098e-43	hyper	1.266935170468134e-42	true	""	""	intergenic	NaN	RFPL4B	532680	""	""
chr6	117396290	117396409	3	3	0.3612438	4.39602057059247e-18	hyper	5.5323626678652655e-18	true	NM_001378902	ROS1	intron	29592.5	ROS1	29593	ROS1	intron
chr6	121048750	121048872	4	4	0.42065296	1.5220915224718933e-26	hyper	3.39482192970171e-26	true	""	""	intergenic	NaN	TBC1D32	285669	""	""
chr6	125918901	125919018	3	3	-0.43287608	1.6918170739392732e-14	hypo	1.7058321266227938e-14	true	NM_001199622	NCOA7	promoter	-294.5	NCOA7	-295	NCOA7	intron;promoter
chr6	126091266	126091328	4	4	0.4671334	2.807860014042827e-21	hyper	4.381495846088807e-21	true	""	""	intergenic	NaN	TRMT11	104758	""	""
chr6	126963371	126963557	5	5	0.34608477	5.572522811573648e-24	hyper	1.036635247917194e-23	true	""	""	intergenic	NaN	RSPO3	-155206	""	""
chr6	130632740	130632897	4	4	0.37979773	4.159921258834305e-25	hyper	8.398703584186797e-25	true	""	""	intergenic	NaN	SMLR1	-194587	""	""
chr6	135811795	135811907	3	3	0.4423708	5.294352798710147e-18	hyper	6.6335126242662434e-18	true	""	""	intergenic	NaN	PDE7B	-39849	""	""
chr6	136193468	136193575	4	4	0.33504793	8.492989122209756e-23	hyper	1.453017416088898e-22	true	NM_018945	PDE7B	exon	341821.5	MTFR2	56790	PDE7B	exon
chr6	137340778	137340883	4	4	0.5813273	1.6121858926246067e-62	hyper	1.7387118740710947e-61	true	""	""	intergenic	NaN	IFNGR1	-121445	""	""
chr6	137363072	137363329	9	9	0.47591913	4.426881282227084e-49	hyper	2.793853964783315e-48	true	""	""	intergenic	NaN	OLIG3	131194	""	""
chr6	138508143	138508335	5	5	0.40873948	3.211837590464021e-26	hyper	6.99868446822339e-26	true	NM_020464	NHSL1	intron	64330.0	NHSL1	-8745	NHSL1	intron
chr6	138543859	138543960	4	4	0.35389668	5.703695579689983e-22	hyper	9.345285834415126e-22	true	NM_020464	NHSL1	intron	28659.5	NHSL1	28660	NHSL1	intron
chr6	138560178	138560444	6	6	0.38934076	1.7180432637191703e-32	hyper	5.246497708561767e-32	true	NM_020464	NHSL1	intron	12258.0	NHSL1	12258	NHSL1	intron
chr6	144841019	144841136	4	4	0.49793622	1.1720987759683962e-22	hyper	1.989299117779031e-22	true	NM_001375323	UTRN	intron	257930.5	UTRN	257930	UTRN	intron
chr6	148422245	148422487	5	5	-0.5783587	3.499488588601121e-23	hypo	6.185818003087459e-23	true	NM_001346505	SASH1	intron	150039.0	SASH1	79529	SASH1	intron
chr6	151021770	151021879	4	4	0.34797966	7.029694694181485e-21	hyper	1.0600530760075443e-20	true	NR_146719	MTHFD1L	intron	156146.5	MTHFD1L	14817	MTHFD1L	intron;noncoding
chr6	151375051	151375170	5	5	0.50273424	4.841530008234939e-30	hyper	1.2890573646925526e-29	true	NM_020861	ZBTB2	intron	16448.5	ZBTB2	16449	ZBTB2	intron
chr6	152104522	152104580	3	3	0.52856576	3.144856140055729e-39	hyper	1.3397087156637407e-38	true	NM_001328100	ESR1	intron	295445.0	SYNE1	63736	ESR1	intron
chr6	154042078	154042231	3	3	-0.4526094	2.8589185519675697e-17	hypo	3.484690423857467e-17	true	NM_001145284	OPRM1	intron	2744.5	OPRM1	2744	OPRM1	intron;noncoding
chr6	155121521	155121590	3	3	0.41988125	1.2841874393330276e-17	hyper	1.5903018870810167e-17	true	NM_012454	TIAM2	intron	126241.5	TIAM2	14569	TIAM2	intron
chr6	155123326	155123394	3	3	0.45386216	1.0135292407843542e-20	hyper	1.507027771637469e-20	true	NM_001384546	TIAM2	intron	109597.0	TIAM2	16374	TIAM2	intron
chr6	158301492	158301558	3	3	-0.4166275	6.622326811563703e-20	hypo	9.279971124099136e-20	true	""	""	intergenic	NaN	TULP4	-10939	""	""
chr6	159519556	159519703	3	3	0.4620786	1.6056623805303787e-26	hyper	3.5456418162545243e-26	true	""	""	intergenic	NaN	LINC02529	136099	""	""
chr6	162689137	162689272	3	3	0.29044133	1.1341130110530464e-18	hyper	1.4640367960866599e-18	true	NM_013988	PRKN	intron	38561.5	PACRG	-37927	PRKN	intron
chr6	163341311	163341368	4	4	0.40938258	4.204460758641222e-20	hyper	5.970334277270535e-20	true	NR_033862	DKFZp451B082	exon	5693.5	DKFZp451B082	5694	DKFZp451B082	exon;noncoding
chr6	163341979	163342270	7	7	0.49396196	1.0423913105882097e-49	hyper	6.779522111611867e-49	true	NR_033862	DKFZp451B082	exon	4908.5	DKFZp451B082	4909	DKFZp451B082	exon;noncoding
chr6	164150468	164150520	4	4	-0.317123	6.4707807215648325e-19	hypo	8.521028090839625e-19	true	""	""	intergenic	NaN	LOC102724152	-479010	""	""
chr6	165126143	165126311	4	4	0.37857923	2.0941573174304505e-27	hyper	4.901708885853692e-27	true	""	""	intergenic	NaN	C6orf118	183378	""	""
chr6	166905204	166905279	3	3	0.4605237	2.0656236487301078e-17	hyper	2.543224492367127e-17	true	NR_046644	RPS6KA2-AS1	TTS	1544.5	RPS6KA2-AS1	1544	RPS6KA2-AS1	TTS
chr6	167278867	167278980	3	3	0.34809294	3.4697558188858865e-16	hyper	3.925938854835027e-16	true	""	""	intergenic	NaN	UNC93A	-12391	""	""
chr6	167834494	167834582	3	3	0.45828494	3.538876211081901e-16	hyper	3.998836249127028e-16	true	NM_001366319	AFDN	intron	7975.0	AFDN	6904	AFDN	intron
chr6	168158361	168158483	5	5	0.40426785	1.5376383565168296e-23	hyper	2.787378467558168e-23	true	""	""	intergenic	NaN	LOC105378137	68095	""	""
chr6	168280264	168280655	14	14	0.47108427	3.951530225745954e-79	hyper	6.6013799065403e-78	true	""	""	intergenic	NaN	LOC101929420	37522	""	""
chr6	170184290	170184362	3	3	0.5297028	7.303577038811559e-22	hyper	1.1696706084713247e-21	true	""	""	intergenic	NaN	LOC102724511	23685	""	""
chr7	6997095	6997173	3	3	-0.38575712	5.97934585684102e-20	hypo	8.40660506605371e-20	true	""	""	intergenic	NaN	MIR3683	69911	""	""
chr7	16678731	16678992	7	7	0.59378856	1.8918401103403804e-33	hyper	5.947777763874554e-33	true	NM_001159767	BZW2	intron	32728.5	BZW2	17648	BZW2	intron
chr7	20336074	20336301	12	12	0.36983886	2.7178256795783787e-61	hyper	2.756651760715213e-60	true	NM_002214	ITGB8	intron	5288.5	LOC101927811	-4425	ITGB8	intron
chr7	20794653	20794793	8	8	0.390409	4.604177007030993e-39	hyper	1.932393502458328e-38	true	""	""	intergenic	NaN	SP8	-7837	""	""
chr7	25385298	25385352	6	6	-0.6649576	6.498161943249955e-29	hypo	1.6188403437570062e-28	true	""	""	intergenic	NaN	NPVF	-156839	""	""
chr7	31935680	31935757	3	3	0.34795853	1.66085399355538e-14	hyper	1.6765966854374214e-14	true	NM_001322056	PDE1C	intron	135717.5	PDE1C	134689	PDE1C	intron
chr7	32068743	32069051	8	8	0.42849025	1.8821886688691864e-41	hyper	8.715351879763842e-41	true	NM_001322056	PDE1C	intron	2539.0	PDE1C	1510	PDE1C	intron
chr7	38590108	38590205	3	3	0.38585457	9.182082609376984e-15	hyper	9.425463112276132e-15	true	NM_001635	AMPH	intron	41216.5	AMPH	41217	AMPH	intron
chr7	40828783	40829037	8	8	0.52240384	1.0936864022133452e-61	hyper	1.1363668471777683e-60	true	NM_001193311	SUGCT	intron	693906.0	LINC01450	151029	SUGCT	intron
chr7	41783265	41783688	9	9	0.52419174	2.923744932032778e-77	hyper	4.7904436194075516e-76	true	""	""	intergenic	NaN	INHBA	-80386	""	""
chr7	47507572	47507634	4	4	0.43673986	1.1238759585358161e-19	hyper	1.544423091407283e-19	true	NM_022748	TNS3	intron	74508.0	SNORD151	-42800	TNS3	intron
chr7	66679156	66679266	3	3	0.4456822	8.789252859791722e-17	hyper	1.047334746369587e-16	true	NM_001367725	RABGEF1	intron	24645.0	RABGEF1	-2954	RABGEF1	intron
chr7	67123627	67123818	4	4	0.3727643	7.093298938419875e-25	hyper	1.4087390898680031e-24	true	NR_134540	TYW1	intron	126918.5	MIR4650-2	-9325	TYW1	intron;noncoding
chr7	71046433	71046542	3	3	-0.29632816	6.123497631117542e-16	hypo	6.793255184521022e-16	true	""	""	intergenic	NaN	GALNT17	-85656	""	""
chr7	71390215	71390346	5	5	-0.46334592	3.2273878050347723e-23	hypo	5.740572880771663e-23	true	NM_022479	GALNT17	intron	258137.5	MIR3914-1	-82510	GALNT17	intron
chr7	71570221	71570282	3	3	0.40079367	7.164197655720576e-17	hyper	8.560864519879286e-17	true	NM_022479	GALNT17	intron	438108.5	MIR3914-1	-262481	GALNT17	intron
chr7	72918144	72918391	11	11	0.6017339	2.878275360355539e-101	hyper	7.006544591494054e-100	true	NM_001257190	POM121	intron	38911.5	POM121	27641	POM121	intron
chr7	84469025	84469121	3	3	0.29119596	4.191964552303336e-15	hyper	4.387658229192189e-15	true	""	""	intergenic	NaN	LOC101927378	-63402	""	""
chr7	93142958	93143042	4	4	0.41981053	1.9150151665695564e-26	hyper	4.205136396693974e-26	true	NM_001350083	SAMD9L	intron	5385.0	SAMD9L	5385	SAMD9L	intron
chr7	93889094	93889206	5	5	0.27071178	2.2129588425279223e-24	hyper	4.227446039986076e-24	true	NR_134235	TFPI2-DT	promoter	-1743.0	TFPI2	1603	TFPI2;TFPI2-DT	exon;promoter
chr7	93923359	93923519	5	5	0.58072263	1.1621182772801475e-27	hyper	2.765711654309178e-27	true	NM_004126	GNG11	intron	1705.0	GNG11	1705	GNG11	intron
chr7	94395947	94396051	4	4	0.6064364	2.694865622023134e-52	hyper	2.03188098226877e-51	true	NM_000089	COL1A2	intron	1105.0	COL1A2	1105	COL1A2	intron
chr7	97887160	97887251	5	5	0.47236902	6.811161999484943e-39	hyper	2.8034347939909037e-38	true	NM_001352496	ASNS	intron	41235.5	ASNS	-14663	ASNS;CZ1P-ASNS	intron;noncoding
chr7	104768642	104768758	3	3	0.5053773	1.2017203413069605e-20	hyper	1.7775446715165458e-20	true	NM_199000	LHFPL3	intron	440045.0	LHFPL3-AS1	35392	LHFPL3	intron
chr7	107386233	107386545	17	17	0.5479511	3.8603044240168883e-122	hyper	1.429991030114082e-120	true	NM_001161520	COG5	intron	177531.0	GPR22	-83667	COG5	intron
chr7	110295826	110295966	4	4	0.39756876	5.974089811962031e-21	hyper	9.089150928199374e-21	true	""	""	intergenic	NaN	EIF3IP1	-335683	""	""
chr7	116193499	116193608	4	4	-0.28175223	1.0252952282665916e-20	hypo	1.521866784813826e-20	true	""	""	intergenic	NaN	TES	-16985	""	""
chr7	117226102	117226321	6	6	0.38808692	1.687061056207108e-30	hyper	4.60697442271941e-30	true	NM_018412	ST7	intron	272711.5	ST7-OT3	43531	ST7	intron;noncoding
chr7	128250140	128250197	3	3	-0.5279053	3.0683404174449224e-16	hypo	3.4949545931324515e-16	true	NM_000230	LEP	intron	8891.5	LEP	8891	LEP	intron
chr7	130895068	130895189	3	3	0.44301954	8.498416736313521e-16	hyper	9.342775560437574e-16	true	NR_110473	LINC-PINT	intron	18181.5	MIR29B1	-17589	LINC-PINT	intron;noncoding
chr7	131218723	131218882	4	4	0.46276847	1.8923804495775652e-22	hyper	3.1800949566865595e-22	true	NM_001145354	MKLN1	intron	108709.5	MKLN1	108709	MKLN1	intron
chr7	136137043	136137135	5	5	0.5073635	3.8528643937685085e-44	hyper	1.9539526568397436e-43	true	""	""	intergenic	NaN	LUZP6	-159730	""	""
chr7	137304950	137305170	8	8	0.3854383	1.1415920989859597e-37	hyper	4.381245352865035e-37	true	NM_002825	PTN	intron	38673.0	PTN	-36205	PTN	intron
chr7	139731922	139732013	3	3	-0.5277588	5.524304666627461e-16	hypo	6.144526861575192e-16	true	NM_022740	HIPK2	intron	46030.5	HIPK2	46031	HIPK2	intron
chr7	143776367	143776474	4	4	0.26213962	7.958987540015611e-20	hyper	1.1080159124335457e-19	true	NM_001130026	TCAF2	intron	44593.5	CTAGE6	-18724	TCAF2	intron
chr7	148400273	148400350	6	6	0.38900223	1.7250760294533277e-29	hyper	4.4270023406452864e-29	true	""	""	intergenic	NaN	C7orf33	-190454	""	""
chr7	150596065	150596134	3	3	-0.46343073	1.1063835646398095e-14	hypo	1.1289087390097218e-14	true	""	""	intergenic	NaN	GIMAP4	28710	""	""
chr7	151792732	151792797	3	3	0.363755	1.618984419318388e-14	hyper	1.636268950485488e-14	true	NM_016203	PRKAG2	intron	84350.5	LOC644090	-13573	PRKAG2	intron
chr7	154452992	154453235	10	10	0.3699788	1.1771870479367582e-57	hyper	1.090177570480563e-56	true	NM_001364499	DPP6	intron	704981.5	DPP6	147955	DPP6	intron;noncoding
chr7	155492042	155492228	8	8	0.45182365	9.570695548554903e-37	hyper	3.499670646939389e-36	true	""	""	intergenic	NaN	CNPY1	17739	""	""
chr7	155507941	155508070	3	3	-0.35017195	8.532095509486956e-20	hypo	1.1800885347537153e-19	true	NR_163161	CNPY1	intron	2156.5	CNPY1	1869	CNPY1	intron;noncoding
chr7	155789845	155790233	23	23	0.5384343	3.2863117307086125e-144	hyper	1.999955424688384e-142	true	""	""	intergenic	NaN	SHH	19124	""	""
chr7	155824595	155824721	6	6	0.3724538	9.909447579850954e-30	hyper	2.59779979631785e-29	true	""	""	intergenic	NaN	SHH	-12195	""	""
chr8	384903	385127	6	6	-0.48112047	1.0055169794104529e-45	hypo	5.491669656780165e-45	true	NR_103537	FAM87A	promoter	-1841.0	FAM87A	-1841	FAM87A	promoter
chr8	1453966	1454401	16	16	0.54254144	1.6022426704299713e-114	hyper	5.460443020825342e-113	true	NM_001346810	DLGAP2	intron	716556.5	LOC286083	-151576	DLGAP2	intron
chr8	1455663	1455940	14	14	0.48869014	8.941584290753545e-72	hyper	1.1903484087065656e-70	true	NM_001346810	DLGAP2	intron	718174.5	LOC286083	-153194	DLGAP2	intron
chr8	1468972	1469072	3	3	0.43308565	1.374439289856801e-15	hyper	1.4841853928491692e-15	true	NM_001346810	DLGAP2	intron	731395.0	DLGAP2-AS1	152642	DLGAP2	intron
chr8	5500507	5500589	3	3	0.6070782	1.2967638376959758e-16	hyper	1.5176411946661695e-16	true	""	""	intergenic	NaN	CSMD1	-505634	""	""
chr8	6420800	6420897	4	4	0.40422347	5.598484572107132e-21	hyper	8.563570656077694e-21	true	NM_024596	MCPH1	intron	14222.5	MCPH1	13696	MCPH1	intron;noncoding
chr8	11226864	11226968	6	6	-0.43647107	3.3384916993268917e-34	hypo	1.0939980491640428e-33	true	""	""	intergenic	NaN	XKR6	-25083	""	""
chr8	13767894	13768016	3	3	0.35658097	2.416348794541031e-16	hyper	2.7783119742900923e-16	true	""	""	intergenic	NaN	LOC102725080	138266	""	""
chr8	16859192	16859279	4	4	0.3381268	6.661543174958449e-22	hyper	1.0790180199742582e-21	true	""	""	intergenic	NaN	FGF20	143110	""	""
chr8	18556247	18556305	5	5	0.3557154	1.011587053745114e-28	hyper	2.490960028297217e-28	true	NM_001362819	PSD3	exon	330781.0	NAT2	164995	PSD3	exon
chr8	19872009	19872135	4	4	0.40841395	1.7005690841039698e-25	hyper	3.5167108244091806e-25	true	""	""	intergenic	NaN	INTS10	54657	""	""
chr8	24351355	24351543	5	5	0.36773622	4.355142743831426e-25	hyper	8.77206056204344e-25	true	NM_014265	ADAM28	intron	57381.0	ADAMDEC1	-32835	ADAM28;LOC101929294	intron;noncoding
chr8	27595379	27595573	7	7	0.38647202	4.070915037181672e-36	hyper	1.4451748381994935e-35	true	""	""	intergenic	NaN	MIR6843	15275	""	""
chr8	29542265	29542315	3	3	0.39475617	2.6007957086645396e-16	hyper	2.9743328104458894e-16	true	""	""	intergenic	NaN	DUSP4	-191606	""	""
chr8	29778218	29778269	4	4	-0.39253318	7.643293999686924e-23	hypo	1.310278971374901e-22	true	NR_125814	LINC02099	intron	29935.5	LINC02099	29935	LINC02099	intron;noncoding
chr8	35503902	35503985	3	3	-0.3740171	3.166567107130188e-19	hypo	4.242004992570629e-19	true	NM_080872	UNC5D	intron	268469.5	UNC5D	-40448	UNC5D	intron
chr8	35794269	35794339	3	3	0.4288217	1.3827410840354307e-24	hyper	2.683588618674685e-24	true	NM_080872	UNC5D	exon	558830.0	LOC101929550	-83984	UNC5D	exon
chr8	35794490	35794567	4	4	0.42838356	3.2878911905331895e-31	hyper	9.40027951118885e-31	true	NM_080872	UNC5D	exon	559054.5	LOC101929550	-84208	UNC5D	exon
chr8	35794863	35794921	3	3	0.36810264	1.892072217294459e-19	hyper	2.5834062966905114e-19	true	NM_001322818	UNC5D	exon	250501.0	LOC101929550	-84572	UNC5D	exon
chr8	38790895	38790965	3	3	0.30473092	7.794238125018821e-15	hyper	8.02015807067154e-15	true	NM_001352779	TACC1	intron	3695.0	TACC1	2825	TACC1	intron;noncoding
chr8	40901431	40901525	3	3	0.47713032	6.203399856905968e-26	hyper	1.3380497919199708e-25	true	""	""	intergenic	NaN	ZMAT4	-3652	""	""
chr8	48683147	48683324	11	11	0.45493326	1.1515070162187353e-55	hyper	9.61847037076826e-55	true	NR_105002	LOC101929268	intron	131669.5	EFCAB1	52033	LOC101929268	intron;noncoding
chr8	53511037	53511176	3	3	0.44215155	5.780549569725484e-21	hyper	8.826215472053964e-21	true	NR_149032	LOC100507516	TTS	12858.5	LOC100507516	12859	LOC100507516	TTS
chr8	65143371	65143457	4	4	0.41336375	2.016187434143512e-21	hyper	3.163520614899212e-21	true	""	""	intergenic	NaN	LINC00251	36926	""	""
chr8	67587042	67587138	4	4	-0.26216698	2.2652109634406703e-19	hypo	3.073184300718871e-19	true	NM_020361	CPA6	intron	159270.0	CPA6	159270	CPA6	intron
chr8	71227488	71227621	3	3	0.27069172	3.530114613745125e-18	hyper	4.469030684860099e-18	true	NM_001370334	EYA1	intron	320149.5	EYA1	129152	EYA1	intron
chr8	71228095	71228183	3	3	0.32484436	8.708414495210071e-15	hyper	8.950023100022896e-15	true	NM_000503	EYA1	intron	133930.0	EYA1	128567	EYA1	intron
chr8	71966109	71966175	5	5	-0.4465282	4.863432993087399e-29	hypo	1.21871909120896e-28	true	NR_033652	MSC-AS1	intron	123020.0	TRPA1	109442	MSC-AS1	intron;noncoding
chr8	95499334	95499429	3	3	-0.27449703	9.070045134442096e-16	hypo	9.945532116531103e-16	true	NR_038209	C8orf37-AS1	intron	230546.5	C8orf37	-230180	C8orf37-AS1	intron;noncoding
chr8	97190835	97190953	4	4	0.38955048	1.6090348223505064e-24	hyper	3.094577130118807e-24	true	NR_125390	LOC101927066	intron	255603.0	TSPYL5	87034	LOC101927066	intron;noncoding
chr8	102108438	102108610	6	6	0.37939608	1.1430007274647233e-34	hyper	3.86443103095216e-34	true	NM_001040624	NCALD	intron	15810.0	NCALD	15810	NCALD	intron
chr8	112059237	112059362	4	4	-0.32484668	2.6843686132596877e-23	hypo	4.80479424054045e-23	true	""	""	intergenic	NaN	MIR2053	-584193	""	""
chr8	118802995	118803103	3	3	0.3014053	1.4497211553371862e-15	hyper	1.5615201319181829e-15	true	""	""	intergenic	NaN	TNFRSF11B	148836	""	""
chr8	119671911	119672693	20	20	0.60271704	2.2392666938310565e-153	hyper	1.7344138392218727e-151	true	NM_001330600	ENPP2	intron	1088.0	ENPP2	1088	ENPP2	intron
chr8	124143095	124143305	7	7	0.43994305	1.883673857022816e-40	hyper	8.315492881779478e-40	true	NR_103547	FER1L6-AS2	intron	28322.0	FER1L6-AS2	28322	FER1L6-AS2	intron;noncoding
chr8	124197865	124197971	4	4	0.45612717	1.76271338638599e-25	hyper	3.636396622762381e-25	true	NR_125420	LOC101927588	intron	49480.0	FER1L6-AS2	-26396	LOC101927588	intron;noncoding
chr8	140057892	140058077	8	8	0.4510674	2.7327745764171267e-41	hyper	1.2517870640362322e-40	true	NM_001374682	TRAPPC9	intron	399759.5	PEG13	42551	TRAPPC9	intron;noncoding
chr8	143060450	143060520	3	3	0.42507717	1.4543160886278313e-15	hyper	1.5644915498875156e-15	true	""	""	intergenic	NaN	C8orf31	21277	""	""
chr8	143895565	143895811	6	6	-0.36528388	1.597115345526833e-40	hypo	7.1243051015123655e-40	true	""	""	intergenic	NaN	EPPK1	-17221	""	""
chr9	735014	735130	3	3	0.36389232	1.3144727012748914e-16	hyper	1.5362561611607784e-16	true	NM_001354344	KANK1	intron	28396.0	KANK1	28396	KANK1	intron;noncoding
chr9	963255	963410	6	6	-0.3668989	2.8661483804377307e-33	hypo	8.977788309312303e-33	true	NM_001363767	DMRT1	intron	120044.5	DMRT3	-13322	DMRT1	intron
chr9	975443	975626	5	5	0.33606344	6.469489563063536e-25	hyper	1.2878516606846105e-24	true	NM_021240	DMRT3	promoter	-1119.5	DMRT3	-1120	DMRT3	promoter
chr9	4622059	4622242	7	7	0.4327119	5.391462430792735e-38	hyper	2.107122014236427e-37	true	NR_148446	SPATA6L	intron	44329.5	SPATA6L	40073	SPATA6L	intron;noncoding
chr9	4622357	4622425	4	4	0.37462214	9.645816188718684e-22	hyper	1.5389953919079248e-21	true	NM_001353485	SPATA6L	exon	44089.0	SPATA6L	39832	SPATA6L	exon;intron;noncoding
chr9	5935389	5935514	3	3	0.39611194	1.337805480483915e-23	hyper	2.430299081817261e-23	true	NM_001017969	KIAA2026	intron	73030.5	MLANA	44563	KIAA2026	intron
chr9	20144406	20144505	6	6	0.52178156	5.3608960947914704e-45	hyper	2.8369462563741197e-44	true	""	""	intergenic	NaN	MIR4473	266783	""	""
chr9	20294319	20294475	4	4	-0.38689813	1.9519607832982162e-20	hypo	2.838004415307304e-20	true	""	""	intergenic	NaN	MIR4473	116841	""	""
chr9	23028181	23028270	3	3	-0.3219494	9.671898114364733e-15	hypo	9.892505634380255e-15	true	""	""	intergenic	NaN	LINC01239	382026	""	""
chr9	24024104	24024193	3	3	-0.26941872	2.5576054287508363e-16	hypo	2.9367652632017687e-16	true	""	""	intergenic	NaN	ELAVL2	-173547	""	""
chr9	31446309	31446362	4	4	0.4549906	1.839196004153828e-32	hyper	5.576494646046482e-32	true	""	""	intergenic	NaN	LINC01243	-64845	""	""
chr9	38422996	38423145	4	4	0.41976386	4.236683677299622e-22	hyper	6.99545444391333e-22	true	NM_001007563	IGFBPL1	intron	1383.5	IGFBPL1	1384	IGFBPL1	intron
chr9	38423346	38423463	3	3	0.45409465	7.777815952254072e-18	hyper	9.688156712456826e-18	true	NM_001007563	IGFBPL1	intron	1049.5	IGFBPL1	1050	IGFBPL1	intron
chr9	38533596	38533914	7	7	0.48045254	2.3365380013938303e-39	hyper	1.0003670237123334e-38	true	""	""	intergenic	NaN	FAM95C	11617	""	""
chr9	65694481	65694589	3	3	0.40620092	1.7370725427401527e-14	hyper	1.7473268080455847e-14	true	NM_001024916	CBWD5	intron	18702.0	CBWD5	18608	CBWD5	intron
chr9	66198959	66199089	4	4	0.42405307	1.2587423753641935e-22	hyper	2.13210438133259e-22	true	""	""	intergenic	NaN	LOC642929	-34118	""	""
chr9	73161060	73161161	4	4	0.37753603	1.4151691942991816e-28	hyper	3.4547970015555955e-28	true	NM_000700	ANXA1	intron	9246.5	ANXA1	9246	ANXA1	intron
chr9	84863415	84863487	3	3	0.43157744	1.2076253872118514e-26	hyper	2.7219492854616334e-26	true	NM_006180	NTRK2	intron	193723.0	NTRK2	157551	NTRK2	intron
chr9	85262698	85262886	4	4	0.35949534	1.6143492499202224e-31	hyper	4.678318234462685e-31	true	""	""	intergenic	NaN	AGTPBP1	479162	""	""
chr9	86154887	86154953	3	3	0.40350068	3.847721689833104e-15	hyper	4.03229874506495e-15	true	NR_110996	LOC101927623	intron	27381.0	LOC101927623	27381	LOC101927623	intron;noncoding
chr9	86676055	86676105	3	3	-0.35456347	1.6792269453573678e-16	hypo	1.9545100511536577e-16	true	""	""	intergenic	NaN	GAS1	271426	""	""
chr9	88993839	88993975	5	5	0.45532465	7.212967998358947e-28	hyper	1.7262496445510737e-27	true	NM_001001938	C9orf47	exon	3045.0	S1PR3	2440	C9orf47;S1PR3	exon;intron
chr9	91119856	91119982	3	3	0.32736716	1.828398613426043e-14	hyper	1.8370231351874863e-14	true	NR_135306	LINC00484	intron	858.0	LINC00484	858	LINC00484	intron;noncoding
chr9	91900284	91900654	25	25	0.5186832	5.3569899329307205e-127	hyper	2.1734073442176067e-125	true	NM_004560	ROR2	intron	49759.0	ROR2	49759	ROR2	intron
chr9	101385287	101385416	3	3	0.36774874	4.554896688977819e-18	hyper	5.723852476414604e-18	true	NM_001701	BAAT	promoter	-345.5	BAAT	-345	BAAT	promoter
chr9	111401247	111401351	6	6	0.54505396	2.678018342871302e-34	hyper	8.8095429657388e-34	true	NM_001364931	ECPAS	intron	82263.0	OR2K2	-71075	ECPAS	intron
chr9	111828226	111828352	4	4	0.5410542	5.833610494910566e-23	hyper	1.0122680532920167e-22	true	""	""	intergenic	NaN	SHOC1	-33352	""	""
chr9	114054371	114054579	7	7	0.43340987	2.7113705905922493e-38	hyper	1.074459415434696e-37	true	NM_001318042	ZNF618	exon	178167.0	AMBP	23825	ZNF618	exon
chr9	114060940	114061001	3	3	0.48990858	2.1658984998527976e-15	hyper	2.3009295783972364e-15	true	NM_001633	AMBP	exon	17329.5	AMBP	17330	AMBP	exon
chr9	114170630	114170889	9	9	0.48507822	4.775242409409707e-50	hyper	3.1657780034826013e-49	true	NM_032888	COL27A1	intron	15223.5	COL27A1	15223	COL27A1	intron
chr9	118594439	118594510	4	4	-0.4628949	1.3352665617015942e-24	hypo	2.5973678323510465e-24	true	""	""	intergenic	NaN	LINC02578	-85196	""	""
chr9	120084949	120085087	4	4	0.5149456	1.8701139377603333e-28	hyper	4.552391642776583e-28	true	""	""	intergenic	NaN	LINC01613	149959	""	""
chr9	121701015	121701075	5	5	0.5104071	3.90636182797825e-24	hyper	7.298728678590941e-24	true	NM_032552	DAB2IP	intron	133944.0	DAB2IP	-41739	DAB2IP	intron
chr9	124022759	124022869	12	12	0.5531346	6.367874832660831e-63	hyper	6.9556786633679845e-62	true	NM_004789	LHX2	intron	11047.0	LHX2	11047	LHX2	intron
chr9	132403400	132403454	3	3	0.45526692	4.3853931795156524e-20	hyper	6.206569749081953e-20	true	NM_007344	TTF1	intron	3413.0	TTF1	3413	TTF1	intron;noncoding
chr9	132403773	132403939	6	6	0.40226892	4.100705637274565e-45	hyper	2.183625751848706e-44	true	NM_007344	TTF1	intron	2984.0	TTF1	2984	TTF1	intron;noncoding
chr9	132434637	132434744	5	5	-0.4246952	3.8653031768355006e-30	hypo	1.0388764374333902e-29	true	NM_001282957	CFAP77	intron	24480.5	CFAP77	24480	CFAP77	intron
chr9	132466508	132466698	7	7	0.4633222	1.43256862491041e-38	hyper	5.78458989774251e-38	true	NM_207417	CFAP77	intron	56393.0	CFAP77	56393	CFAP77	intron
chr9	135042439	135042563	4	4	0.37302572	4.259685901258473e-19	hyper	5.670706856050342e-19	true	""	""	intergenic	NaN	OLFM1	-33003	""	""
chrX	666938	667250	14	14	0.4406879	6.754188753500795e-77	hyper	1.0857677015061654e-75	true	""	""	intergenic	NaN	SHOX	42751	""	""
chrX	776538	776790	7	7	0.43908146	2.318107856225605e-46	hyper	1.3315484265920511e-45	true	""	""	intergenic	NaN	SHOX	152321	""	""
chrX	776935	777018	5	5	0.6276792	1.3867284834973835e-63	hyper	1.5966117134321226e-62	true	""	""	intergenic	NaN	SHOX	152633	""	""
chrX	1077757	1077868	8	8	0.41498724	1.3449421388602445e-37	hyper	5.115583492450573e-37	true	""	""	intergenic	NaN	CRLF2	134837	""	""
chrX	1292686	1292965	16	16	0.46314472	1.3750947600142249e-83	hyper	2.4927249692172757e-82	true	NR_037461	MIR3690	promoter	-1091.5	MIR3690	-1092	CSF2RA;MIR3690	intron;noncoding;promoter
chrX	1923575	1923736	6	6	0.35752368	3.582298883010598e-29	hyper	9.056731894139554e-29	true	""	""	intergenic	NaN	ASMT	308597	""	""
chrX	2440887	2441175	12	12	0.4678339	2.0108813326760295e-70	hyper	2.5195160227058487e-69	true	NM_145177	DHRSX	intron	59945.0	ZBED1	59508	DHRSX	intron
chrX	8196707	8197006	8	8	0.63309205	1.7393337739350073e-50	hyper	1.1855299003141009e-49	true	""	""	intergenic	NaN	VCX2	-25589	""	""
chrX	8197181	8197318	4	4	0.5566415	6.320536601968536e-23	hyper	1.0901006447119822e-22	true	""	""	intergenic	NaN	VCX2	-25982	""	""
chrX	10674312	10674378	4	4	0.42320397	1.4873367380066237e-19	hyper	2.037316560742192e-19	true	NM_033290	MID1	intron	159338.0	MID1	3394	MID1	intron
chrX	40835474	40835593	6	6	0.7399251	1.3955873372195495e-44	hyper	7.20630552309731e-44	true	""	""	intergenic	NaN	TNIP2P1	-2337	""	""
chrX	40836871	40837024	5	5	0.6445817	1.184675253183872e-43	hyper	5.902592489547713e-43	true	""	""	intergenic	NaN	TNIP2P1	-3751	""	""
chrX	64302903	64303059	3	3	0.6748608	1.8452621784779827e-16	hyper	2.138997790562233e-16	true	NM_017677	MTMR8	intron	92471.0	ASB12	-72374	MTMR8	intron
chrX	99413993	99414049	3	3	0.47560975	1.8786063008414445e-14	hyper	1.8852444856500715e-14	true	""	""	intergenic	NaN	PCDH19	996252	""	""
