dmr_index	chrom	dmr_start	dmr_end	dmr_midpoint	dmr_type	mean_meth_diff	gene	tss	distance_tss_to_midpoint	abs_distance
1	chr1	6435144	6435628	6435386	hyper	0.53280735	ACOT7	6393767	-41619	41619
1	chr1	6435144	6435628	6435386	hyper	0.53280735	HES2	6419919	-15467	15467
1	chr1	6435144	6435628	6435386	hyper	0.53280735	ESPN	6424775	-10611	10611
1	chr1	6435144	6435628	6435386	hyper	0.53280735	MIR4252	6429896	-5490	5490
1	chr1	6435144	6435628	6435386	hyper	0.53280735	TNFRSF25	6466195	30809	30809
1	chr1	6435144	6435628	6435386	hyper	0.53280735	PLEKHG5	6520092	84706	84706
3	chr1	8908454	8908668	8908561	hyper	0.4140374	RERE	8817640	-90921	90921
3	chr1	8908454	8908668	8908561	hyper	0.4140374	MIR6728	8866590	-41971	41971
3	chr1	8908454	8908668	8908561	hyper	0.4140374	ENO1	8878686	-29875	29875
3	chr1	8908454	8908668	8908561	hyper	0.4140374	ENO1-AS1	8878834	-29727	29727
3	chr1	8908454	8908668	8908561	hyper	0.4140374	CA6	8945867	37306	37306
4	chr1	10161184	10161388	10161286	hyper	0.384903	KIF1B	10210569	49283	49283
5	chr1	13733479	13733719	13733599	hyper	0.43986446	PRDM2	13700187	-33412	33412
6	chr1	16796111	16796655	16796383	hypo	-0.5458046	ESPNP	16720157	-76226	76226
6	chr1	16796111	16796655	16796383	hypo	-0.5458046	MST1L	16764480	-31903	31903
6	chr1	16796111	16796655	16796383	hypo	-0.5458046	MIR3675	16859021	62638	62638
6	chr1	16796111	16796655	16796383	hypo	-0.5458046	LOC112267871	16872225	75842	75842
6	chr1	16796111	16796655	16796383	hypo	-0.5458046	LOC105376805	16889666	93283	93283
7	chr1	17773696	17773934	17773815	hypo	-0.5075049	ACTL8	17755332	-18483	18483
8	chr1	18458653	18459063	18458858	hyper	0.44956568	KLHDC7A	18480929	22071	22071
9	chr1	18588123	18588327	18588225	hyper	0.4392284	PAX7	18630845	42620	42620
10	chr1	18638903	18639282	18639092	hypo	-0.5339673	PAX7	18630845	-8247	8247
11	chr1	18722631	18722701	18722666	hypo	-0.4520475	PAX7	18630845	-91821	91821
12	chr1	20711917	20712026	20711971	hyper	0.4860783	PINK1	20633457	-78514	78514
12	chr1	20711917	20712026	20711971	hyper	0.4860783	MIR6084	20633678	-78293	78293
12	chr1	20711917	20712026	20711971	hyper	0.4860783	PINK1-AS	20652193	-59778	59778
12	chr1	20711917	20712026	20711971	hyper	0.4860783	DDOST	20661369	-50602	50602
12	chr1	20711917	20712026	20711971	hyper	0.4860783	KIF17	20718007	6036	6036
12	chr1	20711917	20712026	20711971	hyper	0.4860783	SH2D5	20732703	20732	20732
12	chr1	20711917	20712026	20711971	hyper	0.4860783	HP1BP3	20787307	75336	75336
13	chr1	25567776	25567884	25567830	hyper	0.5157389	LDLRAP1	25543605	-24225	24225
13	chr1	25567776	25567884	25567830	hyper	0.5157389	MAN1C1	25616790	48960	48960
15	chr1	33898974	33899177	33899075	hyper	0.4525255	HMGB4	33860474	-38601	38601
15	chr1	33898974	33899177	33899075	hyper	0.4525255	CSMD2-AS1	33868955	-30120	30120
17	chr1	50417722	50418459	50418090	hyper	0.48832408	DMRTA2	50423443	5353	5353
18	chr1	55032913	55033126	55033019	hypo	-0.45110714	TMEM61	54980627	-52392	52392
18	chr1	55032913	55033126	55033019	hypo	-0.45110714	BSND	54998932	-34087	34087
18	chr1	55032913	55033126	55033019	hypo	-0.45110714	PCSK9	55039547	6528	6528
19	chr1	57832373	57832506	57832439	hyper	0.3615695	DAB1-AS1	57860580	28141	28141
21	chr1	59697517	59697677	59697597	hyper	0.4773077	MIR4711	59733296	35699	35699
21	chr1	59697517	59697677	59697597	hyper	0.4773077	LOC101926944	59772794	75197	75197
22	chr1	60560855	60561023	60560939	hyper	0.35905853	LINC01748	60622685	61746	61746
23	chr1	61156398	61156774	61156586	hypo	-0.35923567	NFIA	61077226	-79360	79360
23	chr1	61156398	61156774	61156586	hypo	-0.35923567	NFIA-AS1	61253518	96932	96932
25	chr1	62954920	62955011	62954965	hyper	0.33768412	LINC01739	63012471	57506	57506
30	chr1	76097982	76098296	76098139	hyper	0.35853246	LOC101927342	76011323	-86816	86816
30	chr1	76097982	76098296	76098139	hyper	0.35853246	ST6GALNAC3	76074745	-23394	23394
31	chr1	76101231	76101919	76101575	hyper	0.30337945	LOC101927342	76011323	-90252	90252
31	chr1	76101231	76101919	76101575	hyper	0.30337945	ST6GALNAC3	76074745	-26830	26830
32	chr1	76679905	76680237	76680071	hyper	0.3391608	LINC02567	76779267	99196	99196
33	chr1	76778974	76779391	76779182	hypo	-0.4060518	LINC02567	76779267	85	85
33	chr1	76778974	76779391	76779182	hypo	-0.4060518	ST6GALNAC5	76867479	88297	88297
34	chr1	78474750	78474873	78474811	hyper	0.41217646	PTGFR	78490973	16162	16162
35	chr1	81308055	81308506	81308280	hyper	0.4442382	ADGRL2	81306191	-2089	2089
36	chr1	81516178	81516341	81516259	hyper	0.31937987	LOC101927434	81557702	41443	41443
38	chr1	82843909	82844207	82844058	hyper	0.4055478	LINC01362	82903182	59124	59124
39	chr1	84401121	84401299	84401210	hypo	-0.43986	UOX	84384801	-16409	16409
39	chr1	84401121	84401299	84401210	hypo	-0.43986	DNASE2B	84398483	-2727	2727
39	chr1	84401121	84401299	84401210	hypo	-0.43986	RPF1	84479265	78055	78055
40	chr1	84428432	84428568	84428500	hyper	0.38447946	UOX	84384801	-43699	43699
40	chr1	84428432	84428568	84428500	hyper	0.38447946	DNASE2B	84398483	-30017	30017
40	chr1	84428432	84428568	84428500	hyper	0.38447946	RPF1	84479265	50765	50765
40	chr1	84428432	84428568	84428500	hyper	0.38447946	SPATA1	84506385	77885	77885
40	chr1	84428432	84428568	84428500	hyper	0.38447946	GNG5	84506581	78081	78081
41	chr1	84719339	84720007	84719673	hypo	-0.39345682	LINC01461	84621031	-98642	98642
41	chr1	84719339	84720007	84719673	hypo	-0.39345682	LINC01555	84635020	-84653	84653
41	chr1	84719339	84720007	84719673	hypo	-0.39345682	SSX2IP	84690468	-29205	29205
43	chr1	87284678	87285373	87285025	hyper	0.47191316	LINC02801	87212668	-72357	72357
43	chr1	87284678	87285373	87285025	hyper	0.47191316	LMO4	87328879	43854	43854
43	chr1	87284678	87285373	87285025	hyper	0.47191316	LINC01364	87371655	86630	86630
44	chr1	94092971	94093107	94093039	hyper	0.38880387	ABCA4	94121148	28109	28109
46	chr1	100423875	100424117	100423996	hyper	0.38221213	CDC14A	100345014	-78982	78982
47	chr1	145616727	145616885	145616806	hyper	0.41272506	NBPF25P	145607858	-8948	8948
47	chr1	145616727	145616885	145616806	hyper	0.41272506	GPR89A	145607959	-8847	8847
47	chr1	145616727	145616885	145616806	hyper	0.41272506	PDZK1	145707400	90594	90594
48	chr1	151542819	151543087	151542953	hyper	0.46552017	POGZ	151459494	-83459	83459
48	chr1	151542819	151543087	151542953	hyper	0.46552017	CGN	151511386	-31567	31567
48	chr1	151542819	151543087	151542953	hyper	0.46552017	TUFT1	151540308	-2645	2645
48	chr1	151542819	151543087	151542953	hyper	0.46552017	MIR554	151545795	2842	2842
48	chr1	151542819	151543087	151542953	hyper	0.46552017	SNX27	151612049	69096	69096
49	chr1	171143011	171143263	171143137	hypo	-0.64653355	FMO3	171090904	-52233	52233
49	chr1	171143011	171143263	171143137	hypo	-0.64653355	MIR1295B	171101738	-41399	41399
49	chr1	171143011	171143263	171143137	hypo	-0.64653355	MIR1295A	171101806	-41331	41331
49	chr1	171143011	171143263	171143137	hypo	-0.64653355	FMO6P	171137739	-5398	5398
49	chr1	171143011	171143263	171143137	hypo	-0.64653355	FMO2	171185207	42070	42070
51	chr1	174205061	174205227	174205144	hypo	-0.33293924	RABGAP1L-DT	174159287	-45857	45857
51	chr1	174205061	174205227	174205144	hypo	-0.33293924	RABGAP1L	174159413	-45731	45731
52	chr1	175044643	175044864	175044753	hyper	0.41275832	RABGAP1L-AS1	174954261	-90492	90492
52	chr1	175044643	175044864	175044753	hyper	0.41275832	CACYBP	174999434	-45319	45319
52	chr1	175044643	175044864	175044753	hyper	0.41275832	MRPS14	175023455	-21298	21298
52	chr1	175044643	175044864	175044753	hyper	0.41275832	TNN	175067832	23079	23079
53	chr1	176437096	176437211	176437153	hyper	0.49900275	PAPPA2	176463174	26021	26021
54	chr1	177411460	177411548	177411504	hypo	-0.53723	LINC01645	177351585	-59919	59919
55	chr1	181248281	181248489	181248385	hypo	-0.30846468	LINC01732	181174483	-73902	73902
55	chr1	181248281	181248489	181248385	hypo	-0.30846468	LINC01699	181236387	-11998	11998
56	chr1	181491135	181491287	181491211	hyper	0.49308354	CACNA1E	181483516	-7695	7695
57	chr1	184027944	184028183	184028063	hypo	-0.3063813	COLGALT2	184037728	9665	9665
57	chr1	184027944	184028183	184028063	hypo	-0.3063813	TSEN15	184051729	23666	23666
59	chr1	193181793	193182026	193181909	hyper	0.3751366	GLRX2	193106114	-75795	75795
59	chr1	193181793	193182026	193181909	hyper	0.3751366	CDC73	193122030	-59879	59879
59	chr1	193181793	193182026	193181909	hyper	0.3751366	MIR1278	193136502	-45407	45407
59	chr1	193181793	193182026	193181909	hyper	0.3751366	B3GALT2	193186613	4704	4704
61	chr1	205082497	205082653	205082575	hypo	-0.614907	CNTN2	205042948	-39627	39627
61	chr1	205082497	205082653	205082575	hypo	-0.614907	TMEM81	205084460	1885	1885
61	chr1	205082497	205082653	205082575	hypo	-0.614907	RBBP5	205121978	39403	39403
62	chr1	205449150	205449294	205449222	hypo	-0.4330021	KLHDC8A	205357090	-92132	92132
62	chr1	205449150	205449294	205449222	hypo	-0.4330021	LEMD1-AS1	205373251	-75971	75971
62	chr1	205449150	205449294	205449222	hypo	-0.4330021	LEMD1	205422056	-27166	27166
62	chr1	205449150	205449294	205449222	hypo	-0.4330021	MIR135B	205448398	-824	824
62	chr1	205449150	205449294	205449222	hypo	-0.4330021	LEMD1-DT	205456057	6835	6835
62	chr1	205449150	205449294	205449222	hypo	-0.4330021	BLACAT1	205456086	6864	6864
62	chr1	205449150	205449294	205449222	hypo	-0.4330021	CDK18	205504668	55446	55446
63	chr1	206421659	206421779	206421719	hypo	-0.38961852	IKBKE	206470475	48756	48756
63	chr1	206421659	206421779	206421719	hypo	-0.38961852	MIR6769B	206474802	53083	53083
63	chr1	206421659	206421779	206421719	hypo	-0.38961852	RASSF5	206507530	85811	85811
64	chr1	207171702	207172022	207171862	hyper	0.512795	C4BPB	207088859	-83003	83003
64	chr1	207171702	207172022	207171862	hyper	0.512795	C4BPA	207104232	-67630	67630
65	chr1	212570498	212570602	212570550	hyper	0.28335798	LINC01740	212545693	-24857	24857
65	chr1	212570498	212570602	212570550	hyper	0.28335798	ATF3	212565333	-5217	5217
65	chr1	212570498	212570602	212570550	hyper	0.28335798	FAM71A	212624473	53923	53923
67	chr1	221788351	221788756	221788553	hypo	-0.40448666	DUSP10	221742176	-46377	46377
67	chr1	221788351	221788756	221788553	hypo	-0.40448666	LINC01655	221840666	52113	52113
68	chr1	222892178	222892633	222892405	hyper	0.37921873	DISP1	222815038	-77367	77367
70	chr1	223091972	223092215	223092093	hyper	0.33052418	TLR5	223143248	51155	51155
72	chr1	229707378	229707752	229707565	hyper	0.4802783	TAF5L	229626122	-81443	81443
72	chr1	229707378	229707752	229707565	hyper	0.4802783	URB2	229626215	-81350	81350
73	chr1	230636903	230637075	230636989	hyper	0.40661165	LINC01737	230595583	-41406	41406
73	chr1	230636903	230637075	230636989	hyper	0.40661165	COG2	230642480	5491	5491
74	chr1	230637803	230638056	230637929	hyper	0.47753033	LINC01737	230595583	-42346	42346
74	chr1	230637803	230638056	230637929	hyper	0.47753033	COG2	230642480	4551	4551
75	chr1	231987036	231987098	231987067	hyper	0.38312542	DISC1-IT1	231925833	-61234	61234
76	chr1	233885468	233885719	233885593	hypo	-0.45432004	SLC35F3	233904675	19082	19082
77	chr1	237478772	237479021	237478896	hyper	0.37800264	MIR4428	237471118	-7778	7778
78	chr1	239310781	239310841	239310811	hyper	0.3007022	CHRM3	239386567	75756	75756
79	chr1	240686756	240686962	240686859	hypo	-0.34296045	GREM2	240612155	-74704	74704
82	chr1	244118053	244118579	244118316	hyper	0.48377943	ZBTB18	244048938	-69378	69378
85	chr10	2529330	2529414	2529372	hyper	0.38018307	LINC02645	2501462	-27910	27910
86	chr10	3013372	3013569	3013470	hyper	0.4741366	LOC101927824	3066933	53463	53463
86	chr10	3013372	3013569	3013470	hyper	0.4741366	PFKP	3067547	54077	54077
87	chr10	3822711	3823304	3823007	hyper	0.3723749	KLF6	3785281	-37726	37726
87	chr10	3822711	3823304	3823007	hyper	0.3723749	LINC02639	3833949	10942	10942
88	chr10	4023566	4023707	4023636	hyper	0.36780602	MIR6078	3991159	-32477	32477
88	chr10	4023566	4023707	4023636	hyper	0.36780602	LOC101927964	4051725	28089	28089
89	chr10	8614891	8615410	8615150	hyper	0.47421876	LOC105376398	8594391	-20759	20759
93	chr10	10870719	10870945	10870832	hyper	0.36331302	SFTA1P	10794914	-75918	75918
93	chr10	10870719	10870945	10870832	hyper	0.36331302	LINC00710	10952163	81331	81331
94	chr10	11003775	11003965	11003870	hyper	0.3099533	LINC00710	10952163	-51707	51707
95	chr10	11011203	11011354	11011278	hyper	0.3670489	LINC00710	10952163	-59115	59115
95	chr10	11011203	11011354	11011278	hyper	0.3670489	CELF2-AS2	11105488	94210	94210
96	chr10	11708046	11708303	11708174	hyper	0.47496995	LOC107984208	11611300	-96874	96874
96	chr10	11708046	11708303	11708174	hyper	0.47496995	USP6NL	11611789	-96385	96385
96	chr10	11708046	11708303	11708174	hyper	0.47496995	ECHDC3	11742381	34207	34207
97	chr10	13085230	13085525	13085377	hyper	0.4240494	CCDC3	13099989	14612	14612
97	chr10	13085230	13085525	13085377	hyper	0.4240494	OPTN	13100081	14704	14704
97	chr10	13085230	13085525	13085377	hyper	0.4240494	MCM10	13161557	76180	76180
100	chr10	14007966	14008720	14008343	hyper	0.5268803	LOC101928453	14074283	65940	65940
101	chr10	15868097	15868266	15868181	hyper	0.5558148	MINDY3	15860533	-7648	7648
102	chr10	21164729	21164869	21164799	hyper	0.4454868	NEBL-AS1	21173989	9190	9190
103	chr10	21499016	21499501	21499258	hyper	0.3535549	MIR1915	21496641	-2617	2617
103	chr10	21499016	21499501	21499258	hyper	0.3535549	MIR1915HG	21497260	-1998	1998
103	chr10	21499016	21499501	21499258	hyper	0.3535549	SKIDA1	21525682	26424	26424
103	chr10	21499016	21499501	21499258	hyper	0.3535549	MLLT10	21533348	34090	34090
104	chr10	21507687	21507940	21507813	hyper	0.37180567	MIR1915	21496641	-11172	11172
104	chr10	21507687	21507940	21507813	hyper	0.37180567	MIR1915HG	21497260	-10553	10553
104	chr10	21507687	21507940	21507813	hyper	0.37180567	SKIDA1	21525682	17869	17869
104	chr10	21507687	21507940	21507813	hyper	0.37180567	MLLT10	21533348	25535	25535
105	chr10	24770500	24770741	24770620	hyper	0.44128075	ARHGAP21	24723887	-46733	46733
106	chr10	26154748	26154805	26154776	hyper	0.28845817	GAD2	26216306	61530	61530
108	chr10	33145910	33145997	33145953	hyper	0.407571	IATPR	33116807	-29146	29146
111	chr10	46052453	46052665	46052559	hypo	-0.41868287	PARGP1-AGAP4	45972374	-80185	80185
111	chr10	46052453	46052665	46052559	hypo	-0.41868287	PARGP1	45972428	-80131	80131
111	chr10	46052453	46052665	46052559	hypo	-0.41868287	TIMM23	45972452	-80107	80107
111	chr10	46052453	46052665	46052559	hypo	-0.41868287	SNORA74C-1	45984607	-67952	67952
111	chr10	46052453	46052665	46052559	hypo	-0.41868287	NCOA4	46030714	-21845	21845
111	chr10	46052453	46052665	46052559	hypo	-0.41868287	MSMB	46046269	-6290	6290
111	chr10	46052453	46052665	46052559	hypo	-0.41868287	AGAP7P	46109494	56935	56935
112	chr10	49082429	49082607	49082518	hyper	0.37982523	MIR4294	48985587	-96931	96931
112	chr10	49082429	49082607	49082518	hyper	0.37982523	VSTM4	49115522	33004	33004
112	chr10	49082429	49082607	49082518	hyper	0.37982523	FAM170B-AS1	49121838	39320	39320
112	chr10	49082429	49082607	49082518	hyper	0.37982523	FAM170B	49134021	51503	51503
113	chr10	49278919	49279140	49279029	hypo	-0.5579829	TMEM273	49188391	-90638	90638
113	chr10	49278919	49279140	49279029	hypo	-0.5579829	C10orf71-AS1	49298893	19864	19864
113	chr10	49278919	49279140	49279029	hypo	-0.5579829	C10orf71	49299169	20140	20140
114	chr10	50850385	50850747	50850566	hypo	-0.412553	A1CF	50885675	35109	35109
117	chr10	67609378	67609487	67609432	hyper	0.43410185	CTNNA3	67696195	86763	86763
118	chr10	67987275	67987486	67987380	hypo	-0.45960125	POU5F1P5	68010883	23503	23503
118	chr10	67987275	67987486	67987380	hypo	-0.45960125	HERC4	68075283	87903	87903
119	chr10	73442329	73442415	73442372	hypo	-0.35366288	CFAP70	73358864	-83508	83508
119	chr10	73442329	73442415	73442372	hypo	-0.35366288	ANXA7	73414058	-28314	28314
119	chr10	73442329	73442415	73442372	hypo	-0.35366288	MSS51	73433561	-8811	8811
119	chr10	73442329	73442415	73442372	hypo	-0.35366288	PPP3CB-AS1	73495751	53379	53379
119	chr10	73442329	73442415	73442372	hypo	-0.35366288	PPP3CB	73496024	53652	53652
122	chr10	88500100	88500156	88500128	hypo	-0.6114609	RNLS	88583325	83197	83197
122	chr10	88500100	88500156	88500128	hypo	-0.6114609	LIPJ	88586761	86633	86633
123	chr10	88789616	88789883	88789749	hyper	0.32283217	LIPK	88706248	-83501	83501
123	chr10	88789616	88789883	88789749	hyper	0.32283217	LIPN	88760019	-29730	29730
123	chr10	88789616	88789883	88789749	hyper	0.32283217	LIPM	88802729	12980	12980
123	chr10	88789616	88789883	88789749	hyper	0.32283217	ANKRD22	88851844	62095	62095
123	chr10	88789616	88789883	88789749	hyper	0.32283217	STAMBPL1	88880244	90495	90495
124	chr10	91124673	91124861	91124767	hyper	0.4048964	LOC105378430	91033165	-91602	91602
124	chr10	91124673	91124861	91124767	hyper	0.4048964	LINC00502	91045807	-78960	78960
124	chr10	91124673	91124861	91124767	hyper	0.4048964	NUDT9P1	91153080	28313	28313
124	chr10	91124673	91124861	91124767	hyper	0.4048964	PCGF5	91163011	38244	38244
125	chr10	91435432	91435751	91435591	hyper	0.33337373	HECTD2	91409234	-26357	26357
126	chr10	94252125	94252352	94252238	hyper	0.38274443	PLCE1-AS1	94287070	34832	34832
127	chr10	96632871	96633100	96632985	hyper	0.5219193	TM9SF3	96587012	-45973	45973
127	chr10	96632871	96633100	96632985	hyper	0.5219193	PIK3AP1	96720514	87529	87529
128	chr10	99464071	99464136	99464103	hyper	0.37283805	GOT1	99430624	-33479	33479
128	chr10	99464071	99464136	99464103	hyper	0.37283805	LINC01475	99531177	67074	67074
128	chr10	99464071	99464136	99464103	hyper	0.37283805	NKX2-3	99532941	68838	68838
129	chr10	99994396	99994560	99994478	hyper	0.38085467	DNMBP-AS1	99927204	-67274	67274
129	chr10	99994396	99994560	99994478	hyper	0.38085467	DNMBP	100009947	15469	15469
129	chr10	99994396	99994560	99994478	hyper	0.38085467	CPN1	100081869	87391	87391
130	chr10	101632229	101632458	101632343	hypo	-0.3464986	POLL	101588270	-44073	44073
130	chr10	101632229	101632458	101632343	hypo	-0.3464986	DPCD	101588320	-44023	44023
130	chr10	101632229	101632458	101632343	hypo	-0.3464986	MIR3158-1	101601416	-30927	30927
130	chr10	101632229	101632458	101632343	hypo	-0.3464986	MIR3158-2	101601497	-30846	30846
130	chr10	101632229	101632458	101632343	hypo	-0.3464986	FBXW4	101695295	62952	62952
131	chr10	104515005	104515169	104515087	hypo	-0.51012504	LINC02620	104480275	-34812	34812
134	chr10	117132566	117132678	117132622	hyper	0.35719362	SHTN1	117126586	-6036	6036
134	chr10	117132566	117132678	117132622	hyper	0.35719362	VAX1	117138270	5648	5648
134	chr10	117132566	117132678	117132622	hyper	0.35719362	MIR3663	117167774	35152	35152
134	chr10	117132566	117132678	117132622	hyper	0.35719362	MIR3663HG	117169055	36433	36433
134	chr10	117132566	117132678	117132622	hyper	0.35719362	KCNK18	117197488	64866	64866
136	chr10	120516493	120516603	120516548	hypo	-0.36704955	PLPP4	120456953	-59595	59595
136	chr10	120516493	120516603	120516548	hypo	-0.36704955	LINC01561	120597948	81400	81400
139	chr10	124319032	124319130	124319081	hyper	0.39211634	OAT	124418976	99895	99895
140	chr10	125554142	125554379	125554260	hyper	0.3668107	TEX36-AS1	125574370	20110	20110
144	chr10	131350595	131350979	131350787	hyper	0.52086425	TCERG1L	131311721	-39066	39066
145	chr10	131380210	131380485	131380347	hypo	-0.47264868	TCERG1L	131311721	-68626	68626
147	chr10	132330033	132330190	132330111	hyper	0.45793715	STK32C	132331880	1769	1769
147	chr10	132330033	132330190	132330111	hyper	0.45793715	LRRC27	132332192	2081	2081
147	chr10	132330033	132330190	132330111	hyper	0.45793715	PWWP2B	132397199	67088	67088
148	chr11	3532686	3532993	3532839	hyper	0.6439687	LOC105376526	3477073	-55766	55766
148	chr11	3532686	3532993	3532839	hyper	0.6439687	LOC101927708	3571987	39148	39148
148	chr11	3532686	3532993	3532839	hyper	0.6439687	LOC115995503	3610323	77484	77484
148	chr11	3532686	3532993	3532839	hyper	0.6439687	TRPC2	3626459	93620	93620
149	chr11	3576208	3576489	3576348	hyper	0.5702323	LOC105376526	3477073	-99275	99275
149	chr11	3576208	3576489	3576348	hyper	0.5702323	LOC101927708	3571987	-4361	4361
149	chr11	3576208	3576489	3576348	hyper	0.5702323	LOC115995503	3610323	33975	33975
149	chr11	3576208	3576489	3576348	hyper	0.5702323	TRPC2	3626459	50111	50111
149	chr11	3576208	3576489	3576348	hyper	0.5702323	ART5	3642316	65968	65968
149	chr11	3576208	3576489	3576348	hyper	0.5702323	ART1	3645127	68779	68779
149	chr11	3576208	3576489	3576348	hyper	0.5702323	CHRNA10	3671384	95036	95036
150	chr11	4881925	4882133	4882029	hyper	0.3467956	OR52R1	4804380	-77649	77649
150	chr11	4881925	4882133	4882029	hyper	0.3467956	OR51F2	4821320	-60709	60709
150	chr11	4881925	4882133	4882029	hyper	0.3467956	OR51S1	4849208	-32821	32821
150	chr11	4881925	4882133	4882029	hyper	0.3467956	OR51H1	4863652	-18377	18377
150	chr11	4881925	4882133	4882029	hyper	0.3467956	OR51T1	4881699	-330	330
150	chr11	4881925	4882133	4882029	hyper	0.3467956	OR51A7	4907369	25340	25340
150	chr11	4881925	4882133	4882029	hyper	0.3467956	OR51G2	4919350	37321	37321
150	chr11	4881925	4882133	4882029	hyper	0.3467956	OR51G1	4924339	42310	42310
150	chr11	4881925	4882133	4882029	hyper	0.3467956	OR51A4	4947100	65071	65071
150	chr11	4881925	4882133	4882029	hyper	0.3467956	OR51A2	4955713	73684	73684
151	chr11	11733425	11733584	11733504	hyper	0.43152925	MIR4299	11656722	-76782	76782
151	chr11	11733425	11733584	11733504	hyper	0.43152925	MIR8070	11783222	49718	49718
152	chr11	12441445	12441648	12441546	hypo	-0.5987153	PARVA	12377570	-63976	63976
153	chr11	13983574	13983678	13983626	hyper	0.39634076	LINC02683	13924863	-58763	58763
153	chr11	13983574	13983678	13983626	hyper	0.39634076	SPON1	13962722	-20904	20904
155	chr11	27460272	27460699	27460485	hyper	0.46480098	CCDC34	27363248	-97237	97237
155	chr11	27460272	27460699	27460485	hyper	0.46480098	LGR4-AS1	27471730	11245	11245
155	chr11	27460272	27460699	27460485	hyper	0.46480098	LGR4	27472790	12305	12305
155	chr11	27460272	27460699	27460485	hyper	0.46480098	LIN7C	27506769	46284	46284
155	chr11	27460272	27460699	27460485	hyper	0.46480098	BDNF-AS	27506851	46366	46366
155	chr11	27460272	27460699	27460485	hyper	0.46480098	MIR8087	27515047	54562	54562
156	chr11	27469081	27469484	27469282	hyper	0.42160484	LGR4-AS1	27471730	2448	2448
156	chr11	27469081	27469484	27469282	hyper	0.42160484	LGR4	27472790	3508	3508
156	chr11	27469081	27469484	27469282	hyper	0.42160484	LIN7C	27506769	37487	37487
156	chr11	27469081	27469484	27469282	hyper	0.42160484	BDNF-AS	27506851	37569	37569
156	chr11	27469081	27469484	27469282	hyper	0.42160484	MIR8087	27515047	45765	45765
157	chr11	27469755	27469881	27469818	hyper	0.4298393	LGR4-AS1	27471730	1912	1912
157	chr11	27469755	27469881	27469818	hyper	0.4298393	LGR4	27472790	2972	2972
157	chr11	27469755	27469881	27469818	hyper	0.4298393	LIN7C	27506769	36951	36951
157	chr11	27469755	27469881	27469818	hyper	0.4298393	BDNF-AS	27506851	37033	37033
157	chr11	27469755	27469881	27469818	hyper	0.4298393	MIR8087	27515047	45229	45229
159	chr11	31820798	31821567	31821182	hyper	0.4374562	PAX6-AS1	31816565	-4617	4617
159	chr11	31820798	31821567	31821182	hyper	0.4374562	PAX6	31817961	-3221	3221
159	chr11	31820798	31821567	31821182	hyper	0.4374562	PAUPAR	31826566	5384	5384
160	chr11	35205868	35206069	35205968	hyper	0.36506742	LOC100507144	35138032	-67936	67936
160	chr11	35205868	35206069	35205968	hyper	0.36506742	CD44	35139170	-66798	66798
160	chr11	35205868	35206069	35205968	hyper	0.36506742	SNORD164	35162949	-43019	43019
162	chr11	44147954	44148008	44147981	hyper	0.48387095	ACCS	44066269	-81712	81712
162	chr11	44147954	44148008	44147981	hyper	0.48387095	EXT2	44095677	-52304	52304
163	chr11	46952331	46952503	46952417	hypo	-0.35636705	LRP4	46918550	-33867	33867
163	chr11	46952331	46952503	46952417	hypo	-0.35636705	C11orf49	46936688	-15729	15729
164	chr11	49174588	49174881	49174734	hyper	0.36449242	FOLH1	49208602	33868	33868
165	chr11	49194679	49194807	49194743	hyper	0.39224276	FOLH1	49208602	13859	13859
166	chr11	49200548	49200699	49200623	hyper	0.32418448	FOLH1	49208602	7979	7979
167	chr11	49210106	49210535	49210320	hyper	0.3240512	FOLH1	49208602	-1718	1718
168	chr11	49225308	49225735	49225521	hypo	-0.34001485	FOLH1	49208602	-16919	16919
169	chr11	49264153	49264317	49264235	hyper	0.27331293	FOLH1	49208602	-55633	55633
170	chr11	57223518	57223783	57223650	hyper	0.36026025	LRRC55	57181952	-41698	41698
170	chr11	57223518	57223783	57223650	hyper	0.36026025	APLNR	57237453	13803	13803
171	chr11	61603371	61603521	61603446	hypo	-0.50786275	MIR4488	61508595	-94851	94851
171	chr11	61603371	61603521	61603446	hypo	-0.50786275	LRRC10B	61508748	-94698	94698
171	chr11	61603371	61603521	61603446	hypo	-0.50786275	SYT7	61581076	-22370	22370
171	chr11	61603371	61603521	61603446	hypo	-0.50786275	LOC101927495	61588493	-14953	14953
171	chr11	61603371	61603521	61603446	hypo	-0.50786275	RPLP0P2	61615035	11589	11589
171	chr11	61603371	61603521	61603446	hypo	-0.50786275	DAGLA	61680390	76944	76944
172	chr11	70364909	70364983	70364946	hyper	0.36288035	PPFIA1	70270689	-94257	94257
172	chr11	70364909	70364983	70364946	hyper	0.36288035	MIR548K	70283954	-80992	80992
172	chr11	70364909	70364983	70364946	hyper	0.36288035	CTTN	70398505	33559	33559
173	chr11	70634223	70634324	70634273	hyper	0.45516	SHANK2-AS1	70631093	-3180	3180
174	chr11	70885838	70886413	70886125	hyper	0.54333854	SHANK2-AS3	70862789	-23336	23336
174	chr11	70885838	70886413	70886125	hyper	0.54333854	MIR3664	70872368	-13757	13757
176	chr11	75850921	75851131	75851026	hypo	-0.46909332	LOC283214	75768647	-82379	82379
176	chr11	75850921	75851131	75851026	hypo	-0.46909332	DGAT2	75768732	-82294	82294
176	chr11	75850921	75851131	75851026	hypo	-0.46909332	UVRAG-DT	75814797	-36229	36229
176	chr11	75850921	75851131	75851026	hypo	-0.46909332	UVRAG	75815209	-35817	35817
179	chr11	86713768	86713901	86713834	hypo	-0.41084003	ME3	86672636	-41198	41198
179	chr11	86713768	86713901	86713834	hypo	-0.41084003	PRSS23	86791070	77236	77236
181	chr11	94500463	94500667	94500565	hypo	-0.35334453	GPR83	94401419	-99146	99146
181	chr11	94500463	94500667	94500565	hypo	-0.35334453	MIR548L	94466580	-33985	33985
181	chr11	94500463	94500667	94500565	hypo	-0.35334453	MRE11	94493844	-6721	6721
181	chr11	94500463	94500667	94500565	hypo	-0.35334453	ANKRD49	94493983	-6582	6582
181	chr11	94500463	94500667	94500565	hypo	-0.35334453	C11orf97	94512460	11895	11895
181	chr11	94500463	94500667	94500565	hypo	-0.35334453	FUT4	94543850	43285	43285
181	chr11	94500463	94500667	94500565	hypo	-0.35334453	PIWIL4	94567367	66802	66802
184	chr11	102840470	102840577	102840523	hyper	0.3821698	MMP10	102780628	-59895	59895
184	chr11	102840470	102840577	102840523	hyper	0.3821698	WTAPP1	102783675	-56848	56848
184	chr11	102840470	102840577	102840523	hyper	0.3821698	MMP1	102798160	-42363	42363
184	chr11	102840470	102840577	102840523	hyper	0.3821698	MMP3	102843609	3086	3086
184	chr11	102840470	102840577	102840523	hyper	0.3821698	MMP12	102874982	34459	34459
185	chr11	104120497	104120614	104120555	hyper	0.319821	DDI1	104036639	-83916	83916
185	chr11	104120497	104120614	104120555	hyper	0.319821	PDGFD	104164147	43592	43592
186	chr11	105153566	105153923	105153744	hyper	0.41081557	CASP1P2	105071530	-82214	82214
186	chr11	105153566	105153923	105153744	hyper	0.41081557	CARD17	105101431	-52313	52313
186	chr11	105153566	105153923	105153744	hyper	0.41081557	CARD18	105139769	-13975	13975
187	chr11	107605930	107606067	107605998	hyper	0.42082134	ALKBH8	107565735	-40263	40263
187	chr11	107605930	107606067	107605998	hyper	0.42082134	ELMOD1	107591090	-14908	14908
188	chr11	107647507	107647632	107647569	hyper	0.34560022	ALKBH8	107565735	-81834	81834
188	chr11	107647507	107647632	107647569	hyper	0.34560022	ELMOD1	107591090	-56479	56479
188	chr11	107647507	107647632	107647569	hyper	0.34560022	SLN	107712056	64487	64487
189	chr11	107678524	107678603	107678563	hyper	0.35376218	ELMOD1	107591090	-87473	87473
189	chr11	107678524	107678603	107678563	hyper	0.35376218	SLN	107712056	33493	33493
190	chr11	112294972	112295375	112295173	hypo	-0.39754605	PTS	112226427	-68746	68746
190	chr11	112294972	112295375	112295173	hypo	-0.39754605	LOC100132686	112260264	-34909	34909
190	chr11	112294972	112295375	112295173	hypo	-0.39754605	PLET1	112260860	-34313	34313
190	chr11	112294972	112295375	112295173	hypo	-0.39754605	LINC02762	112270748	-24425	24425
191	chr11	112525396	112525592	112525494	hyper	0.36371595	LINC02763	112482231	-43263	43263
191	chr11	112525396	112525592	112525494	hyper	0.36371595	LINC02764	112555802	30308	30308
192	chr11	113062379	113062466	113062422	hyper	0.37658602	LOC101928847	112963460	-98962	98962
193	chr11	118471947	118472217	118472082	hypo	-0.4153793	ATP5MG	118401388	-70694	70694
193	chr11	118471947	118472217	118472082	hypo	-0.4153793	LOC100131626	118418815	-53267	53267
193	chr11	118471947	118472217	118472082	hypo	-0.4153793	KMT2A	118436491	-35591	35591
193	chr11	118471947	118472217	118472082	hypo	-0.4153793	TTC36	118527473	55391	55391
193	chr11	118471947	118472217	118472082	hypo	-0.4153793	LOC101929089	118531094	59012	59012
193	chr11	118471947	118472217	118472082	hypo	-0.4153793	TMEM25	118531191	59109	59109
193	chr11	118471947	118472217	118472082	hypo	-0.4153793	IFT46	118566076	93994	93994
194	chr11	123257580	123257800	123257690	hyper	0.3220063	CLMP	123195248	-62442	62442
195	chr11	125980566	125980731	125980648	hyper	0.37452713	HYLS1	125883613	-97035	97035
195	chr11	125980566	125980731	125980648	hyper	0.37452713	PUS3	125903221	-77427	77427
195	chr11	125980566	125980731	125980648	hyper	0.37452713	DDX25	125903327	-77321	77321
195	chr11	125980566	125980731	125980648	hyper	0.37452713	VSIG10L2	125946055	-34593	34593
195	chr11	125980566	125980731	125980648	hyper	0.37452713	CDON	126063292	82644	82644
196	chr11	126101048	126101339	126101193	hyper	0.527908	CDON	126063292	-37901	37901
197	chr11	126997243	126997366	126997304	hyper	0.34644803	KIRREL3-AS2	126940745	-56559	56559
197	chr11	126997243	126997366	126997304	hyper	0.34644803	MIR3167	126988542	-8762	8762
197	chr11	126997243	126997366	126997304	hyper	0.34644803	KIRREL3	127000870	3566	3566
197	chr11	126997243	126997366	126997304	hyper	0.34644803	KIRREL3-AS3	127002909	5605	5605
197	chr11	126997243	126997366	126997304	hyper	0.34644803	LOC101929473	127067001	69697	69697
198	chr11	130415016	130415073	130415044	hyper	0.33734798	ADAMTS8	130428609	13565	13565
198	chr11	130415016	130415073	130415044	hyper	0.33734798	ADAMTS15	130448973	33929	33929
205	chr12	12701576	12701802	12701689	hypo	-0.3628534	CREBL2	12611875	-89814	89814
205	chr12	12701576	12701802	12701689	hypo	-0.3628534	GPR19	12696183	-5506	5506
205	chr12	12701576	12701802	12701689	hypo	-0.3628534	CDKN1B	12717367	15678	15678
205	chr12	12701576	12701802	12701689	hypo	-0.3628534	APOLD1	12725916	24227	24227
205	chr12	12701576	12701802	12701689	hypo	-0.3628534	MIR613	12764648	62959	62959
206	chr12	15329094	15329360	15329227	hyper	0.31584752	PTPRO	15322507	-6720	6720
207	chr12	20350459	20350685	20350572	hyper	0.2970452	PDE3A	20368536	17964	17964
208	chr12	20374812	20374987	20374899	hyper	0.3259544	PDE3A	20368536	-6363	6363
209	chr12	22117378	22117701	22117539	hypo	-0.34057403	CMAS	22046173	-71366	71366
210	chr12	24287453	24287544	24287498	hyper	0.45967954	MIR920	24212420	-75078	75078
210	chr12	24287453	24287544	24287498	hyper	0.45967954	SOX5-AS1	24223270	-64228	64228
211	chr12	24532373	24532558	24532465	hyper	0.38290128	SOX5	24562491	30026	30026
211	chr12	24532373	24532558	24532465	hyper	0.38290128	LINC00477	24584168	51703	51703
212	chr12	25828204	25828410	25828307	hyper	0.44031036	MIR4302	25874079	45772	45772
213	chr12	29719274	29719571	29719422	hyper	0.44886768	TMTC1	29784759	65337	65337
214	chr12	30864169	30864301	30864235	hyper	0.38439393	LINC00941	30795680	-68555	68555
214	chr12	30864169	30864301	30864235	hyper	0.38439393	TSPAN11	30926747	62512	62512
215	chr12	32994352	32994596	32994474	hyper	0.54095906	PKP2	32896777	-97697	97697
220	chr12	43674728	43674902	43674815	hyper	0.4836773	PUS7L	43758790	83975	83975
220	chr12	43674728	43674902	43674815	hyper	0.4836773	IRAK4	43758943	84128	84128
221	chr12	48444449	48444642	48444545	hyper	0.37321863	ZNF641	48351246	-93299	93299
221	chr12	48444449	48444642	48444545	hyper	0.37321863	ANP32D	48472558	28013	28013
221	chr12	48444449	48444642	48444545	hyper	0.37321863	C12orf54	48482497	37952	37952
221	chr12	48444449	48444642	48444545	hyper	0.37321863	OR8S1	48525631	81086	81086
222	chr12	54530472	54530721	54530596	hypo	-0.4508442	GTSF1	54473602	-56994	56994
222	chr12	54530472	54530721	54530596	hypo	-0.4508442	NCKAP1L	54497751	-32845	32845
222	chr12	54530472	54530721	54530596	hypo	-0.4508442	PDE1B	54549392	18796	18796
222	chr12	54530472	54530721	54530596	hypo	-0.4508442	PPP1R1A	54588659	58063	58063
222	chr12	54530472	54530721	54530596	hypo	-0.4508442	GLYCAM1	54610462	79866	79866
225	chr12	75116712	75116987	75116849	hypo	-0.44687843	KCNC2	75209839	92990	92990
226	chr12	76421291	76421513	76421402	hypo	-0.26021022	BBS10	76348415	-72987	72987
227	chr12	76422429	76422631	76422530	hypo	-0.54105455	BBS10	76348415	-74115	74115
228	chr12	76423074	76423338	76423206	hypo	-0.36731544	BBS10	76348415	-74791	74791
229	chr12	76692248	76692719	76692483	hyper	0.4912094	ZDHHC17	76764114	71631	71631
230	chr12	78951803	78951934	78951868	hypo	-0.3737223	SYT1	78863981	-87887	87887
234	chr12	93972694	93973103	93972898	hypo	-0.47938022	LOC105369911	93943606	-29292	29292
235	chr12	95156360	95156589	95156474	hyper	0.35737616	NR2C1	95073618	-82856	82856
235	chr12	95156360	95156589	95156474	hyper	0.35737616	FGD6	95217467	60993	60993
235	chr12	95156360	95156589	95156474	hyper	0.35737616	VEZT	95217745	61271	61271
236	chr12	97457676	97457757	97457716	hyper	0.3186195	RMST	97462775	5059	5059
236	chr12	97457676	97457757	97457716	hyper	0.3186195	MIR1251	97491908	34192	34192
237	chr12	104599359	104599598	104599478	hyper	0.3636938	MIR3922	104591632	-7846	7846
238	chr12	105622434	105622680	105622557	hypo	-0.5699699	CASC18	105704202	81645	81645
239	chr12	105736107	105736292	105736199	hyper	0.3745922	CASC18	105704202	-31997	31997
241	chr12	108804389	108804543	108804466	hyper	0.48741508	CORO1C	108731518	-72948	72948
241	chr12	108804389	108804543	108804466	hyper	0.48741508	MIR619	108837006	32540	32540
241	chr12	108804389	108804543	108804466	hyper	0.48741508	SSH1	108857583	53117	53117
241	chr12	108804389	108804543	108804466	hyper	0.48741508	DAO	108880091	75625	75625
242	chr12	108972214	108972445	108972329	hyper	0.44894424	DAO	108880091	-92238	92238
242	chr12	108972214	108972445	108972329	hyper	0.44894424	SVOP	109021068	48739	48739
242	chr12	108972214	108972445	108972329	hyper	0.44894424	USP30	109023088	50759	50759
242	chr12	108972214	108972445	108972329	hyper	0.44894424	USP30-AS1	109053965	81636	81636
243	chr12	109444141	109444459	109444300	hyper	0.37702113	LINC01486	109359488	-84812	84812
243	chr12	109444141	109444459	109444300	hyper	0.37702113	MYO1H	109388718	-55582	55582
243	chr12	109444141	109444459	109444300	hyper	0.37702113	KCTD10	109477300	33000	33000
243	chr12	109444141	109444459	109444300	hyper	0.37702113	UBE3B	109477622	33322	33322
244	chr12	112602694	112602784	112602739	hypo	-0.44731626	RPH3A	112575235	-27504	27504
244	chr12	112602694	112602784	112602739	hypo	-0.44731626	MIR1302-1	112695176	92437	92437
247	chr12	118881327	118881574	118881450	hyper	0.36832136	LINC02439	118833536	-47914	47914
248	chr12	119147495	119147555	119147525	hyper	0.31991613	LOC105370024	119176484	28959	28959
248	chr12	119147495	119147555	119147525	hyper	0.31991613	HSPB8	119178930	31405	31405
249	chr12	123072002	123072228	123072115	hypo	-0.44757426	OGFOD2	122974725	-97390	97390
249	chr12	123072002	123072228	123072115	hypo	-0.44757426	ARL6IP4	122980059	-92056	92056
249	chr12	123072002	123072228	123072115	hypo	-0.44757426	MIR4304	123010728	-61387	61387
249	chr12	123072002	123072228	123072115	hypo	-0.44757426	PITPNM2-AS1	123081383	9268	9268
249	chr12	123072002	123072228	123072115	hypo	-0.44757426	PITPNM2	123151090	78975	78975
250	chr12	123945201	123945440	123945320	hyper	0.4532626	CCDC92	123972831	27511	27511
250	chr12	123945201	123945440	123945320	hyper	0.4532626	ZNF664-RFLNA	123973214	27894	27894
250	chr12	123945201	123945440	123945320	hyper	0.4532626	ZNF664	123973214	27894	27894
252	chr12	130101124	130101306	130101215	hyper	0.3225581	LINC02418	130042342	-58873	58873
252	chr12	130101124	130101306	130101215	hyper	0.3225581	LINC02419	130071334	-29881	29881
252	chr12	130101124	130101306	130101215	hyper	0.3225581	FZD10-AS1	130161678	60463	60463
252	chr12	130101124	130101306	130101215	hyper	0.3225581	FZD10	130162458	61243	61243
253	chr12	131216990	131217371	131217180	hyper	0.54356676	LINC01257	131165010	-52170	52170
253	chr12	131216990	131217371	131217180	hyper	0.54356676	LINC02415	131297972	80792	80792
254	chr12	131604605	131605247	131604926	hyper	0.42061025	LINC02414	131648121	43195	43195
255	chr12	132836436	132836514	132836475	hyper	0.5511642	ANKLE2	132761832	-74643	74643
255	chr12	132836436	132836514	132836475	hyper	0.5511642	GOLGA3	132828869	-7606	7606
255	chr12	132836436	132836514	132836475	hyper	0.5511642	CHFR	132887618	51143	51143
255	chr12	132836436	132836514	132836475	hyper	0.5511642	LOC101928530	132887841	51366	51366
256	chr13	20331897	20332434	20332165	hyper	0.37989154	GJB6	20232395	-99770	99770
258	chr13	21785656	21785756	21785706	hypo	-0.38552675	LINC00424	21878160	92454	92454
259	chr13	22884109	22884163	22884136	hyper	0.38599506	BASP1P1	22898181	14045	14045
259	chr13	22884109	22884163	22884136	hyper	0.38599506	LINC00621	22916369	32233	32233
260	chr13	23382036	23382223	23382129	hypo	-0.29403704	SACS-AS1	23418970	36841	36841
260	chr13	23382036	23382223	23382129	hypo	-0.29403704	SACS	23433702	51573	51573
260	chr13	23382036	23382223	23382129	hypo	-0.29403704	LINC00327	23469511	87382	87382
261	chr13	30713180	30713271	30713225	hyper	0.45957288	HMGB1	30617597	-95628	95628
261	chr13	30713180	30713271	30713225	hyper	0.45957288	USPL1	30617919	-95306	95306
261	chr13	30713180	30713271	30713225	hyper	0.45957288	ALOX5AP	30713477	252	252
261	chr13	30713180	30713271	30713225	hyper	0.45957288	LINC00398	30803205	89980	89980
263	chr13	41459426	41459550	41459488	hyper	0.41403505	OR7E37P	41442563	-16925	16925
263	chr13	41459426	41459550	41459488	hyper	0.41403505	RGCC	41457549	-1939	1939
264	chr13	44820759	44820879	44820819	hypo	-0.34165135	LINC00330	44809630	-11189	11189
265	chr13	46024061	46024292	46024176	hypo	-0.28880095	ZC3H13	46052746	28570	28570
265	chr13	46024061	46024292	46024176	hypo	-0.28880095	CPB2-AS1	46052847	28671	28671
265	chr13	46024061	46024292	46024176	hypo	-0.28880095	CPB2	46105076	80900	80900
266	chr13	50128659	50128881	50128770	hyper	0.3835967	MIR16-1	50049061	-79709	79709
266	chr13	50128659	50128881	50128770	hyper	0.3835967	MIR15A	50049201	-79569	79569
266	chr13	50128659	50128881	50128770	hyper	0.3835967	DLEU1	50082168	-46602	46602
266	chr13	50128659	50128881	50128770	hyper	0.3835967	DLEU2	50125541	-3229	3229
266	chr13	50128659	50128881	50128770	hyper	0.3835967	ST13P4	50172017	43247	43247
267	chr13	51105096	51105405	51105250	hyper	0.36344907	GUCY1B2	51066157	-39093	39093
267	chr13	51105096	51105405	51105250	hyper	0.36344907	C13orf42	51172388	67138	67138
268	chr13	52894616	52894856	52894736	hyper	0.37962997	MIR759	52810049	-84687	84687
268	chr13	52894616	52894856	52894736	hyper	0.37962997	PCDH8	52848640	-46096	46096
269	chr13	52932686	52933575	52933130	hyper	0.5126787	PCDH8	52848640	-84490	84490
269	chr13	52932686	52933575	52933130	hyper	0.5126787	OLFM4	53028812	95682	95682
275	chr13	71851643	71852001	71851822	hyper	0.35575667	DACH1	71867204	15382	15382
277	chr13	75173759	75173901	75173830	hyper	0.40209848	CTAGE11P	75240381	66551	66551
277	chr13	75173759	75173901	75173830	hyper	0.40209848	LINC01078	75240587	66757	66757
278	chr13	77675641	77675842	77675741	hyper	0.28571254	SCEL-AS1	77606551	-69190	69190
278	chr13	77675641	77675842	77675741	hyper	0.28571254	LOC100129307	77662803	-12938	12938
278	chr13	77675641	77675842	77675741	hyper	0.28571254	SLAIN1	77697686	21945	21945
278	chr13	77675641	77675842	77675741	hyper	0.28571254	MIR3665	77698116	22375	22375
280	chr13	80276935	80277269	80277102	hypo	-0.41102386	SPRY2	80341126	64024	64024
286	chr13	92512958	92513130	92513044	hyper	0.4071795	MIR548AS	92490162	-22882	22882
287	chr13	94859404	94859507	94859455	hyper	0.42870525	LOC101927284	94760940	-98515	98515
288	chr13	94880444	94880694	94880569	hyper	0.4229264	LINC00557	94960040	79471	79471
289	chr13	99433115	99433202	99433158	hyper	0.42925397	FKSG29	99351419	-81739	81739
289	chr13	99433115	99433202	99433158	hyper	0.42925397	MIR623	99356130	-77028	77028
289	chr13	99433115	99433202	99433158	hyper	0.42925397	LINC01232	99499306	66148	66148
289	chr13	99433115	99433202	99433158	hyper	0.42925397	LINC00449	99501063	67905	67905
289	chr13	99433115	99433202	99433158	hyper	0.42925397	TM9SF2	99501471	68313	68313
290	chr13	100807906	100808138	100808022	hyper	0.30657125	NALCN-AS1	100708324	-99698	99698
293	chr13	106467247	106467561	106467404	hyper	0.40100917	LINC00460	106376563	-90841	90841
293	chr13	106467247	106467561	106467404	hyper	0.40100917	EFNB2	106535662	68258	68258
296	chr13	109672823	109672957	109672890	hypo	-0.36419833	LINC00676	109728273	55383	55383
297	chr13	112160313	112160583	112160448	hyper	0.47513896	SOX1	112067148	-93300	93300
297	chr13	112160313	112160583	112160448	hyper	0.47513896	LOC100506016	112160710	262	262
297	chr13	112160313	112160583	112160448	hyper	0.47513896	LINC01070	112197332	36884	36884
304	chr14	49946942	49947051	49946996	hypo	-0.28767696	NEMF	49853203	-93793	93793
304	chr14	49946942	49947051	49946996	hypo	-0.28767696	RN7SL3	49853914	-93082	93082
304	chr14	49946942	49947051	49946996	hypo	-0.28767696	RN7SL2	49862849	-84147	84147
304	chr14	49946942	49947051	49946996	hypo	-0.28767696	ARF6	49893081	-53915	53915
304	chr14	49946942	49947051	49946996	hypo	-0.28767696	MIR6076	49966398	19402	19402
304	chr14	49946942	49947051	49946996	hypo	-0.28767696	LINC01588	50007520	60524	60524
306	chr14	54650490	54650553	54650521	hyper	0.38172516	SAMD4A	54567127	-83394	83394
307	chr14	54650823	54651011	54650917	hyper	0.44311342	SAMD4A	54567127	-83790	83790
308	chr14	55760816	55761000	55760908	hyper	0.32840344	RPL13AP3	55766244	5336	5336
308	chr14	55760816	55761000	55760908	hyper	0.32840344	LINC00520	55796674	35766	35766
309	chr14	56796651	56797095	56796873	hyper	0.5757243	OTX2	56810479	13606	13606
309	chr14	56796651	56797095	56796873	hyper	0.5757243	OTX2-AS1	56812005	15132	15132
310	chr14	56797657	56797816	56797736	hyper	0.5222688	OTX2	56810479	12743	12743
310	chr14	56797657	56797816	56797736	hyper	0.5222688	OTX2-AS1	56812005	14269	14269
311	chr14	56798636	56799584	56799110	hyper	0.55430573	OTX2	56810479	11369	11369
311	chr14	56798636	56799584	56799110	hyper	0.55430573	OTX2-AS1	56812005	12895	12895
312	chr14	56803751	56804720	56804235	hyper	0.6277527	OTX2	56810479	6244	6244
312	chr14	56803751	56804720	56804235	hyper	0.6277527	OTX2-AS1	56812005	7770	7770
313	chr14	56812441	56812952	56812696	hyper	0.5444508	OTX2	56810479	-2217	2217
313	chr14	56812441	56812952	56812696	hyper	0.5444508	OTX2-AS1	56812005	-691	691
314	chr14	64623690	64623822	64623756	hypo	-0.41426373	LOC102723809	64540368	-83388	83388
314	chr14	64623690	64623822	64623756	hypo	-0.41426373	HSPA2	64540467	-83289	83289
314	chr14	64623690	64623822	64623756	hypo	-0.41426373	PPP1R36	64549960	-73796	73796
314	chr14	64623690	64623822	64623756	hypo	-0.41426373	PLEKHG3	64704423	80667	80667
315	chr14	69572158	69572344	69572251	hyper	0.5830156	PLEKHD1	69484727	-87524	87524
315	chr14	69572158	69572344	69572251	hyper	0.5830156	CCDC177	69574871	2620	2620
315	chr14	69572158	69572344	69572251	hyper	0.5830156	SUSD6	69611595	39344	39344
316	chr14	69850255	69850585	69850420	hyper	0.50340694	SRSF5	69767141	-83279	83279
316	chr14	69850255	69850585	69850420	hyper	0.50340694	LOC100289511	69767713	-82707	82707
316	chr14	69850255	69850585	69850420	hyper	0.50340694	SLC10A1	69797241	-53179	53179
316	chr14	69850255	69850585	69850420	hyper	0.50340694	LOC100506358	69811759	-38661	38661
316	chr14	69850255	69850585	69850420	hyper	0.50340694	SMOC1	69879415	28995	28995
317	chr14	71482400	71482575	71482487	hypo	-0.29983807	SNORD56B	71398336	-84151	84151
317	chr14	71482400	71482575	71482487	hypo	-0.29983807	LOC145474	71487860	5373	5373
319	chr14	79226104	79226408	79226256	hypo	-0.43089423	LOC105370586	79199981	-26275	26275
321	chr14	81122951	81123076	81123013	hyper	0.4186643	SNORA79	81202834	79821	79821
321	chr14	81122951	81123076	81123013	hyper	0.4186643	LOC101928504	81221217	98204	98204
321	chr14	81122951	81123076	81123013	hyper	0.4186643	GTF2A1	81221390	98377	98377
322	chr14	81412670	81412908	81412789	hyper	0.6816263	STON2	81436465	23676	23676
322	chr14	81412670	81412908	81412789	hyper	0.6816263	LINC02308	81450157	37368	37368
323	chr14	85320472	85320735	85320603	hypo	-0.41084218	SNORD3P3	85271931	-48672	48672
323	chr14	85320472	85320735	85320603	hypo	-0.41084218	LINC02329	85387274	66671	66671
323	chr14	85320472	85320735	85320603	hypo	-0.41084218	LINC00911	85393878	73275	73275
326	chr14	89631393	89631752	89631572	hyper	0.36782745	FOXN3-AS2	89576215	-55357	55357
326	chr14	89631393	89631752	89631572	hyper	0.36782745	FOXN3	89619165	-12407	12407
327	chr14	92415064	92415321	92415192	hyper	0.40929762	SLC24A4	92322580	-92612	92612
327	chr14	92415064	92415321	92415192	hyper	0.40929762	RIN3	92513780	98588	98588
328	chr14	95656782	95657002	95656892	hyper	0.36761618	LINC02318	95573561	-83331	83331
328	chr14	95656782	95657002	95656892	hyper	0.36761618	TCL6	95652096	-4796	4796
328	chr14	95656782	95657002	95656892	hyper	0.36761618	TCL1B	95686425	29533	29533
328	chr14	95656782	95657002	95656892	hyper	0.36761618	TCL1A	95714125	57233	57233
328	chr14	95656782	95657002	95656892	hyper	0.36761618	LOC107984703	95715482	58590	58590
329	chr14	97883476	97883748	97883612	hyper	0.4032518	LINC01550	97978124	94512	94512
330	chr15	25497969	25498120	25498044	hyper	0.3684365	UBE3A	25439056	-58988	58988
331	chr15	26882669	26882796	26882732	hyper	0.4714074	GABRA5	26867061	-15671	15671
331	chr15	26882669	26882796	26882732	hyper	0.4714074	GABRG3	26971180	88448	88448
333	chr15	28777373	28777820	28777596	hyper	0.4567999	GOLGA8M	28712421	-65175	65175
333	chr15	28777373	28777820	28777596	hyper	0.4567999	WHAMMP2	28737582	-40014	40014
333	chr15	28777373	28777820	28777596	hyper	0.4567999	LOC100289656	28788242	10646	10646
333	chr15	28777373	28777820	28777596	hyper	0.4567999	PDCD6IPP2	28789833	12237	12237
333	chr15	28777373	28777820	28777596	hyper	0.4567999	GOLGA6L7	28848685	71089	71089
334	chr15	36921699	36921830	36921764	hyper	0.36235413	LOC145845	36886533	-35231	35231
334	chr15	36921699	36921830	36921764	hyper	0.36235413	MIR8063	36972901	51137	51137
335	chr15	38412669	38412763	38412716	hyper	0.3792077	FAM98B	38454126	41410	41410
336	chr15	38736819	38737054	38736936	hyper	0.36265433	LINC02694	38696597	-40339	40339
338	chr15	48040301	48040395	48040348	hypo	-0.37752128	SLC24A5	48120989	80641	80641
339	chr15	57547161	57547501	57547331	hyper	0.4698697	GCOM1	57591903	44572	44572
339	chr15	57547161	57547501	57547331	hyper	0.4698697	MYZAP	57591903	44572	44572
340	chr15	58053467	58053890	58053678	hypo	-0.4280002	LOC283665	58065224	11546	11546
340	chr15	58053467	58053890	58053678	hypo	-0.4280002	ALDH1A2	58065923	12245	12245
340	chr15	58053467	58053890	58053678	hypo	-0.4280002	AQP9	58138168	84490	84490
342	chr15	61635418	61635586	61635502	hypo	-0.44519913	LINC02349	61729917	94415	94415
343	chr15	69548892	69549054	69548973	hyper	0.6159803	RPLP1	69452817	-96156	96156
343	chr15	69548892	69549054	69548973	hyper	0.6159803	DRAIC	69561719	12746	12746
343	chr15	69548892	69549054	69548973	hyper	0.6159803	PCAT29	69592199	43226	43226
344	chr15	69549322	69549398	69549360	hyper	0.46327665	RPLP1	69452817	-96543	96543
344	chr15	69549322	69549398	69549360	hyper	0.46327665	DRAIC	69561719	12359	12359
344	chr15	69549322	69549398	69549360	hyper	0.46327665	PCAT29	69592199	42839	42839
345	chr15	70535298	70535581	70535439	hyper	0.41395617	LINC02205	70505928	-29511	29511
345	chr15	70535298	70535581	70535439	hyper	0.41395617	LINC02204	70586606	51167	51167
345	chr15	70535298	70535581	70535439	hyper	0.41395617	SALRNA3	70615546	80107	80107
345	chr15	70535298	70535581	70535439	hyper	0.41395617	SALRNA2	70635248	99809	99809
346	chr15	73842795	73842865	73842830	hyper	0.38830462	INSYN1	73753351	-89479	89479
346	chr15	73842795	73842865	73842830	hyper	0.38830462	INSYN1-AS1	73768085	-74745	74745
346	chr15	73842795	73842865	73842830	hyper	0.38830462	TBC1D21	73873563	30733	30733
346	chr15	73842795	73842865	73842830	hyper	0.38830462	LOXL1	73926461	83631	83631
346	chr15	73842795	73842865	73842830	hyper	0.38830462	LOXL1-AS1	73928248	85418	85418
348	chr15	86076252	86076645	86076448	hypo	-0.35735217	AGBL1	86079619	3171	3171
348	chr15	86076252	86076645	86076448	hypo	-0.35735217	LINC01584	86116717	40269	40269
352	chr15	91926690	91926834	91926762	hyper	0.6185322	SLCO3A1	91853707	-73055	73055
354	chr15	98127672	98127793	98127732	hyper	0.44755545	LINC01582	98088753	-38979	38979
355	chr15	98131985	98132203	98132094	hyper	0.3936681	LINC01582	98088753	-43341	43341
357	chr15	100252446	100252699	100252572	hyper	0.44072255	ADAMTS17	100341975	89403	89403
357	chr15	100252446	100252699	100252572	hyper	0.44072255	SPATA41	100350718	98146	98146
358	chr15	100471547	100471638	100471592	hypo	-0.3808294	CERS3-AS1	100372938	-98654	98654
358	chr15	100471547	100471638	100471592	hypo	-0.3808294	CERS3	100544683	73091	73091
358	chr15	100471547	100471638	100471592	hypo	-0.3808294	LOC102723335	100558665	87073	87073
358	chr15	100471547	100471638	100471592	hypo	-0.3808294	PRKXP1	100559283	87691	87691
360	chr16	5159640	5159789	5159714	hypo	-0.4240313	C16orf89	5066145	-93569	93569
360	chr16	5159640	5159789	5159714	hypo	-0.4240313	ALG1	5071842	-87872	87872
360	chr16	5159640	5159789	5159714	hypo	-0.4240313	EEF2KMT	5097820	-61894	61894
362	chr16	5642174	5642388	5642281	hypo	-0.64970607	LINC01570	5616250	-26031	26031
362	chr16	5642174	5642388	5642281	hypo	-0.64970607	MIR8065	5632466	-9815	9815
367	chr16	8582125	8582424	8582274	hyper	0.5305356	TMEM114	8590511	8237	8237
367	chr16	8582125	8582424	8582274	hyper	0.5305356	METTL22	8621697	39423	39423
367	chr16	8582125	8582424	8582274	hyper	0.5305356	ABAT	8674616	92342	92342
372	chr16	15811700	15811750	15811725	hypo	-0.42313644	MYH11	15857030	45305	45305
372	chr16	15811700	15811750	15811725	hypo	-0.42313644	CEP20	15888603	76878	76878
374	chr16	18832806	18833156	18832981	hypo	-0.4171379	RPS15A	18790334	-42647	42647
374	chr16	18832806	18833156	18832981	hypo	-0.4171379	ARL6IP1	18801549	-31432	31432
374	chr16	18832806	18833156	18832981	hypo	-0.4171379	SMG1	18926408	93427	93427
375	chr16	19901262	19901477	19901369	hypo	-0.47552204	GPRC5B	19885634	-15735	15735
376	chr16	20016205	20016571	20016388	hypo	-0.37019154	GPR139	20073890	57502	57502
377	chr16	21527325	21527782	21527553	hyper	0.40244028	SMG1P3	21502281	-25272	25272
377	chr16	21527325	21527782	21527553	hyper	0.40244028	SLC7A5P2	21520444	-7109	7109
377	chr16	21527325	21527782	21527553	hyper	0.40244028	METTL9	21597220	69667	69667
377	chr16	21527325	21527782	21527553	hyper	0.40244028	LOC101927814	21599385	71832	71832
378	chr16	23051530	23051999	23051764	hyper	0.45670843	USP31	23149270	97506	97506
389	chr16	84286787	84287096	84286941	hyper	0.4414938	TAF1C	84187070	-99871	99871
389	chr16	84286787	84287096	84286941	hyper	0.4414938	ADAD2	84191156	-95785	95785
389	chr16	84286787	84287096	84286941	hyper	0.4414938	LOC654780	84197053	-89888	89888
389	chr16	84286787	84287096	84286941	hyper	0.4414938	KCNG4	84239750	-47191	47191
389	chr16	84286787	84287096	84286941	hyper	0.4414938	WFDC1	84294877	7936	7936
389	chr16	84286787	84287096	84286941	hyper	0.4414938	ATP2C2	84368522	81581	81581
391	chr17	6567939	6568136	6568037	hyper	0.41073334	PITPNM3	6556555	-11482	11482
391	chr17	6567939	6568136	6568037	hyper	0.41073334	KIAA0753	6640711	72674	72674
391	chr17	6567939	6568136	6568037	hyper	0.41073334	TXNDC17	6641059	73022	73022
391	chr17	6567939	6568136	6568037	hyper	0.41073334	MED31	6651605	83568	83568
391	chr17	6567939	6568136	6568037	hyper	0.41073334	C17orf100	6651761	83724	83724
391	chr17	6567939	6568136	6568037	hyper	0.41073334	MIR4520-2	6655448	87411	87411
391	chr17	6567939	6568136	6568037	hyper	0.41073334	MIR4520-1	6655509	87472	87472
391	chr17	6567939	6568136	6568037	hyper	0.41073334	ALOX15P1	6657718	89681	89681
392	chr17	6903424	6903928	6903676	hypo	-0.37623346	TEKT1	6831729	-71947	71947
392	chr17	6903424	6903928	6903676	hypo	-0.37623346	ALOX12P2	6853575	-50101	50101
392	chr17	6903424	6903928	6903676	hypo	-0.37623346	ALOX12	6996048	92372	92372
393	chr17	12713294	12713535	12713414	hypo	-0.33617377	MYOCD	12665889	-47525	47525
393	chr17	12713294	12713535	12713414	hypo	-0.33617377	MYOCD-AS1	12706135	-7279	7279
393	chr17	12713294	12713535	12713414	hypo	-0.33617377	ARHGAP44	12789497	76083	76083
393	chr17	12713294	12713535	12713414	hypo	-0.33617377	LOC100128006	12790284	76870	76870
394	chr17	14078445	14078688	14078566	hyper	0.3325691	CDRT15P1	14024497	-54069	54069
394	chr17	14078445	14078688	14078566	hyper	0.3325691	COX10-AS1	14069458	-9108	9108
394	chr17	14078445	14078688	14078566	hyper	0.3325691	COX10	14069503	-9063	9063
396	chr17	15038615	15038822	15038718	hypo	-0.39116278	LOC101928475	15014804	-23914	23914
396	chr17	15038615	15038822	15038718	hypo	-0.39116278	CDRT7	15030974	-7744	7744
396	chr17	15038615	15038822	15038718	hypo	-0.39116278	CDRT8	15106187	67469	67469
397	chr17	15591955	15592247	15592101	hypo	-0.4416966	TVP23C-CDRT4	15563483	-28618	28618
397	chr17	15591955	15592247	15592101	hypo	-0.4416966	TVP23C	15563631	-28470	28470
397	chr17	15591955	15592247	15592101	hypo	-0.4416966	CDRT1	15619704	27603	27603
397	chr17	15591955	15592247	15592101	hypo	-0.4416966	TRIM16	15684311	92210	92210
398	chr17	30271109	30271426	30271267	hyper	0.42380646	SLC6A4	30235697	-35570	35570
398	chr17	30271109	30271426	30271267	hyper	0.42380646	BLMH	30291944	20677	20677
398	chr17	30271109	30271426	30271267	hyper	0.42380646	TMIGD1	30334057	62790	62790
399	chr17	31584073	31584243	31584158	hyper	0.4259819	MIR4724	31534882	-49276	49276
399	chr17	31584073	31584243	31584158	hyper	0.4259819	MIR193A	31559995	-24163	24163
399	chr17	31584073	31584243	31584158	hyper	0.4259819	MIR4725	31575268	-8890	8890
399	chr17	31584073	31584243	31584158	hyper	0.4259819	MIR365B	31575410	-8748	8748
400	chr17	34130864	34131189	34131026	hyper	0.356277	ASIC2	34156806	25780	25780
400	chr17	34130864	34131189	34131026	hyper	0.356277	LINC01989	34183632	52606	52606
401	chr17	36059637	36060019	36059828	hyper	0.48778608	CCL16	35981497	-78331	78331
401	chr17	36059637	36060019	36059828	hyper	0.48778608	CCL14	35986729	-73099	73099
401	chr17	36059637	36060019	36059828	hyper	0.48778608	CCL15	36001553	-58275	58275
401	chr17	36059637	36060019	36059828	hyper	0.48778608	CCL15-CCL14	36002038	-57790	57790
401	chr17	36059637	36060019	36059828	hyper	0.48778608	CCL23	36017972	-41856	41856
401	chr17	36059637	36060019	36059828	hyper	0.48778608	CCL18	36064271	4443	4443
401	chr17	36059637	36060019	36059828	hyper	0.48778608	CCL4L1	36103672	43844	43844
401	chr17	36059637	36060019	36059828	hyper	0.48778608	CCL4L2	36103826	43998	43998
401	chr17	36059637	36060019	36059828	hyper	0.48778608	CCL4	36103826	43998	43998
402	chr17	42925368	42925678	42925523	hyper	0.50661594	PSME3	42833396	-92127	92127
402	chr17	42925368	42925678	42925523	hyper	0.50661594	AOC2	42844579	-80944	80944
402	chr17	42925368	42925678	42925523	hyper	0.50661594	AOC3	42851183	-74340	74340
402	chr17	42925368	42925678	42925523	hyper	0.50661594	AOC4P	42867144	-58379	58379
402	chr17	42925368	42925678	42925523	hyper	0.50661594	LINC00671	42898734	-26789	26789
402	chr17	42925368	42925678	42925523	hyper	0.50661594	G6PC	42900798	-24725	24725
402	chr17	42925368	42925678	42925523	hyper	0.50661594	AARSD1	42964454	38931	38931
402	chr17	42925368	42925678	42925523	hyper	0.50661594	PTGES3L	42980080	54557	54557
402	chr17	42925368	42925678	42925523	hyper	0.50661594	PTGES3L-AARSD1	42980528	55005	55005
402	chr17	42925368	42925678	42925523	hyper	0.50661594	RUNDC1	42980564	55041	55041
402	chr17	42925368	42925678	42925523	hyper	0.50661594	RPL27	42998272	72749	72749
402	chr17	42925368	42925678	42925523	hyper	0.50661594	IFI35	43006783	81260	81260
402	chr17	42925368	42925678	42925523	hyper	0.50661594	VAT1	43022385	96862	96862
402	chr17	42925368	42925678	42925523	hyper	0.50661594	RND2	43025230	99707	99707
403	chr17	43591757	43592151	43591954	hyper	0.4590307	ETV4	43546340	-45614	45614
403	chr17	43591757	43592151	43591954	hyper	0.4590307	MEOX1	43661922	69968	69968
404	chr17	46720408	46720626	46720517	hypo	-0.32949552	WNT3	46818692	98175	98175
405	chr17	54844349	54844487	54844418	hyper	0.54418385	TOM1L1	54900690	56272	56272
406	chr17	54906782	54906945	54906863	hyper	0.3610817	TOM1L1	54900690	-6173	6173
406	chr17	54906782	54906945	54906863	hyper	0.3610817	STXBP4	54968764	61901	61901
406	chr17	54906782	54906945	54906863	hyper	0.3610817	COX11	54968785	61922	61922
407	chr17	57073211	57073338	57073274	hyper	0.4179081	SCPEP1	56978130	-95144	95144
407	chr17	57073211	57073338	57073274	hyper	0.4179081	RNF126P1	57045477	-27797	27797
407	chr17	57073211	57073338	57073274	hyper	0.4179081	AKAP1	57085245	11971	11971
408	chr17	59194428	59194603	59194515	hypo	-0.3369366	TRIM37	59106880	-87635	87635
408	chr17	59194428	59194603	59194515	hypo	-0.3369366	MIR454	59137872	-56643	56643
408	chr17	59194428	59194603	59194515	hypo	-0.3369366	MIR301A	59151221	-43294	43294
408	chr17	59194428	59194603	59194515	hypo	-0.3369366	SKA2	59155186	-39329	39329
408	chr17	59194428	59194603	59194515	hypo	-0.3369366	PRR11	59155745	-38770	38770
408	chr17	59194428	59194603	59194515	hypo	-0.3369366	SMG8	59210009	15494	15494
408	chr17	59194428	59194603	59194515	hypo	-0.3369366	GDPD1	59220510	25995	25995
409	chr17	59297058	59297135	59297096	hypo	-0.3983594	SMG8	59210009	-87087	87087
409	chr17	59297058	59297135	59297096	hypo	-0.3983594	GDPD1	59220510	-76586	76586
409	chr17	59297058	59297135	59297096	hypo	-0.3983594	YPEL2	59331654	34558	34558
409	chr17	59297058	59297135	59297096	hypo	-0.3983594	MIR4729	59366082	68986	68986
410	chr17	59373102	59373431	59373266	hyper	0.39365157	YPEL2	59331654	-41612	41612
410	chr17	59373102	59373431	59373266	hyper	0.39365157	MIR4729	59366082	-7184	7184
411	chr17	65403339	65403675	65403507	hyper	0.5634376	LINC02563	65457540	54033	54033
412	chr17	67700192	67700397	67700294	hypo	-0.54277146	NOL11	67717832	17538	17538
412	chr17	67700192	67700397	67700294	hypo	-0.54277146	SNORA38B	67740669	40375	40375
413	chr17	68383521	68383983	68383752	hyper	0.4374675	SLC16A6	68291127	-92625	92625
413	chr17	68383521	68383983	68383752	hyper	0.4374675	PRKAR1A	68413622	29870	29870
413	chr17	68383521	68383983	68383752	hyper	0.4374675	MIR635	68424548	40796	40796
413	chr17	68383521	68383983	68383752	hyper	0.4374675	WIPI1	68457524	73772	73772
414	chr17	68564003	68564157	68564080	hyper	0.48271877	FAM20A	68601367	37287	37287
414	chr17	68564003	68564157	68564080	hyper	0.48271877	LINC01482	68628153	64073	64073
415	chr17	70104774	70104848	70104811	hyper	0.37213486	LINC01028	70051270	-53541	53541
415	chr17	70104774	70104848	70104811	hyper	0.37213486	KCNJ16	70075224	-29587	29587
415	chr17	70104774	70104848	70104811	hyper	0.37213486	KCNJ2-AS1	70169402	64591	64591
415	chr17	70104774	70104848	70104811	hyper	0.37213486	KCNJ2	70169531	64720	64720
416	chr17	71113682	71113928	71113805	hyper	0.45650053	CASC17	71202179	88374	88374
418	chr17	73396956	73397085	73397020	hyper	0.47276723	CDC42EP4	73312001	-85019	85019
419	chr17	77163022	77163244	77163133	hyper	0.51551515	SNHG20	77088642	-74491	74491
419	chr17	77163022	77163244	77163133	hyper	0.51551515	SEC14L1	77088684	-74449	74449
419	chr17	77163022	77163244	77163133	hyper	0.51551515	SCARNA16	77089306	-73827	73827
419	chr17	77163022	77163244	77163133	hyper	0.51551515	MIR6516	77089416	-73717	73717
420	chr17	77163629	77163979	77163804	hyper	0.45120943	SNHG20	77088642	-75162	75162
420	chr17	77163629	77163979	77163804	hyper	0.45120943	SEC14L1	77088684	-75120	75120
420	chr17	77163629	77163979	77163804	hyper	0.45120943	SCARNA16	77089306	-74498	74498
420	chr17	77163629	77163979	77163804	hyper	0.45120943	MIR6516	77089416	-74388	74388
421	chr17	77717995	77718286	77718140	hypo	-0.56237423	LINC01987	77728559	10419	10419
422	chr17	78081995	78082240	78082117	hyper	0.3918333	TNRC6C	78004236	-77881	77881
422	chr17	78081995	78082240	78082117	hyper	0.3918333	TMC8	78130770	48653	48653
422	chr17	78081995	78082240	78082117	hyper	0.3918333	TMC6	78132427	50310	50310
422	chr17	78081995	78082240	78082117	hyper	0.3918333	C17orf99	78146384	64267	64267
422	chr17	78081995	78082240	78082117	hyper	0.3918333	SYNGR2	78168544	86427	86427
423	chr17	78592194	78592817	78592505	hyper	0.56624675	DNAH17	78577396	-15109	15109
423	chr17	78592194	78592817	78592505	hyper	0.56624675	SCAT1	78632057	39552	39552
424	chr17	78824798	78824977	78824887	hyper	0.34746006	CYTH1	78782342	-42545	42545
424	chr17	78824798	78824977	78824887	hyper	0.34746006	USP36	78841439	16552	16552
424	chr17	78824798	78824977	78824887	hyper	0.34746006	CEP295NL	78903201	78314	78314
425	chr17	83151423	83151496	83151459	hyper	0.47229537	B3GNTL1	83051810	-99649	99649
425	chr17	83151423	83151496	83151459	hyper	0.47229537	METRNL	83079608	-71851	71851
425	chr17	83151423	83151496	83151459	hyper	0.47229537	RPL23AP87	83226896	75437	75437
426	chr18	463523	463762	463642	hyper	0.39479247	COLEC12	500701	37059	37059
426	chr18	463523	463762	463642	hyper	0.39479247	LINC01925	515294	51652	51652
427	chr18	5078689	5078803	5078746	hyper	0.49499997	LINC01892	5081181	2435	2435
428	chr18	5638514	5638608	5638561	hyper	0.3483019	EPB41L3	5630663	-7898	7898
429	chr18	7289864	7290510	7290187	hypo	-0.44832167	LRRC30	7231103	-59084	59084
432	chr18	11849872	11850400	11850136	hyper	0.39907455	CHMP1B	11851412	1276	1276
432	chr18	11849872	11850400	11850136	hyper	0.39907455	MPPE1	11908317	58181	58181
433	chr18	21240854	21241175	21241014	hyper	0.4636368	GREB1L	21242241	1227	1227
434	chr18	21244550	21244842	21244696	hyper	0.56383246	GREB1L	21242241	-2455	2455
436	chr18	23532864	23532962	23532913	hypo	-0.35822868	TMEM241	23437969	-94944	94944
436	chr18	23532864	23532962	23532913	hypo	-0.35822868	RIOK3	23453286	-79627	79627
436	chr18	23532864	23532962	23532913	hypo	-0.35822868	RMC1	23503469	-29444	29444
436	chr18	23532864	23532962	23532913	hypo	-0.35822868	NPC1	23586506	53593	53593
441	chr18	42242934	42243176	42243055	hyper	0.42132244	LINC00907	42186667	-56388	56388
443	chr18	44474193	44474296	44474244	hyper	0.47227132	LINC01478	44531697	57453	57453
443	chr18	44474193	44474296	44474244	hyper	0.47227132	LINC01601	44531778	57534	57534
444	chr18	44771942	44772107	44772024	hyper	0.461527	SETBP1	44680072	-91952	91952
446	chr18	55458855	55458973	55458914	hyper	0.46073902	TCF4-AS1	55452532	-6382	6382
446	chr18	55458855	55458973	55458914	hyper	0.46073902	MIR4529	55479220	20306	20306
448	chr18	62604886	62605161	62605023	hyper	0.45847252	ZCCHC2	62523024	-81999	81999
450	chr18	67840855	67840997	67840926	hyper	0.28720495	LINC01903	67814822	-26104	26104
453	chr18	76771556	76771895	76771725	hypo	-0.5397409	LINC01879	76690028	-81697	81697
453	chr18	76771556	76771895	76771725	hypo	-0.5397409	ZNF236-DT	76822295	50570	50570
453	chr18	76771556	76771895	76771725	hypo	-0.5397409	ZNF236	76822556	50831	50831
454	chr18	77042654	77042959	77042806	hyper	0.39968067	MBP	77132783	89977	89977
456	chr18	77924440	77924717	77924578	hyper	0.3064568	LINC01029	77993727	69149	69149
458	chr19	7287690	7288266	7287978	hyper	0.40360728	INSR	7294414	6436	6436
458	chr19	7287690	7288266	7287978	hyper	0.40360728	ARHGEF18	7348936	60958	60958
459	chr19	9774847	9775024	9774935	hyper	0.3534545	ZNF562	9675100	-99835	99835
459	chr19	9774847	9775024	9774935	hyper	0.3534545	ZNF812P	9700776	-74159	74159
459	chr19	9774847	9775024	9774935	hyper	0.3534545	ZNF846	9786183	11248	11248
459	chr19	9774847	9775024	9774935	hyper	0.3534545	LOC100505555	9793180	18245	18245
459	chr19	9774847	9775024	9774935	hyper	0.3534545	FBXL12	9819079	44144	44144
459	chr19	9774847	9775024	9774935	hyper	0.3534545	UBL5	9827917	52982	52982
459	chr19	9774847	9775024	9774935	hyper	0.3534545	PIN1	9835206	60271	60271
460	chr19	18457666	18457767	18457716	hypo	-0.46505716	GDF15	18386157	-71559	71559
460	chr19	18457666	18457767	18457716	hypo	-0.46505716	MIR3189	18386561	-71155	71155
460	chr19	18457666	18457767	18457716	hypo	-0.46505716	LRRC25	18397622	-60094	60094
460	chr19	18457666	18457767	18457716	hypo	-0.46505716	SSBP4	18419397	-38319	38319
460	chr19	18457666	18457767	18457716	hypo	-0.46505716	ISYNA1	18438133	-19583	19583
460	chr19	18457666	18457767	18457716	hypo	-0.46505716	ELL	18522070	64354	64354
460	chr19	18457666	18457767	18457716	hypo	-0.46505716	FKBP8	18543573	85857	85857
462	chr19	34557424	34557589	34557506	hypo	-0.4322915	WTIP	34481757	-75749	75749
462	chr19	34557424	34557589	34557506	hypo	-0.4322915	ZNF807P	34545386	-12120	12120
462	chr19	34557424	34557589	34557506	hypo	-0.4322915	SCGB2B2	34594585	37079	37079
462	chr19	34557424	34557589	34557506	hypo	-0.4322915	SCGB2B3P	34645872	88366	88366
463	chr19	47004095	47004435	47004265	hyper	0.49432984	NPAS1	47019836	15571	15571
463	chr19	47004095	47004435	47004265	hyper	0.49432984	TMEM160	47048624	44359	44359
464	chr19	52176545	52176645	52176595	hyper	0.4392232	ZNF841	52095765	-80830	80830
464	chr19	52176545	52176645	52176595	hyper	0.4392232	ZNF616	52139938	-36657	36657
464	chr19	52176545	52176645	52176595	hyper	0.4392232	ZNF836	52171621	-4974	4974
464	chr19	52176545	52176645	52176595	hyper	0.4392232	PPP2R1A	52190051	13456	13456
464	chr19	52176545	52176645	52176595	hyper	0.4392232	MIR6801	52222019	45424	45424
464	chr19	52176545	52176645	52176595	hyper	0.4392232	ZNF766	52269586	92991	92991
465	chr19	53658122	53658352	53658237	hyper	0.399986	LOC284379	53603497	-54740	54740
465	chr19	53658122	53658352	53658237	hyper	0.399986	DPRX	53632055	-26182	26182
465	chr19	53658122	53658352	53658237	hyper	0.399986	MIR512-2	53666672	8435	8435
465	chr19	53658122	53658352	53658237	hyper	0.399986	MIR512-1	53666678	8441	8441
465	chr19	53658122	53658352	53658237	hyper	0.399986	MIR1323	53671967	13730	13730
465	chr19	53658122	53658352	53658237	hyper	0.399986	MIR498	53674196	15959	15959
465	chr19	53658122	53658352	53658237	hyper	0.399986	MIR520E	53675710	17473	17473
465	chr19	53658122	53658352	53658237	hyper	0.399986	MIR515-2	53679002	20765	20765
465	chr19	53658122	53658352	53658237	hyper	0.399986	MIR515-1	53679002	20765	20765
465	chr19	53658122	53658352	53658237	hyper	0.399986	MIR519E	53679939	21702	21702
465	chr19	53658122	53658352	53658237	hyper	0.399986	MIR520F	53682158	23921	23921
465	chr19	53658122	53658352	53658237	hyper	0.399986	MIR519C	53686468	28231	28231
465	chr19	53658122	53658352	53658237	hyper	0.399986	MIR1283-1	53688480	30243	30243
465	chr19	53658122	53658352	53658237	hyper	0.399986	MIR520A	53690880	32643	32643
465	chr19	53658122	53658352	53658237	hyper	0.399986	MIR526B	53694392	36155	36155
465	chr19	53658122	53658352	53658237	hyper	0.399986	MIR519B	53695212	36975	36975
465	chr19	53658122	53658352	53658237	hyper	0.399986	MIR525	53697532	39295	39295
465	chr19	53658122	53658352	53658237	hyper	0.399986	MIR523	53698384	40147	40147
465	chr19	53658122	53658352	53658237	hyper	0.399986	MIR518F	53700014	41777	41777
465	chr19	53658122	53658352	53658237	hyper	0.399986	MIR520B	53701226	42989	42989
465	chr19	53658122	53658352	53658237	hyper	0.399986	MIR518B	53702736	44499	44499
465	chr19	53658122	53658352	53658237	hyper	0.399986	MIR526A1	53706251	48014	48014
465	chr19	53658122	53658352	53658237	hyper	0.399986	MIR520C	53707452	49215	49215
465	chr19	53658122	53658352	53658237	hyper	0.399986	MIR518C	53708734	50497	50497
465	chr19	53658122	53658352	53658237	hyper	0.399986	MIR524	53711001	52764	52764
465	chr19	53658122	53658352	53658237	hyper	0.399986	MIR517A	53712267	54030	54030
465	chr19	53658122	53658352	53658237	hyper	0.399986	MIR519D	53713346	55109	55109
465	chr19	53658122	53658352	53658237	hyper	0.399986	MIR521-2	53716593	58356	58356
465	chr19	53658122	53658352	53658237	hyper	0.399986	MIR520D	53720095	61858	61858
465	chr19	53658122	53658352	53658237	hyper	0.399986	MIR517B	53721075	62838	62838
465	chr19	53658122	53658352	53658237	hyper	0.399986	MIR520G	53722165	63928	63928
465	chr19	53658122	53658352	53658237	hyper	0.399986	MIR516B2	53725441	67204	67204
465	chr19	53658122	53658352	53658237	hyper	0.399986	MIR526A2	53726921	68684	68684
465	chr19	53658122	53658352	53658237	hyper	0.399986	MIR518E	53729837	71600	71600
465	chr19	53658122	53658352	53658237	hyper	0.399986	MIR518A1	53731005	72768	72768
465	chr19	53658122	53658352	53658237	hyper	0.399986	MIR518D	53734876	76639	76639
465	chr19	53658122	53658352	53658237	hyper	0.399986	MIR516B1	53736844	78607	78607
465	chr19	53658122	53658352	53658237	hyper	0.399986	MIR518A2	53739332	81095	81095
465	chr19	53658122	53658352	53658237	hyper	0.399986	MIR517C	53741312	83075	83075
465	chr19	53658122	53658352	53658237	hyper	0.399986	MIR520H	53742511	84274	84274
465	chr19	53658122	53658352	53658237	hyper	0.399986	MIR521-1	53748635	90398	90398
465	chr19	53658122	53658352	53658237	hyper	0.399986	MIR522	53751210	92973	92973
465	chr19	53658122	53658352	53658237	hyper	0.399986	MIR519A1	53752396	94159	94159
465	chr19	53658122	53658352	53658237	hyper	0.399986	MIR527	53754017	95780	95780
465	chr19	53658122	53658352	53658237	hyper	0.399986	MIR516A1	53756740	98503	98503
465	chr19	53658122	53658352	53658237	hyper	0.399986	MIR1283-2	53758231	99994	99994
466	chr19	54224117	54224291	54224204	hyper	0.36733362	CNOT3	54137761	-86443	86443
466	chr19	54224117	54224291	54224204	hyper	0.36733362	LENG1	54159721	-64483	64483
466	chr19	54224117	54224291	54224204	hyper	0.36733362	TMC4	54173160	-51044	51044
466	chr19	54224117	54224291	54224204	hyper	0.36733362	MBOAT7	54189882	-34322	34322
466	chr19	54224117	54224291	54224204	hyper	0.36733362	TSEN34	54190267	-33937	33937
466	chr19	54224117	54224291	54224204	hyper	0.36733362	RPS9	54200857	-23347	23347
466	chr19	54224117	54224291	54224204	hyper	0.36733362	LILRB3	54223007	-1197	1197
466	chr19	54224117	54224291	54224204	hyper	0.36733362	LILRA6	54242795	18591	18591
466	chr19	54224117	54224291	54224204	hyper	0.36733362	LILRB5	54257273	33069	33069
466	chr19	54224117	54224291	54224204	hyper	0.36733362	LILRB2	54281178	56974	56974
466	chr19	54224117	54224291	54224204	hyper	0.36733362	MIR4752	54282108	57904	57904
466	chr19	54224117	54224291	54224204	hyper	0.36733362	LILRA5	54313166	88962	88962
468	chr2	1456079	1456338	1456208	hyper	0.5346155	TPO	1413460	-42748	42748
468	chr2	1456079	1456338	1456208	hyper	0.5346155	LOC102723730	1551929	95721	95721
469	chr2	3040796	3041073	3040934	hyper	0.4596233	LINC01250	3126026	85092	85092
471	chr2	6448922	6449159	6449040	hyper	0.46809205	LINC01247	6375422	-73618	73618
472	chr2	6674313	6674538	6674425	hypo	-0.42192072	LINC01246	6634706	-39719	39719
472	chr2	6674313	6674538	6674425	hypo	-0.42192072	MIR7515	6650372	-24053	24053
472	chr2	6674313	6674538	6674425	hypo	-0.42192072	MIR7515HG	6650519	-23906	23906
472	chr2	6674313	6674538	6674425	hypo	-0.42192072	LINC00487	6770311	95886	95886
474	chr2	9961311	9961472	9961391	hyper	0.39554006	GRHL1	9951692	-9699	9699
474	chr2	9961311	9961472	9961391	hyper	0.39554006	LOC101929882	10043401	82010	82010
474	chr2	9961311	9961472	9961391	hyper	0.39554006	KLF11	10043549	82158	82158
475	chr2	9990976	9991045	9991010	hyper	0.40743184	GRHL1	9951692	-39318	39318
475	chr2	9990976	9991045	9991010	hyper	0.40743184	LOC101929882	10043401	52391	52391
475	chr2	9990976	9991045	9991010	hyper	0.40743184	KLF11	10043549	52539	52539
475	chr2	9990976	9991045	9991010	hyper	0.40743184	CYS1	10080411	89401	89401
478	chr2	26339713	26339977	26339845	hypo	-0.42839026	HADHA	26244632	-95213	95213
478	chr2	26339713	26339977	26339845	hypo	-0.42839026	HADHB	26244747	-95098	95098
478	chr2	26339713	26339977	26339845	hypo	-0.42839026	SELENOI	26346142	6297	6297
478	chr2	26339713	26339977	26339845	hypo	-0.42839026	ADGRF3	26346789	6944	6944
478	chr2	26339713	26339977	26339845	hypo	-0.42839026	DRC1	26401919	62074	62074
479	chr2	27809291	27809678	27809484	hypo	-0.3856546	LINC01460	27715732	-93752	93752
479	chr2	27809291	27809678	27809484	hypo	-0.3856546	LOC105374378	27716122	-93362	93362
479	chr2	27809291	27809678	27809484	hypo	-0.3856546	MRPL33	27771716	-37768	37768
479	chr2	27809291	27809678	27809484	hypo	-0.3856546	BABAM2	27888708	79224	79224
479	chr2	27809291	27809678	27809484	hypo	-0.3856546	RBKS	27890396	80912	80912
479	chr2	27809291	27809678	27809484	hypo	-0.3856546	BABAM2-AS1	27891114	81630	81630
480	chr2	31221666	31221817	31221741	hyper	0.38335392	GALNT14	31138440	-83301	83301
480	chr2	31221666	31221817	31221741	hyper	0.38335392	CAPN14	31233957	12216	12216
480	chr2	31221666	31221817	31221741	hyper	0.38335392	EHD3	31234151	12410	12410
481	chr2	38213879	38213989	38213934	hyper	0.45049635	CYP1B1-AS1	38131104	-82830	82830
482	chr2	39162400	39162571	39162485	hypo	-0.40883422	SOS1	39124868	-37617	37617
482	chr2	39162400	39162571	39162485	hypo	-0.40883422	CDKL4	39243983	81498	81498
483	chr2	39515818	39515877	39515847	hyper	0.4052118	MAP4K3	39437285	-78562	78562
483	chr2	39515818	39515877	39515847	hyper	0.4052118	MAP4K3-DT	39437415	-78432	78432
484	chr2	39922646	39922755	39922700	hyper	0.38303533	SLC8A1-AS1	39917633	-5067	5067
487	chr2	44925743	44925882	44925812	hyper	0.37854108	LINC01833	44939199	13387	13387
487	chr2	44925743	44925882	44925812	hyper	0.37854108	SIX3	44941701	15889	15889
487	chr2	44925743	44925882	44925812	hyper	0.37854108	SIX3-AS1	44941878	16066	16066
487	chr2	44925743	44925882	44925812	hyper	0.37854108	SIX2	45009452	83640	83640
488	chr2	44926291	44926518	44926404	hyper	0.4363698	LINC01833	44939199	12795	12795
488	chr2	44926291	44926518	44926404	hyper	0.4363698	SIX3	44941701	15297	15297
488	chr2	44926291	44926518	44926404	hyper	0.4363698	SIX3-AS1	44941878	15474	15474
488	chr2	44926291	44926518	44926404	hyper	0.4363698	SIX2	45009452	83048	83048
489	chr2	44929730	44930241	44929985	hyper	0.42137507	LINC01833	44939199	9214	9214
489	chr2	44929730	44930241	44929985	hyper	0.42137507	SIX3	44941701	11716	11716
489	chr2	44929730	44930241	44929985	hyper	0.42137507	SIX3-AS1	44941878	11893	11893
489	chr2	44929730	44930241	44929985	hyper	0.42137507	SIX2	45009452	79467	79467
490	chr2	44930633	44930883	44930758	hyper	0.33811316	LINC01833	44939199	8441	8441
490	chr2	44930633	44930883	44930758	hyper	0.33811316	SIX3	44941701	10943	10943
490	chr2	44930633	44930883	44930758	hyper	0.33811316	SIX3-AS1	44941878	11120	11120
490	chr2	44930633	44930883	44930758	hyper	0.33811316	SIX2	45009452	78694	78694
491	chr2	44932625	44933587	44933106	hyper	0.48969993	LINC01833	44939199	6093	6093
491	chr2	44932625	44933587	44933106	hyper	0.48969993	SIX3	44941701	8595	8595
491	chr2	44932625	44933587	44933106	hyper	0.48969993	SIX3-AS1	44941878	8772	8772
491	chr2	44932625	44933587	44933106	hyper	0.48969993	SIX2	45009452	76346	76346
492	chr2	44953016	44953131	44953073	hyper	0.47406262	LINC01833	44939199	-13874	13874
492	chr2	44953016	44953131	44953073	hyper	0.47406262	SIX3	44941701	-11372	11372
492	chr2	44953016	44953131	44953073	hyper	0.47406262	SIX3-AS1	44941878	-11195	11195
492	chr2	44953016	44953131	44953073	hyper	0.47406262	SIX2	45009452	56379	56379
493	chr2	47173535	47173699	47173617	hyper	0.3505106	STPG4	47155308	-18309	18309
493	chr2	47173535	47173699	47173617	hyper	0.3505106	CALM2	47176936	3319	3319
495	chr2	63058510	63059033	63058771	hyper	0.5838212	LOC100132215	63048521	-10250	10250
495	chr2	63058510	63059033	63058771	hyper	0.5838212	OTX1	63049734	-9037	9037
495	chr2	63058510	63059033	63058771	hyper	0.5838212	DBIL5P2	63119542	60771	60771
496	chr2	63059428	63060649	63060038	hyper	0.5292186	LOC100132215	63048521	-11517	11517
496	chr2	63059428	63060649	63060038	hyper	0.5292186	OTX1	63049734	-10304	10304
496	chr2	63059428	63060649	63060038	hyper	0.5292186	DBIL5P2	63119542	59504	59504
497	chr2	63993575	63993641	63993608	hypo	-0.3595186	VPS54	64019428	25820	25820
498	chr2	64931807	64932047	64931927	hypo	-0.39820018	LINC01800	64863631	-68296	68296
498	chr2	64931807	64932047	64931927	hypo	-0.39820018	LINC02245	64932447	520	520
498	chr2	64931807	64932047	64931927	hypo	-0.39820018	SLC1A4	64988478	56551	56551
499	chr2	65088587	65088773	65088680	hypo	-0.38962597	CEP68	65056415	-32265	32265
499	chr2	65088587	65088773	65088680	hypo	-0.38962597	RAB1A	65130301	41621	41621
500	chr2	65278293	65278758	65278525	hyper	0.42132604	ACTR2	65227694	-50831	50831
502	chr2	69196378	69196515	69196446	hyper	0.36758456	MIR3126	69103681	-92765	92765
503	chr2	74044600	74044756	74044678	hyper	0.33773994	DGUOK-AS1	73981439	-63239	63239
503	chr2	74044600	74044756	74044678	hyper	0.33773994	TET3	73984909	-59769	59769
504	chr2	77959466	77959537	77959501	hyper	0.29913795	LINC01851	77915933	-43568	43568
504	chr2	77959466	77959537	77959501	hyper	0.29913795	SNAR-H	77955026	-4475	4475
505	chr2	79228412	79228616	79228514	hyper	0.33848152	REG1CP	79138427	-90087	90087
505	chr2	79228412	79228616	79228514	hyper	0.33848152	REG3A	79159753	-68761	68761
507	chr2	97397976	97398199	97398087	hypo	-0.3075833	LOC100506123	97424027	25940	25940
507	chr2	97397976	97398199	97398087	hypo	-0.3075833	LOC100506076	97429244	31157	31157
508	chr2	100045185	100045407	100045296	hyper	0.5760695	AFF3	100142590	97294	97294
511	chr2	105081933	105082411	105082172	hyper	0.37600884	MRPS9	105038068	-44104	44104
511	chr2	105081933	105082411	105082172	hyper	0.37600884	MRPS9-AS2	105038496	-43676	43676
511	chr2	105081933	105082411	105082172	hyper	0.37600884	MRPS9-AS1	105102944	20772	20772
511	chr2	105081933	105082411	105082172	hyper	0.37600884	LINC01918	105144112	61940	61940
512	chr2	105584253	105584610	105584431	hyper	0.37121785	LOC285000	105610559	26128	26128
513	chr2	106281709	106282418	106282063	hyper	0.52879065	UXS1	106194301	-87762	87762
513	chr2	106281709	106282418	106282063	hyper	0.52879065	ANAPC1P6	106369744	87681	87681
514	chr2	106553317	106553505	106553411	hyper	0.34809914	RGPD3	106468413	-84998	84998
514	chr2	106553317	106553505	106553411	hyper	0.34809914	CD8B2	106487363	-66048	66048
515	chr2	109700397	109700824	109700610	hyper	0.3862853	SEPTIN10	109613966	-86644	86644
515	chr2	109700397	109700824	109700610	hyper	0.3862853	SOWAHC	109614363	-86247	86247
515	chr2	109700397	109700824	109700610	hyper	0.3862853	RGPD6	109792757	92147	92147
515	chr2	109700397	109700824	109700610	hyper	0.3862853	RGPD8	109794273	93663	93663
516	chr2	112078672	112078947	112078809	hypo	-0.27124473	TMEM87B	112055268	-23541	23541
516	chr2	112078672	112078947	112078809	hypo	-0.27124473	FBLN7	112138384	59575	59575
518	chr2	118618581	118618687	118618634	hypo	-0.42836028	LOC101927709	118602966	-15668	15668
525	chr2	126655116	126655271	126655193	hyper	0.3954906	GYPC	126655934	741	741
526	chr2	127480936	127481168	127481052	hyper	0.34500828	MAP3K2	127388465	-92587	92587
526	chr2	127480936	127481168	127481052	hyper	0.34500828	PROC	127418426	-62626	62626
526	chr2	127480936	127481168	127481052	hyper	0.34500828	MIR4783	127423618	-57434	57434
526	chr2	127480936	127481168	127481052	hyper	0.34500828	IWS1	127526489	45437	45437
526	chr2	127480936	127481168	127481052	hyper	0.34500828	MYO7B	127535801	54749	54749
526	chr2	127480936	127481168	127481052	hyper	0.34500828	LOC105373609	127570962	89910	89910
529	chr2	130195425	130195527	130195476	hyper	0.45418185	POTEF	130129222	-66254	66254
529	chr2	130195425	130195527	130195476	hyper	0.45418185	MED15P9	130129622	-65854	65854
529	chr2	130195425	130195527	130195476	hyper	0.45418185	CCDC74B	130145112	-50364	50364
529	chr2	130195425	130195527	130195476	hyper	0.45418185	SMPD4	130181757	-13719	13719
529	chr2	130195425	130195527	130195476	hyper	0.45418185	MZT2B	130182261	-13215	13215
529	chr2	130195425	130195527	130195476	hyper	0.45418185	TUBA3E	130198439	2963	2963
530	chr2	134876884	134877065	134876974	hyper	0.35437068	ACMSD	134838615	-38359	38359
530	chr2	134876884	134877065	134876974	hyper	0.35437068	MIR5590	134857819	-19155	19155
530	chr2	134876884	134877065	134876974	hyper	0.35437068	CCNT2-AS1	134918606	41632	41632
530	chr2	134876884	134877065	134876974	hyper	0.35437068	CCNT2	134918821	41847	41847
531	chr2	136111922	136111986	136111954	hyper	0.42718163	CXCR4	136118149	6195	6195
532	chr2	148953512	148953761	148953636	hypo	-0.42683715	KIF5C	148875226	-78410	78410
532	chr2	148953512	148953761	148953636	hypo	-0.42683715	LYPD6B	149038466	84830	84830
533	chr2	150586957	150587049	150587003	hyper	0.40354547	RND3	150487695	-99308	99308
533	chr2	150586957	150587049	150587003	hyper	0.40354547	LINC01920	150572221	-14782	14782
533	chr2	150586957	150587049	150587003	hyper	0.40354547	LINC02612	150628896	41893	41893
534	chr2	150619789	150619861	150619825	hyper	0.32220006	LINC01920	150572221	-47604	47604
534	chr2	150619789	150619861	150619825	hyper	0.32220006	LINC02612	150628896	9071	9071
535	chr2	158007212	158007328	158007270	hyper	0.3621596	UPP2	157995178	-12092	12092
536	chr2	160227427	160227483	160227455	hyper	0.39485297	ITGB6	160200313	-27142	27142
536	chr2	160227427	160227483	160227455	hyper	0.39485297	LINC02478	160271895	44440	44440
538	chr2	165886743	165887036	165886889	hyper	0.3833591	GALNT3	165794247	-92642	92642
538	chr2	165886743	165887036	165886889	hyper	0.3833591	LOC100506124	165871941	-14948	14948
538	chr2	165886743	165887036	165886889	hyper	0.3833591	TTC21B-AS1	165933856	46967	46967
538	chr2	165886743	165887036	165886889	hyper	0.3833591	TTC21B	165953776	66887	66887
538	chr2	165886743	165887036	165886889	hyper	0.3833591	LOC102724058	165957417	70528	70528
539	chr2	165892709	165892813	165892761	hyper	0.6196074	GALNT3	165794247	-98514	98514
539	chr2	165892709	165892813	165892761	hyper	0.6196074	LOC100506124	165871941	-20820	20820
539	chr2	165892709	165892813	165892761	hyper	0.6196074	TTC21B-AS1	165933856	41095	41095
539	chr2	165892709	165892813	165892761	hyper	0.6196074	TTC21B	165953776	61015	61015
539	chr2	165892709	165892813	165892761	hyper	0.6196074	LOC102724058	165957417	64656	64656
541	chr2	169293998	169294208	169294103	hyper	0.47520772	LRP2	169362534	68431	68431
542	chr2	169514005	169514165	169514085	hyper	0.32340133	BBS5	169479493	-34592	34592
542	chr2	169514005	169514165	169514085	hyper	0.32340133	KLHL41	169509701	-4384	4384
542	chr2	169514005	169514165	169514085	hyper	0.32340133	FASTKD1	169573921	59836	59836
542	chr2	169514005	169514165	169514085	hyper	0.32340133	PPIG	169584350	70265	70265
544	chr2	176643794	176643874	176643834	hyper	0.33758414	MIR1246	176601052	-42782	42782
544	chr2	176643794	176643874	176643834	hyper	0.33758414	LINC01116	176637574	-6260	6260
544	chr2	176643794	176643874	176643834	hyper	0.33758414	LINC01117	176637753	-6081	6081
545	chr2	177711643	177712091	177711867	hyper	0.41731358	TTC30A	177618742	-93125	93125
545	chr2	177711643	177712091	177711867	hyper	0.41731358	PDE11A-AS1	177673321	-38546	38546
547	chr2	180987380	180987632	180987506	hyper	0.42115116	UBE2E3	180980384	-7122	7122
549	chr2	186408716	186408828	186408772	hypo	-0.37500897	ZC3H15	186486259	77487	77487
550	chr2	188976965	188977102	188977033	hyper	0.37171158	COL3A1	188974372	-2661	2661
550	chr2	188976965	188977102	188977033	hyper	0.37171158	MIR1245A	188978091	1058	1058
550	chr2	188976965	188977102	188977033	hyper	0.37171158	MIR1245B	188978161	1128	1128
550	chr2	188976965	188977102	188977033	hyper	0.37171158	MIR3606	188995629	18596	18596
551	chr2	188978411	188978563	188978487	hyper	0.43725216	COL3A1	188974372	-4115	4115
551	chr2	188978411	188978563	188978487	hyper	0.43725216	MIR1245A	188978091	-396	396
551	chr2	188978411	188978563	188978487	hyper	0.43725216	MIR1245B	188978161	-326	326
551	chr2	188978411	188978563	188978487	hyper	0.43725216	MIR3606	188995629	17142	17142
552	chr2	188978852	188979074	188978963	hyper	0.39297068	COL3A1	188974372	-4591	4591
552	chr2	188978852	188979074	188978963	hyper	0.39297068	MIR1245A	188978091	-872	872
552	chr2	188978852	188979074	188978963	hyper	0.39297068	MIR1245B	188978161	-802	802
552	chr2	188978852	188979074	188978963	hyper	0.39297068	MIR3606	188995629	16666	16666
553	chr2	189427671	189428151	189427911	hypo	-0.35576522	WDR75	189441432	13521	13521
554	chr2	191093625	191093989	191093807	hypo	-0.4128545	STAT1	191014250	-79557	79557
554	chr2	191093625	191093989	191093807	hypo	-0.4128545	LOC105373805	191021525	-72282	72282
554	chr2	191093625	191093989	191093807	hypo	-0.4128545	STAT4	191151596	57789	57789
555	chr2	194346973	194347079	194347026	hyper	0.5084417	LINC01821	194344268	-2758	2758
556	chr2	197619964	197620040	197620002	hyper	0.5128949	RFTN2	197675587	55585	55585
556	chr2	197619964	197620040	197620002	hyper	0.5128949	MARS2	197705368	85366	85366
557	chr2	209922064	209922402	209922233	hyper	0.31476983	RPE	210002564	80331	80331
558	chr2	217712537	217712676	217712606	hyper	0.438754	DIRC3	217756593	43987	43987
559	chr2	219722347	219722474	219722410	hyper	0.4332034	SLC4A3	219627569	-94841	94841
560	chr2	219966242	219966546	219966394	hyper	0.39995775	LINC01803	219904889	-61505	61505
560	chr2	219966242	219966546	219966394	hyper	0.39995775	MIR4268	219906565	-59829	59829
562	chr2	222208666	222208901	222208783	hyper	0.34595576	CCDC140	222298146	89363	89363
562	chr2	222208666	222208901	222208783	hyper	0.34595576	PAX3	222298998	90215	90215
563	chr2	222287927	222288147	222288037	hypo	-0.3091238	CCDC140	222298146	10109	10109
563	chr2	222287927	222288147	222288037	hypo	-0.3091238	PAX3	222298998	10961	10961
563	chr2	222287927	222288147	222288037	hypo	-0.3091238	CT75	222318470	30433	30433
564	chr2	224343475	224343708	224343591	hypo	-0.47817433	FAM124B	224402107	58516	58516
565	chr2	224958252	224958373	224958312	hypo	-0.37383476	MIR4439	225010540	52228	52228
565	chr2	224958252	224958373	224958312	hypo	-0.37383476	DOCK10	225042468	84156	84156
566	chr2	226796003	226796212	226796107	hyper	0.44966713	IRS1	226799820	3713	3713
566	chr2	226796003	226796212	226796107	hyper	0.44966713	RHBDD1	226800158	4051	4051
567	chr2	226797000	226797175	226797087	hyper	0.48551598	IRS1	226799820	2733	2733
567	chr2	226797000	226797175	226797087	hyper	0.48551598	RHBDD1	226800158	3071	3071
568	chr2	231334475	231334685	231334580	hyper	0.38877535	MIR4777	231362707	28127	28127
568	chr2	231334475	231334685	231334580	hyper	0.38877535	B3GNT7	231395709	61129	61129
569	chr2	232975045	232975161	232975103	hypo	-0.34378114	LOC101928881	233012613	37510	37510
569	chr2	232975045	232975161	232975103	hypo	-0.34378114	NGEF	233013256	38153	38153
569	chr2	232975045	232975161	232975103	hypo	-0.34378114	NEU2	233032671	57568	57568
569	chr2	232975045	232975161	232975103	hypo	-0.34378114	INPP5D	233060341	85238	85238
571	chr2	238763336	238763770	238763553	hypo	-0.47636038	LOC100287387	238847907	84354	84354
571	chr2	238763336	238763770	238763553	hypo	-0.47636038	TWIST2	238848084	84531	84531
572	chr20	1972261	1972370	1972315	hypo	-0.4395485	SIRPA	1894166	-78149	78149
572	chr20	1972261	1972370	1972315	hypo	-0.4395485	PDYN-AS1	1947209	-25106	25106
572	chr20	1972261	1972370	1972315	hypo	-0.4395485	PDYN	1994285	21970	21970
573	chr20	3461644	3461741	3461692	hyper	0.39744213	C20orf194	3407662	-54030	54030
573	chr20	3461644	3461741	3461692	hyper	0.39744213	ATRN	3471017	9325	9325
574	chr20	9785994	9786086	9786040	hyper	0.48956463	PAK5	9839076	53036	53036
575	chr20	10522646	10522774	10522710	hyper	0.442189	MKKS	10434222	-88488	88488
575	chr20	10522646	10522774	10522710	hyper	0.442189	SLX4IP	10435304	-87406	87406
577	chr20	14915230	14915508	14915369	hypo	-0.3449435	MACROD2-AS1	14929518	14149	14149
579	chr20	17282416	17282745	17282580	hypo	-0.51101774	PCSK2	17226106	-56474	56474
580	chr20	17771262	17771909	17771585	hyper	0.567541	RRBP1	17682242	-89343	89343
580	chr20	17771262	17771909	17771585	hyper	0.567541	BANF2	17693674	-77911	77911
581	chr20	21978097	21978368	21978232	hyper	0.46800885	LINC01432	22054089	75857	75857
582	chr20	22367054	22367165	22367109	hyper	0.45544985	LINC01427	22282801	-84308	84308
582	chr20	22367054	22367165	22367109	hyper	0.45544985	LOC284788	22420643	53534	53534
583	chr20	23065264	23065325	23065294	hyper	0.3241666	SSTR4	23035311	-29983	29983
583	chr20	23065264	23065325	23065294	hyper	0.3241666	THBD	23049672	-15622	15622
583	chr20	23065264	23065325	23065294	hyper	0.3241666	CD93	23086324	21030	21030
583	chr20	23065264	23065325	23065294	hyper	0.3241666	LINC00656	23132636	67342	67342
584	chr20	23086396	23086602	23086499	hyper	0.4657141	SSTR4	23035311	-51188	51188
584	chr20	23086396	23086602	23086499	hyper	0.4657141	THBD	23049672	-36827	36827
584	chr20	23086396	23086602	23086499	hyper	0.4657141	CD93	23086324	-175	175
584	chr20	23086396	23086602	23086499	hyper	0.4657141	LINC00656	23132636	46137	46137
585	chr20	24081161	24081285	24081223	hyper	0.4205366	GGTLC1	23988779	-92444	92444
587	chr20	24386984	24387060	24387022	hyper	0.47424698	SYNDIG1	24469198	82176	82176
588	chr20	25864765	25864890	25864827	hyper	0.4780418	FAM182B	25801291	-63536	63536
588	chr20	25864765	25864890	25864827	hyper	0.4780418	LOC101926935	25854021	-10806	10806
588	chr20	25864765	25864890	25864827	hyper	0.4780418	LINC01733	25955811	90984	90984
589	chr20	26219739	26219867	26219803	hyper	0.3582774	MIR663A	26208278	-11525	11525
589	chr20	26219739	26219867	26219803	hyper	0.3582774	MIR663AHG	26209233	-10570	10570
591	chr20	33612127	33612233	33612180	hypo	-0.353294	C20orf144	33662326	50146	50146
591	chr20	33612127	33612233	33612180	hypo	-0.353294	ACTL10	33666942	54762	54762
591	chr20	33612127	33612233	33612180	hypo	-0.353294	NECAB3	33674428	62248	62248
591	chr20	33612127	33612233	33612180	hypo	-0.353294	E2F1	33686385	74205	74205
592	chr20	36248910	36249596	36249253	hypo	-0.5350143	LOC100130373	36155760	-93493	93493
592	chr20	36248910	36249596	36249253	hypo	-0.5350143	AAR2	36236416	-12837	12837
592	chr20	36248910	36249596	36249253	hypo	-0.5350143	DLGAP4	36306338	57085	57085
594	chr20	42775204	42775335	42775269	hyper	0.3958405	LOC101927159	42685482	-89787	89787
596	chr20	61092265	61092497	61092381	hyper	0.37911707	LINC01718	61079063	-13318	13318
598	chr21	16134095	16134339	16134217	hypo	-0.36099663	MIR99AHG	16070487	-63730	63730
599	chr21	19993302	19993464	19993383	hyper	0.3321995	LINC01683	19899755	-93628	93628
603	chr21	29824684	29824958	29824821	hyper	0.3985447	GRIK1-AS1	29748174	-76647	76647
606	chr21	31583453	31583769	31583611	hyper	0.39695394	TIAM1	31559087	-24524	24524
606	chr21	31583453	31583769	31583611	hyper	0.39695394	LOC150051	31559232	-24379	24379
606	chr21	31583453	31583769	31583611	hyper	0.39695394	SOD1	31659692	76081	76081
607	chr21	32521091	32521214	32521152	hypo	-0.39897037	TCP10L	32585523	64371	64371
607	chr21	32521091	32521214	32521152	hypo	-0.39897037	CFAP298-TCP10L	32612377	91225	91225
607	chr21	32521091	32521214	32521152	hypo	-0.39897037	CFAP298	32612871	91719	91719
608	chr21	32807940	32808094	32808017	hypo	-0.5159732	SYNJ1	32728040	-79977	79977
608	chr21	32807940	32808094	32808017	hypo	-0.5159732	PAXBP1-AS1	32728113	-79904	79904
608	chr21	32807940	32808094	32808017	hypo	-0.5159732	PAXBP1	32771858	-36159	36159
608	chr21	32807940	32808094	32808017	hypo	-0.5159732	C21orf62-AS1	32772099	-35918	35918
608	chr21	32807940	32808094	32808017	hypo	-0.5159732	C21orf62	32813703	5686	5686
612	chr21	38744165	38744467	38744316	hyper	0.56421274	ERG	38661783	-82533	82533
612	chr21	38744165	38744467	38744316	hyper	0.56421274	LINC00114	38773477	29161	29161
612	chr21	38744165	38744467	38744316	hyper	0.56421274	ETS2	38805182	60866	60866
613	chr21	39851190	39851362	39851276	hyper	0.5550932	PCP4	39867437	16161	16161
614	chr21	42409402	42409608	42409505	hyper	0.42174968	TFF3	42315409	-94096	94096
614	chr21	42409402	42409608	42409505	hyper	0.42174968	TFF2	42350994	-58511	58511
614	chr21	42409402	42409608	42409505	hyper	0.42174968	TFF1	42366535	-42970	42970
614	chr21	42409402	42409608	42409505	hyper	0.42174968	TMPRSS3	42396052	-13453	13453
614	chr21	42409402	42409608	42409505	hyper	0.42174968	UBASH3A	42403901	-5604	5604
614	chr21	42409402	42409608	42409505	hyper	0.42174968	RSPH1	42496224	86719	86719
614	chr21	42409402	42409608	42409505	hyper	0.42174968	LOC101930094	42496538	87033	87033
614	chr21	42409402	42409608	42409505	hyper	0.42174968	SLC37A1	42499621	90116	90116
615	chr21	42668428	42668839	42668633	hyper	0.5585965	LINC01671	42615095	-53538	53538
615	chr21	42668428	42668839	42668633	hyper	0.5585965	PDE9A	42653620	-15013	15013
616	chr21	43591980	43592268	43592124	hyper	0.36920252	MIR6070	43609989	17865	17865
616	chr21	43591980	43592268	43592124	hyper	0.36920252	HSF2BP	43659488	67364	67364
616	chr21	43591980	43592268	43592124	hyper	0.36920252	RRP1B	43659559	67435	67435
617	chr22	17140094	17140169	17140131	hyper	0.3113885	IL17RA	17084958	-55173	55173
617	chr22	17140094	17140169	17140131	hyper	0.3113885	TMEM121B	17121360	-18771	18771
617	chr22	17140094	17140169	17140131	hyper	0.3113885	LINC01664	17121594	-18537	18537
617	chr22	17140094	17140169	17140131	hyper	0.3113885	HDHD5-AS1	17159388	19257	19257
617	chr22	17140094	17140169	17140131	hyper	0.3113885	HDHD5	17165287	25156	25156
617	chr22	17140094	17140169	17140131	hyper	0.3113885	ADA2	17221848	81717	81717
618	chr22	28551749	28551875	28551812	hyper	0.36188236	MIR5739	28459868	-91944	91944
621	chr22	43263506	43263621	43263563	hyper	0.48396668	TTLL12	43187134	-76429	76429
621	chr22	43263506	43263621	43263563	hyper	0.48396668	SCUBE1-AS2	43212673	-50890	50890
621	chr22	43263506	43263621	43263563	hyper	0.48396668	SCUBE1-AS1	43275941	12378	12378
621	chr22	43263506	43263621	43263563	hyper	0.48396668	SCUBE1	43343372	79809	79809
622	chr22	44134103	44134322	44134212	hyper	0.45480505	PARVG	44172955	38743	38743
623	chr22	44595842	44595925	44595883	hyper	0.5109205	RTL6	44498233	-97650	97650
623	chr22	44595842	44595925	44595883	hyper	0.5109205	LINC00207	44569339	-26544	26544
623	chr22	44595842	44595925	44595883	hyper	0.5109205	LINC00229	44625419	29536	29536
623	chr22	44595842	44595925	44595883	hyper	0.5109205	PRR5	44668546	72663	72663
625	chr22	48257416	48257610	48257513	hyper	0.4685191	MIR3201	48274363	16850	16850
628	chr3	335477	335660	335568	hypo	-0.3971409	CHL1-AS1	385795	50227	50227
629	chr3	667981	668350	668165	hypo	-0.31539837	LINC01266	592104	-76061	76061
631	chr3	11146067	11146173	11146120	hyper	0.4710145	HRH1	11137237	-8883	8883
632	chr3	11168412	11168808	11168610	hyper	0.438683	HRH1	11137237	-31373	31373
634	chr3	24770452	24770537	24770494	hyper	0.3254873	RARB	24829322	58828	58828
636	chr3	37523862	37524071	37523966	hypo	-0.47216454	ITGA9	37452140	-71826	71826
638	chr3	38497526	38497731	38497628	hypo	-0.31724924	ACVR2B	38453889	-43739	43739
638	chr3	38497526	38497731	38497628	hypo	-0.31724924	ACVR2B-AS1	38454820	-42808	42808
638	chr3	38497526	38497731	38497628	hypo	-0.31724924	EXOG	38496271	-1357	1357
639	chr3	40328580	40328708	40328644	hyper	0.37955156	EIF1B-AS1	40309698	-18946	18946
639	chr3	40328580	40328708	40328644	hyper	0.37955156	EIF1B	40309706	-18938	18938
639	chr3	40328580	40328708	40328644	hyper	0.37955156	ENTPD3	40387183	58539	58539
640	chr3	40593664	40593879	40593771	hypo	-0.3722825	ZNF620	40506038	-87733	87733
640	chr3	40593664	40593879	40593771	hypo	-0.3722825	ZNF621	40524877	-68894	68894
641	chr3	43388266	43388479	43388372	hyper	0.50438774	SNRK-AS1	43351962	-36410	36410
643	chr3	44548529	44548766	44548647	hyper	0.4887072	ZNF445	44477670	-70977	70977
643	chr3	44548529	44548766	44548647	hyper	0.4887072	ZNF852	44510617	-38030	38030
643	chr3	44548529	44548766	44548647	hyper	0.4887072	ZKSCAN7	44555192	6545	6545
643	chr3	44548529	44548766	44548647	hyper	0.4887072	ZNF660-ZNF197	44584963	36316	36316
643	chr3	44548529	44548766	44548647	hyper	0.4887072	ZNF660	44584963	36316	36316
643	chr3	44548529	44548766	44548647	hyper	0.4887072	ZNF197-AS1	44624797	76150	76150
643	chr3	44548529	44548766	44548647	hyper	0.4887072	ZNF197	44625035	76388	76388
645	chr3	56633748	56633908	56633828	hypo	-0.4670585	CCDC66	56557155	-76673	76673
645	chr3	56633748	56633908	56633828	hypo	-0.4670585	TASOR	56683265	49437	49437
647	chr3	61255019	61255390	61255204	hyper	0.34246778	FHIT	61251461	-3743	3743
648	chr3	62377685	62377968	62377826	hyper	0.4700991	PTPRG-AS1	62318947	-58879	58879
648	chr3	62377685	62377968	62377826	hyper	0.4700991	C3orf14	62318972	-58854	58854
648	chr3	62377685	62377968	62377826	hyper	0.4700991	FEZF2	62373550	-4276	4276
649	chr3	63767130	63767268	63767199	hyper	0.31276006	C3orf49	63819298	52099	52099
649	chr3	63767130	63767268	63767199	hyper	0.31276006	THOC7-AS1	63860644	93445	93445
649	chr3	63767130	63767268	63767199	hyper	0.31276006	ATXN7	63863143	95944	95944
649	chr3	63767130	63767268	63767199	hyper	0.31276006	THOC7	63863923	96724	96724
651	chr3	67614444	67614549	67614496	hyper	0.41493142	SUCLG2	67654614	40118	40118
651	chr3	67614444	67614549	67614496	hyper	0.41493142	SUCLG2-AS1	67654696	40200	40200
655	chr3	71851071	71851214	71851142	hyper	0.58496267	GPR27	71753854	-97288	97288
655	chr3	71851071	71851214	71851142	hyper	0.58496267	EIF4E3	71754773	-96369	96369
655	chr3	71851071	71851214	71851142	hyper	0.58496267	PROK2	71785148	-65994	65994
656	chr3	72760161	72760362	72760261	hyper	0.31801665	LOC105377162	72664249	-96012	96012
656	chr3	72760161	72760362	72760261	hyper	0.31801665	SHQ1	72848445	88184	88184
657	chr3	75522913	75523090	75523001	hyper	0.40480113	FAM86DP	75435115	-87886	87886
657	chr3	75522913	75523090	75523001	hyper	0.40480113	LINC02018	75435307	-87694	87694
663	chr3	86954719	86954795	86954757	hyper	0.4338757	VGLL3	86991149	36392	36392
664	chr3	86973605	86973756	86973680	hyper	0.4656118	VGLL3	86991149	17469	17469
665	chr3	86974662	86974777	86974719	hyper	0.3115772	VGLL3	86991149	16430	16430
666	chr3	86979830	86980406	86980118	hyper	0.37550178	VGLL3	86991149	11031	11031
667	chr3	86986042	86986500	86986271	hyper	0.5113072	VGLL3	86991149	4878	4878
668	chr3	86993731	86994208	86993969	hyper	0.40897825	VGLL3	86991149	-2820	2820
668	chr3	86993731	86994208	86993969	hyper	0.40897825	LINC00506	87089279	95310	95310
671	chr3	96300275	96300515	96300395	hyper	0.40019816	MIR8060	96359963	59568	59568
672	chr3	98035265	98035457	98035361	hypo	-0.34383336	RIOX2	97972451	-62910	62910
672	chr3	98035265	98035457	98035361	hypo	-0.34383336	GABRR3	98035304	-57	57
672	chr3	98035265	98035457	98035361	hypo	-0.34383336	OR5AC2	98087172	51811	51811
672	chr3	98035265	98035457	98035361	hypo	-0.34383336	OR5H1	98132697	97336	97336
674	chr3	111074764	111075218	111074991	hyper	0.49340802	NECTIN3-AS1	111069959	-5032	5032
674	chr3	111074764	111075218	111074991	hyper	0.49340802	NECTIN3	111071815	-3176	3176
675	chr3	112002900	112002969	112002934	hyper	0.47189987	ABHD10	111979025	-23909	23909
675	chr3	112002900	112002969	112002934	hyper	0.47189987	TAGLN3	111998738	-4196	4196
675	chr3	112002900	112002969	112002934	hyper	0.47189987	TMPRSS7	112039617	36683	36683
675	chr3	112002900	112002969	112002934	hyper	0.47189987	C3orf52	112086334	83400	83400
676	chr3	114756835	114757315	114757075	hypo	-0.30092108	MIR4796	114743525	-13550	13550
677	chr3	114758950	114759153	114759051	hypo	-0.35913113	MIR4796	114743525	-15526	15526
678	chr3	120573730	120573874	120573802	hyper	0.465914	NDUFB4	120596335	22533	22533
679	chr3	125387004	125387092	125387048	hypo	-0.40825287	ZNF148	125375354	-11694	11694
680	chr3	128248305	128248503	128248404	hyper	0.33143276	EEFSEC	128153480	-94924	94924
680	chr3	128248305	128248503	128248404	hyper	0.33143276	RUVBL1	128153914	-94490	94490
681	chr3	128563523	128563827	128563675	hyper	0.49405894	DNAJB8	128467248	-96427	96427
681	chr3	128563523	128563827	128563675	hyper	0.49405894	GATA2-AS1	128489202	-74473	74473
681	chr3	128563523	128563827	128563675	hyper	0.49405894	GATA2	128493201	-70474	70474
681	chr3	128563523	128563827	128563675	hyper	0.49405894	LOC90246	128507834	-55841	55841
681	chr3	128563523	128563827	128563675	hyper	0.49405894	LINC01565	128576086	12411	12411
681	chr3	128563523	128563827	128563675	hyper	0.49405894	RPN1	128650818	87143	87143
682	chr3	128999624	129000076	128999850	hyper	0.43754098	EFCC1	129001303	1453	1453
682	chr3	128999624	129000076	128999850	hyper	0.43754098	CFAP92	129004002	4152	4152
682	chr3	128999624	129000076	128999850	hyper	0.43754098	GP9	129060778	60928	60928
683	chr3	130200801	130201110	130200955	hyper	0.5505783	FAM86HP	130111433	-89522	89522
683	chr3	130200801	130201110	130200955	hyper	0.5505783	LINC02021	130111706	-89249	89249
683	chr3	130200801	130201110	130200955	hyper	0.5505783	COL6A4P2	130212819	11864	11864
684	chr3	133613406	133613552	133613479	hyper	0.36065257	CDV3	133573685	-39794	39794
684	chr3	133613406	133613552	133613479	hyper	0.36065257	TOPBP1	133661941	48462	48462
684	chr3	133613406	133613552	133613479	hyper	0.36065257	TF	133661997	48518	48518
687	chr3	139229251	139229353	139229302	hyper	0.37731144	PISRT1	139233522	4220	4220
688	chr3	141070658	141070929	141070793	hyper	0.45797333	SPSB4	141051346	-19447	19447
689	chr3	143081874	143082044	143081959	hyper	0.6331934	LOC100289361	143001467	-80492	80492
689	chr3	143081874	143082044	143081959	hyper	0.6331934	U2SURP	143001569	-80390	80390
689	chr3	143081874	143082044	143081959	hyper	0.6331934	CHST2	143119770	37811	37811
690	chr3	143752331	143752640	143752485	hypo	-0.516721	SLC9A9	143848468	95983	95983
692	chr3	146626764	146626849	146626806	hyper	0.3662331	PLSCR1	146544607	-82199	82199
692	chr3	146626764	146626849	146626806	hyper	0.3662331	PLSCR5	146606216	-20590	20590
694	chr3	150549741	150549822	150549781	hyper	0.3368895	SERP1	150546496	-3285	3285
694	chr3	150549741	150549822	150549781	hyper	0.3368895	EIF2A	150546677	-3104	3104
694	chr3	150549741	150549822	150549781	hyper	0.3368895	SELENOT	150603320	53539	53539
695	chr3	151974265	151974416	151974340	hypo	-0.30946827	AADACL2-AS1	151928175	-46165	46165
696	chr3	155648374	155648578	155648476	hyper	0.34722245	PLCH1	155745071	96595	96595
697	chr3	157631571	157631772	157631671	hyper	0.3926571	SLC66A1L	157543311	-88360	88360
698	chr3	158058978	158059083	158059030	hyper	0.4849693	SHOX2	158106420	47390	47390
698	chr3	158058978	158059083	158059030	hyper	0.4849693	RSRC1	158110051	51021	51021
700	chr3	168214102	168214239	168214170	hyper	0.4477447	EGFEM1P	168249521	35351	35351
701	chr3	168828222	168828480	168828351	hyper	0.46224865	LINC02082	168901944	73593	73593
703	chr3	171194515	171194600	171194557	hypo	-0.39462802	MIR569	171106759	-87798	87798
704	chr3	172112283	172112739	172112511	hyper	0.50872993	FNDC3B	172039577	-72934	72934
706	chr3	175347126	175347219	175347172	hypo	-0.34348193	NAALADL2-AS2	175271096	-76076	76076
706	chr3	175347126	175347219	175347172	hypo	-0.34348193	MIR4789	175369539	22367	22367
707	chr3	177131016	177131194	177131105	hyper	0.47323817	TBL1XR1	177197482	66377	66377
709	chr3	179464865	179465042	179464953	hyper	0.3478886	GNB4	179451470	-13483	13483
709	chr3	179464865	179465042	179464953	hyper	0.3478886	ACTL6A	179562879	97926	97926
710	chr3	181359761	181359868	181359814	hyper	0.34744942	LOC102724604	181442486	82672	82672
711	chr3	182482836	182482971	182482903	hypo	-0.38047236	LINC01994	182486362	3459	3459
711	chr3	182482836	182482971	182482903	hypo	-0.38047236	LINC01995	182507124	24221	24221
712	chr3	185630092	185630208	185630150	hypo	-0.38020286	LIPH	185552588	-77562	77562
712	chr3	185630092	185630208	185630150	hypo	-0.38020286	SENP2	185586294	-43856	43856
712	chr3	185630092	185630208	185630150	hypo	-0.38020286	IGF2BP2-AS1	185713251	83101	83101
713	chr3	185724837	185725058	185724947	hyper	0.38423285	IGF2BP2-AS1	185713251	-11696	11696
713	chr3	185724837	185725058	185724947	hyper	0.38423285	MIR548AQ	185767904	42957	42957
715	chr3	190092635	190092895	190092765	hypo	-0.49190402	P3H2-AS1	190120963	28198	28198
715	chr3	190092635	190092895	190092765	hypo	-0.49190402	P3H2	190122437	29672	29672
716	chr3	190545859	190546166	190546012	hyper	0.41197348	TMEM207	190449876	-96136	96136
716	chr3	190545859	190546166	190546012	hyper	0.41197348	IL1RAP	190514084	-31928	31928
717	chr3	194323987	194324191	194324089	hyper	0.527595	LINC02037	194247647	-76442	76442
717	chr3	194323987	194324191	194324089	hyper	0.527595	LINC02036	194250153	-73936	73936
717	chr3	194323987	194324191	194324089	hyper	0.527595	LINC00887	194312804	-11285	11285
717	chr3	194323987	194324191	194324089	hyper	0.527595	CPN2	194351328	27239	27239
717	chr3	194323987	194324191	194324089	hyper	0.527595	LRRC15	194369743	45654	45654
717	chr3	194323987	194324191	194324089	hyper	0.527595	GP5	194399266	75177	75177
718	chr3	198127882	198128143	198128012	hypo	-0.3892015	LMLN-AS1	198039467	-88545	88545
718	chr3	198127882	198128143	198128012	hypo	-0.3892015	ANKRD18DP	198080671	-47341	47341
718	chr3	198127882	198128143	198128012	hypo	-0.3892015	FAM157A	198153205	25193	25193
720	chr4	4939642	4939912	4939777	hyper	0.4023036	LINC01396	4844436	-95341	95341
720	chr4	4939642	4939912	4939777	hyper	0.4023036	MSX1	4859664	-80113	80113
720	chr4	4939642	4939912	4939777	hyper	0.4023036	LOC101928306	4920807	-18970	18970
720	chr4	4939642	4939912	4939777	hyper	0.4023036	CYTL1	5019458	79681	79681
721	chr4	6016707	6017293	6017000	hyper	0.40349367	MIR378D1	5923328	-93672	93672
721	chr4	6016707	6017293	6017000	hyper	0.40349367	C4orf50	6018546	1546	1546
722	chr4	8090618	8090962	8090790	hyper	0.44314986	MIR95	8005381	-85409	85409
722	chr4	8090618	8090962	8090790	hyper	0.44314986	ABLIM2	8158813	68023	68023
723	chr4	9106161	9106345	9106253	hypo	-0.3802472	FAM90A26	9173172	66919	66919
724	chr4	11407224	11407412	11407318	hyper	0.45805398	MIR572	11368826	-38492	38492
724	chr4	11407224	11407412	11407318	hyper	0.45805398	HS3ST1	11428894	21576	21576
728	chr4	20676867	20677191	20677029	hyper	0.49115396	PACRGL	20696281	19252	19252
730	chr4	22373537	22373768	22373652	hyper	0.420271	LOC100505912	22339666	-33986	33986
732	chr4	26838503	26838742	26838622	hyper	0.35879746	STIM2-AS1	26860599	21977	21977
732	chr4	26838503	26838742	26838622	hyper	0.35879746	STIM2	26860840	22218	22218
734	chr4	31998020	31998454	31998237	hyper	0.39936325	LINC02506	31997378	-859	859
734	chr4	31998020	31998454	31998237	hyper	0.39936325	LOC105377651	32022422	24185	24185
735	chr4	40672617	40672819	40672718	hypo	-0.40619588	RBM47	40630594	-42124	42124
735	chr4	40672617	40672819	40672718	hypo	-0.40619588	NSUN7	40749954	77236	77236
739	chr4	53959606	53959775	53959690	hyper	0.47506124	RPL21P44	53987282	27592	27592
740	chr4	53963465	53963581	53963523	hypo	-0.43761888	RPL21P44	53987282	23759	23759
743	chr4	70494218	70494358	70494288	hypo	-0.3084506	OPRPN	70397939	-96349	96349
743	chr4	70494218	70494358	70494288	hypo	-0.3084506	MUC7	70430491	-63797	63797
743	chr4	70494218	70494358	70494288	hypo	-0.3084506	AMTN	70518568	24280	24280
743	chr4	70494218	70494358	70494288	hypo	-0.3084506	AMBN	70592255	97967	97967
744	chr4	76047768	76047981	76047874	hyper	0.47503328	SDAD1-AS1	75980789	-67085	67085
744	chr4	76047768	76047981	76047874	hyper	0.47503328	SDAD1	75990962	-56912	56912
744	chr4	76047768	76047981	76047874	hyper	0.47503328	CXCL9	76007509	-40365	40365
744	chr4	76047768	76047981	76047874	hyper	0.47503328	ART3	76011189	-36685	36685
744	chr4	76047768	76047981	76047874	hyper	0.47503328	CXCL10	76023497	-24377	24377
744	chr4	76047768	76047981	76047874	hyper	0.47503328	CXCL11	76036070	-11804	11804
746	chr4	86387099	86387273	86387186	hyper	0.37932304	MAPK10	86453195	66009	66009
747	chr4	87600428	87600551	87600489	hypo	-0.52655625	SPARCL1	87529503	-70986	70986
747	chr4	87600428	87600551	87600489	hypo	-0.52655625	DSPP	87608528	8039	8039
747	chr4	87600428	87600551	87600489	hypo	-0.52655625	DMP1	87650279	49790	49790
748	chr4	89198260	89198404	89198332	hypo	-0.43013096	TIGD2	89111168	-87164	87164
749	chr4	95539215	95539282	95539248	hyper	0.34911573	UNC5C	95548973	9725	9725
754	chr4	117806945	117807089	117807017	hyper	0.33777183	LINC02264	117834400	27383	27383
755	chr4	123338704	123339135	123338919	hypo	-0.60686517	SPRY1	123396794	57875	57875
756	chr4	137528552	137528760	137528656	hyper	0.33879182	PCDH18	137532494	3838	3838
756	chr4	137528552	137528760	137528656	hyper	0.33879182	LINC02172	137545730	17074	17074
757	chr4	137529586	137530431	137530008	hyper	0.5200578	PCDH18	137532494	2486	2486
757	chr4	137529586	137530431	137530008	hyper	0.5200578	LINC02172	137545730	15722	15722
761	chr4	143352877	143353000	143352938	hypo	-0.32818806	GAB1	143336875	-16063	16063
761	chr4	143352877	143353000	143352938	hypo	-0.32818806	MIR3139	143343459	-9479	9479
762	chr4	143667500	143667745	143667622	hypo	-0.37365496	FREM3	143700675	33053	33053
763	chr4	144587651	144587794	144587722	hyper	0.4894956	HHIP-AS1	144646019	58297	58297
763	chr4	144587651	144587794	144587722	hyper	0.4894956	HHIP	144646155	58433	58433
764	chr4	147492890	147493101	147492995	hyper	0.4075524	EDNRA	147480916	-12079	12079
765	chr4	155248653	155249032	155248842	hypo	-0.4162375	NPY2R	155173722	-75120	75120
766	chr4	155674713	155674970	155674841	hyper	0.4120931	GUCY1A1	155666847	-7994	7994
766	chr4	155674713	155674970	155674841	hyper	0.4120931	GUCY1B1	155759020	84179	84179
768	chr4	157014879	157015201	157015040	hyper	0.45935515	PDGFC	156971799	-43241	43241
768	chr4	157014879	157015201	157015040	hyper	0.45935515	GLRB	157076124	61084	61084
769	chr4	158524245	158524331	158524288	hypo	-0.36957183	RXFP1	158521713	-2575	2575
778	chr4	188434575	188434807	188434691	hyper	0.36491495	LINC01060	188455577	20886	20886
779	chr5	1428686	1429183	1428934	hyper	0.6545776	CLPTM1L	1345099	-83835	83835
779	chr5	1428686	1429183	1428934	hyper	0.6545776	LINC01511	1380073	-48861	48861
779	chr5	1428686	1429183	1428934	hyper	0.6545776	SLC6A3	1445440	16506	16506
779	chr5	1428686	1429183	1428934	hyper	0.6545776	MIR6075	1510856	81922	81922
779	chr5	1428686	1429183	1428934	hyper	0.6545776	LPCAT1	1523960	95026	95026
780	chr5	1943079	1943139	1943109	hyper	0.31590715	LINC02116	1856568	-86541	86541
780	chr5	1943079	1943139	1943109	hyper	0.31590715	IRX4	1887179	-55930	55930
780	chr5	1943079	1943139	1943109	hyper	0.31590715	CTD-2194D22.4	1887330	-55779	55779
783	chr5	2744467	2745347	2744907	hyper	0.38907704	LSINCT5	2712590	-32317	32317
783	chr5	2744467	2745347	2744907	hyper	0.38907704	IRX2	2751677	6770	6770
783	chr5	2744467	2745347	2744907	hyper	0.38907704	C5orf38	2751892	6985	6985
784	chr5	2746408	2746554	2746481	hyper	0.46868762	LSINCT5	2712590	-33891	33891
784	chr5	2746408	2746554	2746481	hyper	0.46868762	IRX2	2751677	5196	5196
784	chr5	2746408	2746554	2746481	hyper	0.46868762	C5orf38	2751892	5411	5411
785	chr5	2746854	2747042	2746948	hyper	0.58319557	LSINCT5	2712590	-34358	34358
785	chr5	2746854	2747042	2746948	hyper	0.58319557	IRX2	2751677	4729	4729
785	chr5	2746854	2747042	2746948	hyper	0.58319557	C5orf38	2751892	4944	4944
786	chr5	2747556	2748339	2747947	hyper	0.5727493	LSINCT5	2712590	-35357	35357
786	chr5	2747556	2748339	2747947	hyper	0.5727493	IRX2	2751677	3730	3730
786	chr5	2747556	2748339	2747947	hyper	0.5727493	C5orf38	2751892	3945	3945
787	chr5	2749297	2749492	2749394	hyper	0.5526211	LSINCT5	2712590	-36804	36804
787	chr5	2749297	2749492	2749394	hyper	0.5526211	IRX2	2751677	2283	2283
787	chr5	2749297	2749492	2749394	hyper	0.5526211	C5orf38	2751892	2498	2498
788	chr5	3518159	3518516	3518337	hyper	0.43824947	LINC02162	3452815	-65522	65522
788	chr5	3518159	3518516	3518337	hyper	0.43824947	LINC01017	3504004	-14333	14333
788	chr5	3518159	3518516	3518337	hyper	0.43824947	LINC01019	3536094	17757	17757
788	chr5	3518159	3518516	3518337	hyper	0.43824947	IRX1	3595831	77494	77494
789	chr5	5040833	5040903	5040868	hyper	0.3550837	LINC01020	5034358	-6510	6510
789	chr5	5040833	5040903	5040868	hyper	0.3550837	LINC02121	5078311	37443	37443
789	chr5	5040833	5040903	5040868	hyper	0.3550837	CTD-2297D10.2	5140054	99186	99186
789	chr5	5040833	5040903	5040868	hyper	0.3550837	ADAMTS16	5140329	99461	99461
794	chr5	7877046	7877121	7877083	hypo	-0.37612292	C5orf49	7851133	-25950	25950
794	chr5	7877046	7877121	7877083	hypo	-0.37612292	FASTKD3	7869037	-8046	8046
794	chr5	7877046	7877121	7877083	hypo	-0.37612292	MTRR	7869147	-7936	7936
795	chr5	9442891	9443185	9443038	hyper	0.4816373	SEMA5A-AS1	9511332	68294	68294
796	chr5	9596210	9596577	9596393	hyper	0.3481646	SEMA5A-AS1	9511332	-85061	85061
796	chr5	9596210	9596577	9596393	hyper	0.3481646	SEMA5A	9546075	-50318	50318
796	chr5	9596210	9596577	9596393	hyper	0.3481646	SNHG18	9546199	-50194	50194
796	chr5	9596210	9596577	9596393	hyper	0.3481646	SNORD123	9548826	-47567	47567
796	chr5	9596210	9596577	9596393	hyper	0.3481646	TAS2R1	9630351	33958	33958
797	chr5	14160174	14160466	14160320	hyper	0.41958985	TRIO	14143341	-16979	16979
805	chr5	38264055	38264325	38264190	hyper	0.47592634	EGFLAM	38258558	-5632	5632
805	chr5	38264055	38264325	38264190	hyper	0.47592634	EGFLAM-AS4	38290986	26796	26796
806	chr5	41419233	41419346	41419289	hyper	0.3855009	PLCXD3	41510601	91312	91312
808	chr5	52077574	52077940	52077757	hyper	0.4757596	LINC02118	52008030	-69727	69727
809	chr5	52078812	52079201	52079006	hyper	0.41016945	LINC02118	52008030	-70976	70976
810	chr5	66440153	66440314	66440233	hyper	0.3982935	LINC02229	66511604	71371	71371
811	chr5	72495571	72495676	72495623	hyper	0.37335736	ZNF366	72507410	11787	11787
811	chr5	72495571	72495676	72495623	hyper	0.37335736	LOC102503427	72557076	61453	61453
812	chr5	72928537	72928788	72928662	hyper	0.5610525	MIR4804	72878590	-50072	50072
812	chr5	72928537	72928788	72928662	hyper	0.5610525	FCHO2	72956040	27378	27378
813	chr5	76867041	76867245	76867143	hyper	0.37160268	F2RL1	76819029	-48114	48114
813	chr5	76867041	76867245	76867143	hyper	0.37160268	S100Z	76850013	-17130	17130
813	chr5	76867041	76867245	76867143	hyper	0.37160268	CRHBP	76953044	85901	85901
815	chr5	78915351	78915438	78915394	hyper	0.35052964	ARSB	78985958	70564	70564
816	chr5	81167602	81167968	81167785	hyper	0.4891794	CKMT2	81233319	65534	65534
819	chr5	93821103	93821273	93821188	hyper	0.2760164	POU5F2	93741600	-79588	79588
822	chr5	95401621	95401869	95401745	hyper	0.32635558	FAM81B	95391365	-10380	10380
823	chr5	100774826	100775179	100775002	hyper	0.6057798	MIR548P	100816565	41563	41563
824	chr5	100789813	100790058	100789935	hyper	0.3553139	MIR548P	100816565	26630	26630
826	chr5	107651438	107651638	107651538	hyper	0.3878328	EFNA5	107670937	19399	19399
827	chr5	107661472	107661732	107661602	hyper	0.40809083	EFNA5	107670937	9335	9335
828	chr5	107668521	107668741	107668631	hyper	0.44530463	EFNA5	107670937	2306	2306
830	chr5	114006400	114006655	114006527	hyper	0.5543944	KCNN2	114055977	49450	49450
831	chr5	115360311	115360483	115360397	hypo	-0.39921817	PGGT1B	115262877	-97520	97520
831	chr5	115360311	115360483	115360397	hypo	-0.39921817	CCDC112	115296654	-63743	63743
832	chr5	122390909	122391083	122390996	hyper	0.28448623	SNCAIP	122311690	-79306	79306
832	chr5	122390909	122391083	122390996	hyper	0.28448623	MGC32805	122479087	88091	88091
837	chr5	135112468	135112585	135112526	hypo	-0.38658434	C5orf66	135033273	-79253	79253
837	chr5	135112468	135112585	135112526	hypo	-0.38658434	PITX1	135034228	-78298	78298
837	chr5	135112468	135112585	135112526	hypo	-0.38658434	C5orf66-AS1	135040047	-72479	72479
841	chr5	157498485	157498736	157498610	hypo	-0.32176653	NIPAL4	157460018	-38592	38592
841	chr5	157498485	157498736	157498610	hypo	-0.32176653	LOC102724404	157460100	-38510	38510
841	chr5	157498485	157498736	157498610	hypo	-0.32176653	ADAM19	157575775	77165	77165
846	chr5	159206132	159206282	159206207	hypo	-0.37359038	RNF145	159210053	3846	3846
846	chr5	159206132	159206282	159206207	hypo	-0.37359038	LINC01932	159227714	21507	21507
846	chr5	159206132	159206282	159206207	hypo	-0.37359038	UBLCP1	159263289	57082	57082
847	chr5	159975458	159975632	159975545	hyper	0.36995518	ADRA1B	159916481	-59064	59064
847	chr5	159975458	159975632	159975545	hyper	0.36995518	TTC1	160009099	33554	33554
851	chr5	172156680	172157068	172156874	hyper	0.4662926	STK10	172188224	31350	31350
851	chr5	172156680	172157068	172156874	hyper	0.4662926	EFCAB9	172194171	37297	37297
853	chr5	180724624	180724708	180724666	hyper	0.42474067	FLT4	180649600	-75066	75066
853	chr5	180724624	180724708	180724666	hyper	0.42474067	LINC02222	180684095	-40571	40571
853	chr5	180724624	180724708	180724666	hyper	0.42474067	OR2Y1	180740058	15392	15392
853	chr5	180724624	180724708	180724666	hyper	0.42474067	MGAT1	180815616	90950	90950
854	chr5	180728227	180728474	180728350	hyper	0.31093115	FLT4	180649600	-78750	78750
854	chr5	180728227	180728474	180728350	hyper	0.31093115	LINC02222	180684095	-44255	44255
854	chr5	180728227	180728474	180728350	hyper	0.31093115	OR2Y1	180740058	11708	11708
854	chr5	180728227	180728474	180728350	hyper	0.31093115	MGAT1	180815616	87266	87266
856	chr6	1055990	1056284	1056137	hyper	0.457712	LINC01622	1101332	45195	45195
857	chr6	1665969	1666292	1666130	hyper	0.37635803	FOXCUT	1605530	-60600	60600
857	chr6	1665969	1666292	1666130	hyper	0.37635803	FOXC1	1609914	-56216	56216
858	chr6	3008961	3009311	3009136	hyper	0.41554293	SERPINB6	2971793	-37343	37343
858	chr6	3008961	3009311	3009136	hyper	0.41554293	LINC01011	2987966	-21170	21170
858	chr6	3008961	3009311	3009136	hyper	0.41554293	NQO2	2999815	-9321	9321
858	chr6	3008961	3009311	3009136	hyper	0.41554293	HTATSF1P2	3023890	14754	14754
858	chr6	3008961	3009311	3009136	hyper	0.41554293	LOC101927759	3024062	14926	14926
858	chr6	3008961	3009311	3009136	hyper	0.41554293	RIPK1	3063966	54830	54830
859	chr6	3340326	3340942	3340634	hyper	0.4766669	PSMG4	3258946	-81688	81688
860	chr6	8378592	8378795	8378693	hyper	0.38548625	SLC35B3	8435567	56874	56874
860	chr6	8378592	8378795	8378693	hyper	0.38548625	LOC100506207	8435622	56929	56929
861	chr6	12582391	12582705	12582548	hyper	0.38015303	LINC02530	12585404	2856	2856
863	chr6	15266044	15266804	15266424	hyper	0.46644416	JARID2	15246068	-20356	20356
863	chr6	15266044	15266804	15266424	hyper	0.46644416	JARID2-AS1	15248696	-17728	17728
864	chr6	16768939	16769189	16769064	hyper	0.4723601	ATXN1-AS1	16761137	-7927	7927
864	chr6	16768939	16769189	16769064	hyper	0.4723601	ATXN1	16761490	-7574	7574
865	chr6	19362505	19362773	19362639	hyper	0.33063766	LOC105374960	19449820	87181	87181
866	chr6	24584348	24584545	24584446	hypo	-0.45094562	GPLD1	24489578	-94868	94868
866	chr6	24584348	24584545	24584446	hypo	-0.45094562	ALDH5A1	24494968	-89478	89478
866	chr6	24584348	24584545	24584446	hypo	-0.45094562	KIAA0319	24646191	61745	61745
866	chr6	24584348	24584545	24584446	hypo	-0.45094562	TDP2	24666899	82453	82453
866	chr6	24584348	24584545	24584446	hypo	-0.45094562	ACOT13	24667034	82588	82588
867	chr6	27977535	27977803	27977669	hyper	0.57120407	H3C12	27890826	-86843	86843
867	chr6	27977535	27977803	27977669	hyper	0.57120407	H2AC17	27893185	-84484	84484
867	chr6	27977535	27977803	27977669	hyper	0.57120407	H2BC17	27893424	-84245	84245
867	chr6	27977535	27977803	27977669	hyper	0.57120407	OR2B2	27912396	-65273	65273
867	chr6	27977535	27977803	27977669	hyper	0.57120407	OR2B6	27957240	-20429	20429
867	chr6	27977535	27977803	27977669	hyper	0.57120407	OR1F12	28073315	95646	95646
868	chr6	28001844	28001962	28001903	hyper	0.46715036	OR2B2	27912396	-89507	89507
868	chr6	28001844	28001962	28001903	hyper	0.46715036	OR2B6	27957240	-44663	44663
868	chr6	28001844	28001962	28001903	hyper	0.46715036	OR1F12	28073315	71412	71412
868	chr6	28001844	28001962	28001903	hyper	0.46715036	ZNF165	28080281	78378	78378
868	chr6	28001844	28001962	28001903	hyper	0.46715036	ZSCAN12P1	28090806	88903	88903
869	chr6	29798058	29798285	29798171	hypo	-0.3697068	HLA-F	29723339	-74832	74832
869	chr6	29798058	29798285	29798171	hypo	-0.3697068	HLA-F-AS1	29749049	-49122	49122
869	chr6	29798058	29798285	29798171	hypo	-0.3697068	IFITM4P	29751148	-47023	47023
869	chr6	29798058	29798285	29798171	hypo	-0.3697068	HLA-V	29791905	-6266	6266
869	chr6	29798058	29798285	29798171	hypo	-0.3697068	HCG4	29793073	-5098	5098
869	chr6	29798058	29798285	29798171	hypo	-0.3697068	HLA-G	29826473	28302	28302
869	chr6	29798058	29798285	29798171	hypo	-0.3697068	HCP5B	29873783	75612	75612
869	chr6	29798058	29798285	29798171	hypo	-0.3697068	HLA-H	29887572	89401	89401
870	chr6	31087192	31087302	31087247	hyper	0.3667813	MUC22	31005951	-81296	81296
870	chr6	31087192	31087302	31087247	hyper	0.3667813	HCG22	31053449	-33798	33798
870	chr6	31087192	31087302	31087247	hyper	0.3667813	C6orf15	31112575	25328	25328
870	chr6	31087192	31087302	31087247	hyper	0.3667813	PSORS1C1	31114799	27552	27552
870	chr6	31087192	31087302	31087247	hyper	0.3667813	CDSN	31120446	33199	33199
870	chr6	31087192	31087302	31087247	hyper	0.3667813	PSORS1C2	31139066	51819	51819
870	chr6	31087192	31087302	31087247	hyper	0.3667813	CCHCR1	31158197	70950	70950
870	chr6	31087192	31087302	31087247	hyper	0.3667813	TCF19	31158588	71341	71341
870	chr6	31087192	31087302	31087247	hyper	0.3667813	POU5F1	31170682	83435	83435
870	chr6	31087192	31087302	31087247	hyper	0.3667813	PSORS1C3	31186317	99070	99070
871	chr6	37542129	37542504	37542316	hyper	0.42094067	CCDC167	37499893	-42423	42423
871	chr6	37542129	37542504	37542316	hyper	0.42094067	LINC02520	37507347	-34969	34969
871	chr6	37542129	37542504	37542316	hyper	0.42094067	MIR4462	37555422	13106	13106
872	chr6	38621997	38622194	38622095	hypo	-0.33423045	BTBD9	38639929	17834	17834
872	chr6	38621997	38622194	38622095	hypo	-0.33423045	GLO1	38703145	81050	81050
872	chr6	38621997	38622194	38622095	hypo	-0.33423045	DNAH8	38715310	93215	93215
873	chr6	50840505	50840668	50840586	hypo	-0.33536232	TFAP2B	50818870	-21716	21716
874	chr6	50846955	50847165	50847060	hypo	-0.3022213	TFAP2B	50818870	-28190	28190
876	chr6	55870150	55870328	55870239	hyper	0.3328099	BMP5	55875590	5351	5351
877	chr6	55874470	55874736	55874603	hyper	0.68759465	BMP5	55875590	987	987
881	chr6	70231560	70231756	70231658	hypo	-0.501953	COL9A1	70303084	71426	71426
883	chr6	75156156	75156678	75156417	hyper	0.43802017	SNORD156	75128782	-27635	27635
883	chr6	75156156	75156678	75156417	hyper	0.43802017	COL12A1	75206053	49636	49636
883	chr6	75156156	75156678	75156417	hyper	0.43802017	COX7A2	75250298	93881	93881
885	chr6	77548376	77548572	77548474	hyper	0.43595728	HTR1B	77463491	-84983	84983
886	chr6	79334846	79334914	79334880	hypo	-0.63354886	LCAL1	79313384	-21496	21496
887	chr6	83429920	83430083	83430001	hyper	0.40863046	ME1	83431051	1050	1050
887	chr6	83429920	83430083	83430001	hyper	0.40863046	PRSS35	83512533	82532	82532
888	chr6	84263646	84263804	84263725	hyper	0.50545895	CEP162	84227643	-36082	36082
889	chr6	85486501	85486646	85486573	hyper	0.34985	LINC02535	85404802	-81771	81771
889	chr6	85486501	85486646	85486573	hyper	0.34985	NT5E	85449583	-36990	36990
891	chr6	88006356	88006853	88006604	hyper	0.58569455	SPACA1	88047840	41236	41236
892	chr6	88164569	88165034	88164801	hyper	0.4236483	CNR1	88167349	2548	2548
893	chr6	89268906	89269148	89269027	hyper	0.37773624	GABRR1	89231288	-37739	37739
893	chr6	89268906	89269148	89269027	hyper	0.37773624	GABRR2	89315299	46272	46272
893	chr6	89268906	89269148	89269027	hyper	0.37773624	UBE2J1	89352722	83695	83695
896	chr6	100538913	100538964	100538938	hyper	0.496653	SIM1	100464921	-74017	74017
899	chr6	108174301	108176861	108175581	hyper	0.5946474	OSTM1-AS1	108123632	-51949	51949
899	chr6	108174301	108176861	108175581	hyper	0.5946474	NR2E1	108166021	-9560	9560
899	chr6	108174301	108176861	108175581	hyper	0.5946474	SNX3	108261040	85459	85459
900	chr6	108338688	108338834	108338761	hyper	0.36047372	SNX3	108261040	-77721	77721
900	chr6	108338688	108338834	108338761	hyper	0.36047372	AFG1L	108295053	-43708	43708
903	chr6	116884626	116884909	116884767	hypo	-0.5321133	GPRC6A	116829083	-55684	55684
903	chr6	116884626	116884909	116884767	hypo	-0.5321133	RFX6	116877241	-7526	7526
904	chr6	117396290	117396409	117396349	hyper	0.3612438	ROS1	117425942	29593	29593
904	chr6	117396290	117396409	117396349	hyper	0.3612438	DCBLD1	117482603	86254	86254
907	chr6	125918901	125919132	125919016	hypo	-0.43501252	HINT3	125956769	37753	37753
907	chr6	125918901	125919132	125919016	hypo	-0.43501252	TRMT11	125986429	67413	67413
911	chr6	131129781	131130031	131129906	hyper	0.36814913	EPB41L2	131063322	-66584	66584
911	chr6	131129781	131130031	131129906	hyper	0.36814913	AKAP7	131135466	5560	5560
912	chr6	135811795	135811907	135811851	hyper	0.4423708	PDE7B	135851700	39849	39849
913	chr6	136193468	136193575	136193521	hyper	0.33504793	MTFR2	136250311	56790	56790
913	chr6	136193468	136193575	136193521	hyper	0.33504793	BCLAF1	136289851	96330	96330
917	chr6	137430885	137431265	137431075	hyper	0.38769746	OLIG3	137494394	63319	63319
918	chr6	138508143	138508335	138508239	hyper	0.40873948	MIR3145	138435294	-72945	72945
918	chr6	138508143	138508335	138508239	hyper	0.40873948	NHSL1	138572569	64330	64330
919	chr6	138543859	138544113	138543986	hyper	0.35053918	NHSL1	138572569	28583	28583
920	chr6	138560178	138560444	138560311	hyper	0.38934076	NHSL1	138572569	12258	12258
922	chr6	145640147	145640531	145640339	hyper	0.35477212	FBXO30-DT	145734868	94529	94529
922	chr6	145640147	145640531	145640339	hyper	0.35477212	EPM2A	145736023	95684	95684
924	chr6	151021770	151021879	151021824	hyper	0.34797966	MIR12131	151102674	80850	80850
925	chr6	151375051	151375170	151375110	hyper	0.50273424	ZBTB2	151391559	16449	16449
925	chr6	151375051	151375170	151375110	hyper	0.50273424	RMND1	151452181	77071	77071
925	chr6	151375051	151375170	151375110	hyper	0.50273424	ARMT1	151452257	77147	77147
927	chr6	152758505	152758932	152758718	hypo	-0.4429623	MYCT1	152697894	-60824	60824
927	chr6	152758505	152758932	152758718	hypo	-0.4429623	VIP	152750796	-7922	7922
928	chr6	154042078	154042231	154042154	hypo	-0.4526094	OPRM1	154010495	-31659	31659
931	chr6	158301492	158301719	158301605	hypo	-0.41662747	TULP4	158312464	10859	10859
931	chr6	158301492	158301719	158301605	hypo	-0.41662747	SNORA116	158322981	21376	21376
933	chr6	162689137	162689272	162689204	hyper	0.29044133	PACRG	162727131	37927	37927
933	chr6	162689137	162689272	162689204	hyper	0.29044133	PRKN	162727766	38562	38562
934	chr6	163341104	163341368	163341236	hyper	0.41842318	PACRG-AS1	163324473	-16763	16763
934	chr6	163341104	163341368	163341236	hyper	0.41842318	DKFZp451B082	163347033	5797	5797
934	chr6	163341104	163341368	163341236	hyper	0.41842318	CAHM	163413950	72714	72714
934	chr6	163341104	163341368	163341236	hyper	0.41842318	QKI	163414717	73481	73481
935	chr6	163341979	163342270	163342124	hyper	0.49396196	PACRG-AS1	163324473	-17651	17651
935	chr6	163341979	163342270	163342124	hyper	0.49396196	DKFZp451B082	163347033	4909	4909
935	chr6	163341979	163342270	163342124	hyper	0.49396196	CAHM	163413950	71826	71826
935	chr6	163341979	163342270	163342124	hyper	0.49396196	QKI	163414717	72593	72593
938	chr6	166905086	166905406	166905246	hyper	0.4724205	RPS6KA2	166862525	-42721	42721
938	chr6	166905086	166905406	166905246	hyper	0.4724205	RPS6KA2-AS1	166903697	-1549	1549
938	chr6	166905086	166905406	166905246	hyper	0.4724205	RNASET2	166956550	51304	51304
938	chr6	166905086	166905406	166905246	hyper	0.4724205	MIR3939	166997912	92666	92666
938	chr6	166905086	166905406	166905246	hyper	0.4724205	CEP43	166999316	94070	94070
939	chr6	167278730	167278980	167278855	hyper	0.3534286	HPAT5	167228299	-50556	50556
939	chr6	167278730	167278980	167278855	hyper	0.3534286	UNC93A	167291314	12459	12459
939	chr6	167278730	167278980	167278855	hyper	0.3534286	TTLL2	167325085	46230	46230
940	chr6	167834336	167834893	167834614	hyper	0.4400523	LOC441179	167795528	-39086	39086
940	chr6	167834336	167834893	167834614	hyper	0.4400523	LINC01558	167796859	-37755	37755
940	chr6	167834336	167834893	167834614	hyper	0.4400523	AFDN	167826563	-8051	8051
940	chr6	167834336	167834893	167834614	hyper	0.4400523	AFDN-DT	167826796	-7818	7818
941	chr6	168158361	168158483	168158422	hyper	0.40426785	FRMD1	168081557	-76865	76865
941	chr6	168158361	168158483	168158422	hyper	0.40426785	LOC105378137	168226517	68095	68095
941	chr6	168158361	168158483	168158422	hyper	0.40426785	LOC101929420	168242937	84515	84515
942	chr6	168280264	168280655	168280459	hyper	0.47108427	LOC105378137	168226517	-53942	53942
942	chr6	168280264	168280655	168280459	hyper	0.47108427	LOC101929420	168242937	-37522	37522
942	chr6	168280264	168280655	168280459	hyper	0.47108427	DACT2	168319777	39318	39318
943	chr6	170184290	170184573	170184431	hyper	0.51196855	LOC102724511	170160641	-23790	23790
943	chr6	170184290	170184573	170184431	hyper	0.51196855	LOC154449	170262569	78138	78138
943	chr6	170184290	170184573	170184431	hyper	0.51196855	LINC01624	170272473	88042	88042
943	chr6	170184290	170184573	170184431	hyper	0.51196855	LOC285804	170276762	92331	92331
944	chr7	5270911	5271051	5270981	hypo	-0.60387576	WIPI2	5190232	-80749	80749
944	chr7	5270911	5271051	5270981	hypo	-0.60387576	SLC29A4	5282942	11961	11961
945	chr7	6997095	6997173	6997134	hypo	-0.38575712	MIR3683	7067045	69911	69911
945	chr7	6997095	6997173	6997134	hypo	-0.38575712	LOC100131257	7096786	99652	99652
946	chr7	16678731	16678992	16678861	hyper	0.59378856	ANKMY2	16645754	-33107	33107
946	chr7	16678731	16678992	16678861	hyper	0.59378856	BZW2	16646133	-32728	32728
946	chr7	16678731	16678992	16678861	hyper	0.59378856	TSPAN13	16753754	74893	74893
947	chr7	20335286	20335664	20335475	hyper	0.48676124	LOC101927769	20296707	-38768	38768
947	chr7	20335286	20335664	20335475	hyper	0.48676124	ITGB8	20330899	-4576	4576
947	chr7	20335286	20335664	20335475	hyper	0.48676124	LOC101927811	20331762	-3713	3713
948	chr7	20336074	20336437	20336255	hyper	0.36865887	LOC101927769	20296707	-39548	39548
948	chr7	20336074	20336437	20336255	hyper	0.36865887	ITGB8	20330899	-5356	5356
948	chr7	20336074	20336437	20336255	hyper	0.36865887	LOC101927811	20331762	-4493	4493
949	chr7	20794653	20794793	20794723	hyper	0.390409	SP8	20786886	-7837	7837
949	chr7	20794653	20794793	20794723	hyper	0.390409	RPL23P8	20827297	32574	32574
949	chr7	20794653	20794793	20794723	hyper	0.390409	LINC01162	20835430	40707	40707
950	chr7	23607759	23607905	23607832	hyper	0.3510487	TRA2A	23532041	-75791	75791
950	chr7	23607759	23607905	23607832	hyper	0.3510487	CLK2P1	23586527	-21305	21305
950	chr7	23607759	23607905	23607832	hyper	0.3510487	CCDC126	23597381	-10451	10451
950	chr7	23607759	23607905	23607832	hyper	0.3510487	FAM221A	23680198	72366	72366
951	chr7	24569582	24570043	24569812	hypo	-0.37351567	MPP6	24573451	3639	3639
952	chr7	25302997	25303232	25303114	hyper	0.45741466	NPVF	25228486	-74628	74628
956	chr7	38590108	38590205	38590156	hyper	0.38585457	AMPH	38631567	41411	41411
956	chr7	38590108	38590205	38590156	hyper	0.38585457	FAM183BP	38687089	96933	96933
959	chr7	41783265	41783688	41783476	hyper	0.52419174	INHBA-AS1	41693918	-89558	89558
959	chr7	41783265	41783688	41783476	hyper	0.52419174	INHBA	41703090	-80386	80386
960	chr7	43534108	43534240	43534174	hypo	-0.3369702	LUARIS	43522542	-11632	11632
960	chr7	43534108	43534240	43534174	hypo	-0.3369702	STK17A	43583107	48933	48933
961	chr7	47507572	47507634	47507603	hyper	0.43673986	SNORD151	47464803	-42800	42800
961	chr7	47507572	47507634	47507603	hyper	0.43673986	TNS3	47582111	74508	74508
963	chr7	53022701	53022934	53022817	hypo	-0.3612495	POM121L12	53035632	12815	12815
964	chr7	66679156	66679266	66679211	hyper	0.4456822	GS1-124K5.11	66592407	-86804	86804
964	chr7	66679156	66679266	66679211	hyper	0.4456822	KCTD7	66628880	-50331	50331
964	chr7	66679156	66679266	66679211	hyper	0.4456822	LOC100996437	66654518	-24693	24693
964	chr7	66679156	66679266	66679211	hyper	0.4456822	RABGEF1	66654566	-24645	24645
965	chr7	67123475	67123818	67123646	hyper	0.3651662	MIR4650-1	67114397	-9249	9249
965	chr7	67123475	67123818	67123646	hyper	0.3651662	MIR4650-2	67114397	-9249	9249
966	chr7	71046433	71046542	71046487	hypo	-0.29632816	GALNT17	71132143	85656	85656
967	chr7	71390215	71390346	71390280	hypo	-0.46334592	MIR3914-2	71307673	-82607	82607
967	chr7	71390215	71390346	71390280	hypo	-0.46334592	MIR3914-1	71307770	-82510	82510
969	chr7	72918144	72918504	72918324	hyper	0.5852695	TYW1B	72828200	-90124	90124
969	chr7	72918144	72918504	72918324	hyper	0.5852695	SBDSP1	72829372	-88952	88952
969	chr7	72918144	72918504	72918324	hyper	0.5852695	SPDYE7P	72871506	-46818	46818
969	chr7	72918144	72918504	72918324	hyper	0.5852695	POM121	72879356	-38968	38968
969	chr7	72918144	72918504	72918324	hyper	0.5852695	NSUN5P2	72954763	36439	36439
969	chr7	72918144	72918504	72918324	hyper	0.5852695	TRIM74	72969466	51142	51142
969	chr7	72918144	72918504	72918324	hyper	0.5852695	TRIM73	72969466	51142	51142
969	chr7	72918144	72918504	72918324	hyper	0.5852695	STAG3L3	73005943	87619	87619
970	chr7	80210506	80210702	80210604	hyper	0.3239539	GNAI1	80134830	-75774	75774
971	chr7	84469025	84469121	84469073	hyper	0.29119596	LOC101927378	84532475	63402	63402
972	chr7	92504743	92504990	92504866	hyper	0.34439033	TMBIM7P	92437314	-67552	67552
972	chr7	92504743	92504990	92504866	hyper	0.34439033	GATAD1	92447481	-57385	57385
972	chr7	92504743	92504990	92504866	hyper	0.34439033	ERVW-1	92477946	-26920	26920
972	chr7	92504743	92504990	92504866	hyper	0.34439033	PEX1	92528520	23654	23654
972	chr7	92504743	92504990	92504866	hyper	0.34439033	RBM48	92528794	23928	23928
972	chr7	92504743	92504990	92504866	hyper	0.34439033	FAM133B	92590390	85524	85524
973	chr7	93142958	93143206	93143082	hyper	0.41981053	SAMD9	93118023	-25059	25059
973	chr7	93142958	93143206	93143082	hyper	0.41981053	SAMD9L	93148385	5303	5303
973	chr7	93142958	93143206	93143082	hyper	0.41981053	HEPACAM2	93232198	89116	89116
973	chr7	93142958	93143206	93143082	hyper	0.41981053	VPS50	93232339	89257	89257
974	chr7	93889094	93889206	93889150	hyper	0.27071178	TFPI2	93890753	1603	1603
974	chr7	93889094	93889206	93889150	hyper	0.27071178	TFPI2-DT	93890893	1743	1743
974	chr7	93889094	93889206	93889150	hyper	0.27071178	GNGT1	93906566	17416	17416
974	chr7	93889094	93889206	93889150	hyper	0.27071178	GNG11	93921734	32584	32584
975	chr7	93923359	93923519	93923439	hyper	0.58072263	TFPI2	93890753	-32686	32686
975	chr7	93923359	93923519	93923439	hyper	0.58072263	TFPI2-DT	93890893	-32546	32546
975	chr7	93923359	93923519	93923439	hyper	0.58072263	GNGT1	93906566	-16873	16873
975	chr7	93923359	93923519	93923439	hyper	0.58072263	GNG11	93921734	-1705	1705
975	chr7	93923359	93923519	93923439	hyper	0.58072263	BET1	94004355	80916	80916
977	chr7	94395947	94396161	94396054	hyper	0.60870206	COL1A2-AS1	94392192	-3862	3862
977	chr7	94395947	94396161	94396054	hyper	0.60870206	COL1A2	94394894	-1160	1160
978	chr7	97887000	97887372	97887186	hyper	0.47003993	ASNS	97928441	41255	41255
978	chr7	97887000	97887372	97887186	hyper	0.47003993	MIR5692C2	97964481	77295	77295
978	chr7	97887000	97887372	97887186	hyper	0.47003993	CCZ1P-OR7E38P	97972358	85172	85172
978	chr7	97887000	97887372	97887186	hyper	0.47003993	CZ1P-ASNS	97972358	85172	85172
979	chr7	104768642	104768758	104768700	hyper	0.5053773	LHFPL3-AS1	104804092	35392	35392
980	chr7	107386233	107386667	107386450	hyper	0.54502785	GPR22	107470056	83606	83606
982	chr7	116193499	116193739	116193619	hypo	-0.28175223	TES	116210538	16919	16919
982	chr7	116193499	116193739	116193619	hypo	-0.28175223	LOC102724434	116286727	93108	93108
983	chr7	117226102	117226321	117226211	hyper	0.38808692	ST7-AS2	117145592	-80619	80619
983	chr7	117226102	117226321	117226211	hyper	0.38808692	ST7-OT3	117182680	-43531	43531
983	chr7	117226102	117226321	117226211	hyper	0.38808692	WNT2	117323058	96847	96847
984	chr7	122325336	122325549	122325442	hypo	-0.29765302	FEZF1-AS1	122303657	-21785	21785
984	chr7	122325336	122325549	122325442	hypo	-0.29765302	FEZF1	122304750	-20692	20692
985	chr7	128250140	128250197	128250168	hypo	-0.5279053	MIR129-1	128207871	-42297	42297
985	chr7	128250140	128250197	128250168	hypo	-0.5279053	LEP	128241277	-8891	8891
985	chr7	128250140	128250197	128250168	hypo	-0.5279053	RBM28	128343908	93740	93740
986	chr7	130895068	130895189	130895128	hyper	0.44301954	MIR29A	130876810	-18318	18318
986	chr7	130895068	130895189	130895128	hyper	0.44301954	MIR29B1	130877539	-17589	17589
986	chr7	130895068	130895189	130895128	hyper	0.44301954	LINC00513	130913463	18335	18335
989	chr7	137304832	137305170	137305001	hyper	0.3821739	PTN	137343733	38732	38732
990	chr7	139731922	139732013	139731967	hypo	-0.5277588	HIPK2	139777998	46031	46031
990	chr7	139731922	139732013	139731967	hypo	-0.5277588	TBXAS1	139778241	46274	46274
991	chr7	143776367	143776474	143776420	hyper	0.26213962	CTAGE6	143757696	-18724	18724
991	chr7	143776367	143776474	143776420	hyper	0.26213962	LOC154761	143836717	60297	60297
994	chr7	150596065	150596134	150596099	hypo	-0.46343073	GIMAP7	150514871	-81228	81228
994	chr7	150596065	150596134	150596099	hypo	-0.46343073	GIMAP4	150567369	-28730	28730
994	chr7	150596065	150596134	150596099	hypo	-0.46343073	GIMAP6	150632648	36549	36549
994	chr7	150596065	150596134	150596099	hypo	-0.46343073	GIMAP2	150685705	89606	89606
995	chr7	151792732	151792797	151792764	hyper	0.363755	LOC644090	151806337	13573	13573
995	chr7	151792732	151792797	151792764	hyper	0.363755	PRKAG2-AS1	151877041	84277	84277
995	chr7	151792732	151792797	151792764	hyper	0.363755	PRKAG2	151877115	84351	84351
997	chr7	155492042	155492228	155492135	hyper	0.45182365	EN2	155458128	-34007	34007
997	chr7	155492042	155492228	155492135	hyper	0.45182365	CNPY1	155570746	78611	78611
998	chr7	155507941	155508207	155508074	hypo	-0.3371783	EN2	155458128	-49946	49946
998	chr7	155507941	155508207	155508074	hypo	-0.3371783	CNPY1	155570746	62672	62672
999	chr7	155789845	155790233	155790039	hyper	0.5384343	SHH	155812463	22424	22424
1000	chr7	155824595	155824721	155824658	hyper	0.3724538	SHH	155812463	-12195	12195
1001	chr8	384903	385127	385015	hypo	-0.48112047	FAM87A	383174	-1841	1841
1001	chr8	384903	385127	385015	hypo	-0.48112047	FBXO25	406807	21792	21792
1008	chr8	6420800	6420897	6420848	hyper	0.40422347	LOC100287015	6406548	-14300	14300
1008	chr8	6420800	6420897	6420848	hyper	0.40422347	MCPH1	6406591	-14257	14257
1009	chr8	7766716	7766885	7766800	hyper	0.21601589	FAM90A10P	7769583	2783	2783
1009	chr8	7766716	7766885	7766800	hyper	0.21601589	PRR23D2	7781413	14613	14613
1009	chr8	7766716	7766885	7766800	hyper	0.21601589	DEFB107B	7815651	48851	48851
1009	chr8	7766716	7766885	7766800	hyper	0.21601589	DEFB107A	7815716	48916	48916
1009	chr8	7766716	7766885	7766800	hyper	0.21601589	DEFB105A	7823890	57090	57090
1009	chr8	7766716	7766885	7766800	hyper	0.21601589	DEFB104A	7836435	69635	69635
1009	chr8	7766716	7766885	7766800	hyper	0.21601589	SPAG11B	7847879	81079	81079
1009	chr8	7766716	7766885	7766800	hyper	0.21601589	SPAG11A	7848007	81207	81207
1010	chr8	8459040	8459179	8459109	hypo	-0.33122623	PRAG1	8386439	-72670	72670
1011	chr8	11226645	11226968	11226806	hypo	-0.45188746	XKR6	11201833	-24973	24973
1011	chr8	11226645	11226968	11226806	hypo	-0.45188746	MTMR9	11284815	58009	58009
1016	chr8	19870937	19871125	19871031	hyper	0.41752383	INTS10	19817148	-53883	53883
1016	chr8	19870937	19871125	19871031	hyper	0.41752383	LPL	19939252	68221	68221
1017	chr8	19871861	19872135	19871998	hyper	0.40265256	INTS10	19817148	-54850	54850
1017	chr8	19871861	19872135	19871998	hyper	0.40265256	LPL	19939252	67254	67254
1018	chr8	24351355	24351543	24351449	hyper	0.36773622	ADAM28	24294039	-57410	57410
1018	chr8	24351355	24351543	24351449	hyper	0.36773622	ADAMDEC1	24384284	32835	32835
1018	chr8	24351355	24351543	24351449	hyper	0.36773622	ADAM7	24441025	89576	89576
1019	chr8	27595379	27595573	27595476	hyper	0.38647202	MIR6843	27610751	15275	15275
1019	chr8	27595379	27595573	27595476	hyper	0.38647202	CLU	27614700	19224	19224
1019	chr8	27595379	27595573	27595476	hyper	0.38647202	SCARA3	27633901	38425	38425
1022	chr8	29778075	29778395	29778235	hypo	-0.40691534	LINC00589	29748109	-30126	30126
1022	chr8	29778075	29778395	29778235	hypo	-0.40691534	LINC02099	29748308	-29927	29927
1022	chr8	29778075	29778395	29778235	hypo	-0.40691534	LOC101929470	29828504	50269	50269
1023	chr8	29903678	29903978	29903828	hyper	0.4763825	LOC101929470	29828504	-75324	75324
1023	chr8	29903678	29903978	29903828	hyper	0.4763825	LINC02209	29921512	17684	17684
1023	chr8	29903678	29903978	29903828	hyper	0.4763825	MIR3148	29957348	53520	53520
1024	chr8	30993672	30993848	30993760	hypo	-0.3231831	TEX15	30913008	-80752	80752
1024	chr8	30993672	30993848	30993760	hypo	-0.3231831	PURG	31033356	39596	39596
1024	chr8	30993672	30993848	30993760	hypo	-0.3231831	WRN	31033809	40049	40049
1027	chr8	35794269	35795078	35794673	hyper	0.40401128	LOC101929550	35710320	-84353	84353
1028	chr8	38790895	38791120	38791007	hyper	0.29843044	TACC1	38728581	-62426	62426
1029	chr8	40900271	40900592	40900431	hyper	0.45739293	ZMAT4	40897826	-2605	2605
1030	chr8	40901292	40901525	40901408	hyper	0.47713032	ZMAT4	40897826	-3582	3582
1031	chr8	48683147	48683324	48683235	hyper	0.45493326	LOC101929217	48620402	-62833	62833
1031	chr8	48683147	48683324	48683235	hyper	0.45493326	EFCAB1	48735311	52076	52076
1033	chr8	53511037	53511366	53511201	hyper	0.4543738	LOC100507516	53523965	12764	12764
1034	chr8	65143179	65143457	65143318	hyper	0.4350461	LINC00251	65180340	37022	37022
1035	chr8	66649589	66649976	66649782	hyper	0.32122797	MYBL1	66613218	-36564	36564
1035	chr8	66649589	66649976	66649782	hyper	0.32122797	VCPIP1	66667231	17449	17449
1035	chr8	66649589	66649976	66649782	hyper	0.32122797	C8orf44-SGK3	66667595	17813	17813
1035	chr8	66649589	66649976	66649782	hyper	0.32122797	C8orf44	66667595	17813	17813
1035	chr8	66649589	66649976	66649782	hyper	0.32122797	SGK3	66712780	62998	62998
1037	chr8	67968841	67969075	67968958	hyper	0.3868128	PREX2	67952045	-16913	16913
1040	chr8	71591516	71591900	71591708	hyper	0.34342986	EYA1	71548094	-43614	43614
1041	chr8	71760631	71760865	71760748	hypo	-0.46147808	MSC-AS1	71843122	82374	82374
1041	chr8	71760631	71760865	71760748	hypo	-0.46147808	MSC	71844412	83664	83664
1043	chr8	72747045	72747361	72747203	hyper	0.4132848	LOC101926908	72732044	-15159	15159
1046	chr8	94418572	94418723	94418647	hyper	0.28957313	FSBP	94436944	18297	18297
1046	chr8	94418572	94418723	94418647	hyper	0.28957313	RAD54B	94475115	56468	56468
1049	chr8	97190835	97190953	97190894	hyper	0.38955048	TSPYL5	97277928	87034	87034
1050	chr8	101041412	101041646	101041529	hyper	0.40406725	YWHAZ	100953382	-88147	88147
1050	chr8	101041412	101041646	101041529	hyper	0.40406725	FLJ42969	101052053	10524	10524
1051	chr8	102108321	102108610	102108465	hyper	0.379522	NCALD	102124907	16442	16442
1051	chr8	102108321	102108610	102108465	hyper	0.379522	MIR5680	102125431	16966	16966
1054	chr8	117850261	117850431	117850346	hyper	0.3364874	SNORD168	117920913	70567	70567
1056	chr8	119671771	119672693	119672232	hyper	0.593402	ENPP2	119673390	1158	1158
1057	chr8	124143095	124143305	124143200	hyper	0.43994305	FER1L6-AS2	124171522	28322	28322
1058	chr8	124197865	124197971	124197918	hyper	0.45612717	FER1L6-AS2	124171522	-26396	26396
1058	chr8	124197865	124197971	124197918	hyper	0.45612717	LOC101927588	124247398	49480	49480
1060	chr8	140057892	140058077	140057984	hyper	0.4510674	PEG13	140100535	42551	42551
1061	chr8	140663014	140663212	140663113	hyper	0.34320927	AGO2	140635633	-27480	27480
1061	chr8	140663014	140663212	140663113	hyper	0.34320927	MIR151A	140732653	69540	69540
1062	chr8	143060450	143060678	143060564	hyper	0.4329098	CDC42P3	142995827	-64737	64737
1062	chr8	143060450	143060678	143060564	hyper	0.4329098	LY6E-DT	143018390	-42174	42174
1062	chr8	143060450	143060678	143060564	hyper	0.4329098	LY6E	143018484	-42080	42080
1062	chr8	143060450	143060678	143060564	hyper	0.4329098	C8orf31	143039208	-21356	21356
1062	chr8	143060450	143060678	143060564	hyper	0.4329098	LY6L	143080629	20065	20065
1063	chr8	143895565	143895811	143895688	hypo	-0.36528388	MIR937	143813042	-82646	82646
1063	chr8	143895565	143895811	143895688	hypo	-0.36528388	SCRIB	143815773	-79915	79915
1063	chr8	143895565	143895811	143895688	hypo	-0.36528388	PUF60	143829315	-66373	66373
1063	chr8	143895565	143895811	143895688	hypo	-0.36528388	MIR6845	143837816	-57872	57872
1063	chr8	143895565	143895811	143895688	hypo	-0.36528388	NRBP2	143840973	-54715	54715
1063	chr8	143895565	143895811	143895688	hypo	-0.36528388	EPPK1	143878467	-17221	17221
1063	chr8	143895565	143895811	143895688	hypo	-0.36528388	MIR661	143945279	49591	49591
1063	chr8	143895565	143895811	143895688	hypo	-0.36528388	PLEC	143976745	81057	81057
1063	chr8	143895565	143895811	143895688	hypo	-0.36528388	PARP10	143986460	90772	90772
1063	chr8	143895565	143895811	143895688	hypo	-0.36528388	GRINA	143990055	94367	94367
1066	chr9	963255	963410	963332	hypo	-0.3668989	DMRT3	976654	13322	13322
1066	chr9	963255	963410	963332	hypo	-0.3668989	LINC01230	1048142	84810	84810
1066	chr9	963255	963410	963332	hypo	-0.3668989	DMRT2	1050353	87021	87021
1067	chr9	975443	975626	975534	hyper	0.33606344	DMRT3	976654	1120	1120
1067	chr9	975443	975626	975534	hyper	0.33606344	LINC01230	1048142	72608	72608
1067	chr9	975443	975626	975534	hyper	0.33606344	DMRT2	1050353	74819	74819
1068	chr9	4622059	4622425	4622242	hyper	0.41158837	PLPP6	4662293	40051	40051
1068	chr9	4622059	4622425	4622242	hyper	0.41158837	SPATA6L	4666480	44238	44238
1068	chr9	4622059	4622425	4622242	hyper	0.41158837	CDC37L1-DT	4679480	57238	57238
1068	chr9	4622059	4622425	4622242	hyper	0.41158837	CDC37L1	4679568	57326	57326
1069	chr9	5935226	5935514	5935370	hyper	0.41982713	MLANA	5890888	-44482	44482
1069	chr9	5935226	5935514	5935370	hyper	0.41982713	MIR4665	6007825	72455	72455
1069	chr9	5935226	5935514	5935370	hyper	0.41982713	KIAA2026	6008482	73112	73112
1069	chr9	5935226	5935514	5935370	hyper	0.41982713	RANBP6	6015624	80254	80254
1071	chr9	13357949	13358078	13358013	hypo	-0.35521045	MPDZ	13279692	-78321	78321
1071	chr9	13357949	13358078	13358013	hypo	-0.35521045	LINC01235	13431329	73316	73316
1076	chr9	29133730	29133870	29133800	hyper	0.43468085	LINGO2	29213601	79801	79801
1077	chr9	30459154	30459369	30459261	hypo	-0.28797197	LINC01242	30408454	-50807	50807
1078	chr9	31446183	31446362	31446272	hyper	0.45499057	LINC01243	31381490	-64782	64782
1079	chr9	38422797	38423646	38423221	hyper	0.43008098	ALDH1B1	38392701	-30520	30520
1079	chr9	38422797	38423646	38423221	hyper	0.43008098	IGFBPL1	38424454	1233	1233
1080	chr9	38533596	38533914	38533755	hyper	0.48045254	FAM95C	38545372	11617	11617
1080	chr9	38533596	38533914	38533755	hyper	0.48045254	ANKRD18A	38620596	86841	86841
1080	chr9	38533596	38533914	38533755	hyper	0.48045254	FAM201A	38621087	87332	87332
1082	chr9	65694481	65694589	65694535	hyper	0.40620092	CBWD5	65675833	-18702	18702
1082	chr9	65694481	65694589	65694535	hyper	0.40620092	FOXD4L4	65737145	42610	42610
1083	chr9	66198959	66199089	66199024	hyper	0.42405307	LOC642929	66164906	-34118	34118
1084	chr9	69583777	69583927	69583852	hypo	-0.34109724	APBA1	69672371	88519	88519
1086	chr9	73160921	73161385	73161153	hyper	0.3711789	ANXA1	73151864	-9289	9289
1094	chr9	86154887	86154953	86154920	hyper	0.40350068	GOLM1	86100201	-54719	54719
1094	chr9	86154887	86154953	86154920	hyper	0.40350068	LOC101927623	86127539	-27381	27381
1096	chr9	88993839	88993975	88993907	hyper	0.45532465	C9orf47	88990862	-3045	3045
1096	chr9	88993839	88993975	88993907	hyper	0.45532465	S1PR3	88991467	-2440	2440
1098	chr9	91119856	91119982	91119919	hyper	0.32736716	LOC100129316	91075132	-44787	44787
1098	chr9	91119856	91119982	91119919	hyper	0.32736716	LINC00484	91119061	-858	858
1099	chr9	91900284	91900654	91900469	hyper	0.5186832	ROR2	91950228	49759	49759
1100	chr9	99779376	99779509	99779442	hyper	0.31741273	LOC101928438	99819889	40447	40447
1100	chr9	99779376	99779509	99779442	hyper	0.31741273	NR4A3	99821854	42412	42412
1101	chr9	101385287	101385416	101385351	hyper	0.36774874	BAAT	101385006	-345	345
1101	chr9	101385287	101385416	101385351	hyper	0.36774874	MRPL50	101398618	13267	13267
1101	chr9	101385287	101385416	101385351	hyper	0.36774874	ZNF189	101398850	13499	13499
1101	chr9	101385287	101385416	101385351	hyper	0.36774874	ALDOB	101435774	50423	50423
1101	chr9	101385287	101385416	101385351	hyper	0.36774874	TMEM246-AS1	101468438	83087	83087
1102	chr9	111401055	111401351	111401203	hyper	0.51787555	OR2K2	111330224	-70979	70979
1102	chr9	111401055	111401351	111401203	hyper	0.51787555	ECPAS	111484383	83180	83180
1103	chr9	111828226	111828352	111828289	hyper	0.5410542	SHOC1	111794937	-33352	33352
1103	chr9	111828226	111828352	111828289	hyper	0.5410542	UGCG	111896813	68524	68524
1104	chr9	113502017	113502178	113502097	hyper	0.43820956	C9orf43	113410746	-91351	91351
1104	chr9	113502017	113502178	113502097	hyper	0.43820956	POLE3	113410749	-91348	91348
1104	chr9	113502017	113502178	113502097	hyper	0.43820956	RGS3	113444729	-57368	57368
1105	chr9	114054371	114054579	114054475	hyper	0.43340987	AMBP	114078300	23825	23825
1105	chr9	114054371	114054579	114054475	hyper	0.43340987	KIF12	114099057	44582	44582
1106	chr9	114060940	114061001	114060970	hyper	0.48990858	AMBP	114078300	17330	17330
1106	chr9	114060940	114061001	114060970	hyper	0.48990858	KIF12	114099057	38087	38087
1106	chr9	114060940	114061001	114060970	hyper	0.48990858	COL27A1	114155536	94566	94566
1107	chr9	114170630	114170889	114170759	hyper	0.48507822	AMBP	114078300	-92459	92459
1107	chr9	114170630	114170889	114170759	hyper	0.48507822	KIF12	114099057	-71702	71702
1107	chr9	114170630	114170889	114170759	hyper	0.48507822	COL27A1	114155536	-15223	15223
1107	chr9	114170630	114170889	114170759	hyper	0.48507822	MIR455	114209433	38674	38674
1108	chr9	118594439	118594510	118594474	hypo	-0.4628949	LINC02578	118679670	85196	85196
1111	chr9	124005604	124005757	124005680	hyper	0.40573144	DENND1A	123930138	-75542	75542
1111	chr9	124005604	124005757	124005680	hyper	0.40573144	LOC100505588	124009396	3716	3716
1111	chr9	124005604	124005757	124005680	hyper	0.40573144	LHX2	124011767	6087	6087
1112	chr9	124022759	124022869	124022814	hyper	0.5531346	DENND1A	123930138	-92676	92676
1112	chr9	124022759	124022869	124022814	hyper	0.5531346	LOC100505588	124009396	-13418	13418
1112	chr9	124022759	124022869	124022814	hyper	0.5531346	LHX2	124011767	-11047	11047
1113	chr9	126337732	126337853	126337792	hyper	0.4282766	LOC101929116	126275915	-61877	61877
1113	chr9	126337732	126337853	126337792	hyper	0.4282766	MVB12B	126326828	-10964	10964
1113	chr9	126337732	126337853	126337792	hyper	0.4282766	NRON	126410504	72712	72712
1114	chr9	132403400	132403454	132403427	hyper	0.45526692	SETX	132354986	-48441	48441
1114	chr9	132403400	132403454	132403427	hyper	0.45526692	TTF1	132406851	3424	3424
1114	chr9	132403400	132403454	132403427	hyper	0.45526692	CFAP77	132410210	6783	6783
1115	chr9	132403773	132403939	132403856	hyper	0.40226892	SETX	132354986	-48870	48870
1115	chr9	132403773	132403939	132403856	hyper	0.40226892	TTF1	132406851	2995	2995
1115	chr9	132403773	132403939	132403856	hyper	0.40226892	CFAP77	132410210	6354	6354
1116	chr9	132434520	132434744	132434632	hypo	-0.4190016	SETX	132354986	-79646	79646
1116	chr9	132434520	132434744	132434632	hypo	-0.4190016	TTF1	132406851	-27781	27781
1116	chr9	132434520	132434744	132434632	hypo	-0.4190016	CFAP77	132410210	-24422	24422
1117	chr9	132466508	132466698	132466603	hyper	0.4633222	TTF1	132406851	-59752	59752
1117	chr9	132466508	132466698	132466603	hyper	0.4633222	CFAP77	132410210	-56393	56393
1118	chr9	135042439	135042563	135042501	hyper	0.37302572	OLFM1	135075504	33003	33003
1119	chrX	666938	667466	667202	hyper	0.4428319	SHOX	624343	-42859	42859
1122	chrX	1292686	1292965	1292825	hyper	0.46314472	CRLF2	1212723	-80102	80102
1122	chrX	1292686	1292965	1292825	hyper	0.46314472	CSF2RA	1268813	-24012	24012
1122	chrX	1292686	1292965	1292825	hyper	0.46314472	MIR3690	1293917	1092	1092
1122	chrX	1292686	1292965	1292825	hyper	0.46314472	SLC25A6	1392113	99288	99288
1124	chrX	2440887	2441334	2441110	hyper	0.47836342	ZBED1	2500976	59866	59866
1124	chrX	2440887	2441334	2441110	hyper	0.47836342	DHRSX	2500976	59866	59866
1125	chrX	8196707	8197318	8197012	hyper	0.60760856	MIR651	8126964	-70048	70048
1125	chrX	8196707	8197318	8197012	hyper	0.60760856	VCX2	8171267	-25745	25745
1127	chrX	12825847	12826092	12825969	hyper	0.5483416	PRPS2	12791354	-34615	34615
1127	chrX	12825847	12826092	12825969	hyper	0.5483416	TLR7	12867071	41102	41102
1127	chrX	12825847	12826092	12825969	hyper	0.5483416	TLR8	12906619	80650	80650
1130	chrX	40654800	40655011	40654905	hyper	0.4521422	ATP6AP2	40580969	-73936	73936
1130	chrX	40654800	40655011	40654905	hyper	0.4521422	MPC1L	40623565	-31340	31340
1130	chrX	40654800	40655011	40654905	hyper	0.4521422	CXorf38	40647561	-7344	7344
1130	chrX	40654800	40655011	40654905	hyper	0.4521422	MED14	40735542	80637	80637
1130	chrX	40654800	40655011	40654905	hyper	0.4521422	MED14OS	40735689	80784	80784
1131	chrX	40835362	40835719	40835540	hyper	0.7217134	MED14	40735542	-99998	99998
1131	chrX	40835362	40835719	40835540	hyper	0.7217134	MED14OS	40735689	-99851	99851
1131	chrX	40835362	40835719	40835540	hyper	0.7217134	TNIP2P1	40833196	-2344	2344
1132	chrX	40836444	40836610	40836527	hyper	0.48427248	TNIP2P1	40833196	-3331	3331
1133	chrX	40836871	40837250	40837060	hyper	0.626998	TNIP2P1	40833196	-3864	3864
1134	chrX	64302903	64303059	64302981	hyper	0.6748608	AMER1	64205708	-97273	97273
1134	chrX	64302903	64303059	64302981	hyper	0.6748608	ASB12	64230607	-72374	72374
1134	chrX	64302903	64303059	64302981	hyper	0.6748608	MTMR8	64395452	92471	92471
1136	chrX	134019588	134019803	134019695	hypo	-0.58795863	GPC3	133985594	-34101	34101
1137	chrX	149572474	149572656	149572565	hyper	0.70492315	IDS	149505306	-67259	67259
1137	chrX	149572474	149572656	149572565	hyper	0.70492315	LINC00893	149539752	-32813	32813
1137	chrX	149572474	149572656	149572565	hyper	0.70492315	EOLA1	149540600	-31965	31965
1137	chrX	149572474	149572656	149572565	hyper	0.70492315	HSFX3	149549924	-22641	22641
1137	chrX	149572474	149572656	149572565	hyper	0.70492315	MAGEA9	149587452	14887	14887
1137	chrX	149572474	149572656	149572565	hyper	0.70492315	MAGEA9B	149587459	14894	14894
1137	chrX	149572474	149572656	149572565	hyper	0.70492315	HSFX2	149595310	22745	22745
1137	chrX	149572474	149572656	149572565	hyper	0.70492315	HSFX1	149595314	22749	22749
1137	chrX	149572474	149572656	149572565	hyper	0.70492315	TMEM185A	149631912	59347	59347
