chrom	start	end	n_cpgs	n_significant	mean_meth_diff	combined_pvalue	dmr_type	combined_qvalue	combined_qvalue_reject	gene_id	gene_name	feature_type	distance_to_tss	nearest_tss_gene	nearest_tss_distance	all_overlapping_genes	all_overlapping_features
chr1	4910592	4911254	9	6	0.4303392	2.830055809064344e-44	hyper	1.465564615408321e-43	true	""	""	intergenic	NaN	AJAP1	256315	""	""
chr1	6435144	6435628	17	17	0.53280735	3.113187001890147e-97	hyper	7.523535254567854e-96	true	NM_001367473	ESPN	intron	10611.0	MIR4252	-5490	ESPN	intron
chr1	6975963	6976052	7	5	0.41439176	1.6406406385309306e-30	hyper	4.35501862859469e-30	true	NM_001349612	CAMTA1	intron	190554.5	CAMTA1	190554	CAMTA1	intron
chr1	8908454	8908668	14	14	0.4140374	2.2594089477216464e-63	hyper	2.5695239013305e-62	true	""	""	intergenic	NaN	ENO1-AS1	29727	""	""
chr1	10161184	10161388	8	8	0.384903	6.681670199631969e-38	hyper	2.5749958244428852e-37	true	NM_006048	UBE4B	exon	128329.0	KIF1B	-49283	UBE4B	exon;intron
chr1	13733479	13733719	4	4	0.43986446	1.1925878289359812e-27	hyper	2.6914433493496854e-27	true	NM_001135610	PRDM2	intron	33412.0	PRDM2	-15815	PRDM2	intron
chr1	16796111	16796655	11	11	-0.5458046	3.285912552912392e-58	hypo	3.098909399494614e-57	true	""	""	intergenic	NaN	MST1L	-31903	""	""
chr1	17773696	17773934	5	4	-0.5075049	1.410891175485057e-26	hypo	3.0085179477254893e-26	true	NM_030812	ACTL8	intron	18483.0	ACTL8	18483	ACTL8	intron
chr1	18458653	18459063	9	9	0.44956568	5.547091050759443e-57	hyper	4.91192795334424e-56	true	""	""	intergenic	NaN	KLHDC7A	-22071	""	""
chr1	18588123	18588327	8	8	0.4392284	3.4801659399700887e-54	hyper	2.655916112082436e-53	true	""	""	intergenic	NaN	PAX7	-42620	""	""
chr1	18638903	18639282	6	6	-0.5339673	1.3173613322558653e-56	hypo	1.1489768010652661e-55	true	NM_002584	PAX7	intron	8247.5	PAX7	8247	PAX7	intron
chr1	18722631	18722701	4	4	-0.4520475	1.8414287109901303e-20	hypo	2.6667382081754696e-20	true	NM_001135254	PAX7	intron	91821.0	PAX7	91821	PAX7	intron
chr1	20711917	20712026	4	4	0.4860783	2.053496313972536e-20	hyper	2.9517419135169043e-20	true	NM_001122819	KIF17	intron	6035.5	KIF17	6036	KIF17	intron
chr1	25567776	25567884	7	7	0.5157389	8.979408765127802e-39	hyper	3.6676458336437505e-38	true	NM_015627	LDLRAP1	exon	24225.0	LDLRAP1	24225	LDLRAP1	exon
chr1	33667637	33668043	11	11	0.4221161	3.669146453835913e-56	hyper	3.1295660929776907e-55	true	NM_001281956	CSMD2	intron	497390.0	HMGB4	-192634	CSMD2	intron
chr1	33898974	33899177	8	8	0.4525255	1.7552014911261993e-40	hyper	7.953256756665591e-40	true	NM_001281956	CSMD2	intron	266154.5	CSMD2-AS1	30120	CSMD2	intron
chr1	34441412	34441986	19	19	0.5475764	2.7460452498974206e-134	hyper	1.5168630904195276e-132	true	""	""	intergenic	NaN	MIR552	227995	""	""
chr1	50417722	50418459	24	24	0.48832408	2.3534876951757154e-151	hyper	1.6059092508257822e-149	true	NM_032110	DMRTA2	exon	5352.5	DMRTA2	5353	DMRTA2	exon
chr1	55032913	55033126	4	4	-0.45110714	1.4256600629459066e-26	hypo	3.03443242755459e-26	true	""	""	intergenic	NaN	PCSK9	-6528	""	""
chr1	57832373	57832506	3	3	0.3615695	2.3664079988507954e-15	hyper	2.513766738705973e-15	true	NM_001353980	DAB1	intron	418063.5	DAB1-AS1	-28141	DAB1	intron
chr1	58211756	58211898	3	3	-0.42965314	1.2062712773676853e-19	hypo	1.6539889855159753e-19	true	NM_001379461	DAB1	intron	334899.0	DAB1	38676	DAB1	intron
chr1	59697517	59697677	5	5	0.4773077	6.0403718129711995e-24	hyper	1.0796350235819094e-23	true	NR_103473	FGGY	exon	400504.0	MIR4711	35699	FGGY	exon;intron;noncoding
chr1	60560855	60561023	3	3	0.35905853	3.573682734707301e-18	hyper	4.5504631967732925e-18	true	NR_146508	LINC01748	intron	61746.0	LINC01748	61746	LINC01748	intron;noncoding
chr1	61156398	61156774	5	5	-0.35923567	2.910873657335906e-28	hypo	6.739747390238824e-28	true	NM_001145511	NFIA	intron	79360.0	NFIA	74026	NFIA	intron
chr1	61957579	61957903	4	4	0.38879487	3.156023839996903e-25	hyper	6.1529204275569865e-25	true	NM_176877	PATJ	intron	215262.0	MIR12132	111667	PATJ	intron
chr1	62954920	62955011	3	3	0.33768412	4.126829888715542e-16	hyper	4.620774778870684e-16	true	""	""	intergenic	NaN	LINC01739	55960	""	""
chr1	66351981	66352374	4	4	0.47118655	2.3741643714886254e-32	hyper	7.153326417991702e-32	true	NM_001037341	PDE4B	intron	559668.5	PDE4B	-2357	PDE4B	intron
chr1	66355357	66355576	3	3	0.35563025	4.07916839076732e-16	hyper	4.571821578058058e-16	true	NM_001037341	PDE4B	exon	562957.5	PDE4B	932	PDE4B	exon;intron
chr1	72064145	72064526	3	2	-0.42639866	1.9326109980762025e-18	hypo	2.4936916104209065e-18	true	NM_173808	NEGR1	intron	218203.5	NEGR1	218204	NEGR1	intron
chr1	72140565	72140759	3	3	0.28897804	2.9998219138558315e-16	hyper	3.398235761789809e-16	true	NM_173808	NEGR1	intron	141877.0	NEGR1	141877	NEGR1	intron
chr1	74365747	74366073	4	4	-0.33253404	3.360827928147411e-23	hypo	5.733177053898526e-23	true	NM_015978	TNNI3K	intron	130524.0	TNNI3K	130524	FPGT-TNNI3K;TNNI3K	intron
chr1	76097982	76098296	3	3	0.35853246	1.0004745328832525e-22	hyper	1.6532057808327248e-22	true	NM_001160011	ST6GALNAC3	intron	23394.0	ST6GALNAC3	23394	ST6GALNAC3	intron;noncoding
chr1	76100941	76101919	9	6	0.34460098	5.858315327621984e-52	hyper	4.118573200025152e-51	true	NM_001349107	ST6GALNAC3	intron	26685.0	ST6GALNAC3	26685	ST6GALNAC3	intron;noncoding
chr1	76679905	76680237	8	8	0.3391608	3.4754365493266225e-38	hyper	1.3619954044658385e-37	true	""	""	intergenic	NaN	LINC02567	99196	""	""
chr1	76778974	76779391	5	5	-0.4060518	2.1228048374457826e-34	hypo	6.956083648127424e-34	true	NR_149059	LINC02567	promoter	84.5	LINC02567	85	LINC02567	exon;intron;noncoding;promoter
chr1	76869817	76870171	3	2	-0.3993136	1.9683259997519084e-14	hypo	1.9751368163600466e-14	true	NM_030965	ST6GALNAC5	intron	2515.0	ST6GALNAC5	2515	ST6GALNAC5	intron
chr1	78474750	78474873	3	3	0.41217646	6.258909386627959e-29	hyper	1.5188985122360738e-28	true	""	""	intergenic	NaN	PTGFR	-16162	""	""
chr1	81298316	81298574	3	2	0.33242616	1.7359116111824585e-15	hyper	1.867956835780753e-15	true	""	""	intergenic	NaN	ADGRL2	-7746	""	""
chr1	81308055	81308506	6	6	0.4442382	7.609255420421017e-46	hyper	4.2848234406254274e-45	true	NM_001366008	ADGRL2	intron	1886.5	ADGRL2	1886	ADGRL2	intron
chr1	81516178	81516341	3	3	0.31937987	4.939227467637142e-15	hyper	5.157069183131489e-15	true	NR_125943	LOC101927434	intron	41442.5	LOC101927434	41443	ADGRL2;LOC101927434	intron;noncoding
chr1	82426097	82426232	5	5	0.5295675	1.2152127593929344e-48	hyper	7.578746241375291e-48	true	""	""	intergenic	NaN	LINC01362	-477018	""	""
chr1	82843909	82844207	10	10	0.4055478	4.050005297093346e-58	hyper	3.758404915702625e-57	true	""	""	intergenic	NaN	LINC01362	-59124	""	""
chr1	84401121	84401299	3	3	-0.43986	4.855014122102138e-18	hypo	6.114892922517351e-18	true	NM_021233	DNASE2B	intron	2727.0	DNASE2B	2727	DNASE2B	intron
chr1	84428432	84428568	4	4	0.38447946	1.1281655850804016e-23	hyper	1.976846040322154e-23	true	""	""	intergenic	NaN	DNASE2B	20231	""	""
chr1	84719339	84720007	10	10	-0.39345682	3.3330331321730324e-50	hypo	2.222022088115355e-49	true	""	""	intergenic	NaN	SSX2IP	-29205	""	""
chr1	86806430	86806485	3	3	0.4176004	1.2711307532732836e-16	hyper	1.4789485193550742e-16	true	""	""	intergenic	NaN	SH3GLB1	101882	""	""
chr1	87284678	87285373	13	13	0.47191316	7.50495646309186e-94	hyper	1.7070097053306977e-92	true	""	""	intergenic	NaN	LMO4	-43854	""	""
chr1	94092971	94093107	3	3	0.38880387	1.1717093151266321e-14	hyper	1.199631778946949e-14	true	NM_000350	ABCA4	intron	28109.0	ABCA4	28109	ABCA4	intron
chr1	98387864	98388145	5	5	-0.41148004	4.300374044535798e-34	hypo	1.3973204178323603e-33	true	""	""	intergenic	NaN	LINC01776	177294	""	""
chr1	100423875	100424117	6	6	0.38221213	2.2045499692641927e-31	hyper	6.1919563301367155e-31	true	NM_001319212	CDC14A	intron	71530.0	CDC14A	71491	CDC14A	intron
chr1	104239179	104239520	4	3	-0.27822804	1.0680250573738757e-19	hypo	1.4679017376228623e-19	true	""	""	intergenic	NaN	LOC100129138	166327	""	""
chr1	145616727	145616885	5	5	0.41272506	5.047121172701462e-27	hyper	1.1067411267171449e-26	true	NM_001097612	GPR89A	intron	8819.0	GPR89A	8819	GPR89A	intron;noncoding
chr1	151542819	151543087	3	3	0.46552017	2.0201180010891043e-18	hyper	2.6008178482390247e-18	true	NM_020127	TUFT1	intron	2645.0	TUFT1	2645	TUFT1	intron
chr1	171143011	171143263	4	4	-0.64653355	2.234393445580091e-21	hypo	3.401438841040559e-21	true	NR_002601	FMO6P	intron	5398.0	FMO6P	5398	FMO6P	intron;noncoding
chr1	172029299	172029491	3	3	-0.39632142	1.18201720448316e-16	hypo	1.380805596375091e-16	true	NR_146559	DNM3	intron	187898.0	MIR3120	-109412	DNM3	intron;noncoding
chr1	174205061	174205227	3	3	-0.33293924	9.993266215394757e-18	hypo	1.2398062898243764e-17	true	NM_001366446	RABGAP1L	intron	45625.0	RABGAP1L	45625	RABGAP1L	intron;noncoding
chr1	175044643	175044864	11	11	0.41275832	1.658801819866288e-59	hyper	1.5772214024958149e-58	true	""	""	intergenic	NaN	MRPS14	-21298	""	""
chr1	176437096	176437211	4	4	0.49900275	4.647716777466385e-22	hyper	7.42610394195731e-22	true	""	""	intergenic	NaN	PAPPA2	-26021	""	""
chr1	177411460	177411548	3	3	-0.53723	8.982285725592034e-21	hypo	1.3273186549919439e-20	true	""	""	intergenic	NaN	LINC01645	59919	""	""
chr1	181248281	181248489	3	3	-0.30846468	2.417589190834565e-16	hypo	2.7602396273308027e-16	true	""	""	intergenic	NaN	LINC01699	11998	""	""
chr1	181491135	181491287	4	4	0.49308354	1.2978164895511462e-31	hyper	3.6898704114689454e-31	true	NM_001205293	CACNA1E	intron	7695.0	CACNA1E	7695	CACNA1E	intron
chr1	184027944	184028183	5	5	-0.3063813	1.6353110908718656e-30	hypo	4.3508276729618444e-30	true	NM_001303420	COLGALT2	intron	9664.5	COLGALT2	9665	COLGALT2	intron
chr1	185444842	185445028	6	6	0.37269685	2.1299819321487825e-28	hyper	4.981409357444733e-28	true	""	""	intergenic	NaN	GS1-279B7.1	-109896	""	""
chr1	193181793	193182026	3	3	0.3751366	2.051024020303711e-20	hyper	2.9517419135169043e-20	true	NM_024529	CDC73	intron	59879.5	B3GALT2	4704	B3GALT2;CDC73	intron
chr1	197606222	197606354	4	4	-0.40488476	5.788709192707197e-31	hypo	1.5837034583821575e-30	true	NM_001300858	DENND1B	intron	169192.0	DENND1B	169192	DENND1B	intron;noncoding
chr1	205082497	205082653	4	4	-0.614907	5.847038004423942e-20	hypo	8.171763957990087e-20	true	NM_203376	TMEM81	TTS	1885.0	TMEM81	1885	TMEM81	TTS
chr1	205449150	205449294	4	4	-0.4330021	2.0216406557580446e-19	hypo	2.74924168895584e-19	true	NR_029893	MIR135B	promoter	-824.0	MIR135B	-824	BLACAT1;MIR135B	intron;noncoding;promoter
chr1	206421659	206421779	5	5	-0.38961852	8.55788036116779e-38	hypo	3.2762842306780976e-37	true	NM_001170637	SRGAP2	intron	218179.0	IKBKE	-48756	SRGAP2	intron
chr1	207171702	207172022	7	7	0.512795	2.1654628479818668e-69	hyper	3.063337687388982e-68	true	""	""	intergenic	NaN	C4BPA	67630	""	""
chr1	212570498	212570602	3	3	0.28335798	4.339586843326649e-15	hyper	4.547353873765956e-15	true	NM_001030287	ATF3	intron	5217.0	ATF3	5217	ATF3	intron
chr1	213661350	213661650	8	8	0.44482034	2.7044242519306055e-45	hyper	1.4523759871479177e-44	true	""	""	intergenic	NaN	LINC00538	-263248	""	""
chr1	221788351	221788756	7	7	-0.40448666	3.5493150208189445e-39	hypo	1.5026297168430567e-38	true	""	""	intergenic	NaN	DUSP10	-46377	""	""
chr1	222892178	222892633	6	6	0.37921873	5.563169222907137e-44	hyper	2.8554319905187074e-43	true	NM_001350630	DISP1	intron	77367.5	DISP1	-36018	DISP1	intron
chr1	222970153	222970398	6	6	0.4265504	9.933227920690158e-32	hyper	2.866304574129498e-31	true	NM_001377229	DISP1	intron	155237.5	DISP1	41852	DISP1	intron
chr1	223091972	223092215	4	4	0.33052418	3.156037101648654e-20	hyper	4.475553836078776e-20	true	""	""	intergenic	NaN	TLR5	51155	""	""
chr1	227429757	227429951	8	8	0.4232778	2.7143795889900748e-42	hyper	1.322974925726255e-41	true	""	""	intergenic	NaN	CDC42BPA	-111362	""	""
chr1	229707378	229707752	4	4	0.4802783	6.131032374800039e-32	hyper	1.8005057100678595e-31	true	""	""	intergenic	NaN	URB2	81319	""	""
chr1	230636903	230637075	4	4	0.40661165	7.115490660110375e-22	hyper	1.1199415421611987e-21	true	""	""	intergenic	NaN	COG2	-5491	""	""
chr1	230637803	230638056	5	5	0.47753033	2.1348058213779764e-38	hyper	8.451790965182433e-38	true	""	""	intergenic	NaN	COG2	-4551	""	""
chr1	231987036	231987098	4	4	0.38312542	2.957811745913683e-22	hyper	4.7786373610861735e-22	true	NM_018662	DISC1	intron	360278.0	DISC1-IT1	61234	DISC1;TSNAX-DISC1	intron;noncoding
chr1	233885468	233885719	5	5	-0.45432004	3.198763687647205e-25	hypo	6.225781673944225e-25	true	""	""	intergenic	NaN	SLC35F3	-19082	""	""
chr1	237478772	237479021	3	3	0.37800264	7.534010885896645e-15	hyper	7.782237424434647e-15	true	NM_001035	RYR2	intron	436713.5	MIR4428	7778	RYR2	intron
chr1	239310781	239310841	3	3	0.3007022	2.5982469790483966e-16	hyper	2.9519750202704604e-16	true	""	""	intergenic	NaN	CHRM3	-75756	""	""
chr1	240686756	240686962	3	3	-0.34296045	5.784274692888708e-17	hypo	6.90304387217171e-17	true	""	""	intergenic	NaN	GREM2	-74704	""	""
chr1	242634920	242635194	6	6	0.3707693	2.0447404156663904e-42	hyper	1.005041899225853e-41	true	""	""	intergenic	NaN	PLD5	-110360	""	""
chr1	243508259	243508464	6	6	0.47469953	1.775910876601104e-32	hyper	5.406972747656904e-32	true	NM_181690	AKT3	intron	334920.5	MIR4677	162186	AKT3	intron
chr1	244118053	244118579	14	14	0.48377943	5.206369942094863e-88	hyper	1.0595419531280772e-86	true	""	""	intergenic	NaN	ZBTB18	65112	""	""
chr1	245645967	245646333	8	8	0.37054574	3.0826229731847558e-43	hyper	1.5683520389887354e-42	true	NM_018012	KIF26B	exon	491166.0	SMYD3	342401	KIF26B	exon;intron
chr10	484577	485159	34	34	0.55570656	7.870650439946565e-218	hyper	1.0144393900375573e-215	true	NM_014974	DIP2C	intron	204800.0	LOC101930421	-143695	DIP2C	intron
chr10	2529330	2529414	3	3	0.38018307	1.2172085824115282e-14	hyper	1.2440193441386545e-14	true	""	""	intergenic	NaN	LINC02645	-27910	""	""
chr10	3013372	3013887	7	7	0.51970327	8.255036992486125e-57	hyper	7.254426447942352e-56	true	""	""	intergenic	NaN	LOC101927824	53304	""	""
chr10	3822711	3823304	9	9	0.3723749	1.160070919613401e-59	hyper	1.112134104753343e-58	true	""	""	intergenic	NaN	LINC02639	-10942	""	""
chr10	4023566	4023707	4	4	0.36780602	2.945658198947924e-19	hyper	3.950246833271205e-19	true	""	""	intergenic	NaN	LOC101927964	-28089	""	""
chr10	8614891	8615410	8	8	0.47421876	3.1354620576385856e-54	hyper	2.4086993290468604e-53	true	""	""	intergenic	NaN	LOC105376398	-20759	""	""
chr10	8758071	8758283	4	4	-0.3202809	1.9526187356226413e-22	hypo	3.1812327715200336e-22	true	""	""	intergenic	NaN	LINC02676	-139811	""	""
chr10	9499228	9499470	4	4	0.40517017	5.0639668916920135e-24	hyper	9.121431047147105e-24	true	""	""	intergenic	NaN	LOC101928272	-203756	""	""
chr10	10198860	10199065	4	4	0.45504093	2.681260414927273e-31	hyper	7.512710341342117e-31	true	""	""	intergenic	NaN	LINC02670	140241	""	""
chr10	10870719	10870945	11	11	0.36331302	1.6712744591062037e-65	hyper	2.0624238005991453e-64	true	NM_001326317	CELF2	intron	408283.0	CELF2	72108	CELF2	intron
chr10	11003775	11003965	3	3	0.3099533	1.9424470043356607e-18	hyper	2.5035983611437404e-18	true	NM_001025077	CELF2	promoter	-1441.0	CELF2	-777	CELF2	intron;promoter
chr10	11011203	11011354	3	3	0.3670489	3.431779177563715e-17	hyper	4.146733172889489e-17	true	NM_001326327	CELF2	intron	212554.5	CELF2	5620	CELF2	intron
chr10	11708046	11708303	11	11	0.47496995	1.972143622529476e-54	hyper	1.5251244014227947e-53	true	""	""	intergenic	NaN	ECHDC3	-34207	""	""
chr10	13085230	13085525	6	6	0.4240494	5.939210986252915e-34	hyper	1.9137457622370504e-33	true	NM_001282658	CCDC3	intron	14611.5	CCDC3	14612	CCDC3	intron
chr10	13865907	13866007	3	3	0.41286758	6.180893744219234e-16	hyper	6.854528435271808e-16	true	NM_001318337	FRMD4A	intron	105939.0	FRMD4A	105939	FRMD4A	intron
chr10	13889405	13889593	3	3	0.38543525	5.901702232786723e-18	hyper	7.393061112346219e-18	true	NM_001318336	FRMD4A	intron	119051.0	FRMD4A	82397	FRMD4A	intron
chr10	14007966	14008720	22	22	0.5268803	7.754580859363627e-125	hyper	3.3315977025414104e-123	true	NM_001318336	FRMD4A	promoter	207.0	FRMD4A	207	FRMD4A	exon;intron;promoter
chr10	15868097	15868266	5	5	0.5558148	1.6343037710994382e-62	hyper	1.7392590591516957e-61	true	""	""	intergenic	NaN	MINDY3	-7648	""	""
chr10	21164729	21164869	3	3	0.4454868	7.287118983755649e-18	hyper	9.094042523193137e-18	true	NM_001173484	NEBL	intron	9292.0	NEBL	8180	NEBL	intron
chr10	21499016	21499501	13	12	0.3535549	6.331157486456477e-64	hyper	7.344142684289514e-63	true	NR_160800	MIR1915HG	promoter	-1998.5	MIR1915HG	-1998	MIR1915HG	promoter
chr10	21507687	21507940	7	7	0.37180567	9.582791236217402e-35	hyper	3.2220399518875903e-34	true	""	""	intergenic	NaN	MIR1915HG	-10553	""	""
chr10	24770500	24770741	3	3	0.44128075	4.771544881956719e-19	hyper	6.325705214936907e-19	true	""	""	intergenic	NaN	ARHGAP21	-46733	""	""
chr10	26154748	26154805	3	3	0.28845817	2.584764822239705e-17	hyper	3.1461985244470704e-17	true	NM_017433	MYO3A	exon	220548.5	GAD2	-61530	MYO3A	exon
chr10	29878273	29878349	3	3	0.4712514	1.9178606643482735e-16	hyper	2.2026914560831656e-16	true	""	""	intergenic	NaN	SVIL	-141375	""	""
chr10	33145910	33145997	3	3	0.407571	7.37866503772201e-18	hyper	9.183746184289197e-18	true	""	""	intergenic	NaN	IATPR	-29146	""	""
chr10	34169637	34169790	4	4	0.35555553	2.822332515425348e-22	hyper	4.566116761357607e-22	true	NM_001184789	PARD3	intron	645582.5	LINC00838	-397033	PARD3	intron
chr10	36002800	36003072	8	8	0.43283516	1.2328266790614837e-38	hyper	4.982853476346067e-38	true	""	""	intergenic	NaN	PCAT5	224635	""	""
chr10	46052453	46052665	4	4	-0.41868287	9.661872935014692e-26	hypo	1.9525736244977426e-25	true	""	""	intergenic	NaN	MSMB	-6290	""	""
chr10	49082429	49082607	4	4	0.37982523	6.161650688699253e-23	hyper	1.0284193955239041e-22	true	NM_001031746	VSTM4	intron	33004.0	VSTM4	33004	VSTM4	intron
chr10	49278919	49279140	4	4	-0.5579829	1.2230375005679629e-36	hypo	4.392332819377205e-36	true	""	""	intergenic	NaN	C10orf71-AS1	19864	""	""
chr10	50850385	50850747	4	4	-0.412553	2.8073128398693785e-20	hypo	4.0005932361774927e-20	true	NM_001198819	A1CF	exon	35109.0	A1CF	35061	A1CF	exon;intron
chr10	52956907	52956980	3	3	-0.2923903	7.513824284606207e-16	hypo	8.30890006686673e-16	true	""	""	intergenic	NaN	MBL2	-184159	""	""
chr10	58137378	58137470	3	3	-0.35240874	1.175874251248436e-16	hypo	1.3750142454114774e-16	true	""	""	intergenic	NaN	IPMK	130470	""	""
chr10	67609378	67609487	3	3	0.43410185	3.742833977955934e-15	hyper	3.936253322238335e-15	true	NM_001127384	CTNNA3	intron	56252.5	CTNNA3	56228	CTNNA3	intron
chr10	67987275	67987486	3	3	-0.45960125	1.7753176926181976e-17	hypo	2.1769223292147033e-17	true	NM_015601	HERC4	intron	87902.5	POU5F1P5	23503	HERC4	intron
chr10	73442329	73442415	3	3	-0.35366288	1.2741263937772516e-18	hypo	1.6550801979637312e-18	true	NM_001142353	PPP3CB	intron	53652.0	MSS51	-8811	PPP3CB	intron
chr10	82020993	82021279	5	5	0.4104467	1.4603296103871618e-29	hyper	3.6587091750520683e-29	true	NM_001370081	NRG3	intron	145943.0	NRG3	143450	NRG3	intron;noncoding
chr10	82981505	82981676	4	4	0.40490884	8.536384734208773e-19	hyper	1.1176305069618709e-18	true	NM_001165972	NRG3	intron	1106277.5	LINC02650	695499	NRG3	intron;noncoding
chr10	88500100	88500156	3	3	-0.6114609	5.53345936290141e-21	hypo	8.303768254806773e-21	true	NM_001031709	RNLS	intron	83190.0	RNLS	83190	RNLS	intron
chr10	88789616	88789883	5	5	0.32283217	4.150083576073461e-26	hyper	8.550793868996829e-26	true	""	""	intergenic	NaN	LIPM	-12980	""	""
chr10	89091268	89091622	3	3	0.4907004	6.192574850292088e-34	hyper	1.9898578466312527e-33	true	""	""	intergenic	NaN	MIR4679-2	-28034	""	""
chr10	91124673	91124861	3	3	0.4048964	4.9637106551892e-17	hyper	5.935983876308733e-17	true	""	""	intergenic	NaN	NUDT9P1	28313	""	""
chr10	91435432	91435751	4	4	0.33337373	3.3039427501195043e-22	hyper	5.323018875192535e-22	true	NM_001284274	HECTD2	intron	25248.5	HECTD2	25248	HECTD2;HECTD2-AS1	intron;noncoding
chr10	94251865	94252352	5	5	0.39561948	1.4480209347102216e-28	hyper	3.4349780864291556e-28	true	NM_001288989	PLCE1	exon	258178.5	PLCE1-AS1	34962	PLCE1	exon;intron
chr10	96632871	96633100	3	3	0.5219193	1.6134595082551378e-28	hyper	3.8196184277060405e-28	true	NM_152309	PIK3AP1	intron	87528.5	TM9SF3	-45973	PIK3AP1	intron
chr10	99464071	99464136	3	3	0.37283805	4.047505820368662e-18	hyper	5.142504656766318e-18	true	""	""	intergenic	NaN	GOT1	-33479	""	""
chr10	99994396	99994560	5	5	0.38085467	2.1735152035494275e-25	hyper	4.295191884356619e-25	true	NM_015221	DNMBP	intron	15469.0	DNMBP	15469	DNMBP	intron
chr10	100816741	100817200	6	3	-0.46341768	5.3755099377363254e-27	hypo	1.1721036706342364e-26	true	NM_003987	PAX2	intron	71389.5	PAX2	71389	PAX2	intron
chr10	101632229	101632458	3	3	-0.3464986	8.391788507636656e-15	hypo	8.66056465200936e-15	true	NR_136613	FBXW4	intron	62826.5	MIR3158-2	-30846	FBXW4	intron;noncoding
chr10	104515005	104515169	4	4	-0.51012504	9.647784211066477e-41	hypo	4.441043525729014e-40	true	""	""	intergenic	NaN	LINC02620	-34812	""	""
chr10	109001228	109001319	4	4	-0.3621357	5.086291986268293e-20	hypo	7.134339424511753e-20	true	""	""	intergenic	NaN	XPNPEP1	921973	""	""
chr10	113303630	113303894	5	5	0.36623698	4.9113498000506035e-31	hyper	1.3532460256671498e-30	true	""	""	intergenic	NaN	TCF7L2	174492	""	""
chr10	117132566	117132678	8	8	0.35719362	1.5564367029258252e-37	hyper	5.861904465564797e-37	true	NM_001112704	VAX1	TTS	5648.0	VAX1	5648	VAX1	TTS;intron
chr10	120095828	120095886	3	3	0.47556344	1.240963317616326e-16	hyper	1.445298643006966e-16	true	""	""	intergenic	NaN	MIR4682	137345	""	""
chr10	120516493	120516603	3	3	-0.36704955	2.6822927285587917e-15	hypo	2.8415155845919618e-15	true	NR_134516	PLPP4	intron	59595.0	PLPP4	59322	PLPP4	intron;noncoding
chr10	123408772	123408860	3	3	0.6410256	6.495617336915707e-17	hyper	7.720200933219488e-17	true	""	""	intergenic	NaN	BUB3	254415	""	""
chr10	123483126	123483355	3	3	-0.4542893	6.418966428821603e-17	hypo	7.636924161469805e-17	true	""	""	intergenic	NaN	GPR26	-183114	""	""
chr10	124319032	124319130	3	3	0.39211634	1.021242130958447e-16	hyper	1.1978168573425668e-16	true	""	""	intergenic	NaN	OAT	99842	""	""
chr10	125554142	125554379	6	3	0.3668107	2.6570405254085354e-28	hyper	6.176687393735273e-28	true	""	""	intergenic	NaN	TEX36-AS1	-20110	""	""
chr10	127402729	127403136	10	10	0.45874554	5.089641495377294e-62	hyper	5.318904625799695e-61	true	NM_001377543	DOCK1	exon	497505.5	NPS	-146376	DOCK1	exon;intron
chr10	128453623	128453901	8	8	0.3638962	4.4040319833897405e-38	hyper	1.714321174742315e-37	true	""	""	intergenic	NaN	LINC01163	167813	""	""
chr10	130461308	130461553	6	6	0.5125902	4.20949118906944e-39	hyper	1.7628194149171662e-38	true	""	""	intergenic	NaN	GLRX3	325022	""	""
chr10	131350595	131350979	13	13	0.52086425	3.303158214892198e-98	hyper	8.32970332451076e-97	true	""	""	intergenic	NaN	TCERG1L	-39066	""	""
chr10	131380210	131380485	7	7	-0.47264868	2.1301547058548165e-50	hypo	1.428311825891091e-49	true	""	""	intergenic	NaN	TCERG1L	-68626	""	""
chr10	131676186	131676364	9	9	0.47864363	2.8144019118476275e-43	hyper	1.4381965716930607e-42	true	""	""	intergenic	NaN	LINC01164	113924	""	""
chr10	132330033	132330190	5	5	0.45793715	7.236831118685985e-26	hyper	1.4727586136273233e-25	true	NM_001318883	STK32C	TTS	1768.5	STK32C	1769	STK32C	TTS;intron
chr11	3532686	3532993	5	5	0.6439687	6.45393040452499e-40	hyper	2.835817905018556e-39	true	NR_126335	LOC101927708	intron	39147.5	LOC101927708	39148	LOC101927708	intron;noncoding
chr11	3576208	3576489	9	9	0.5702323	2.438424227087458e-83	hyper	4.159664857972723e-82	true	""	""	intergenic	NaN	LOC101927708	-4361	""	""
chr11	4881925	4882133	3	3	0.3467956	2.295958111303238e-16	hyper	2.626539851195026e-16	true	NM_001004759	OR51T1	exon	330.0	OR51T1	330	MMP26;OR51T1	exon;intron
chr11	11733425	11733584	6	6	0.43152925	5.999520137875129e-35	hyper	2.023093999981148e-34	true	""	""	intergenic	NaN	MIR8070	49718	""	""
chr11	12441445	12441648	5	5	-0.5987153	2.6193795344261935e-25	hypo	5.158710118734099e-25	true	NM_018222	PARVA	intron	63976.5	PARVA	63976	PARVA	intron
chr11	13983574	13983678	3	3	0.39634076	2.6924649218262823e-18	hyper	3.4549328642903623e-18	true	NM_006108	SPON1	intron	20904.0	SPON1	20904	SPON1	intron
chr11	19649350	19649878	4	4	0.32730424	6.7601465836583194e-21	hyper	1.0079395934503408e-20	true	NM_001111018	NAV2	intron	304379.0	NAV2	-63222	NAV2	intron
chr11	22008849	22009209	5	5	0.35748798	1.7082041728246178e-26	hyper	3.609320292307025e-26	true	""	""	intergenic	NaN	ANO5	-184055	""	""
chr11	27460272	27460699	3	3	0.46480098	1.5083368163131792e-23	hyper	2.6310837698094554e-23	true	NM_018490	LGR4	intron	12304.5	LGR4-AS1	-11245	LGR4	intron
chr11	27468698	27469881	17	14	0.40138724	2.851236666179864e-84	hyper	5.2498960837597495e-83	true	NR_131170	LGR4-AS1	promoter	-2440.5	LGR4-AS1	-2441	LGR4;LGR4-AS1	intron;promoter
chr11	30789326	30789545	3	3	0.5171843	6.168624135839396e-19	hyper	8.140618882336404e-19	true	""	""	intergenic	NaN	MPPED2	-203082	""	""
chr11	31820798	31821567	10	9	0.4374562	1.2156001119284726e-54	hyper	9.513496749838303e-54	true	NR_033971	PAX6-AS1	intron	4617.5	PAX6	-3221	PAX6-AS1	intron;noncoding
chr11	35205868	35206069	4	4	0.36506742	4.811192777260035e-19	hyper	6.370985869431097e-19	true	NM_001001390	CD44	intron	66798.5	SNORD164	43019	CD44	intron
chr11	40999124	40999368	4	4	0.41321063	7.188488669543563e-27	hyper	1.5557176971400247e-26	true	NM_001258419	LRRC4C	intron	460406.0	LRRC4C	460390	LRRC4C	intron
chr11	44147954	44148008	3	3	0.48387095	1.9370439158249193e-24	hyper	3.577979207574692e-24	true	NM_000401	EXT2	intron	51785.0	EXT2	51785	EXT2	intron
chr11	46952331	46952503	4	4	-0.35636705	3.614395576227907e-28	hypo	8.318846961159468e-28	true	NM_001003677	C11orf49	intron	15657.0	C11orf49	15657	C11orf49	intron;noncoding
chr11	49174588	49174881	3	3	0.36449242	5.447711170605555e-18	hyper	6.839117919807839e-18	true	NM_004476	FOLH1	intron	33867.5	FOLH1	33868	FOLH1	intron
chr11	49194679	49194807	3	3	0.39224276	1.4377806367563764e-24	hyper	2.6770875419540877e-24	true	NM_001014986	FOLH1	intron	13859.0	FOLH1	13859	FOLH1	intron
chr11	49200548	49200699	3	3	0.32418448	1.4266741314918798e-19	hyper	1.9492838545707664e-19	true	NM_001193471	FOLH1	intron	7978.5	FOLH1	7979	FOLH1	intron
chr11	49210106	49210535	4	4	0.3240512	1.3868598667613109e-21	hyper	2.1364640709735996e-21	true	NM_001193471	FOLH1	promoter	-1718.5	FOLH1	-1718	FOLH1	promoter
chr11	49225308	49225735	7	7	-0.34001485	1.933505426654252e-47	hypo	1.1501878435481702e-46	true	""	""	intergenic	NaN	FOLH1	-16919	""	""
chr11	49264153	49264317	3	3	0.27331293	1.713293546242563e-14	hyper	1.7312025380151334e-14	true	""	""	intergenic	NaN	FOLH1	-55633	""	""
chr11	57223518	57223783	3	3	0.36026025	3.283685256845776e-18	hyper	4.1904014278779986e-18	true	""	""	intergenic	NaN	APLNR	13600	""	""
chr11	61603371	61603521	12	12	-0.50786275	1.2552666728917497e-61	hypo	1.2885923367738316e-60	true	NR_110189	LOC101927495	intron	14953.0	RPLP0P2	-11589	LOC101927495	intron;noncoding
chr11	70364909	70364983	3	3	0.36288035	1.8201785460623217e-15	hyper	1.953198069780105e-15	true	NM_003626	PPFIA1	intron	94257.0	CTTN	-33559	PPFIA1	intron;noncoding
chr11	70634223	70634324	3	3	0.45516	4.2133294163828307e-17	hyper	5.0647275886052684e-17	true	NR_046567	SHANK2-AS1	exon	3180.5	SHANK2-AS1	3180	SHANK2;SHANK2-AS1	exon;intron;noncoding
chr11	70885838	70886413	23	23	0.54333854	5.639604215950385e-155	hyper	4.672814921787462e-153	true	NM_012309	SHANK2	intron	366451.5	MIR3664	-13757	SHANK2	intron
chr11	71689277	71689368	6	6	0.4498954	3.9594462495470875e-39	hyper	1.6701664179907715e-38	true	""	""	intergenic	NaN	KRTAP5-11	-106447	""	""
chr11	75850921	75851131	3	3	-0.46909332	2.7437253955542932e-18	hypo	3.516819291539205e-18	true	NM_003369	UVRAG	intron	35817.0	UVRAG	35817	UVRAG	intron
chr11	83665715	83665949	5	5	0.37328547	5.304848697522585e-30	hyper	1.3674721086947108e-29	true	NM_001142700	DLG2	intron	607448.0	DLG2	16456	DLG2	intron;noncoding
chr11	83896214	83896586	6	6	0.33541453	7.150556889736201e-36	hyper	2.4908846823105086e-35	true	NM_001142699	DLG2	intron	1730944.0	DLG2	-171475	DLG2	intron;noncoding
chr11	86713768	86713901	5	5	-0.41084003	1.6965489323840124e-34	hypo	5.575061647494205e-34	true	""	""	intergenic	NaN	ME3	-41198	""	""
chr11	92524647	92524834	4	4	0.40866467	2.5784039679479137e-25	hyper	5.0866472837067685e-25	true	NM_001367949	FAT3	exon	299923.5	FAT3	299923	FAT3	exon
chr11	94500463	94500667	3	3	-0.35334453	2.035451219072219e-21	hypo	3.114938541060388e-21	true	NM_017704	ANKRD49	TTS	6582.0	ANKRD49	6582	ANKRD49	TTS
chr11	97038781	97039072	4	4	-0.37023902	4.093736386545466e-22	hypo	6.5680971070439e-22	true	""	""	intergenic	NaN	LINC02737	530502	""	""
chr11	100221322	100221797	8	8	-0.52953625	6.042295570417467e-39	hypo	2.5032367363158076e-38	true	NM_001243270	CNTN5	intron	1200611.5	ARHGAP42	-465728	CNTN5	intron
chr11	102840470	102840577	3	3	0.3821698	7.290913402215188e-18	hyper	9.094042523193137e-18	true	NM_002422	MMP3	exon	3085.5	MMP3	3086	MMP3	exon
chr11	104120497	104120614	3	3	0.319821	5.943685762023612e-17	hyper	7.085997414128869e-17	true	NM_025208	PDGFD	intron	43591.5	PDGFD	43592	PDGFD	intron
chr11	105153566	105153923	14	14	0.41081557	8.383191430943028e-68	hyper	1.1307560534760364e-66	true	""	""	intergenic	NaN	CARD18	-13975	""	""
chr11	107605930	107606067	3	3	0.42082134	7.450510573281516e-21	hyper	1.1037793441898541e-20	true	NM_001130037	ELMOD1	intron	14908.5	ELMOD1	14852	ELMOD1	intron
chr11	107647507	107647632	3	3	0.34560022	1.1528547441206407e-15	hyper	1.2545136052344683e-15	true	NM_001130037	ELMOD1	exon	56479.5	ELMOD1	56423	ELMOD1	exon;intron
chr11	107678524	107678603	4	4	0.35376218	6.783726046245057e-21	hyper	1.0101568952046554e-20	true	""	""	intergenic	NaN	SLN	33493	""	""
chr11	112294972	112295375	5	5	-0.39754605	1.3595385480817125e-29	hypo	3.4284015560321445e-29	true	NR_126004	LINC02762	intron	24425.5	LINC02762	24425	LINC02762	intron;noncoding
chr11	112525396	112525592	4	4	0.36371595	6.920883340164214e-19	hyper	9.112627326436422e-19	true	NR_120559	LINC02763	intron	43263.0	LINC02764	30308	LINC02763	intron;noncoding
chr11	113062379	113062466	5	5	0.37658602	1.7672692145377856e-30	hyper	4.669777423380026e-30	true	NM_000615	NCAM1	intron	101003.5	LOC101928847	-98962	NCAM1	intron
chr11	118471947	118472217	6	6	-0.4153793	2.0159805452754415e-29	hypo	5.007745274986882e-29	true	NM_001197104	KMT2A	exon	35591.0	KMT2A	35591	KMT2A	exon
chr11	123257580	123257800	4	4	0.3220063	4.838799926491975e-23	hyper	8.134794079319842e-23	true	""	""	intergenic	NaN	CLMP	-62442	""	""
chr11	125980566	125980731	6	6	0.37452713	1.4732965341391162e-34	hyper	4.896916846995343e-34	true	NM_001243597	CDON	intron	82643.5	VSIG10L2	34593	CDON	intron
chr11	126101048	126101339	10	10	0.527908	1.2162499393614301e-51	hyper	8.499095961802764e-51	true	""	""	intergenic	NaN	CDON	-37901	""	""
chr11	126997243	126997366	3	3	0.34644803	7.065213974608748e-17	hyper	8.38000839524146e-17	true	NM_001301097	KIRREL3	intron	3565.5	KIRREL3	3466	KIRREL3	intron
chr11	130415016	130415073	3	3	0.33734798	5.400052644365917e-15	hyper	5.62303506953722e-15	true	NM_007037	ADAMTS8	intron	13564.5	ADAMTS8	13565	ADAMTS8	intron
chr11	132590542	132590831	8	8	0.47598982	2.582663738882803e-71	hyper	3.7448624213800645e-70	true	NM_001319106	OPCML	intron	352950.5	NTM-IT	306385	OPCML	intron
chr12	1232461	1232534	3	3	-0.21986097	1.9503417536232595e-14	hypo	1.959022029449768e-14	true	NM_001301248	ERC1	intron	204750.5	ERC1	204750	ERC1	intron;noncoding
chr12	3990755	3990991	12	12	0.52331406	1.581828928759465e-60	hyper	1.5683090233854526e-59	true	""	""	intergenic	NaN	PARP11	-117425	""	""
chr12	5577502	5577559	3	3	-0.39812756	8.094015948827944e-16	hypo	8.924960551939558e-16	true	NM_001278596	ANO2	intron	367728.5	NTF3	83399	ANO2	intron
chr12	5706185	5706287	3	3	0.3758665	3.0664823569541233e-15	hyper	3.242588454026238e-15	true	NM_001278597	ANO2	intron	239996.0	NTF3	212105	ANO2	intron
chr12	5719790	5719848	3	3	0.43626764	2.9755939048551574e-22	hyper	4.80068001339636e-22	true	NM_001364791	ANO2	intron	225440.0	ANO2	225440	ANO2	intron
chr12	12701576	12701802	3	3	-0.3628534	5.105307989367836e-15	hypo	5.3256809961031376e-15	true	""	""	intergenic	NaN	GPR19	-5506	""	""
chr12	15329094	15329360	5	5	0.31584752	8.093216570138724e-27	hyper	1.7450058032269368e-26	true	NM_030667	PTPRO	intron	6720.0	PTPRO	6720	PTPRO	intron
chr12	20350459	20350685	7	7	0.2970452	1.0470190701260789e-32	hyper	3.213074395095904e-32	true	""	""	intergenic	NaN	PDE3A	-17964	""	""
chr12	20374812	20374987	3	3	0.3259544	1.8315347016244033e-18	hyper	2.3659022871762892e-18	true	NM_000921	PDE3A	intron	6363.5	PDE3A	6363	PDE3A	intron
chr12	22117378	22117701	3	3	-0.34057403	1.267226126621252e-22	hypo	2.0791828951635817e-22	true	""	""	intergenic	NaN	CMAS	71322	""	""
chr12	24287453	24287544	4	4	0.45967954	6.620928097415323e-22	hyper	1.0477867111871452e-21	true	NM_001261414	SOX5	intron	274992.5	SOX5-AS1	64228	SOX5	intron
chr12	24532373	24532558	3	3	0.38290128	9.554653022355404e-20	hyper	1.317883175497297e-19	true	NM_152989	SOX5	intron	30025.5	SOX5	30026	SOX5	intron
chr12	25828204	25828410	4	4	0.44031036	3.4285020927613237e-20	hyper	4.844168608530006e-20	true	""	""	intergenic	NaN	MIR4302	45772	""	""
chr12	29719274	29719571	3	3	0.44886768	3.6061037989930076e-25	hyper	6.971800678053148e-25	true	NM_001367875	TMTC1	intron	64519.5	TMTC1	64520	TMTC1	intron
chr12	30864169	30864301	3	3	0.38439393	3.329737953658917e-15	hyper	3.5145550739256994e-15	true	""	""	intergenic	NaN	TSPAN11	-62512	""	""
chr12	32994352	32994596	3	3	0.54095906	9.763602311319812e-25	hyper	1.85061743155735e-24	true	""	""	intergenic	NaN	PKP2	-97697	""	""
chr12	33767479	33767575	3	3	0.39687327	1.0952590366275995e-23	hyper	1.9220884757761203e-23	true	""	""	intergenic	NaN	ALG10	-254968	""	""
chr12	42471571	42471733	3	3	0.34057844	1.8303152836805304e-18	hyper	2.3659022871762892e-18	true	NM_001144882	PRICKLE1	intron	12358.0	PRICKLE1	11963	PRICKLE1	intron
chr12	42886219	42886429	3	3	-0.3770269	1.6974445861480863e-14	hypo	1.7181812564849738e-14	true	""	""	intergenic	NaN	LINC02450	194109	""	""
chr12	43289503	43289603	4	4	-0.40244007	4.146438897864743e-22	hypo	6.643465637462848e-22	true	""	""	intergenic	NaN	LINC02461	134239	""	""
chr12	43674728	43674902	5	5	0.4836773	5.108031725331859e-32	hyper	1.5077141988256887e-31	true	""	""	intergenic	NaN	PUS7L	83975	""	""
chr12	48444449	48444642	3	3	0.37321863	8.062502872188586e-20	hyper	1.1173839106020024e-19	true	""	""	intergenic	NaN	ANP32D	-28013	""	""
chr12	53413582	53414101	3	3	-0.49041757	3.611285543021982e-29	hypo	8.819139431379999e-29	true	NM_138473	SP1	exon	33666.5	AMHR2	-10013	SP1	exon
chr12	54530472	54530721	3	3	-0.4508442	1.6788533381478355e-15	hypo	1.8099162381519418e-15	true	NM_005337	NCKAP1L	intron	32845.5	PDE1B	-18796	NCKAP1L	intron
chr12	60993246	60993373	4	4	-0.49399942	8.881635161919555e-20	hypo	1.2294387574972177e-19	true	""	""	intergenic	NaN	TAFA2	1199530	""	""
chr12	63162897	63163210	3	3	0.5077408	1.673908421830342e-16	hyper	1.937858053216763e-16	true	""	""	intergenic	NaN	AVPR1A	-11852	""	""
chr12	75041417	75041781	4	4	0.37382165	1.772827514093141e-22	hyper	2.892376816241974e-22	true	NM_001260499	KCNC2	exon	168240.0	KCNC2	168149	KCNC2	exon;intron
chr12	75116712	75116987	4	4	-0.44687843	7.359217999125197e-32	hypo	2.139522024808328e-31	true	NM_001260498	KCNC2	intron	92989.5	KCNC2	92899	KCNC2	intron
chr12	76421291	76421513	3	3	-0.26021022	1.45088710771598e-16	hypo	1.6864018486478326e-16	true	NM_001319655	OSBPL8	intron	1883.0	OSBPL8	1883	OSBPL8	intron
chr12	76422429	76423338	9	9	-0.4638372	7.524772966698114e-46	hypo	4.2579203128633235e-45	true	NM_001319655	OSBPL8	promoter	401.5	OSBPL8	402	OSBPL8	exon;intron;promoter
chr12	76692248	76692719	21	21	0.4912094	2.613310148869139e-117	hyper	9.473249289650628e-116	true	""	""	intergenic	NaN	ZDHHC17	-71631	""	""
chr12	78951803	78951934	5	5	-0.3737223	6.81060743723164e-27	hypo	1.4766924536801313e-26	true	NM_001135805	SYT1	intron	87887.5	SYT1	87095	SYT1	intron
chr12	81392501	81392771	3	3	0.5340982	1.182940537446431e-31	hyper	3.3798301069898034e-31	true	NM_003625	PPFIA2	intron	366714.0	PPFIA2	-23222	PPFIA2	intron
chr12	82874001	82874169	3	3	-0.3695191	1.156719735654341e-21	hypo	1.7890598578120475e-21	true	NM_001320321	TMTC2	intron	187180.0	TMTC2	186931	TMTC2	intron
chr12	90087603	90087710	3	3	0.2883562	1.2800844967546888e-15	hyper	1.3916569974090339e-15	true	""	""	intergenic	NaN	LINC02399	139964	""	""
chr12	93972694	93973103	6	6	-0.47938022	2.7840358266124636e-30	hypo	7.273607114573103e-30	true	""	""	intergenic	NaN	LOC105369911	-29292	""	""
chr12	95156360	95156589	8	8	0.35737616	4.149845966261008e-37	hyper	1.533064114924449e-36	true	NM_018351	FGD6	intron	60992.5	FGD6	60993	FGD6	intron
chr12	97457676	97457757	3	3	0.3186195	8.207910767995382e-17	hyper	9.695699074210432e-17	true	""	""	intergenic	NaN	RMST	-5059	""	""
chr12	104599359	104599598	11	11	0.3636938	1.7010902770260257e-52	hyper	1.2180646428087591e-51	true	NM_018413	CHST11	intron	142531.5	MIR3922	7846	CHST11	intron
chr12	105622434	105622680	3	3	-0.5699699	3.639388446759178e-17	hypo	4.3930183124252305e-17	true	""	""	intergenic	NaN	CASC18	-81645	""	""
chr12	105736107	105736292	6	6	0.3745922	3.8497159418278804e-34	hyper	1.2544018237416689e-33	true	NR_110111	CASC18	intron	29426.5	CASC18	29426	CASC18	intron;noncoding
chr12	106006547	106006647	3	3	0.3479251	1.7131787220982118e-14	hyper	1.7312025380151334e-14	true	""	""	intergenic	NaN	NUAK1	133436	""	""
chr12	108804389	108804804	8	5	0.4731702	1.246542551258724e-35	hyper	4.2780750279885195e-35	true	NM_001161330	SSH1	intron	52986.5	SSH1	22955	SSH1	intron
chr12	108972214	108972445	5	5	0.44894424	2.870626218105192e-32	hyper	8.626752365290214e-32	true	NM_018711	SVOP	exon	48738.5	SVOP	48739	SVOP	exon;intron
chr12	109444141	109444459	4	4	0.37702113	2.0698938657050886e-23	hyper	3.589053638591783e-23	true	NM_001101421	MYO1H	exon	55582.0	KCTD10	33000	MYO1H	exon;intron
chr12	112602694	112602784	4	4	-0.44731626	1.1928668894491671e-21	hypo	1.842510774648514e-21	true	NM_001347952	RPH3A	intron	27504.0	RPH3A	27504	RPH3A	intron
chr12	115163617	115164186	11	8	-0.4131277	5.630458068326376e-56	hypo	4.732848811056953e-55	true	""	""	intergenic	NaN	TBX3	-479726	""	""
chr12	115994737	115994825	3	3	-0.35473147	1.0970805038547745e-15	hypo	1.1960652109694911e-15	true	NM_015335	MED13L	intron	282912.0	MIR620	153873	MED13L	intron
chr12	118690340	118690959	5	3	0.3389117	2.3250780297148453e-26	hyper	4.868394430449856e-26	true	""	""	intergenic	NaN	LINC02423	71030	""	""
chr12	118881327	118881574	4	4	0.36832136	2.069177337659707e-27	hyper	4.606997527226987e-27	true	""	""	intergenic	NaN	LINC02439	-47914	""	""
chr12	119147495	119147555	3	3	0.31991613	8.95839960847711e-16	hyper	9.840666236584705e-16	true	NM_194286	SRRM4	intron	165985.0	LOC105370024	28959	SRRM4	intron
chr12	123072002	123072228	4	4	-0.44757426	2.2336559993853864e-21	hypo	3.401438841040559e-21	true	NM_001384662	PITPNM2	intron	33401.0	PITPNM2-AS1	-9268	PITPNM2	intron
chr12	123945201	123945440	8	8	0.4532626	4.4265530163593853e-38	hyper	1.7173249160457817e-37	true	NM_025140	CCDC92	intron	27510.5	CCDC92	26739	CCDC92	intron
chr12	125499453	125499863	9	9	0.44170576	1.4439132639545761e-62	hyper	1.565363912324587e-61	true	NM_001366854	TMEM132B	intron	313273.0	TMEM132B	-122793	TMEM132B	intron
chr12	130101124	130101306	5	5	0.3225581	3.5792607352974917e-25	hyper	6.931456515768098e-25	true	""	""	intergenic	NaN	LINC02419	29881	""	""
chr12	131216990	131217371	22	19	0.54356676	4.1783334740373696e-107	hyper	1.242786366636756e-105	true	""	""	intergenic	NaN	LINC01257	52170	""	""
chr12	131604605	131605247	15	15	0.42061025	1.287762820812491e-97	hyper	3.178308238601042e-96	true	""	""	intergenic	NaN	LINC02414	43195	""	""
chr12	132836436	132836514	8	8	0.5511642	8.16416315114292e-40	hyper	3.5603117501224765e-39	true	NM_001161346	CHFR	exon	51130.0	GOLGA3	-7606	CHFR	exon
chr13	20331897	20332776	17	14	0.3836356	4.2464885496369714e-88	hyper	8.956230395597977e-87	true	""	""	intergenic	NaN	GJB6	-99941	""	""
chr13	21777824	21777958	3	3	0.32643396	2.1134486034472207e-15	hyper	2.253309172792993e-15	true	""	""	intergenic	NaN	LINC00424	100269	""	""
chr13	21785656	21785756	3	3	-0.38552675	1.9010111242916916e-16	hypo	2.1855033738140357e-16	true	""	""	intergenic	NaN	LINC00424	92454	""	""
chr13	22884109	22884163	5	5	0.38599506	4.1162351213521066e-23	hyper	6.980749621006497e-23	true	NR_138043	LINC00621	intron	32233.0	BASP1P1	14045	LINC00621	intron;noncoding
chr13	23382036	23382223	5	5	-0.29403704	1.2140332444204728e-26	hypo	2.593514849959021e-26	true	NM_014363	SACS	intron	51572.5	SACS	-6621	SACS	intron
chr13	30713180	30713271	3	3	0.45957288	1.414541531029614e-14	hyper	1.4402448523598564e-14	true	NM_001204406	ALOX5AP	promoter	-251.5	ALOX5AP	-252	ALOX5AP	promoter
chr13	31352238	31352405	6	6	0.5726526	4.768757819052759e-36	hyper	1.676290627303394e-35	true	""	""	intergenic	NaN	B3GLCT	152347	""	""
chr13	41459426	41459550	3	3	0.41403505	4.668483415220448e-18	hyper	5.886348653973608e-18	true	NM_014059	RGCC	intron	1939.0	RGCC	1939	RGCC	intron
chr13	41548428	41548880	5	3	0.32980582	6.593579553469906e-24	hyper	1.1767003510807834e-23	true	""	""	intergenic	NaN	MIR5006	19741	""	""
chr13	44820759	44820879	3	3	-0.34165135	3.3948436904411076e-20	hypo	4.80246180598986e-20	true	""	""	intergenic	NaN	LINC00330	-11189	""	""
chr13	46024061	46024292	3	3	-0.28880095	2.468157122471229e-20	hypo	3.530286389724569e-20	true	NM_001330567	ZC3H13	intron	28569.5	ZC3H13	28570	ZC3H13	intron;noncoding
chr13	50128659	50128881	8	8	0.3835967	6.703825095630484e-39	hyper	2.757601812387008e-38	true	NR_109974	DLEU1	intron	46602.0	DLEU2	-3229	DLEU1	intron;noncoding
chr13	51105096	51105405	4	4	0.36344907	6.008654122712757e-22	hyper	9.534936774756222e-22	true	NR_102431	C13orf42	intron	67137.5	C13orf42	5978	C13orf42	intron;noncoding
chr13	52894616	52894856	4	4	0.37962997	8.098515513962934e-22	hyper	1.266075201643801e-21	true	""	""	intergenic	NaN	PCDH8	-46096	""	""
chr13	52932686	52933575	19	19	0.5126787	2.9605219290301823e-100	hyper	8.176679613511931e-99	true	""	""	intergenic	NaN	PCDH8	-84490	""	""
chr13	53475296	53475441	3	3	0.35891977	9.287822068898884e-17	hyper	1.093794274103828e-16	true	""	""	intergenic	NaN	LINC01065	-323468	""	""
chr13	53507863	53507989	4	4	0.5153846	4.4163504272069163e-32	hyper	1.310221610117653e-31	true	""	""	intergenic	NaN	LINC00558	-307492	""	""
chr13	54572254	54572420	13	13	0.45590064	5.60861983055689e-66	hyper	7.071738047223904e-65	true	""	""	intergenic	NaN	MIR1297	-260289	""	""
chr13	54705971	54706281	3	2	-0.3292077	7.81399724786561e-14	hypo	7.81399724786561e-14	true	""	""	intergenic	NaN	MIR1297	-394078	""	""
chr13	65725002	65725430	5	4	0.3362208	1.7671102150220414e-24	hyper	3.2692948156707624e-24	true	""	""	intergenic	NaN	LINC01052	-140830	""	""
chr13	69611904	69612088	3	3	0.2729465	3.6513632883358674e-16	hyper	4.108226396187785e-16	true	""	""	intergenic	NaN	LINC00383	389651	""	""
chr13	71643443	71643758	5	4	0.29590324	2.4272227951293202e-23	hyper	4.1836232427191847e-23	true	NM_001366712	DACH1	intron	223603.5	DACH1	223592	DACH1	intron
chr13	71851643	71852001	4	4	0.35575667	1.259603558841833e-22	hyper	2.0696035810998953e-22	true	NM_004392	DACH1	intron	15370.0	DACH1	15370	DACH1	intron
chr13	72473432	72473743	4	4	0.39664555	2.7102154036282115e-23	hyper	4.657555360309223e-23	true	""	""	intergenic	NaN	MZT1	254042	""	""
chr13	75173759	75173901	5	5	0.40209848	5.639950865357924e-28	hyper	1.2929531628093265e-27	true	""	""	intergenic	NaN	CTAGE11P	66551	""	""
chr13	77675641	77675842	5	5	0.28571254	1.4945892328779925e-23	hyper	2.6110293827386616e-23	true	""	""	intergenic	NaN	LOC100129307	-12938	""	""
chr13	80276935	80277269	5	5	-0.41102386	1.8409534090496835e-29	hypo	4.6023835226242086e-29	true	""	""	intergenic	NaN	SPRY2	62557	""	""
chr13	80613996	80614209	3	3	0.3707217	9.203909090721982e-20	hyper	1.2710160172901784e-19	true	""	""	intergenic	NaN	SPRY2	-272976	""	""
chr13	82412814	82413050	5	5	0.4261852	1.686858782037151e-23	hyper	2.9380723530977405e-23	true	""	""	intergenic	NaN	LINC00564	-1185949	""	""
chr13	84249528	84249648	3	3	0.4061937	1.8729052682398765e-15	hyper	2.006066584633663e-15	true	NR_046871	LINC00333	intron	108987.0	LINC00333	108987	LINC00333	intron;noncoding
chr13	86074065	86074191	3	3	-0.35139084	5.248501241260713e-20	hypo	7.352972753457037e-20	true	""	""	intergenic	NaN	SLITRK6	-274709	""	""
chr13	87186955	87187340	6	5	0.38393745	4.2985042044520646e-29	hyper	1.047534638059747e-28	true	""	""	intergenic	NaN	LINC00430	275228	""	""
chr13	92512958	92513130	5	5	0.4071795	3.376992625830717e-28	hyper	7.787895518814376e-28	true	NM_004466	GPC5	intron	1114424.0	MIR548AS	22882	GPC5	intron
chr13	94859404	94859507	6	6	0.42870525	6.171529110635568e-31	hyper	1.684464416079355e-30	true	NR_110754	LOC101927284	intron	98515.5	LOC101927284	98515	LOC101927284	intron;noncoding
chr13	94880444	94880694	3	3	0.4229264	1.3297570300654788e-18	hyper	1.7254118063489434e-18	true	NR_110754	LOC101927284	intron	119629.0	LINC00557	-79471	LOC101927284	intron;noncoding
chr13	99433115	99433202	4	4	0.42925397	2.377764693892244e-19	hyper	3.210951158224684e-19	true	""	""	intergenic	NaN	LINC01232	66148	""	""
chr13	100807906	100808138	3	3	0.30657125	3.5542554808759596e-16	hyper	4.0028508328311774e-16	true	NR_047687	NALCN-AS1	intron	99698.0	NALCN-AS1	99698	NALCN-AS1	intron;noncoding
chr13	101111153	101111216	4	4	0.43216392	4.340616232076708e-23	hyper	7.329133666970861e-23	true	NM_001350750	NALCN	exon	305323.5	LINC00411	-166820	NALCN	exon
chr13	105196188	105196376	4	4	0.43684202	2.563891403309073e-24	hyper	4.7058766263267796e-24	true	""	""	intergenic	NaN	DAOA	-269584	""	""
chr13	106467247	106467561	7	7	0.40100917	6.384930823667387e-53	hyper	4.629074847158855e-52	true	""	""	intergenic	NaN	EFNB2	68258	""	""
chr13	106755347	106755798	12	12	0.40098575	9.236226043839194e-67	hyper	1.217502523960621e-65	true	""	""	intergenic	NaN	LINC00443	101693	""	""
chr13	107198422	107198642	4	4	-0.52400047	5.257940622463484e-22	hypo	8.389561378346137e-22	true	NM_001080396	FAM155A	intron	668964.0	SNORD31B	122431	FAM155A	intron
chr13	107851602	107851867	3	2	-0.4105471	7.194904750616856e-14	hypo	7.201112606311953e-14	true	NM_001080396	FAM155A	intron	15761.5	FAM155A	15762	FAM155A	intron
chr13	109672823	109672957	3	3	-0.36419833	5.572110678817073e-19	hypo	7.370180601400005e-19	true	""	""	intergenic	NaN	LINC00676	-55383	""	""
chr13	110890726	110891034	3	3	-0.49568972	4.012222079730144e-25	hypo	7.744055927598947e-25	true	NM_017664	ANKRD10	intron	24189.0	PRECSIT	-20572	ANKRD10	intron;noncoding
chr13	112160313	112160583	8	8	0.47513896	2.6944133159779367e-40	hyper	1.1975170293235273e-39	true	NR_134944	LOC100506016	promoter	262.0	LOC100506016	262	LOC100506016	exon;noncoding;promoter
chr14	25350009	25350134	4	4	0.3564145	3.1421894407641194e-20	hyper	4.46137056461001e-20	true	""	""	intergenic	NaN	STXBP6	-299774	""	""
chr14	26043898	26044151	5	5	0.39309305	1.959339838030099e-30	hyper	5.1538190750905096e-30	true	""	""	intergenic	NaN	NOVA1	509406	""	""
chr14	32761512	32761751	3	3	-0.39610514	1.5536197746572645e-16	hypo	1.8021989386024269e-16	true	NM_004274	AKAP6	intron	432334.5	NPAS3	-177247	AKAP6	intron
chr14	47468209	47468350	4	4	-0.46505848	7.139761482604564e-21	hypo	1.0604511292985012e-20	true	NM_001113498	MDGA2	intron	206674.5	MDGA2	-125033	MDGA2	intron
chr14	48561421	48562034	8	7	0.4857437	3.590847804606051e-45	hyper	1.9195315453193634e-44	true	""	""	intergenic	NaN	LINC00648	-766713	""	""
chr14	48565260	48565704	4	4	0.38071567	4.4752792811310124e-32	hyper	1.324317338293871e-31	true	""	""	intergenic	NaN	LINC00648	-770468	""	""
chr14	49946942	49947051	3	3	-0.28767696	1.0501275876733537e-19	hypo	1.445015423132966e-19	true	""	""	intergenic	NaN	MIR6076	-19402	""	""
chr14	53689920	53690057	3	3	0.40266764	2.655467741381173e-16	hyper	3.014033835618552e-16	true	""	""	intergenic	NaN	MIR5580	258496	""	""
chr14	54650490	54651011	9	8	0.41726902	5.242185016648535e-54	hyper	3.9231836253627746e-53	true	NM_001161576	SAMD4A	intron	83139.5	SAMD4A	83139	SAMD4A	intron
chr14	55760816	55761000	5	5	0.32840344	5.169505322828252e-25	hyper	9.879120551039166e-25	true	""	""	intergenic	NaN	RPL13AP3	-5336	""	""
chr14	56796651	56797095	7	6	0.5757243	7.798312502027584e-37	hyper	2.853641167934384e-36	true	""	""	intergenic	NaN	OTX2	8794	""	""
chr14	56797657	56797816	7	7	0.5222688	8.726180710155343e-36	hyper	3.030649587958143e-35	true	""	""	intergenic	NaN	OTX2	7931	""	""
chr14	56798636	56799584	35	35	0.55430573	1.8763349467991674e-208	hyper	2.176548538287034e-206	true	NM_021728	OTX2	TTS	11369.0	OTX2	6557	OTX2	TTS
chr14	56803751	56805136	38	33	0.6087326	4.334041775026259e-249	hyper	8.379147431717434e-247	true	NM_001270524	OTX2	exon	6035.5	OTX2	1224	OTX2	exon;intron;noncoding
chr14	56812441	56812952	17	17	0.5444508	2.1487199740726527e-98	hyper	5.538922599831727e-97	true	NR_073034	OTX2	promoter	-2217.5	OTX2-AS1	-461	OTX2;OTX2-AS1	intron;noncoding;promoter
chr14	64623690	64623822	4	4	-0.41426373	4.369480049052016e-20	hypo	6.158683908748893e-20	true	""	""	intergenic	NaN	PPP1R36	73796	""	""
chr14	69572158	69572344	26	26	0.5830156	1.5430634521105678e-125	hyper	6.88443694018561e-124	true	NM_001271507	CCDC177	exon	2620.0	CCDC177	2620	CCDC177	exon
chr14	69850255	69850585	21	21	0.50340694	4.32040007631005e-103	hyper	1.2223570947608921e-101	true	""	""	intergenic	NaN	SMOC1	-28995	""	""
chr14	71482400	71482575	3	3	-0.29983807	1.6468507859171606e-16	hypo	1.9084384731907155e-16	true	NM_001354288	SIPA1L1	intron	162012.5	LOC145474	-5373	SIPA1L1	intron
chr14	75832595	75832712	3	3	-0.30541217	9.435655007911128e-16	hypo	1.0325811140732932e-15	true	NM_015072	TTLL5	intron	171408.5	TGFB3	149342	TTLL5	intron
chr14	79226104	79226408	3	3	-0.43089423	9.551206201998813e-16	hypo	1.0442412058735743e-15	true	NM_001366426	NRXN3	intron	1055884.0	LOC105370586	26275	NRXN3	intron;noncoding
chr14	80402593	80402836	3	3	-0.4330918	1.8268118849851712e-15	hypo	1.958504423828834e-15	true	NR_038355	DIO2-AS1	intron	191296.5	DIO2	-171657	DIO2-AS1	intron;noncoding
chr14	81122951	81123076	9	9	0.4186643	4.096952102802652e-43	hyper	2.0662888866309027e-42	true	NM_000369	TSHR	intron	167393.5	SNORA79	79821	TSHR	intron
chr14	81412670	81412908	5	5	0.6816263	2.3163771864739133e-48	hyper	1.4216918181533014e-47	true	NM_001366849	STON2	intron	23676.0	STON2	14986	STON2	intron
chr14	85320472	85320735	3	3	-0.41084218	5.9719676436995285e-24	hypo	1.0690559362178169e-23	true	""	""	intergenic	NaN	SNORD3P3	48672	""	""
chr14	88149892	88150111	5	5	-0.4891563	7.601486096032025e-26	hypo	1.5442598723988002e-25	true	""	""	intergenic	NaN	KCNK10	120910	""	""
chr14	88940588	88940677	5	5	-0.34242362	4.7188434910377763e-23	hypo	7.94464216197942e-23	true	""	""	intergenic	NaN	TTC8	115982	""	""
chr14	89631393	89631752	6	6	0.36782745	1.0796731278565382e-30	hyper	2.8924268552276774e-30	true	""	""	intergenic	NaN	FOXN3	-12407	""	""
chr14	92415064	92415321	6	4	0.40929762	6.924130385149113e-29	hyper	1.6698526500567507e-28	true	NM_153646	SLC24A4	intron	92028.5	SLC24A4	92028	SLC24A4	intron
chr14	95656782	95657002	4	4	0.36761618	1.2365569381100594e-24	hyper	2.328581247090372e-24	true	NR_028288	TCL6	intron	4796.0	TCL6	4796	TCL6	intron;noncoding
chr14	97883476	97883748	3	3	0.4032518	2.8830659516401675e-19	hyper	3.8707829906280025e-19	true	""	""	intergenic	NaN	LINC01550	94512	""	""
chr15	25497969	25498120	3	3	0.3684365	7.325356176718354e-21	hyper	1.0866257244236945e-20	true	""	""	intergenic	NaN	UBE3A	-58988	""	""
chr15	26882669	26882796	6	6	0.4714074	6.265305075411716e-32	hyper	1.835291385726664e-31	true	NM_000810	GABRA5	intron	15671.5	GABRA5	15607	GABRA5	intron
chr15	27386269	27386495	4	4	0.3626768	5.992259333140188e-22	hyper	9.521946337592629e-22	true	NM_001270873	GABRG3	intron	415202.0	GABRG3-AS1	-225063	GABRG3	intron
chr15	28777373	28777820	19	19	0.4567999	4.325791567227185e-140	hyper	2.508959108991767e-138	true	""	""	intergenic	NaN	LOC100289656	-10646	""	""
chr15	36921699	36921830	3	3	0.36235413	2.584272140175852e-16	hyper	2.938976159415675e-16	true	NM_002399	MEIS2	intron	179534.5	LOC145845	-35231	MEIS2	intron;noncoding
chr15	38412669	38412763	3	3	0.3792077	7.334317660306268e-15	hyper	7.582717010655322e-15	true	""	""	intergenic	NaN	FAM98B	-41410	""	""
chr15	38736819	38737054	4	4	0.36265433	3.238065455578477e-23	hyper	5.540052991845181e-23	true	""	""	intergenic	NaN	LINC02694	40339	""	""
chr15	46764858	46765029	4	4	0.35608244	3.930421039398612e-24	hyper	7.146220071633839e-24	true	""	""	intergenic	NaN	SEMA6D	-419145	""	""
chr15	48040301	48040395	4	4	-0.37752128	2.5074615551868804e-19	hypo	3.378229272957934e-19	true	""	""	intergenic	NaN	SLC24A5	-80641	""	""
chr15	57547161	57547501	11	10	0.4698697	6.296992462418662e-60	hyper	6.087092713671373e-59	true	NM_032866	CGNL1	exon	170827.0	GCOM1	-44572	CGNL1	exon;intron
chr15	58053467	58053890	3	3	-0.4280002	5.623305263919887e-21	hypo	8.416818201480088e-21	true	NM_170696	ALDH1A2	intron	12032.5	LOC283665	-11546	ALDH1A2	intron
chr15	61122120	61122239	3	3	-0.35122487	4.5368566106385055e-15	hypo	4.7454947415154796e-15	true	NM_134261	RORA	intron	107122.5	RORA	107123	RORA	intron
chr15	61619700	61619964	4	2	0.3692881	1.56764277121295e-18	hyper	2.02953751630248e-18	true	""	""	intergenic	NaN	LINC02349	-110085	""	""
chr15	61635161	61635586	4	4	-0.39112827	9.305647019396343e-22	hypo	1.4489329587247997e-21	true	""	""	intergenic	NaN	LINC02349	-94544	""	""
chr15	69548892	69549398	13	11	0.5719727	5.013589613352416e-63	hyper	5.538822810941716e-62	true	""	""	intergenic	NaN	DRAIC	-12574	""	""
chr15	70535298	70535581	4	3	0.41395617	8.709594877158714e-21	hyper	1.2886645481510342e-20	true	""	""	intergenic	NaN	LINC02205	-29511	""	""
chr15	73842795	73842865	3	3	0.38830462	5.992433000445639e-17	hyper	7.136778522091316e-17	true	""	""	intergenic	NaN	TBC1D21	-30733	""	""
chr15	79770064	79770228	3	3	-0.4456706	2.4529639057021575e-16	hypo	2.7951258650437156e-16	true	""	""	intergenic	NaN	MTHFS	126851	""	""
chr15	86076252	86076645	7	4	-0.35735217	1.040844316930134e-31	hypo	2.9885628901954344e-31	true	""	""	intergenic	NaN	AGBL1	-3171	""	""
chr15	86645988	86646109	4	4	0.45544386	1.3073457542408079e-24	hyper	2.4420629225754217e-24	true	NM_152336	AGBL1	intron	566429.5	LOC105370954	-286831	AGBL1	intron
chr15	91635484	91635558	3	3	0.43678513	7.060823287686924e-22	hyper	1.1128471486028303e-21	true	""	""	intergenic	NaN	CRAT37	172183	""	""
chr15	91710136	91710281	3	3	0.49803743	7.902917515003756e-16	hyper	8.722535030831929e-16	true	""	""	intergenic	NaN	SLCO3A1	-143499	""	""
chr15	91926690	91926834	7	7	0.6185322	4.081249485091162e-37	hyper	1.5125397452734018e-36	true	NR_135775	SLCO3A1	intron	72459.0	SLCO3A1	72459	SLCO3A1	intron;noncoding
chr15	94456257	94456579	5	3	0.33440447	5.285141488240164e-24	hyper	9.505060661021071e-24	true	NR_169526	MCTP2	intron	224858.0	MCTP2	100489	MCTP2	intron;noncoding
chr15	95940592	95940850	7	7	0.43808937	8.065248816370614e-37	hyper	2.9420404487389663e-36	true	""	""	intergenic	NaN	LOC105369212	187120	""	""
chr15	98127672	98127793	3	3	0.44755545	5.796228385262314e-19	hyper	7.657887160483239e-19	true	""	""	intergenic	NaN	LINC01582	-38979	""	""
chr15	98131985	98132203	3	3	0.3936681	1.568720847069198e-17	hyper	1.9256255900531953e-17	true	""	""	intergenic	NaN	LINC01582	-43341	""	""
chr15	100059213	100059519	9	9	0.50133586	7.619722825381438e-49	hyper	4.8037383029578624e-48	true	NM_139057	ADAMTS17	intron	282609.0	LOC400464	252344	ADAMTS17	intron
chr15	100252446	100252699	8	7	0.44072255	3.2024813130686286e-39	hyper	1.3607612905346554e-38	true	NM_139057	ADAMTS17	intron	89402.5	ADAMTS17	89403	ADAMTS17	intron
chr15	100471547	100471638	4	4	-0.3808294	9.135205762175155e-20	hypo	1.263032024329342e-19	true	NM_001378789	CERS3	intron	57357.5	CERS3	57358	CERS3	intron
chr15	101128474	101128709	4	4	-0.39567977	2.0843713322824914e-21	hypo	3.181408875589066e-21	true	""	""	intergenic	NaN	CHSY1	123457	""	""
chr16	5159640	5159789	4	4	-0.4240313	1.9265965104337238e-29	hypo	4.8061332303292894e-29	true	""	""	intergenic	NaN	EEF2KMT	-61894	""	""
chr16	5287919	5288291	7	7	0.47489887	7.358974104714033e-42	hyper	3.5129259100692506e-41	true	""	""	intergenic	NaN	EEF2KMT	-190285	""	""
chr16	5642174	5642388	6	6	-0.64970607	2.570235314048927e-33	hypo	8.079872531969527e-33	true	""	""	intergenic	NaN	MIR8065	9815	""	""
chr16	7344787	7344917	4	4	0.44397628	3.2890023402707287e-23	hyper	5.618914160109051e-23	true	NM_001142333	RBFOX1	intron	1325829.0	RBFOX1	12008	RBFOX1	intron
chr16	7564834	7564985	3	3	-0.45480517	3.768711596773327e-19	hypo	5.013423683781032e-19	true	NM_001142334	RBFOX1	intron	791101.5	RBFOX1	232065	RBFOX1	intron
chr16	7828578	7828910	4	4	0.46160966	4.4971966727178805e-27	hyper	9.898952827993817e-27	true	""	""	intergenic	NaN	RBFOX1	495900	""	""
chr16	8380123	8380552	7	7	-0.3643594	4.6274341552330474e-45	hypo	2.4510610137307466e-44	true	""	""	intergenic	NaN	TMEM114	209501	""	""
chr16	8582125	8582424	5	5	0.5305356	5.288387722476738e-33	hyper	1.644646047740755e-32	true	NM_001146336	TMEM114	intron	7563.5	TMEM114	7564	TMEM114	intron;noncoding
chr16	12526578	12526978	21	21	0.4606988	6.305592176752058e-115	hyper	2.2165111894037538e-113	true	NM_032167	SNX29	intron	550045.0	MIR4718	-193542	SNX29	intron
chr16	12610126	12610252	3	3	-0.42047217	5.478237764440773e-15	hypo	5.699332562108786e-15	true	""	""	intergenic	NaN	MIR4718	-110131	""	""
chr16	13102702	13102942	5	5	-0.4669363	5.5864630572827405e-30	hypo	1.436872981474053e-29	true	NM_001145204	SHISA9	intron	201225.0	SHISA9	201225	SHISA9	intron
chr16	14486895	14487205	13	13	0.5494349	1.4665617641645734e-89	hyper	3.209833295152651e-88	true	NM_002582	PARN	intron	143210.0	LINC02130	-116784	PARN	intron
chr16	15811700	15811750	3	3	-0.42313644	1.409674634593786e-15	hypo	1.523972577939228e-15	true	NM_001040113	MYH11	intron	45303.0	MYH11	45303	MYH11	intron
chr16	17013526	17013969	16	16	0.4502169	2.518859254777483e-111	hyper	7.89696415011319e-110	true	""	""	intergenic	NaN	LOC102723692	-120756	""	""
chr16	18832806	18833156	11	11	-0.4171379	1.965694027517687e-83	hypo	3.403291152120174e-82	true	NM_015092	SMG1	exon	93427.0	ARL6IP1	-31432	SMG1	exon;intron
chr16	19901262	19901477	5	5	-0.47552204	4.406003533510726e-30	hypo	1.1408402006411701e-29	true	""	""	intergenic	NaN	GPRC5B	-15735	""	""
chr16	20016205	20016571	8	8	-0.37019154	2.3725989002290163e-40	hypo	1.0626311676701385e-39	true	""	""	intergenic	NaN	GPR139	57390	""	""
chr16	21527325	21527782	8	8	0.40244028	5.8087623385823996e-58	hyper	5.305641191146129e-57	true	""	""	intergenic	NaN	SLC7A5P2	-7109	""	""
chr16	23051530	23051999	10	10	0.45670843	2.614654701619478e-62	hyper	2.7572722307987224e-61	true	""	""	intergenic	NaN	USP31	97506	""	""
chr16	25819388	25819678	8	8	0.45481718	2.0687310871858736e-46	hyper	1.1998640305678066e-45	true	NM_006040	HS3ST4	intron	127575.0	HS3ST4	127575	HS3ST4	intron
chr16	25888963	25889378	11	11	0.44107914	3.5276248563187166e-60	hyper	3.438693137251858e-59	true	NM_006040	HS3ST4	intron	197212.5	MIR548W	-136066	HS3ST4	intron
chr16	27883582	27883802	4	4	-0.59411776	3.715575918482946e-47	hypo	2.1878518098681307e-46	true	NM_001109763	GSG1L	intron	180022.0	GSG1L	4465	GSG1L	intron
chr16	48879688	48879968	10	10	0.5154284	4.632785737648543e-87	hyper	9.265571475297085e-86	true	""	""	intergenic	NaN	N4BP1	-269648	""	""
chr16	48968673	48968900	4	4	0.42122567	2.6519846867396224e-22	hyper	4.296511503656371e-22	true	""	""	intergenic	NaN	CBLN1	313052	""	""
chr16	60984453	60984543	3	3	-0.2890752	3.116558505840685e-17	hypo	3.777646673746285e-17	true	""	""	intergenic	NaN	CDH8	1051940	""	""
chr16	61506105	61506214	3	3	-0.347394	2.0407443311297196e-16	hypo	2.3368839329817124e-16	true	""	""	intergenic	NaN	CDH8	530279	""	""
chr16	63026424	63026567	3	3	0.27451828	3.179474350569701e-17	hyper	3.8498854349278216e-17	true	""	""	intergenic	NaN	CDH8	-990057	""	""
chr16	78330457	78330808	14	14	0.4326474	7.239935900821122e-79	hyper	1.199760806421786e-77	true	NM_001291997	WWOX	intron	230979.5	WWOX	230979	WWOX	intron
chr16	79347086	79347893	28	28	0.59333086	6.1825100464077135e-251	hyper	1.4343423307665896e-248	true	""	""	intergenic	NaN	MAF	253248	""	""
chr16	84286787	84287096	10	10	0.4414938	8.753992386095409e-56	hyper	7.305490048827824e-55	true	""	""	intergenic	NaN	WFDC1	-7936	""	""
chr16	86912405	86912539	4	4	0.5971962	7.267816580158996e-24	hyper	1.295033369122033e-23	true	""	""	intergenic	NaN	LINC02181	-145311	""	""
chr17	6567939	6568136	9	9	0.41073334	2.1353967961357693e-46	hyper	1.2323683002574588e-45	true	""	""	intergenic	NaN	PITPNM3	-11482	""	""
chr17	6903424	6903928	8	8	-0.37623346	4.1604328108860614e-39	hypo	1.7485877031260258e-38	true	""	""	intergenic	NaN	ALOX12P2	9900	""	""
chr17	12713294	12713535	3	2	-0.33617377	1.3422411089702392e-15	hypo	1.4551398938368948e-15	true	NM_001378306	MYOCD	intron	47525.5	MYOCD-AS1	-7279	MYOCD	intron
chr17	14078445	14078688	6	5	0.3325691	6.347698893503411e-29	hyper	1.5372297946688844e-28	true	NM_001303	COX10	intron	9063.5	COX10	9063	COX10	intron
chr17	14672994	14673121	3	3	-0.37648225	6.657278981555825e-15	hypo	6.9073735407913744e-15	true	""	""	intergenic	NaN	LOC101928475	-341747	""	""
chr17	15038615	15038822	5	5	-0.39116278	2.0839402215536634e-26	hypo	4.379294668482336e-26	true	NR_135638	LOC101928475	intron	23914.5	CDRT7	7744	LOC101928475	intron;noncoding
chr17	15591955	15592247	6	6	-0.4416966	2.1980551393152878e-33	hypo	6.947531230533335e-33	true	NM_006382	CDRT1	intron	27603.0	CDRT1	27603	CDRT1	intron
chr17	30271109	30271426	6	6	0.42380646	3.7286222123687677e-54	hyper	2.82692925905083e-53	true	NM_000386	BLMH	exon	20676.5	BLMH	20677	BLMH	exon;intron
chr17	31584073	31584243	5	5	0.4259819	5.344619319745282e-33	hyper	1.657689414680355e-32	true	""	""	intergenic	NaN	MIR365B	8748	""	""
chr17	34130864	34131189	8	8	0.356277	3.498095717443377e-42	hyper	1.6978205155792123e-41	true	NM_001094	ASIC2	intron	25779.5	ASIC2	25780	ASIC2	intron
chr17	36059637	36060019	6	6	0.48778608	4.9907476783671834e-45	hyper	2.631485139502697e-44	true	""	""	intergenic	NaN	CCL3L1	30315	""	""
chr17	42925368	42925678	7	7	0.50661594	6.181893325258156e-64	hyper	7.243430562928747e-63	true	""	""	intergenic	NaN	G6PC	24725	""	""
chr17	43591757	43592151	17	17	0.4590307	3.8225944844723093e-88	hyper	8.211499262940516e-87	true	""	""	intergenic	NaN	ETV4	-45614	""	""
chr17	46720052	46720626	6	4	-0.30752456	1.2276963683900672e-29	hypo	3.116253363966035e-29	true	NR_040116	NSF	noncoding	45609990.0	WNT3	98353	NSF	noncoding
chr17	54844349	54844487	3	3	0.54418385	8.155948182997154e-16	hyper	8.984710249075686e-16	true	""	""	intergenic	NaN	TOM1L1	-56272	""	""
chr17	54906782	54906945	5	5	0.3610817	7.658459381767702e-26	hyper	1.5531141403584852e-25	true	NM_001321175	TOM1L1	exon	6173.5	TOM1L1	6012	TOM1L1	exon;intron
chr17	57073211	57073338	3	3	0.4179081	2.1423378278876494e-17	hyper	2.61590724247334e-17	true	""	""	intergenic	NaN	AKAP1	-11971	""	""
chr17	59194428	59194603	4	4	-0.3369366	6.520089537008512e-27	hypo	1.416349038001849e-26	true	NM_018304	PRR11	intron	38770.5	SMG8	-15494	PRR11	intron
chr17	59297058	59297135	3	3	-0.3983594	1.1105462878535213e-18	hypo	1.4490817704275419e-18	true	""	""	intergenic	NaN	YPEL2	-34558	""	""
chr17	59373102	59373431	5	5	0.39365157	1.570932993467985e-25	hyper	3.1472923530619386e-25	true	NM_001005404	YPEL2	intron	41612.5	MIR4729	7184	YPEL2	intron
chr17	65403339	65403675	12	12	0.5634376	4.599273890301201e-68	hyper	6.276656132646345e-67	true	""	""	intergenic	NaN	LINC02563	-54033	""	""
chr17	67700192	67700397	5	5	-0.54277146	3.676066903766747e-26	hypo	7.614710014945404e-26	true	""	""	intergenic	NaN	NOL11	-17538	""	""
chr17	68383521	68383983	10	10	0.4374675	3.946860627645864e-56	hyper	3.3418673927512426e-55	true	NM_001352900	ARSG	intron	92258.0	PRKAR1A	-29870	ARSG	intron
chr17	68564003	68564157	5	5	0.48271877	8.269916785408077e-43	hyper	4.117211790160244e-42	true	NM_001243746	FAM20A	intron	37287.0	FAM20A	-5653	FAM20A	intron
chr17	70104774	70104848	4	4	0.37213486	9.4336323836588e-21	hyper	1.390471863410954e-20	true	NM_001291623	KCNJ16	promoter	-186.0	KCNJ16	-33	KCNJ16	exon;intron;promoter
chr17	71113203	71113928	6	4	0.41524014	1.982872668063933e-35	hyper	6.785051017563901e-35	true	NR_104152	CASC17	intron	88613.5	CASC17	88614	CASC17	intron;noncoding
chr17	71824715	71824883	4	4	0.42631137	7.231897597206133e-22	hyper	1.1367210315391754e-21	true	""	""	intergenic	NaN	ROCR	201180	""	""
chr17	73396956	73397085	9	9	0.47276723	8.487574141685308e-48	hyper	5.101339898629511e-47	true	NM_001144952	SDK2	intron	247424.5	CDC42EP4	-85019	SDK2	intron
chr17	77163022	77163979	17	17	0.48147094	1.7768992396999558e-99	hyper	4.684552541027156e-98	true	NM_001039573	SEC14L1	intron	22532.5	SEC14L1	-21712	SEC14L1	intron
chr17	77717995	77718286	6	6	-0.56237423	6.2470023077820915e-37	hypo	2.2932033788060844e-36	true	""	""	intergenic	NaN	LINC01987	10419	""	""
chr17	78081995	78082240	6	6	0.3918333	2.8050116665065802e-30	hyper	7.311940523927265e-30	true	NM_018996	TNRC6C	intron	77881.5	TMC6	46638	TNRC6C	intron
chr17	78592194	78592817	23	23	0.56624675	1.3540916262390242e-153	hyper	1.0471641909581788e-151	true	""	""	intergenic	NaN	DNAH17	-15109	""	""
chr17	78824798	78824977	6	6	0.34746006	1.0936304201235384e-31	hyper	3.1323735489958135e-31	true	NM_001385175	USP36	intron	15926.5	USP36	15927	USP36	intron;noncoding
chr17	83151423	83151496	5	5	0.47229537	7.933104786465647e-24	hyper	1.4070950385780048e-23	true	""	""	intergenic	NaN	METRNL	70314	""	""
chr18	463523	463762	10	10	0.39479247	6.149473453100829e-48	hyper	3.7153068779150842e-47	true	NM_130386	COLEC12	intron	37058.5	COLEC12	37059	COLEC12	intron
chr18	5078689	5078803	3	3	0.49499997	1.7550063945339842e-24	hyper	3.2520885266124945e-24	true	""	""	intergenic	NaN	LINC01892	-2435	""	""
chr18	5638514	5638608	3	3	0.3483019	4.392192693079569e-16	hyper	4.913156725142044e-16	true	""	""	intergenic	NaN	EPB41L3	-7898	""	""
chr18	7289864	7290510	6	6	-0.44832167	7.188645848987991e-33	hypo	2.2177737193686358e-32	true	""	""	intergenic	NaN	LRRC30	59084	""	""
chr18	8828378	8828509	3	3	0.4450399	3.4739005977962175e-16	hyper	3.9161561646682334e-16	true	NM_001378207	MTCL1	intron	122888.5	MTCL1	111063	MTCL1	intron
chr18	10074690	10074941	8	8	0.40441638	8.115197638455123e-46	hyper	4.5257832983692034e-45	true	""	""	intergenic	NaN	VAPA	160800	""	""
chr18	11849872	11850400	13	13	0.39907455	2.679354018148543e-69	hyper	3.7446393506654335e-68	true	NM_020412	CHMP1B	promoter	-1276.0	CHMP1B	-1276	CHMP1B;GNAL	intron;promoter
chr18	21240854	21241175	8	8	0.4636368	1.1218533876154329e-52	hyper	8.082918817601877e-52	true	NM_001142966	GREB1L	promoter	-1226.5	GREB1L	-1227	GREB1L	promoter
chr18	21244550	21244842	5	5	0.56383246	3.0506290604177323e-46	hyper	1.7346714265120438e-45	true	NM_001142966	GREB1L	intron	2455.0	GREB1L	2455	GREB1L	intron
chr18	21361003	21361212	3	3	0.3120618	4.070480547841219e-15	hyper	4.273083652032411e-15	true	NM_001142966	GREB1L	intron	118866.5	GREB1L	118866	GREB1L	intron
chr18	23532864	23532962	3	3	-0.35822868	5.136410116543311e-15	hypo	5.3533115320667035e-15	true	NM_000271	NPC1	intron	53593.0	RMC1	29403	NPC1	intron
chr18	24837225	24837369	3	3	-0.37374863	1.8782798970737026e-15	hypo	2.0099674175327443e-15	true	""	""	intergenic	NaN	LOC105372028	111517	""	""
chr18	25456737	25456893	6	6	0.44717693	4.595434435844685e-31	hyper	1.2722443784200083e-30	true	""	""	intergenic	NaN	ZNF521	-104649	""	""
chr18	33184285	33184562	3	3	0.36956406	1.414848886665726e-20	hyper	2.0618400860957812e-20	true	NM_001105528	CCDC178	intron	256316.5	CCDC178	256148	CCDC178	intron
chr18	40926638	40927069	6	5	-0.38239944	2.2405760554118066e-32	hypo	6.768406834056499e-32	true	""	""	intergenic	NaN	KC6	593824	""	""
chr18	42242934	42243176	6	6	0.42132244	2.016049175361098e-29	hyper	5.007745274986882e-29	true	NR_046458	LINC00907	intron	56388.0	LINC00907	56388	LINC00907	intron;noncoding
chr18	42508145	42508347	3	3	0.41137937	4.2436672619445546e-23	hyper	7.175880501247352e-23	true	NR_046174	LINC00907	intron	321579.0	LINC00907	321579	LINC00907	intron;noncoding
chr18	44474193	44474296	3	3	0.47227132	1.9592490426930274e-15	hyper	2.092752200298261e-15	true	NR_110792	LINC01478	intron	57452.5	LINC01478	57453	LINC01478	intron;noncoding
chr18	44771942	44772107	3	3	0.461527	4.068299994247634e-17	hyper	4.8954647233685224e-17	true	NM_001130110	SETBP1	intron	91952.5	SETBP1	71150	SETBP1	intron
chr18	53711079	53711587	4	4	0.47698784	3.595516502542213e-35	hyper	1.2231082530642131e-34	true	""	""	intergenic	NaN	LINC01917	-130274	""	""
chr18	55458855	55458973	6	6	0.46073902	6.9659574664225e-33	hyper	2.1548028429466934e-32	true	NM_001083962	TCF4	intron	129278.0	TCF4-AS1	6382	TCF4;TCF4-AS1	intron;noncoding
chr18	61529271	61529465	5	5	0.3583525	4.148712533957987e-25	hyper	7.994196909287816e-25	true	NM_031891	CDH20	intron	195939.0	CDH20	195939	CDH20	intron
chr18	62604886	62605161	4	4	0.45847252	1.6744603153106125e-22	hyper	2.739596566657702e-22	true	""	""	intergenic	NaN	ZCCHC2	81999	""	""
chr18	63143368	63143582	8	8	0.49053514	1.8356203927603858e-42	hyper	9.060934704689564e-42	true	NM_000633	BCL2	intron	176294.0	BCL2	176294	BCL2	intron
chr18	67840855	67840997	3	3	0.28720495	6.598718515000034e-19	hyper	8.698310769772773e-19	true	NR_033921	LOC643542	intron	324381.0	LINC01903	-26104	LOC643542	intron;noncoding
chr18	68595500	68595643	4	4	0.30339968	3.180007725402769e-21	hyper	4.7968907171225124e-21	true	""	""	intergenic	NaN	TMX3	119537	""	""
chr18	68818275	68818664	5	5	0.31094846	1.4474631586887512e-29	hyper	3.6422066465920856e-29	true	NM_024781	CCDC102B	intron	20390.5	CCDC102B	20390	CCDC102B	intron
chr18	76771556	76771895	7	7	-0.5397409	1.0245614855348584e-35	hypo	3.526680484333637e-35	true	""	""	intergenic	NaN	ZNF236-DT	50570	""	""
chr18	77042654	77042959	10	10	0.39968067	7.98880978543252e-54	hyper	5.902560096243136e-53	true	NM_001025101	MBP	intron	89976.5	MBP	-25751	MBP	intron
chr18	77825844	77826301	7	7	0.4346444	4.10440391050823e-55	hyper	3.306325372353852e-54	true	""	""	intergenic	NaN	LINC01029	167655	""	""
chr18	77924440	77924717	8	8	0.3064568	1.4004160689983938e-41	hyper	6.630541387910762e-41	true	""	""	intergenic	NaN	LINC01029	69149	""	""
chr18	78396912	78397078	6	6	0.49132395	4.1024676503724175e-32	hyper	1.2233579625789215e-31	true	""	""	intergenic	NaN	LINC01029	-403268	""	""
chr19	7287690	7288266	9	9	0.40360728	1.980053925352861e-50	hyper	1.3382154441051627e-49	true	NM_001079817	INSR	intron	6436.0	INSR	6436	INSR	intron
chr19	9774847	9775024	6	6	0.3534545	1.2971571140466925e-29	hyper	3.285376096712147e-29	true	NM_001353800	ZNF846	intron	11247.5	ZNF846	-6197	ZNF846	intron
chr19	18457666	18457767	3	3	-0.46505716	9.342832321485314e-15	hypo	9.624942711299258e-15	true	NM_006532	ELL	intron	64353.5	ISYNA1	-19583	ELL	intron
chr19	30791220	30791606	9	9	0.45655802	6.329982376884426e-50	hyper	4.14846302665872e-49	true	""	""	intergenic	NaN	LINC01791	-376096	""	""
chr19	34557424	34557589	5	5	-0.4322915	1.9371048335501382e-26	hypo	4.0781154390529224e-26	true	""	""	intergenic	NaN	ZNF807P	-12120	""	""
chr19	47004095	47004435	20	10	0.49432984	1.0024609096012436e-86	hyper	1.9709400934532925e-85	true	NM_004491	ARHGAP35	exon	143269.0	NPAS1	-15571	ARHGAP35	exon
chr19	52176545	52176645	5	5	0.4392232	1.1623141879861522e-24	hyper	2.1923324521364824e-24	true	""	""	intergenic	NaN	ZNF836	-4974	""	""
chr19	53658122	53658352	6	6	0.399986	1.1385263501453052e-28	hyper	2.7118902796068873e-28	true	""	""	intergenic	NaN	MIR512-2	-8435	""	""
chr19	54224117	54224291	5	5	0.36733362	1.026271189861763e-23	hyper	1.8037493639994622e-23	true	NM_006864	LILRB3	promoter	-54026396.0	TSEN34	32897	LILRB3	promoter
chr2	1306195	1306531	7	7	0.49607232	3.77283859704136e-42	hyper	1.8235386552366575e-41	true	NM_018968	SNTG2	intron	355515.0	TPO	-107097	SNTG2	intron
chr2	1456079	1456338	9	9	0.5346155	7.251644631985874e-94	hyper	1.6823815546207227e-92	true	NM_175722	TPO	exon	1358603.5	TPO	41801	TPO	exon;intron
chr2	3040796	3041073	11	11	0.4596233	7.640947159931704e-72	hyper	1.1511037279897113e-70	true	NR_110228	LINC01250	intron	85091.5	LINC01250	85092	LINC01250	intron;noncoding
chr2	4863567	4863793	4	4	0.62604356	2.4475696870164147e-34	hyper	7.997692498419834e-34	true	""	""	intergenic	NaN	LINC01249	-207458	""	""
chr2	6448922	6449159	7	7	0.46809205	1.1442656918074826e-38	hyper	4.6573621140234384e-38	true	""	""	intergenic	NaN	LINC01247	-73618	""	""
chr2	6674313	6674538	4	4	-0.42192072	2.652078582769394e-26	hypo	5.543083163986482e-26	true	""	""	intergenic	NaN	MIR7515HG	-23906	""	""
chr2	8162561	8162878	15	15	0.43655226	6.94264380704998e-74	hyper	1.1032146323531474e-72	true	NR_034135	LINC00299	intron	165699.5	LINC00299	165700	LINC00299	intron;noncoding
chr2	9961311	9961472	8	8	0.39554006	7.8588937669648e-40	hyper	3.4401195357279884e-39	true	NM_198182	GRHL1	exon	9699.5	GRHL1	9699	GRHL1	exon;intron
chr2	9990976	9991045	3	3	0.40743184	3.985590878061455e-16	hyper	4.471262493763335e-16	true	NM_198182	GRHL1	intron	39318.5	GRHL1	39318	GRHL1	intron
chr2	12350832	12350986	3	3	0.33282003	4.8777846188786126e-17	hyper	5.851323844776825e-17	true	NR_110196	MIR3681HG	intron	343794.0	MIR3681	151780	MIR3681HG	intron;noncoding
chr2	16561440	16561556	6	6	0.409719	2.8515568034964436e-35	hyper	9.728840858987867e-35	true	NM_030797	CYRIA	exon	104336.0	CYRIA	104336	CYRIA	exon;intron
chr2	26339713	26339977	5	5	-0.42839026	2.383487106280967e-37	hypo	8.861682831044621e-37	true	NM_153835	ADGRF3	intron	6944.0	ADGRF3	5966	ADGRF3	intron;noncoding
chr2	26752966	26753413	6	3	0.384154	2.303441197189443e-28	hyper	5.365445358915168e-28	true	""	""	intergenic	NaN	SLC35F6	-11094	""	""
chr2	27809291	27809678	5	5	-0.3856546	9.660643422446213e-32	hypo	2.794600092278705e-31	true	NM_022128	RBKS	intron	80902.5	MRPL33	37766	RBKS	intron
chr2	31221666	31221817	3	3	0.38335392	5.1824274265570994e-17	hyper	6.191159438523414e-17	true	NM_001321270	CAPN14	intron	12215.5	CAPN14	-4226	CAPN14	intron
chr2	38213879	38213989	3	3	0.45049635	2.3970060164307954e-22	hyper	3.894295488879164e-22	true	""	""	intergenic	NaN	CYP1B1-AS1	82830	""	""
chr2	39162400	39162571	3	3	-0.40883422	1.2064599044822498e-16	hypo	1.4065261197984018e-16	true	""	""	intergenic	NaN	SOS1	-37617	""	""
chr2	39515818	39515877	3	3	0.4052118	3.003835558707846e-18	hyper	3.841730152261413e-18	true	NR_037875	MAP4K3-DT	intron	78432.5	MAP4K3-DT	78432	MAP4K3-DT	intron;noncoding
chr2	39922646	39922755	3	3	0.38303533	2.6578911750119108e-18	hyper	3.414345252506995e-18	true	NR_038441	SLC8A1-AS1	intron	5067.5	SLC8A1-AS1	5067	SLC8A1-AS1	intron;noncoding
chr2	41193840	41194042	3	3	0.30329144	1.9418766266088644e-16	hyper	2.2280681373553737e-16	true	""	""	intergenic	NaN	SLC8A1	-681506	""	""
chr2	44616026	44616323	4	4	0.40961918	5.987276506073245e-26	hyper	1.2292461499194627e-25	true	NM_024766	CAMKMT	intron	254228.5	CAMKMT	254228	CAMKMT	intron
chr2	44925743	44926891	9	8	0.40756902	3.568295405652922e-44	hyper	1.8396545202477288e-43	true	NR_147195	LINC01833	intron	12882.0	LINC01833	12571	LINC01833	intron;noncoding
chr2	44929730	44930883	54	36	0.39222685	1.0863602259965369e-243	hyper	1.8002540887942613e-241	true	NR_147194	LINC01833	TTS	8581.5	LINC01833	8582	LINC01833	TTS;intron;noncoding
chr2	44932625	44933587	44	44	0.48969993	3.863185328951647e-226	hyper	5.601618726979888e-224	true	NR_147194	LINC01833	intron	5782.0	LINC01833	5782	LINC01833	intron;noncoding
chr2	44953016	44953131	11	11	0.47406262	1.5408772904844995e-50	hyper	1.051422151154129e-49	true	""	""	intergenic	NaN	SIX3-AS1	-11195	""	""
chr2	47173535	47173699	3	3	0.3505106	9.172565031786879e-18	hyper	1.1392050788943019e-17	true	NM_001305626	CALM2	exon	590.0	CALM2	590	CALM2	exon;intron
chr2	49111957	49112344	4	3	0.2949193	1.3005785961176574e-19	hyper	1.781193827032447e-19	true	NM_000145	FSHR	intron	42364.5	FSHR	42365	FSHR	intron
chr2	57598582	57598830	4	4	0.4664046	5.482853556356538e-24	hyper	9.84537171110462e-24	true	""	""	intergenic	NaN	VRK2	-308944	""	""
chr2	63058510	63060649	74	73	0.5535685	0.0	hyper	0.0	true	NM_001199770	OTX1	TTS	9845.5	OTX1	8750	OTX1	TTS
chr2	63993575	63993641	4	4	-0.3595186	6.954220515884607e-22	hypo	1.097536843323285e-21	true	NM_001005739	VPS54	intron	25820.0	VPS54	25820	VPS54	intron
chr2	64931807	64932047	6	6	-0.39820018	1.1006543012216044e-29	hypo	2.7999100645110986e-29	true	NR_036586	LINC02245	intron	520.0	LINC02245	520	LINC02245	intron;noncoding
chr2	65088587	65088773	5	5	-0.38962597	2.9055077887805766e-32	hypo	8.709015594277698e-32	true	NM_004161	RAB1A	exon	41426.0	CEP68	32265	RAB1A	exon;intron
chr2	65278293	65278758	9	9	0.42132604	9.767196844300016e-51	hyper	6.7440168686833435e-50	true	""	""	intergenic	NaN	ACTR2	50695	""	""
chr2	66217106	66217567	8	8	0.4390066	1.858312186998936e-46	hyper	1.0832372547330481e-45	true	""	""	intergenic	NaN	MIR4778	140992	""	""
chr2	69196378	69196515	3	3	0.36758456	1.171596950545106e-16	hyper	1.371395017792455e-16	true	NM_032208	ANTXR1	intron	183268.5	MIR3126	92765	ANTXR1	intron
chr2	74044600	74044756	7	7	0.33773994	5.8159647139818704e-39	hyper	2.418107192910025e-38	true	NM_001366022	TET3	intron	41987.0	TET3	41987	TET3	intron
chr2	77959466	77959537	3	3	0.29913795	6.289252461494265e-15	hyper	6.531363344076407e-15	true	NR_110288	LOC101927967	intron	331229.5	SNAR-H	-4475	LOC101927967	intron;noncoding
chr2	79228412	79228616	3	3	0.33848152	1.3369012945003531e-15	hyper	1.4507067367824224e-15	true	""	""	intergenic	NaN	REG3A	-68761	""	""
chr2	80153485	80153536	3	3	-0.5124238	2.6001173254514854e-15	hypo	2.756979979454957e-15	true	NM_004389	CTNNA2	intron	640577.5	LRRTM1	151242	CTNNA2	intron
chr2	97397976	97398199	5	5	-0.3075833	1.0678489283181112e-24	hypo	2.0174344574088094e-24	true	""	""	intergenic	NaN	LOC100506076	114153	""	""
chr2	100045185	100045407	10	10	0.5760695	1.3786257902098152e-73	hyper	2.1610890765451155e-72	true	NM_002285	AFF3	intron	97294.0	AFF3	60287	AFF3	intron
chr2	103241607	103241722	3	3	-0.5076118	3.537255692065904e-22	hypo	5.691007770868861e-22	true	""	""	intergenic	NaN	LINC01935	-257235	""	""
chr2	103254570	103254818	7	7	0.46081248	5.169159821161278e-55	hyper	4.107003693525399e-54	true	""	""	intergenic	NaN	LINC01935	-270265	""	""
chr2	105081933	105082411	10	9	0.37600884	1.3897020210640072e-48	hyper	8.620611467562826e-48	true	NM_182640	MRPS9	intron	44104.0	MRPS9-AS1	20772	MRPS9	intron
chr2	105584253	105584610	5	5	0.37121785	1.641359946349184e-27	hyper	3.668550169104149e-27	true	""	""	intergenic	NaN	LOC285000	26128	""	""
chr2	106281709	106282418	14	14	0.52879065	1.214132157115048e-111	hyper	3.9122036173707106e-110	true	""	""	intergenic	NaN	ANAPC1P6	-87681	""	""
chr2	106553317	106553505	3	3	0.34809914	9.322662515290455e-16	hyper	1.0221444723758911e-15	true	""	""	intergenic	NaN	CD8B2	66048	""	""
chr2	109700397	109700824	8	8	0.3862853	7.872142847321735e-41	hyper	3.63812179398136e-40	true	""	""	intergenic	NaN	RGPD6	-60061	""	""
chr2	112078672	112078947	5	5	-0.27124473	2.1626006316370935e-25	hypo	4.280915926107557e-25	true	NM_032824	TMEM87B	intron	23541.5	TMEM87B	23541	TMEM87B	intron
chr2	114294874	114295069	3	2	0.43691096	3.683974027182453e-15	hyper	3.8813895290932295e-15	true	""	""	intergenic	NaN	DPP10	-147669	""	""
chr2	118618581	118618687	5	5	-0.42836028	9.880665840254849e-25	hypo	1.8697507952195143e-24	true	""	""	intergenic	NaN	LOC101927709	-15668	""	""
chr2	120610039	120610114	5	5	0.44975862	6.924566642240696e-26	hyper	1.411686696836416e-25	true	""	""	intergenic	NaN	GLI2	-125791	""	""
chr2	122557430	122557543	3	3	-0.3939534	1.0726281903356105e-21	hypo	1.6634340919643159e-21	true	""	""	intergenic	NaN	LINC01826	515995	""	""
chr2	123618828	123619002	5	3	0.33360237	7.988061031850809e-22	hyper	1.2504926851480347e-21	true	""	""	intergenic	NaN	LOC107985820	406259	""	""
chr2	125983230	125983917	8	8	0.4105289	2.6343769234440113e-66	hyper	3.395419145772281e-65	true	""	""	intergenic	NaN	LINC01941	134412	""	""
chr2	126402085	126402343	4	4	0.42836124	1.2388396918284573e-24	hyper	2.3290989343938578e-24	true	""	""	intergenic	NaN	GYPC	-253720	""	""
chr2	126655116	126655271	5	5	0.3954906	2.0538168288256652e-25	hyper	4.0794991805441297e-25	true	NM_016815	GYPC	promoter	-740.5	GYPC	-741	GYPC	promoter
chr2	127480936	127481168	5	5	0.34500828	2.2000502936104034e-23	hyper	3.803365634259416e-23	true	NM_017969	IWS1	exon	45437.0	IWS1	45437	IWS1	exon
chr2	129480084	129480239	5	5	0.39552283	6.305020338626051e-26	hyper	1.2899159775672344e-25	true	""	""	intergenic	NaN	LINC01854	-206270	""	""
chr2	129712110	129712270	4	4	0.4797318	1.150555933243039e-25	hyper	2.3211215348903047e-25	true	""	""	intergenic	NaN	LINC02572	165301	""	""
chr2	130195425	130195527	4	4	0.45418185	3.8299490498240264e-31	hyper	1.0628566741138446e-30	true	NM_207312	TUBA3E	intron	2963.0	TUBA3E	2963	TUBA3E	intron
chr2	134876884	134877065	3	3	0.35437068	7.436569886488176e-22	hyper	1.1657325768008492e-21	true	NR_036549	CCNT2-AS1	intron	41631.5	MIR5590	19155	ACMSD;CCNT2-AS1	intron;noncoding
chr2	136111922	136111986	3	3	0.42718163	1.0143104619806527e-17	hyper	1.25705142724098e-17	true	""	""	intergenic	NaN	CXCR4	4281	""	""
chr2	148953512	148953761	5	5	-0.42683715	4.4493661956687965e-24	hypo	8.039353250741127e-24	true	NR_111932	KIF5C	intron	5762.5	KIF5C	5762	KIF5C	intron;noncoding
chr2	150586957	150587049	3	3	0.40354547	1.2374541507476224e-14	hyper	1.2635975482986286e-14	true	""	""	intergenic	NaN	LINC01920	-14782	""	""
chr2	150619789	150619861	3	3	0.32220006	2.669641731329727e-19	hyper	3.592557318262742e-19	true	""	""	intergenic	NaN	LINC02612	-9071	""	""
chr2	158007212	158007328	3	3	0.3621596	3.712957067653982e-15	hyper	3.9083758606884024e-15	true	NM_001135098	UPP2	intron	12092.0	UPP2	12092	UPP2	intron
chr2	160227427	160227483	3	3	0.39485297	3.181943331590868e-16	hyper	3.597518776457511e-16	true	""	""	intergenic	NaN	ITGB6	-27142	""	""
chr2	162500438	162500726	4	4	0.3574668	1.3955726916952807e-27	hyper	3.1312656138617517e-27	true	NM_033272	KCNH7	intron	338185.0	GCA	156215	KCNH7	intron
chr2	165685481	165686269	4	4	0.4466494	1.7602392803971114e-37	hyper	6.5867018234214496e-37	true	NM_024969	CSRNP3	exon	113540.0	GALNT3	108372	CSRNP3	exon
chr2	165886743	165887036	3	3	0.3833591	2.3896297403067e-17	hyper	2.911733717180433e-17	true	NM_024753	TTC21B	intron	66886.5	LOC100506124	-14948	TTC21B	intron
chr2	165892709	165892813	6	6	0.6196074	2.0232738299814885e-32	hyper	6.127931182189364e-32	true	NM_024753	TTC21B	intron	61015.0	LOC100506124	-20820	TTC21B	intron
chr2	169230050	169230290	3	3	-0.431605	4.866285341319873e-15	hypo	5.085487383721669e-15	true	NM_004525	LRP2	intron	132364.0	LRP2	132364	LRP2	intron
chr2	169293998	169294208	7	7	0.47520772	1.069230776611917e-34	hyper	3.5847043377740574e-34	true	NM_004525	LRP2	exon	68431.0	LRP2	68431	LRP2	exon;intron
chr2	169514005	169514165	3	3	0.32340133	1.4154130445605486e-14	hyper	1.4402448523598564e-14	true	NM_006063	KLHL41	intron	4384.0	KLHL41	4384	KLHL41	intron
chr2	175609304	175609451	4	3	0.37999886	1.5233725059003119e-19	hyper	2.0789554198168964e-19	true	""	""	intergenic	NaN	LNPK	392890	""	""
chr2	176643794	176643874	3	3	0.33758414	6.9663253835880815e-15	hyper	7.215122718716227e-15	true	NR_110599	LINC01117	intron	6081.0	LINC01117	6081	LINC01117	intron;noncoding
chr2	177711643	177712091	7	7	0.41731358	2.0935664335736644e-38	hyper	8.316907749813187e-38	true	NM_001077196	PDE11A	exon	176889.0	PDE11A-AS1	38546	PDE11A;PDE11A-AS1	exon;intron;noncoding
chr2	180523811	180523959	4	4	0.3218705	6.779379510027294e-23	hyper	1.129896585004549e-22	true	""	""	intergenic	NaN	SCHLAP1	-168218	""	""
chr2	180985578	180985943	3	3	0.37484494	1.198636363167939e-18	hyper	1.5605142326316601e-18	true	NM_001278554	UBE2E3	intron	4637.5	UBE2E3	4637	UBE2E3	intron
chr2	180987380	180987632	3	3	0.42115116	2.4709791785856155e-19	hyper	3.3329486594875744e-19	true	NM_001278555	UBE2E3	intron	7122.0	UBE2E3	6383	UBE2E3	intron
chr2	184945322	184945493	3	3	-0.2977494	5.556944190050997e-18	hypo	6.968708389685574e-18	true	""	""	intergenic	NaN	LOC105373782	221665	""	""
chr2	186408716	186408828	3	3	-0.37500897	5.811214791932684e-15	hypo	6.040330787313542e-15	true	""	""	intergenic	NaN	ZC3H15	-77487	""	""
chr2	188976965	188977102	4	4	0.37171158	3.681058478054846e-19	hyper	4.908077970739794e-19	true	NR_031647	MIR1245A	promoter	-1057.5	MIR1245A	-1058	COL3A1;MIR1245A;MIR1245B	TTS;intron;promoter
chr2	188978411	188979074	6	6	0.4151114	1.2756355483224392e-42	hyper	6.323663401940297e-42	true	NR_039947	MIR1245B	promoter	-581.5	MIR1245B	-581	COL3A1;MIR1245A;MIR1245B	TTS;intron;promoter
chr2	189427671	189428151	5	5	-0.35576522	5.1808281008373735e-27	hypo	1.1339170937681798e-26	true	""	""	intergenic	NaN	WDR75	-13521	""	""
chr2	191093625	191093989	9	9	-0.4128545	5.742637009009914e-48	hypo	3.487674832697121e-47	true	NM_003151	STAT4	intron	57187.0	STAT4	57187	STAT4	intron
chr2	194346973	194347079	4	4	0.5084417	3.750267109309687e-26	hyper	7.754563006772258e-26	true	NR_110222	LINC01821	intron	2758.0	LINC01821	2758	LINC01821	intron;noncoding
chr2	197619964	197620040	3	3	0.5128949	1.9411254026011624e-15	hyper	2.075304577896174e-15	true	NM_144629	RFTN2	intron	55585.0	RFTN2	55585	RFTN2	intron
chr2	209922064	209922402	9	9	0.31476983	2.749478944521451e-47	hyper	1.6272426406351445e-46	true	NM_032504	UNC80	exon	150241.0	RPE	-80331	UNC80	exon;intron
chr2	217712537	217712676	6	6	0.438754	3.0625318301939114e-31	hyper	8.539752218809945e-31	true	NR_026597	DIRC3	intron	43986.5	DIRC3	43987	DIRC3	intron;noncoding
chr2	219722347	219722474	4	4	0.4332034	1.5054130241630765e-25	hyper	3.0212441315383545e-25	true	""	""	intergenic	NaN	SLC4A3	94781	""	""
chr2	219966242	219966546	5	5	0.39995775	2.1312296602499946e-33	hyper	6.754716955983589e-33	true	""	""	intergenic	NaN	MIR4268	-59829	""	""
chr2	221966691	221966808	3	3	0.5056083	1.4995162476400406e-15	hyper	1.6180826486162299e-15	true	""	""	intergenic	NaN	CCDC140	-331397	""	""
chr2	222208666	222208901	3	3	0.34595576	1.3736153223441675e-15	hyper	1.4872663957405685e-15	true	NM_181458	PAX3	intron	90214.5	CCDC140	-89363	PAX3	intron
chr2	222287927	222288147	3	3	-0.3091238	1.8142294552788485e-16	hypo	2.0898770289210172e-16	true	NM_181459	PAX3	intron	10961.0	CCDC140	-10109	PAX3	intron
chr2	224343475	224343708	3	3	-0.47817433	1.316637017178424e-28	hypo	3.129710942473303e-28	true	""	""	intergenic	NaN	FAM124B	58403	""	""
chr2	224958252	224958373	4	4	-0.37383476	1.6078632877627006e-20	hypo	2.3314017672559156e-20	true	NM_014689	DOCK10	intron	84155.5	DOCK10	-11263	DOCK10	intron
chr2	226796003	226796212	8	8	0.44966713	4.638024185875081e-41	hyper	2.1520432222460377e-40	true	NM_005544	IRS1	exon	3712.5	IRS1	3713	IRS1	exon
chr2	226797000	226797175	5	5	0.48551598	4.21097979489633e-24	hyper	7.620493856598664e-24	true	NM_005544	IRS1	exon	2732.5	IRS1	2733	IRS1	exon
chr2	231334475	231334685	4	4	0.38877535	7.761120382080918e-23	hyper	1.2898137024661698e-22	true	NM_001352758	ARMC9	intron	135950.0	MIR4777	-28127	ARMC9	intron;noncoding
chr2	232975045	232975161	4	4	-0.34378114	3.084518240198689e-19	hypo	4.1269217515922485e-19	true	NM_019850	NGEF	intron	38153.0	LOC101928881	-37510	NGEF	intron
chr2	236040643	236040910	15	15	0.50489265	8.609741320665136e-84	hyper	1.536507681841778e-82	true	NM_014914	AGAP1	exon	546734.5	GBX2	127610	AGAP1	exon;intron
chr2	238763336	238763770	7	7	-0.47636038	5.956521977589346e-50	hypo	3.925889485229342e-49	true	""	""	intergenic	NaN	LOC100287387	84354	""	""
chr20	1972261	1972370	4	4	-0.4395485	4.981915124068187e-23	hypo	8.363272856612296e-23	true	NR_134520	PDYN-AS1	intron	25106.5	PDYN	20491	PDYN-AS1	intron;noncoding
chr20	3461644	3461741	3	3	0.39744213	4.744236862676702e-20	hyper	6.67878004939924e-20	true	""	""	intergenic	NaN	ATRN	-9325	""	""
chr20	9785994	9786086	3	3	0.48956463	5.939049385515775e-23	hyper	9.926941336020604e-23	true	NM_020341	PAK5	intron	53036.0	PAK5	53036	PAK5	intron
chr20	10522646	10522774	3	3	0.442189	3.382947445297729e-16	hyper	3.817333693137515e-16	true	NM_001009608	SLX4IP	intron	87406.0	SLX4IP	87406	SLX4IP	intron
chr20	11681522	11681644	3	3	0.34012794	1.808168538737759e-17	hyper	2.2148632575879624e-17	true	""	""	intergenic	NaN	LINC00687	189132	""	""
chr20	14915230	14915508	5	5	-0.3449435	9.438162406944057e-26	hypo	1.9106925640584827e-25	true	NM_001351661	MACROD2	intron	919854.0	MACROD2-AS1	14149	MACROD2;MACROD2-AS1	intron;noncoding
chr20	17025213	17025279	4	4	0.38643792	9.691529554746772e-23	hyper	1.6037338492876257e-22	true	""	""	intergenic	NaN	PCSK2	-200860	""	""
chr20	17282416	17282745	4	4	-0.51101774	1.034280198588383e-28	hypo	2.47374233064438e-28	true	NM_001201528	PCSK2	intron	56474.5	PCSK2	55541	PCSK2	intron
chr20	17771262	17771909	17	17	0.567541	3.05517052036226e-123	hyper	1.2657135012929362e-121	true	""	""	intergenic	NaN	BANF2	71620	""	""
chr20	21978097	21978368	5	5	0.46800885	9.698655489226747e-36	hyper	3.348345347471139e-35	true	""	""	intergenic	NaN	LINC01432	-75857	""	""
chr20	22367054	22367165	3	3	0.45544985	1.036687246740055e-18	hyper	1.3542310880838556e-18	true	""	""	intergenic	NaN	LOC284788	53534	""	""
chr20	23065264	23065325	4	4	0.3241666	1.9316761703754167e-20	hyper	2.7904661987988584e-20	true	""	""	intergenic	NaN	THBD	-15622	""	""
chr20	23086396	23086602	8	8	0.4657141	8.91274690869411e-37	hyper	3.240998875888767e-36	true	NM_012072	CD93	promoter	-175.0	CD93	-175	CD93	promoter
chr20	24081161	24081285	5	5	0.4205366	3.34842515943779e-27	hyper	7.398425114186354e-27	true	""	""	intergenic	NaN	GGTLC1	-92444	""	""
chr20	24359407	24359594	4	4	0.45338538	9.723184963633043e-21	hyper	1.4313317966769454e-20	true	""	""	intergenic	NaN	SYNDIG1	-109698	""	""
chr20	24386984	24387060	3	3	0.47424698	1.9505779689780016e-14	hyper	1.959022029449768e-14	true	""	""	intergenic	NaN	SYNDIG1	-82176	""	""
chr20	25864765	25864890	5	5	0.4780418	7.529384503931034e-24	hyper	1.3395837460981596e-23	true	""	""	intergenic	NaN	LOC101926935	-10806	""	""
chr20	26219739	26219867	3	3	0.3582774	7.596107105484156e-24	hyper	1.349385029458135e-23	true	""	""	intergenic	NaN	MIR663AHG	-10570	""	""
chr20	30731844	30732078	4	4	0.4817617	4.010661242288507e-24	hyper	7.269323501647918e-24	true	""	""	intergenic	NaN	MLLT10P1	-328499	""	""
chr20	33612127	33612233	3	3	-0.353294	7.0147230714447e-16	hypo	7.7643881325151255e-16	true	NM_001032999	CBFA2T2	intron	122085.0	CBFA2T2	49816	CBFA2T2	intron
chr20	36248910	36249596	9	9	-0.5350143	3.366047865289362e-64	hypo	3.984301554832306e-63	true	NM_015511	AAR2	intron	12837.0	AAR2	12776	AAR2	intron
chr20	41728963	41729308	9	9	0.3671254	2.0576596416156066e-42	hyper	1.0071245503266261e-41	true	""	""	intergenic	NaN	CHD6	-110758	""	""
chr20	42775204	42775335	3	3	0.3958405	9.955689592083155e-15	hyper	1.0238120502496863e-14	true	NM_133170	PTPRT	intron	414636.5	LOC101927159	89787	PTPRT	intron
chr20	57088305	57088539	6	6	-0.5415061	4.395585126302136e-34	hypo	1.4242678062878428e-33	true	""	""	intergenic	NaN	BMP7-AS1	-125273	""	""
chr20	61092265	61092497	9	9	0.37911707	1.7972786245591484e-45	hyper	9.927824783279106e-45	true	""	""	intergenic	NaN	LINC01718	13318	""	""
chr21	15407608	15407780	4	4	0.39286187	3.30596320112492e-24	hyper	6.039239863472294e-24	true	""	""	intergenic	NaN	USP25	-322239	""	""
chr21	16134095	16134339	4	4	-0.36099663	8.258016634723392e-25	hypo	1.5678067588018224e-24	true	NR_111005	MIR99AHG	intron	63104.0	MIR99AHG	-47180	MIR99AHG	intron;noncoding
chr21	19993302	19993464	4	4	0.3321995	9.194776510756198e-22	hyper	1.4335941871609127e-21	true	""	""	intergenic	NaN	LINC01683	-93628	""	""
chr21	20399364	20399500	4	4	-0.30281967	2.198025063373534e-22	hypo	3.576029556119634e-22	true	""	""	intergenic	NaN	LINC02573	-140747	""	""
chr21	21973993	21974237	5	5	0.36626065	5.148224034044253e-25	hyper	9.85468626978768e-25	true	""	""	intergenic	NaN	LINC01687	124344	""	""
chr21	27082184	27082471	3	3	0.3437566	4.945837251255491e-17	hyper	5.920713324516377e-17	true	""	""	intergenic	NaN	ADAMTS5	-115239	""	""
chr21	29824684	29824958	8	8	0.3985447	9.943101341672816e-56	hyper	8.180140110879764e-55	true	NM_175611	GRIK1	intron	115175.0	GRIK1-AS1	76647	GRIK1	intron
chr21	31306603	31307077	13	13	0.4698694	3.1903984277292316e-73	hyper	4.934482901554544e-72	true	NM_001353686	TIAM1	intron	37514.0	TIAM1	37514	TIAM1	intron
chr21	31346424	31346634	8	8	0.43099245	1.2716975642512043e-37	hyper	4.8208142958542375e-37	true	NM_001353693	TIAM1	intron	212558.0	TIAM1	-2175	TIAM1	intron
chr21	31583453	31583769	6	6	0.39695394	3.0442002437202156e-32	hyper	9.101217223493428e-32	true	""	""	intergenic	NaN	LOC150051	24379	""	""
chr21	32521091	32521214	4	4	-0.39897037	1.2994870297388072e-20	hypo	1.898494904908081e-20	true	""	""	intergenic	NaN	TCP10L	64371	""	""
chr21	32807940	32808094	5	5	-0.5159732	3.569824052442294e-29	hypo	8.75474820472106e-29	true	NM_001162495	C21orf62	intron	5686.0	C21orf62	5686	C21orf62	intron
chr21	37622580	37623309	14	7	0.4107604	2.764196141126977e-63	hyper	3.113075265735236e-62	true	NM_002240	KCNJ6	exon	293512.5	DYRK1A	202646	KCNJ6	exon
chr21	37623868	37623961	3	3	0.499733	2.1700060407436872e-17	hyper	2.6469053704129097e-17	true	NM_002240	KCNJ6	exon	292542.5	DYRK1A	203616	KCNJ6	exon
chr21	37711106	37711292	9	9	0.47136164	2.3286468962701363e-46	hyper	1.3372427721155238e-45	true	NM_002240	KCNJ6	intron	205258.0	KCNJ6	205258	KCNJ6	intron
chr21	38744165	38744467	10	10	0.56421274	2.530833499610057e-64	hyper	3.026563772729553e-63	true	NR_027066	LINC00114	intron	24658.0	LINC00114	24658	LINC00114	intron;noncoding
chr21	39851190	39851362	6	6	0.5550932	6.095881442378549e-47	hyper	3.571324481393493e-46	true	""	""	intergenic	NaN	PCP4	-16161	""	""
chr21	42409402	42409608	6	6	0.42174968	5.299964610131515e-31	hyper	1.4534181909580515e-30	true	NM_018961	UBASH3A	exon	5604.0	UBASH3A	5604	UBASH3A	exon;intron
chr21	42668428	42668839	21	21	0.5585965	1.3553530682092512e-152	hyper	9.826309744517072e-151	true	NM_001001570	PDE9A	intron	14882.5	PDE9A	14882	PDE9A	intron
chr21	43591980	43592268	5	5	0.36920252	1.639565969297384e-34	hyper	5.418508616481383e-34	true	NM_007031	HSF2BP	exon	67364.0	MIR6070	17865	HSF2BP	exon;intron
chr22	17140094	17140169	4	4	0.3113885	9.028269304629898e-19	hyper	1.1806981277757251e-18	true	NM_017829	HDHD5	intron	25155.5	LINC01664	18537	HDHD5	intron
chr22	28551749	28551875	3	3	0.36188236	2.1849406257156453e-20	hyper	3.132918573337637e-20	true	NM_001145418	TTC28	intron	128053.0	MIR5739	91944	TTC28	intron
chr22	34161393	34161773	9	5	-0.42044064	5.78004611461602e-45	hypo	3.033870358802979e-44	true	""	""	intergenic	NaN	LARGE1	-238759	""	""
chr22	34428725	34429093	8	8	0.55796933	4.0664311656196983e-84	hyper	7.370406487685703e-83	true	""	""	intergenic	NaN	LARGE1	-506085	""	""
chr22	43263506	43263621	9	9	0.48396668	1.0791746863199445e-47	hyper	6.452797093459461e-47	true	NM_173050	SCUBE1	intron	79808.5	SCUBE1-AS1	-12378	SCUBE1	intron
chr22	44134103	44134322	6	6	0.45480505	1.749781080530608e-31	hyper	4.926568090814333e-31	true	NM_001243385	PARVB	intron	65096.5	PARVG	-38743	PARVB	intron
chr22	44595842	44595925	3	3	0.5109205	4.916028883776755e-16	hyper	5.488540428470679e-16	true	""	""	intergenic	NaN	LINC00207	26544	""	""
chr22	47919117	47919385	9	9	-0.44947284	2.2255216959046397e-52	hypo	1.5838068510732405e-51	true	""	""	intergenic	NaN	LOC284930	287578	""	""
chr22	48257416	48257610	4	4	0.4685191	1.2992027102945894e-24	hyper	2.4346932858509268e-24	true	""	""	intergenic	NaN	MIR3201	-16850	""	""
chr22	49370704	49370839	5	5	0.4354559	1.0513023168068086e-27	hyper	2.3818568115154256e-27	true	""	""	intergenic	NaN	MIR3667	172695	""	""
chr22	49404815	49405175	15	15	0.6866425	8.086600132653006e-112	hyper	2.680130329679282e-110	true	""	""	intergenic	NaN	MIR3667	138471	""	""
chr3	335477	335660	5	5	-0.3971409	4.816609080854413e-31	hypo	1.330301555664552e-30	true	NM_001253388	CHL1	intron	15886.5	CHL1	15886	CHL1	intron
chr3	667981	668350	6	5	-0.31539837	7.216277483147825e-32	hypo	2.103236653379768e-31	true	NR_110118	LINC01266	intron	76061.5	LINC01266	76061	LINC01266	intron;noncoding
chr3	1463193	1463770	4	4	0.46503228	9.774911580395709e-24	hyper	1.7206217652896846e-23	true	""	""	intergenic	NaN	CNTN6	370458	""	""
chr3	7016246	7016632	6	4	-0.38580716	9.198769030280177e-31	hypo	2.4700398322048623e-30	true	NM_000844	GRM7	intron	155325.0	GRM7-AS2	-122422	GRM7	intron
chr3	8313838	8313963	4	4	0.4095307	1.9101550176261286e-20	hyper	2.762817731229812e-20	true	NR_033378	LMCD1-AS1	intron	187757.5	LMCD1-AS1	187758	LMCD1-AS1	intron;noncoding
chr3	11146067	11146173	3	3	0.4710145	2.108086877300604e-29	hyper	5.225172601856198e-29	true	NM_001098213	HRH1	intron	8883.0	HRH1	-8372	HRH1	intron
chr3	11168412	11168808	13	13	0.438683	5.576073429731204e-61	hyper	5.673899279375611e-60	true	NM_001098212	HRH1	intron	14118.0	HRH1	14118	HRH1	intron
chr3	18730462	18730572	3	3	-0.3872415	4.937019293953437e-17	hypo	5.91626279027478e-17	true	""	""	intergenic	NaN	SATB1	-284925	""	""
chr3	24770452	24770537	4	4	0.3254873	4.212000526927417e-21	hyper	6.337121415351237e-21	true	""	""	intergenic	NaN	RARB	-58828	""	""
chr3	31319729	31319909	4	4	-0.6743712	3.4788724674766136e-27	hypo	7.672038141203178e-27	true	""	""	intergenic	NaN	MIR466	-158032	""	""
chr3	37523862	37524071	3	3	-0.47216454	7.28450787748373e-27	hypo	1.573562223069111e-26	true	NM_002207	ITGA9	intron	71826.5	ITGA9	71826	ITGA9	intron
chr3	37561709	37561832	4	4	0.389191	7.42434390275019e-19	hyper	9.731343420553921e-19	true	NM_002207	ITGA9	intron	109630.5	ITGA9	109630	ITGA9	intron
chr3	38497526	38497731	3	3	-0.31724924	2.774923376721019e-17	hypo	3.374120667711092e-17	true	NM_005107	EXOG	exon	1289.5	EXOG	1289	EXOG	exon;intron;noncoding
chr3	40328580	40328708	4	4	0.37955156	7.546510823981416e-23	hyper	1.255947282039949e-22	true	""	""	intergenic	NaN	EIF1B	18938	""	""
chr3	40593664	40593879	4	4	-0.3722825	1.0193439598269554e-22	hypo	1.6819900332848765e-22	true	""	""	intergenic	NaN	ZNF621	68812	""	""
chr3	43388266	43388479	4	4	0.50438774	3.265582975822892e-30	hyper	8.474443516676856e-30	true	NM_001346468	ANO10	intron	303221.5	SNRK-AS1	-36410	ANO10	intron
chr3	43800181	43800333	3	3	-0.33184588	2.2617523787542084e-19	hypo	3.0614151217676566e-19	true	""	""	intergenic	NaN	ANO10	-108663	""	""
chr3	44548529	44548766	3	3	0.4887072	3.084504253999296e-20	hyper	4.390214643729059e-20	true	""	""	intergenic	NaN	ZKSCAN7	-6545	""	""
chr3	56001256	56001590	4	4	-0.5567536	1.0277512665661221e-41	hypo	4.886030611543859e-41	true	NM_015576	ERC2	intron	467044.0	MIR3938	-148829	ERC2	intron;noncoding
chr3	56633748	56633908	5	5	-0.4670585	6.03972814535449e-32	hypo	1.7781940732515757e-31	true	NM_001365637	TASOR	exon	49437.0	TASOR	30218	TASOR	exon;intron
chr3	60330023	60330434	6	6	0.3830514	1.3422272522271827e-40	hyper	6.1540854252313516e-40	true	NM_001320899	FHIT	intron	921223.5	FHIT	-249319	FHIT	intron
chr3	61255019	61255390	3	3	0.34246778	4.34062998996625e-18	hyper	5.508895829716466e-18	true	""	""	intergenic	NaN	FHIT	-3743	""	""
chr3	62377685	62377968	8	8	0.4700991	8.644832799444394e-40	hyper	3.741793301252051e-39	true	""	""	intergenic	NaN	FEZF2	-4276	""	""
chr3	63767130	63767268	3	3	0.31276006	1.1295336517294486e-17	hyper	1.3953770351503304e-17	true	""	""	intergenic	NaN	C3orf49	-52099	""	""
chr3	65564084	65564235	5	5	0.38198623	1.2903589869448999e-24	hyper	2.4220330499289382e-24	true	NM_001365905	MAGI1	intron	474758.5	MAGI1-AS1	-329656	MAGI1	intron
chr3	67614444	67614549	3	3	0.41493142	1.0753502012136145e-17	hyper	1.3298573916927429e-17	true	NM_003848	SUCLG2	intron	40115.5	SUCLG2	40116	SUCLG2	intron
chr3	68286818	68287004	4	4	0.43335634	2.4712751014018464e-24	hyper	4.5430730865707474e-24	true	NM_001252216	TAFA1	intron	295320.0	LOC105377146	-213725	TAFA1	intron
chr3	70488063	70488246	8	8	0.47991353	8.568191577269767e-61	hyper	8.642697590985156e-60	true	""	""	intergenic	NaN	MDFIC2	-175516	""	""
chr3	71104116	71104432	7	7	0.38613397	4.2059311646503187e-38	hyper	1.642720589560394e-37	true	NM_001349340	FOXP1	intron	479454.0	FOXP1	26312	FOXP1	intron;noncoding
chr3	71851071	71851214	3	3	0.58496267	2.689293473992944e-15	hyper	2.846332508970634e-15	true	""	""	intergenic	NaN	PROK2	-65994	""	""
chr3	72760161	72760362	3	3	0.31801665	9.714514160241876e-17	hyper	1.140570488449451e-16	true	NM_018130	SHQ1	intron	88183.5	SHQ1	88184	SHQ1	intron
chr3	75522913	75523090	3	3	0.40480113	7.314682410170033e-18	hyper	9.113890006226894e-18	true	""	""	intergenic	NaN	LINC02018	87694	""	""
chr3	75948506	75948670	4	4	0.5616071	1.625549651427061e-57	hyper	1.4504904581964544e-56	true	""	""	intergenic	NaN	ZNF717	-163039	""	""
chr3	79100508	79100790	5	5	-0.4110953	1.2354577643876074e-36	hypo	4.423243847807483e-36	true	NM_002941	ROBO1	intron	667349.0	ROBO1	-81190	ROBO1	intron
chr3	82787661	82787783	3	3	0.35461345	1.019130501728995e-15	hyper	1.1121273584248675e-15	true	""	""	intergenic	NaN	LINC02008	801581	""	""
chr3	84132813	84133102	3	3	-0.46752205	7.863053797663796e-18	hypo	9.77614405711683e-18	true	""	""	intergenic	NaN	LINC00971	736618	""	""
chr3	86783826	86784084	5	5	0.33724624	5.147895018909515e-31	hyper	1.4150611900319992e-30	true	""	""	intergenic	NaN	VGLL3	207194	""	""
chr3	86954719	86954795	3	3	0.4338757	1.1302009785837587e-20	hyper	1.6574375918548168e-20	true	NM_001320494	VGLL3	intron	36392.0	VGLL3	36392	VGLL3	intron
chr3	86973605	86973756	3	3	0.4656118	1.2965905356430884e-15	hyper	1.4082818551928676e-15	true	NM_001320493	VGLL3	intron	17468.5	VGLL3	17469	VGLL3	intron
chr3	86974662	86974777	3	3	0.3115772	1.5200651742133424e-14	hyper	1.5453773900854313e-14	true	NM_001320493	VGLL3	intron	16429.5	VGLL3	16430	VGLL3	intron
chr3	86978791	86980406	7	7	0.39567968	2.0287912806509656e-45	hyper	1.1153544481303887e-44	true	NM_001320493	VGLL3	exon	11550.5	VGLL3	11551	VGLL3	exon;intron
chr3	86986042	86986500	5	5	0.5113072	8.401434543296625e-33	hyper	2.5850567825528075e-32	true	NM_001320493	VGLL3	intron	4878.0	VGLL3	4878	VGLL3	intron
chr3	86993731	86994208	9	9	0.40897825	7.572382635193125e-55	hyper	5.975485616887091e-54	true	""	""	intergenic	NaN	VGLL3	-2820	""	""
chr3	95151746	95152294	4	4	0.2946005	2.0533814522204876e-19	hyper	2.7891363988006626e-19	true	""	""	intergenic	NaN	LINC00879	213758	""	""
chr3	95218089	95218164	3	3	0.2640379	1.896948346835791e-14	hyper	1.908464945645722e-14	true	""	""	intergenic	NaN	LINC00879	279864	""	""
chr3	96299932	96300515	6	6	0.4495724	2.0436239273056544e-38	hyper	8.174495709222618e-38	true	""	""	intergenic	NaN	MIR8060	-59740	""	""
chr3	98035265	98035457	3	3	-0.34383336	6.36428737949185e-20	hypo	8.873285288714598e-20	true	NM_001105580	GABRR3	promoter	-57.0	GABRR3	-57	GABRR3	exon;noncoding;promoter
chr3	106541126	106541730	4	4	0.37045258	1.6054032452964862e-20	hyper	2.330748140855975e-20	true	""	""	intergenic	NaN	CBLB	-672027	""	""
chr3	111074147	111075218	12	9	0.44157973	2.2738867347431902e-68	hyper	3.140129300359643e-67	true	NM_001243286	NECTIN3	intron	2867.5	NECTIN3	2867	NECTIN3	intron
chr3	112002900	112002969	3	3	0.47189987	1.1253431230409764e-15	hyper	1.2257258429366503e-15	true	NM_001008272	TAGLN3	intron	4013.5	TAGLN3	3775	TAGLN3	intron
chr3	114756835	114757315	3	3	-0.30092108	2.505063884275812e-22	hypo	4.0641595884754428e-22	true	NM_001348805	ZBTB20	intron	343233.0	ZBTB20	2032	ZBTB20	intron;noncoding
chr3	114758950	114759153	6	6	-0.35913113	1.8664238361818042e-30	hypo	4.9205719317520295e-30	true	NM_001164344	ZBTB20	promoter	55.5	ZBTB20	56	ZBTB20	exon;intron;noncoding;promoter
chr3	120573730	120573874	6	6	0.465914	1.0281961174804655e-28	hyper	2.46427168652343e-28	true	""	""	intergenic	NaN	NDUFB4	-22533	""	""
chr3	125387004	125387092	3	3	-0.40825287	1.0116076445127925e-15	hypo	1.1049575024810162e-15	true	""	""	intergenic	NaN	ZNF148	-11694	""	""
chr3	128248305	128248503	3	3	0.33143276	6.176081859465438e-18	hyper	7.720102324331798e-18	true	NM_021937	EEFSEC	intron	94924.0	RUVBL1	-94490	EEFSEC	intron
chr3	128563523	128563827	6	6	0.49405894	1.551360344823026e-55	hyper	1.2584461538424546e-54	true	""	""	intergenic	NaN	LINC01565	12411	""	""
chr3	128999624	129000076	11	11	0.43754098	5.966174317397368e-54	hyper	4.436386030885222e-53	true	NM_024768	EFCC1	promoter	-1453.0	EFCC1	-1453	CFAP92;EFCC1	intron;promoter
chr3	130200801	130201110	7	7	0.5505783	2.2631045203012774e-45	hyper	1.232488846736846e-44	true	""	""	intergenic	NaN	COL6A4P2	-11864	""	""
chr3	133613406	133613552	3	3	0.36065257	7.165338623467162e-20	hyper	9.954242878110069e-20	true	NM_001363889	TOPBP1	intron	48462.0	CDV3	39046	TOPBP1	intron
chr3	137111834	137112094	5	3	0.35107917	8.37323862618536e-24	hyper	1.4783800314117228e-23	true	""	""	intergenic	NaN	IL20RB	153982	""	""
chr3	137509636	137509986	13	13	-0.5896076	9.988438319229758e-109	hypo	3.049102223764873e-107	true	""	""	intergenic	NaN	SOX14	-254503	""	""
chr3	139229251	139229353	5	5	0.37731144	1.797682431735794e-26	hyper	3.7914756742064014e-26	true	""	""	intergenic	NaN	PISRT1	4220	""	""
chr3	141070658	141070929	7	7	0.45797333	1.3409791801015042e-38	hyper	5.401166142075503e-38	true	NM_080862	SPSB4	intron	19447.5	SPSB4	19447	SPSB4	intron
chr3	143081874	143082044	7	7	0.6331934	1.3857001448240253e-70	hyper	1.984459466661567e-69	true	""	""	intergenic	NaN	CHST2	-37811	""	""
chr3	143752331	143752640	6	6	-0.516721	4.331351313637497e-42	hypo	2.084799802414729e-41	true	NM_173653	SLC9A9	intron	95982.5	SLC9A9	95983	SLC9A9	intron
chr3	145798310	145798512	3	3	0.336002	4.600262129967007e-18	hyper	5.8066420791748944e-18	true	""	""	intergenic	NaN	LNCSRLR	270774	""	""
chr3	146626464	146626849	7	4	0.3596468	1.3254780827257076e-36	hyper	4.730937156805603e-36	true	""	""	intergenic	NaN	PLSCR5	-20440	""	""
chr3	146746731	146746900	3	3	0.2584576	1.5974984160075935e-14	hyper	1.6212582349683362e-14	true	""	""	intergenic	NaN	PLSCR5	-140599	""	""
chr3	150549741	150549822	3	3	0.3368895	2.1077377110422117e-17	hyper	2.5763706478492785e-17	true	NM_001319043	EIF2A	intron	3104.5	EIF2A	2995	EIF2A	intron
chr3	151974265	151974416	3	3	-0.30946827	2.358853879390489e-15	hypo	2.508038955172289e-15	true	""	""	intergenic	NaN	AADACL2-AS1	-46165	""	""
chr3	155648374	155648578	6	6	0.34722245	1.4559385608384576e-29	hyper	3.655603312927729e-29	true	NM_001349252	PLCH1	intron	96595.0	PLCH1	27867	PLCH1	intron
chr3	157631571	157631772	8	8	0.3926571	2.588553077182958e-45	hyper	1.3966146835033632e-44	true	""	""	intergenic	NaN	SLC66A1L	88360	""	""
chr3	158058978	158059083	7	7	0.4849693	4.238766389958521e-54	hyper	3.1928370210077174e-53	true	""	""	intergenic	NaN	SHOX2	47133	""	""
chr3	165502251	165502382	4	4	-0.43985665	1.5069727741645444e-21	hypo	2.3184196525608375e-21	true	NR_125764	LINC01322	intron	295357.5	LINC01322	295357	LINC01322	intron;noncoding
chr3	168214102	168214239	4	4	0.4477447	3.7013491784815147e-31	hyper	1.029631905764642e-30	true	""	""	intergenic	NaN	EGFEM1P	-35351	""	""
chr3	168828222	168828480	5	5	0.46224865	3.720259294230967e-45	hyper	1.9795875143614321e-44	true	NR_021485	EGFEM1P	intron	578830.0	LINC02082	-73593	EGFEM1P	intron;noncoding
chr3	170738922	170739082	3	3	0.3879173	2.1600148157414674e-15	hyper	2.300842227970709e-15	true	NR_135556	SLC7A14-AS1	intron	271718.0	RPL22L1	131193	SLC7A14-AS1	intron;noncoding
chr3	171194515	171194600	4	4	-0.39462802	3.1365173022892334e-20	hypo	4.4587745963915575e-20	true	NM_001161564	TNIK	exon	265847.5	MIR569	-87798	TNIK	exon;intron
chr3	172112283	172112739	8	8	0.50872993	2.5809076306097655e-49	hyper	1.6449740942347955e-48	true	NM_022763	FNDC3B	exon	72934.0	FNDC3B	71981	FNDC3B	exon;intron
chr3	172222547	172222815	8	8	0.43680662	2.604437989617713e-44	hyper	1.3547749183661645e-43	true	NM_022763	FNDC3B	intron	183104.0	FNDC3B	182151	FNDC3B	intron
chr3	175347126	175347219	3	3	-0.34348193	1.7134332409708234e-15	hypo	1.8454805566630967e-15	true	NM_207015	NAALADL2	intron	487839.5	MIR4789	-22367	NAALADL2	intron
chr3	177131016	177131194	4	4	0.47323817	4.417190348877453e-22	hyper	7.067504558203925e-22	true	NM_001321193	TBL1XR1	intron	65373.0	TBL1XR1	65373	TBL1XR1	intron
chr3	177681590	177681692	3	3	0.3046862	6.866861946096034e-15	hyper	7.118462785944057e-15	true	NR_047568	LINC00578	intron	239721.0	LINC02015	-135223	LINC00578	intron;noncoding
chr3	179464865	179465042	6	6	0.3478886	2.856069169799432e-30	hyper	7.428341338491796e-30	true	""	""	intergenic	NaN	GNB4	-13483	""	""
chr3	181359761	181359868	3	3	0.34744942	6.561589331891738e-26	hyper	1.3400428917243691e-25	true	NR_075091	SOX2-OT	intron	303135.5	LOC102724604	82672	SOX2-OT	intron;noncoding
chr3	182482836	182482971	4	4	-0.38047236	5.8750005471105415e-24	hypo	1.0533231274572222e-23	true	NR_040105	LINC01994	intron	3458.5	LINC01994	3459	LINC01994	intron;noncoding
chr3	185630092	185630208	3	3	-0.38020286	3.854210645439296e-18	hypo	4.902285470076298e-18	true	NM_021627	SENP2	exon	43856.0	SENP2	43856	SENP2	exon
chr3	185724837	185725058	3	3	0.38423285	1.2611290503181522e-14	hyper	1.2866400161557225e-14	true	NR_126326	IGF2BP2-AS1	exon	11696.5	IGF2BP2-AS1	11696	IGF2BP2;IGF2BP2-AS1	exon;intron;noncoding
chr3	186214107	186214213	4	4	0.36431548	2.097168625628567e-23	hyper	3.6309188145211016e-23	true	NM_001080745	DGKG	intron	148074.0	ETV5	-105071	DGKG	intron
chr3	190092635	190092895	3	3	-0.49190402	1.383967954783866e-20	hypo	2.0193746258481566e-20	true	NM_001134418	P3H2	intron	29672.0	P3H2	28132	P3H2	intron
chr3	190545859	190546166	7	7	0.41197348	2.0571587001849627e-45	hyper	1.125615137837055e-44	true	NM_001364880	IL1RAP	intron	31928.5	IL1RAP	31928	IL1RAP	intron;noncoding
chr3	194323987	194324191	14	14	0.527595	4.228549494795577e-66	hyper	5.390238916442714e-65	true	""	""	intergenic	NaN	LINC00887	-11285	""	""
chr3	198127882	198128143	3	3	-0.3892015	9.307186794897195e-16	hypo	1.0214131203482257e-15	true	""	""	intergenic	NaN	FAM157A	-25193	""	""
chr4	4058996	4059368	7	7	0.3723146	6.570283742679741e-39	hyper	2.7122879507147685e-38	true	""	""	intergenic	NaN	FAM86EP	-103754	""	""
chr4	4939642	4939912	6	6	0.4023036	8.540151832899976e-31	hyper	2.298509542033404e-30	true	NR_125893	LOC101928306	intron	18970.0	LOC101928306	18970	LOC101928306	intron;noncoding
chr4	6016707	6017293	12	12	0.40349367	1.2227180568520441e-66	hyper	1.593654995447608e-65	true	NM_001364690	C4orf50	intron	1546.0	C4orf50	1546	C4orf50	intron
chr4	8090618	8090962	9	9	0.44314986	3.2205626296188585e-48	hyper	1.966238237030461e-47	true	NM_001130083	ABLIM2	intron	68023.0	ABLIM2	-18802	ABLIM2	intron
chr4	9106161	9106345	10	10	-0.3802472	2.043936112111882e-49	hypo	1.3099259061048525e-48	true	""	""	intergenic	NaN	FAM90A26	-66919	""	""
chr4	11407224	11407412	3	3	0.45805398	2.0623795933951448e-21	hyper	3.1519898924089167e-21	true	NM_005114	HS3ST1	intron	21576.0	HS3ST1	21576	HS3ST1	intron
chr4	11684377	11684799	4	3	0.37578055	2.8138243974223395e-19	hyper	3.782197336048568e-19	true	""	""	intergenic	NaN	LINC02360	84880	""	""
chr4	15148250	15148547	10	10	0.43984818	6.684110464317001e-50	hyper	4.3559371565211915e-49	true	NR_125911	C1QTNF7-AS1	intron	279515.5	CPEB2	145918	C1QTNF7-AS1	intron;noncoding
chr4	18935910	18936154	4	4	-0.36331043	3.0164173716825416e-19	hypo	4.0404666872422035e-19	true	""	""	intergenic	NaN	LCORL	-914157	""	""
chr4	19193022	19193365	11	7	0.31949532	1.7179029231271367e-49	hyper	1.1070929949041548e-48	true	""	""	intergenic	NaN	SLIT2	-1058711	""	""
chr4	20676867	20677191	7	7	0.49115396	6.706034299994018e-36	hyper	2.3430722252991147e-35	true	""	""	intergenic	NaN	PACRGL	-19252	""	""
chr4	21710285	21710474	5	5	0.36114997	4.1114491827264293e-23	hyper	6.980749621006497e-23	true	NM_147182	KCNIP4	intron	238371.5	KCNIP4	-12684	KCNIP4	intron
chr4	22373537	22373768	6	6	0.420271	2.362049231783143e-30	hyper	6.185049907152248e-30	true	""	""	intergenic	NaN	LOC100505912	-33986	""	""
chr4	22871128	22871300	5	5	0.41406712	1.1402358584729458e-26	hyper	2.4403571878756775e-26	true	""	""	intergenic	NaN	GBA3	157123	""	""
chr4	26838503	26838742	3	3	0.35879746	9.575146489674964e-20	hyper	1.3191413216179286e-19	true	""	""	intergenic	NaN	STIM2-AS1	21622	""	""
chr4	28702608	28702995	4	4	-0.43071488	7.421554626604871e-31	hypo	2.0067606915761423e-30	true	""	""	intergenic	NaN	MIR4275	-116780	""	""
chr4	31998020	31998454	6	6	0.39936325	1.7639592843904687e-65	hyper	2.1538871262030988e-64	true	NR_125936	LINC02506	intron	859.0	LINC02506	859	LINC02506	intron;noncoding
chr4	40672617	40672819	6	6	-0.40619588	6.441176254775587e-31	hypo	1.7457393587709533e-30	true	""	""	intergenic	NaN	RBM47	-42124	""	""
chr4	41598958	41599038	3	3	0.34248757	1.792771916105699e-23	hyper	3.117864201922955e-23	true	NM_001330789	LIMCH1	exon	238192.0	LIMCH1	-13710	LIMCH1	exon;intron
chr4	44842700	44842908	4	4	0.45207164	6.006317878661659e-27	hyper	1.3071911330670777e-26	true	""	""	intergenic	NaN	GNPDA2	-116170	""	""
chr4	45588215	45588407	4	4	0.38757324	3.5593148119396096e-25	hyper	6.904356491387871e-25	true	""	""	intergenic	NaN	GABRG1	535743	""	""
chr4	48629222	48629567	5	3	0.27480525	6.03952631388186e-26	hyper	1.2377827781100633e-25	true	NM_015030	FRYL	intron	150884.5	ZAR1	139143	FRYL	intron
chr4	53959606	53959775	4	4	0.47506124	3.171386155670757e-20	hyper	4.491828987274821e-20	true	""	""	intergenic	NaN	RPL21P44	27592	""	""
chr4	53963465	53963581	3	3	-0.43761888	9.588396249528226e-17	hypo	1.128046617591556e-16	true	""	""	intergenic	NaN	RPL21P44	23759	""	""
chr4	58132174	58132426	5	5	0.37511876	1.6606924310595707e-25	hyper	3.315668192821174e-25	true	""	""	intergenic	NaN	LINC02494	404028	""	""
chr4	60742109	60742327	3	3	-0.3968849	4.879922964387237e-21	hypo	7.332526734053361e-21	true	""	""	intergenic	NaN	MIR548AG1	-180400	""	""
chr4	70494218	70494358	4	3	-0.3084506	3.253600436929067e-21	hypo	4.9015279309580746e-21	true	""	""	intergenic	NaN	MUC7	22092	""	""
chr4	76047768	76047981	3	3	0.47503328	9.400057536607434e-16	hyper	1.0296569161911825e-15	true	NM_001377183	ART3	intron	36685.5	CXCL11	-11804	ART3	intron
chr4	77367625	77368050	6	6	0.4708178	2.3317607926426625e-45	hyper	1.2639451025539666e-44	true	""	""	intergenic	NaN	CXCL13	-143915	""	""
chr4	86387099	86387273	5	5	0.37932304	2.5739685610296607e-27	hyper	5.698098341210699e-27	true	NM_002753	MAPK10	intron	66009.0	MAPK10	-16319	MAPK10	intron
chr4	87600428	87600551	3	3	-0.52655625	3.374471617281388e-16	hypo	3.811477191866027e-16	true	""	""	intergenic	NaN	DSPP	-8039	""	""
chr4	89198260	89198404	3	3	-0.43013096	5.021742338761042e-20	hypo	7.052325802618412e-20	true	""	""	intergenic	NaN	TIGD2	86800	""	""
chr4	95539215	95539282	3	3	0.34911573	5.268479310162099e-16	hyper	5.87073583072818e-16	true	NM_003728	UNC5C	intron	9724.5	UNC5C	9725	UNC5C	intron
chr4	98801171	98801416	5	5	-0.43862146	3.16342454395357e-26	hypo	6.588101384176197e-26	true	""	""	intergenic	NaN	EIF4E	127840	""	""
chr4	109088728	109088948	3	3	0.38018012	1.224231786735331e-17	hyper	1.5075465738991337e-17	true	NM_001256074	COL25A1	intron	213820.0	COL25A1	213820	COL25A1	intron;noncoding
chr4	109095584	109095742	3	3	0.51243764	2.2414062764170983e-30	hyper	5.882423711863878e-30	true	NR_045756	COL25A1	intron	206995.0	COL25A1	206995	COL25A1	intron;noncoding
chr4	116011029	116011207	4	4	0.384802	2.210256790624447e-27	hyper	4.902290396031278e-27	true	""	""	intergenic	NaN	MIR1973	-288606	""	""
chr4	117806945	117807089	4	4	0.33777183	4.7007752231685255e-23	hyper	7.925725666970189e-23	true	""	""	intergenic	NaN	LINC02264	-27383	""	""
chr4	123338704	123339135	8	8	-0.60686517	4.9944759839752356e-49	hypo	3.1658973450334824e-48	true	""	""	intergenic	NaN	SPRY1	-57875	""	""
chr4	137528552	137528760	3	3	0.33879182	3.986212626762872e-17	hyper	4.801668376993698e-17	true	NM_001300828	PCDH18	exon	3838.0	PCDH18	3838	PCDH18	exon;intron
chr4	137529586	137530431	17	17	0.5200578	1.4500256457103985e-150	hyper	9.344609716800346e-149	true	NM_001300828	PCDH18	exon	2485.5	PCDH18	2486	PCDH18	exon;intron
chr4	138673101	138673290	7	7	0.51046664	1.8854712310731786e-36	hyper	6.70903873633401e-36	true	""	""	intergenic	NaN	LOC105377448	339451	""	""
chr4	139986155	139986369	5	5	0.41861048	7.757128929220675e-31	hyper	2.0926208274176702e-30	true	NM_018717	MAML3	intron	167922.0	LOC101927516	-141752	MAML3	intron
chr4	142352026	142352214	4	4	-0.39727652	2.0489490667968527e-23	hypo	3.5580552656951335e-23	true	NM_001385381	INPP4B	intron	53326.0	INPP4B	-46176	INPP4B	intron;noncoding
chr4	143352877	143353000	3	3	-0.32818806	1.971112332639179e-15	hypo	2.1034869419148553e-15	true	NM_002039	GAB1	intron	16063.5	MIR3139	9479	GAB1	intron
chr4	143667500	143667745	3	3	-0.37365496	1.0186193514855424e-21	hypo	1.5839121283153205e-21	true	NM_001168235	FREM3	intron	33052.5	FREM3	33053	FREM3	intron
chr4	144587651	144587794	4	4	0.4894956	7.0107349188661e-29	hyper	1.6872308103495177e-28	true	""	""	intergenic	NaN	HHIP-AS1	58297	""	""
chr4	147492890	147493101	6	6	0.4075524	1.12345100324634e-34	hyper	3.755628714022347e-34	true	NM_001957	EDNRA	intron	11899.5	EDNRA	11899	EDNRA	intron;noncoding
chr4	155248653	155249032	5	5	-0.4162375	2.1296179497843786e-28	hypo	4.981409357444733e-28	true	""	""	intergenic	NaN	NPY2R	40207	""	""
chr4	155674713	155674970	5	5	0.4120931	1.4107195289570009e-34	hyper	4.70239842985667e-34	true	NM_001130682	GUCY1A1	intron	7994.5	GUCY1A1	7180	GUCY1A1	intron
chr4	156749667	156749851	3	3	0.43191674	2.113160564395876e-19	hyper	2.86362880221871e-19	true	""	""	intergenic	NaN	PDGFC	222040	""	""
chr4	157014879	157015201	9	9	0.45935515	1.0550946276280215e-60	hyper	1.0550946276280215e-59	true	""	""	intergenic	NaN	PDGFC	-43241	""	""
chr4	158524245	158524331	3	3	-0.36957183	6.59075920495348e-17	hypo	7.825261696771788e-17	true	NM_021634	RXFP1	intron	2407.0	RXFP1	2407	RXFP1	intron;noncoding
chr4	163611370	163611756	5	5	0.32762727	3.411649220336397e-25	hyper	6.629000160117622e-25	true	NM_017923	MARCHF1	intron	1971.0	MARCHF1	1971	MARCHF1	intron
chr4	167688452	167689108	16	16	0.52922446	1.2444935641066423e-126	hyper	5.77445013745482e-125	true	""	""	intergenic	NaN	ANXA10	-403756	""	""
chr4	177596549	177596619	3	3	0.33103815	1.1906030118981091e-14	hyper	1.2179007881850146e-14	true	""	""	intergenic	NaN	LINC01098	-132172	""	""
chr4	178595770	178596089	5	5	0.43242532	5.961139428179799e-28	hyper	1.361205066277277e-27	true	""	""	intergenic	NaN	LINC01099	-687993	""	""
chr4	182403950	182404072	3	3	-0.36551723	6.082397776017667e-22	hypo	9.638772431940566e-22	true	NM_001080477	TENM3	intron	160610.0	TENM3	160610	TENM3	intron
chr4	182560976	182561042	4	4	0.36915994	7.06885411152958e-19	hyper	9.286376862258566e-19	true	NM_001080477	TENM3	intron	317608.0	TENM3	317608	TENM3	intron
chr4	182767925	182768322	11	11	0.41202185	1.4113980012255786e-65	hyper	1.7604534208835174e-64	true	NM_001080477	TENM3	intron	524722.5	DCTD	149130	TENM3	intron
chr4	185783629	185783828	4	4	0.442596	2.726443052070115e-25	hyper	5.333345599327713e-25	true	NM_001145671	SORBS2	intron	27375.5	SORBS2	-7874	SORBS2	intron
chr4	188434575	188434807	4	3	0.36491495	1.3162363053501424e-19	hyper	1.8005119271299117e-19	true	""	""	intergenic	NaN	LINC01060	-20886	""	""
chr5	1428686	1429183	10	10	0.6545776	1.1343921800918825e-94	hyper	2.6854998549113954e-93	true	""	""	intergenic	NaN	LINC01511	-48861	""	""
chr5	1943079	1943139	3	3	0.31590715	2.987681364539292e-18	hyper	3.825287398306379e-18	true	""	""	intergenic	NaN	CTD-2194D22.4	55779	""	""
chr5	2588441	2588605	6	6	0.30216435	1.7491958232720623e-31	hyper	4.926568090814333e-31	true	""	""	intergenic	NaN	LSINCT5	-124067	""	""
chr5	2607807	2607916	4	4	0.31324756	3.8246202711284166e-23	hyper	6.505219229485283e-23	true	""	""	intergenic	NaN	LSINCT5	-104729	""	""
chr5	2744467	2745347	9	9	0.38907704	2.793623433440994e-63	hyper	3.115964598838032e-62	true	NM_033267	IRX2	TTS	6770.0	IRX2	6770	IRX2	TTS
chr5	2746408	2747042	8	8	0.54025507	1.2552679426329527e-84	hyper	2.348565828151976e-83	true	NM_033267	IRX2	exon	4952.0	IRX2	4952	IRX2	exon;intron
chr5	2747556	2748339	39	39	0.5727493	0.0	hyper	0.0	true	NM_033267	IRX2	exon	3729.5	IRX2	3730	IRX2	exon;intron
chr5	2749297	2749492	18	15	0.5526211	4.3880898233123234e-88	hyper	9.0896146340041e-87	true	NM_001134222	IRX2	exon	2282.5	IRX2	2283	IRX2	exon;intron
chr5	3518159	3518516	11	11	0.43824947	9.950664137026065e-51	hyper	6.830041656183571e-50	true	NR_033898	LINC01019	intron	17756.5	LINC01017	-14333	LINC01019	intron;noncoding
chr5	5040833	5040903	3	3	0.3550837	1.7778282905582385e-15	hyper	1.911288987069098e-15	true	NR_026994	LINC01020	intron	6510.0	LINC01020	6510	LINC01020	intron;noncoding
chr5	5616471	5616739	6	6	-0.5751148	1.9688497866641284e-60	hypo	1.93547945129694e-59	true	""	""	intergenic	NaN	ICE1	193929	""	""
chr5	6115871	6115935	4	4	0.4079185	1.1280664143057506e-28	hyper	2.6925041987544664e-28	true	""	""	intergenic	NaN	LINC02145	221389	""	""
chr5	7070608	7070759	4	4	0.5405669	2.2165722690612653e-26	hyper	4.6495910164757104e-26	true	""	""	intergenic	NaN	LOC442132	236031	""	""
chr5	7562622	7562688	3	3	0.36952892	9.22115520444198e-21	hyper	1.3608829563807504e-20	true	NM_020546	ADCY2	intron	166518.0	ADCY2	166518	ADCY2	intron
chr5	7877046	7877121	3	3	-0.37612292	3.4396387877212217e-15	hypo	3.627255448869652e-15	true	NR_134480	MTRR	intron	7936.5	MTRR	7936	MTRR	intron;noncoding
chr5	9442891	9443185	4	4	0.4816373	5.785590809690832e-25	hyper	1.103829825533119e-24	true	NM_003966	SEMA5A	intron	103037.0	SEMA5A-AS1	-68294	SEMA5A	intron
chr5	9596210	9596577	5	5	0.3481646	4.670214112138385e-24	hyper	8.425269626874847e-24	true	""	""	intergenic	NaN	TAS2R1	33958	""	""
chr5	14160174	14160466	6	6	0.41958985	5.731743480192587e-43	hyper	2.8658717400962934e-42	true	NR_134469	TRIO	intron	16979.0	TRIO	16979	TRIO	intron;noncoding
chr5	17918250	17918789	4	4	0.3475589	1.1236725295284618e-27	hyper	2.540857961506853e-27	true	NR_134286	LINC02223	intron	111246.5	LINC02223	111246	LINC02223	intron;noncoding
chr5	18713257	18713444	5	5	0.4014469	1.5646996447496621e-37	hyper	5.873953358930771e-37	true	""	""	intergenic	NaN	LINC02223	906077	""	""
chr5	18944920	18945130	5	5	0.34499496	5.373394820177527e-27	hyper	1.1721036706342364e-26	true	""	""	intergenic	NaN	CDH18	941247	""	""
chr5	19282934	19283180	3	3	-0.41572055	2.1075182571811721e-19	hypo	2.85932301559083e-19	true	""	""	intergenic	NaN	CDH18	603215	""	""
chr5	27702682	27702840	3	3	-0.37768963	9.61185273264442e-17	hypo	1.1296605035326775e-16	true	""	""	intergenic	NaN	PURPL	230470	""	""
chr5	33781802	33781961	4	4	0.41891778	1.6338486748415741e-25	hyper	3.2676973496831483e-25	true	NM_001324511	ADAMTS12	intron	110108.5	ADAMTS12	110109	ADAMTS12	intron
chr5	34510152	34510301	4	4	0.4198788	2.6846275892921392e-21	hyper	4.070807847815532e-21	true	""	""	intergenic	NaN	RAI14	-146101	""	""
chr5	38264055	38264325	5	5	0.47592634	1.8718346758367377e-32	hyper	5.684105298352398e-32	true	NM_001205301	EGFLAM	intron	5632.0	EGFLAM	5632	EGFLAM	intron
chr5	41419233	41419346	3	3	0.3855009	1.2183922997538212e-17	hyper	1.5019501250950398e-17	true	NM_001005473	PLCXD3	intron	91311.5	PLCXD3	91312	PLCXD3	intron
chr5	51574008	51574216	4	4	-0.3546976	1.504576927930944e-24	hypo	2.7969699301280372e-24	true	""	""	intergenic	NaN	ISL1	190665	""	""
chr5	52077574	52077940	3	3	0.4757596	2.1099152801232405e-28	hyper	4.954456933082913e-28	true	""	""	intergenic	NaN	LINC02118	69727	""	""
chr5	52078812	52079201	5	5	0.41016945	3.1084538058426234e-29	hyper	7.639420370291194e-29	true	""	""	intergenic	NaN	LINC02118	70976	""	""
chr5	66440153	66440314	4	4	0.3982935	5.919695970809698e-23	hyper	9.908870600489539e-23	true	""	""	intergenic	NaN	LINC02229	71371	""	""
chr5	72495571	72495676	4	4	0.37335736	5.907220724567394e-22	hyper	9.39969278531986e-22	true	NM_152625	ZNF366	intron	11786.5	ZNF366	11787	ZNF366	intron
chr5	72928537	72928788	3	3	0.5610525	2.9073269851307473e-29	hyper	7.160295759557679e-29	true	""	""	intergenic	NaN	FCHO2	-27378	""	""
chr5	76867041	76867245	4	4	0.37160268	1.3348000085845016e-22	hyper	2.186960466042404e-22	true	NM_130772	S100Z	intron	17130.0	S100Z	17130	S100Z	intron
chr5	78103363	78103499	4	4	0.30230764	2.6345171922120625e-25	hyper	5.179728716891513e-25	true	NM_001271769	AP3B1	intron	191267.0	LOC101929154	145185	AP3B1	intron
chr5	78915351	78915438	3	3	0.35052964	1.692665573864622e-16	hyper	1.9545749765585097e-16	true	NM_198709	ARSB	intron	70563.5	ARSB	69916	ARSB	intron
chr5	81167602	81167968	7	7	0.4891794	5.2551879426566815e-42	hyper	2.51901570805031e-41	true	NM_006909	RASGRF2	intron	207423.0	CKMT2	-65534	RASGRF2	intron
chr5	83941105	83941245	4	4	0.4880792	5.093472476686188e-25	hyper	9.76599681480327e-25	true	NM_005711	EDIL3	exon	443705.0	HAPLN1	-220320	EDIL3	exon
chr5	88089990	88090140	4	4	0.44437698	8.709575574838892e-24	hyper	1.5354266970840602e-23	true	""	""	intergenic	NaN	TMEM161B	178780	""	""
chr5	90548728	90549038	3	2	0.289955	6.130546468981302e-16	hyper	6.805199908151494e-16	true	""	""	intergenic	NaN	ADGRV1	-9913	""	""
chr5	93821103	93821273	4	4	0.2760164	8.308123507857657e-23	hyper	1.3787443875700833e-22	true	NM_001163418	FAM172A	intron	290511.0	POU5F2	-79588	FAM172A	intron;noncoding
chr5	93880971	93881143	3	3	0.26287663	7.640953818323397e-16	hyper	8.441434694528705e-16	true	NR_028080	FAM172A	intron	230642.0	POU5F2	-139457	FAM172A	intron;noncoding
chr5	94461294	94461668	5	5	0.4211626	2.152147081633908e-29	hyper	5.323007707239517e-29	true	NM_001385712	KIAA0825	intron	157123.0	KIAA0825	156644	KIAA0825	intron;noncoding
chr5	95401621	95401869	3	3	0.32635558	1.206047208517302e-18	hyper	1.5684021994171191e-18	true	NM_152548	FAM81B	intron	10380.0	FAM81B	10380	FAM81B	intron
chr5	97452000	97452511	5	3	0.3090356	1.2513499393123318e-25	hyper	2.5200797388928903e-25	true	""	""	intergenic	NaN	LINC01340	-52440	""	""
chr5	100774826	100775179	12	12	0.6057798	1.2539614219326752e-133	hyper	6.611796588372287e-132	true	""	""	intergenic	NaN	MIR548P	41563	""	""
chr5	100789813	100790058	4	4	0.3553139	2.843913903545797e-21	hyper	4.295494958480631e-21	true	""	""	intergenic	NaN	MIR548P	26630	""	""
chr5	101364588	101364688	4	4	0.34292534	2.798072414112993e-24	hyper	5.1195015778723524e-24	true	""	""	intergenic	NaN	ST8SIA4	-461356	""	""
chr5	107651438	107651638	6	6	0.3878328	9.891750046150955e-34	hyper	3.169732058987599e-33	true	NM_001962	EFNA5	intron	19399.0	EFNA5	19399	EFNA5	intron
chr5	107661472	107661732	3	3	0.40809083	3.0304146811154726e-18	hyper	3.871454878958093e-18	true	NM_001962	EFNA5	intron	9335.0	EFNA5	9335	EFNA5	intron
chr5	107668521	107668741	4	4	0.44530463	1.6638289888412896e-21	hyper	2.5529651151533016e-21	true	NM_001962	EFNA5	intron	2306.0	EFNA5	2306	EFNA5	intron
chr5	113924986	113925140	3	3	-0.2765369	9.101166341989902e-17	hypo	1.072901723242712e-16	true	""	""	intergenic	NaN	KCNN2	-130914	""	""
chr5	114006400	114006655	3	3	0.5543944	5.953584195198691e-28	hyper	1.361205066277277e-27	true	""	""	intergenic	NaN	KCNN2	-49450	""	""
chr5	115360311	115360483	3	3	-0.39921817	1.8136962589152655e-17	hypo	2.2192907809511687e-17	true	""	""	intergenic	NaN	CCDC112	-63743	""	""
chr5	122390909	122391083	3	3	0.28448623	2.7397850250914136e-16	hyper	3.106696607141779e-16	true	NM_001308108	SNCAIP	promoter	-92.0	SNCAIP	-92	SNCAIP	intron;noncoding;promoter
chr5	123755756	123756088	4	4	0.3195588	4.2200168590271773e-23	hyper	7.146305921856241e-23	true	""	""	intergenic	NaN	CSNK1G3	210506	""	""
chr5	125315142	125315205	3	3	0.28460002	1.1479075401477244e-14	hyper	1.1763010128722266e-14	true	NR_109882	LOC101927421	intron	278343.5	LINC02240	-178087	LOC101927421	intron;noncoding
chr5	125812289	125812528	3	3	0.2547118	7.307526176247797e-15	hyper	7.561757684609674e-15	true	""	""	intergenic	NaN	LINC02240	319148	""	""
chr5	130635823	130636185	5	5	0.456459	6.221607367275846e-37	hyper	2.2911316019174544e-36	true	""	""	intergenic	NaN	HINT1	529252	""	""
chr5	135112468	135112585	4	4	-0.38658434	3.2095313808644373e-19	hypo	4.289235485947865e-19	true	NR_161235	C5orf66	intron	79253.5	C5orf66-AS1	-72479	C5orf66	intron;noncoding
chr5	144751840	144751993	4	4	0.37761673	1.5668429434257488e-27	hyper	3.508760259409013e-27	true	""	""	intergenic	NaN	KCTD16	546526	""	""
chr5	152511290	152511501	4	4	0.5297689	1.2219922549361269e-54	hyper	9.513496749838303e-54	true	""	""	intergenic	NaN	NMUR2	-106116	""	""
chr5	155884144	155884384	5	5	-0.4813828	7.955049507237177e-32	hypo	2.3069643570987813e-31	true	""	""	intergenic	NaN	SGCD	-442899	""	""
chr5	157498485	157498736	3	3	-0.32176653	2.941659844246314e-17	hypo	3.569378053687996e-17	true	NM_033274	ADAM19	intron	77164.5	NIPAL4	38398	ADAM19	intron
chr5	158529570	158529772	3	3	0.35243154	1.1865705229712692e-16	hyper	1.384730187773312e-16	true	""	""	intergenic	NaN	LINC02227	-119898	""	""
chr5	158773618	158773936	5	5	-0.43530664	2.0318660107321337e-37	hypo	7.578664220094132e-37	true	NM_001324106	EBF1	intron	326139.0	EBF1	324179	EBF1	intron
chr5	158977758	158978928	18	18	0.7687243	1.743281718722228e-287	hyper	5.0555169842944614e-285	true	NM_182708	EBF1	intron	121573.0	EBF1	119613	EBF1	intron
chr5	158979491	158979596	4	4	0.53240085	6.982255552688262e-30	hyper	1.7879506492535064e-29	true	NM_001324107	EBF1	intron	120372.5	EBF1	118413	EBF1	intron
chr5	159206132	159206282	6	5	-0.37359038	6.962747139745248e-28	hypo	1.5867950259537302e-27	true	NM_001199382	RNF145	intron	1441.0	RNF145	1441	RNF145	intron
chr5	159975458	159975632	3	3	0.36995518	6.404753804759313e-16	hyper	7.096002305177462e-16	true	""	""	intergenic	NaN	TTC1	-33554	""	""
chr5	162948868	162948985	4	4	0.35342517	2.4066747948495162e-24	hyper	4.4313377175006966e-24	true	""	""	intergenic	NaN	CCNG1	-488644	""	""
chr5	164253539	164253838	5	5	0.30315432	2.799945662586885e-28	hyper	6.495873937201573e-28	true	""	""	intergenic	NaN	LINC02143	213714	""	""
chr5	167575757	167575808	3	3	0.3079118	4.807136297132871e-16	hyper	5.372136902383556e-16	true	NM_001368146	TENM2	intron	2124.5	TENM2	2124	TENM2	intron
chr5	172156680	172157068	11	11	0.4662926	1.2842049329598298e-67	hyper	1.71227324394644e-66	true	NM_005990	STK10	exon	31350.0	STK10	31350	STK10	exon;intron
chr5	175248699	175248802	4	4	0.48090893	1.1519948530233426e-33	hyper	3.6813058664106814e-33	true	""	""	intergenic	NaN	DRD1	195432	""	""
chr5	180724624	180724708	3	3	0.42474067	6.94131773583787e-20	hyper	9.65459061579368e-20	true	""	""	intergenic	NaN	OR2Y1	15392	""	""
chr5	180728227	180728474	3	3	0.31093115	1.731063043120877e-16	hyper	1.99605678928451e-16	true	""	""	intergenic	NaN	OR2Y1	11708	""	""
chr6	999589	999785	8	8	0.3471474	1.0400005722382195e-37	hyper	3.955412012446999e-37	true	NR_027115	LINC01622	intron	101645.0	LINC01622	101645	LINC01622	intron;noncoding
chr6	1055990	1056284	5	5	0.457712	4.617634966313755e-27	hyper	1.0144804092659007e-26	true	NR_027116	LINC01622	intron	45195.0	LINC01622	45195	LINC01622	intron;noncoding
chr6	1665969	1666292	9	9	0.37635803	1.9842504860869652e-50	hyper	1.3382154441051627e-49	true	NM_001500	GMDS	intron	579474.5	FOXC1	56216	GMDS	intron
chr6	3008961	3009311	10	10	0.41554293	2.2305384734455866e-56	hyper	1.9166108364421336e-55	true	NM_001290222	NQO2	intron	9321.0	NQO2	8979	NQO2	intron
chr6	3340326	3340942	15	15	0.4766669	7.36279302150824e-120	hyper	2.8469466349831863e-118	true	NR_168069	SLC22A23	intron	116416.0	SLC22A23	-16484	SLC22A23	intron;noncoding
chr6	8378592	8378795	4	4	0.38548625	4.784559724385127e-20	hyper	6.727380945802119e-20	true	""	""	intergenic	NaN	SLC35B3	56852	""	""
chr6	12582391	12582705	4	4	0.38015303	2.704240575412832e-20	hyper	3.8584490374894035e-20	true	NR_149140	LINC02530	TTS	2856.0	LINC02530	2856	LINC02530	TTS
chr6	14754852	14755385	19	19	0.63234144	2.013382613781309e-205	hyper	2.1232034836239258e-203	true	""	""	intergenic	NaN	LINC01108	-469664	""	""
chr6	15266044	15266804	10	10	0.46644416	2.3848973483557107e-52	hyper	1.6868786122516002e-51	true	NM_004973	JARID2	intron	20356.0	JARID2	17570	JARID2	intron
chr6	16768939	16769189	6	6	0.4723601	1.0212019268052683e-31	hyper	2.9394397893154123e-31	true	""	""	intergenic	NaN	ATXN1	-7574	""	""
chr6	18363675	18364119	5	4	0.31709033	2.704056326040259e-25	hyper	5.307454040958884e-25	true	""	""	intergenic	NaN	RNF144B	-23452	""	""
chr6	19362505	19362773	4	3	0.33063766	2.6484283056692698e-21	hyper	4.021173867246536e-21	true	""	""	intergenic	NaN	LOC105374960	-87181	""	""
chr6	24584348	24584545	3	3	-0.45094562	1.0640250540643812e-16	hypo	1.2467364269845275e-16	true	NM_001252328	KIAA0319	promoter	-1219.5	KIAA0319	-1219	KIAA0319	intron;promoter
chr6	27977535	27977803	8	8	0.57120407	2.335307079530212e-75	hyper	3.762439183687564e-74	true	""	""	intergenic	NaN	OR2B6	20429	""	""
chr6	28001844	28001962	5	5	0.46715036	1.454928219723593e-30	hyper	3.8798085859295814e-30	true	""	""	intergenic	NaN	OR2B6	44663	""	""
chr6	29798058	29798285	4	4	-0.3697068	7.347918195549609e-22	hypo	1.1533944664191538e-21	true	NR_132323	HLA-V	TTS	6266.5	HCG4	-5098	HLA-V	TTS
chr6	31087192	31087302	5	5	0.3667813	2.709171273973749e-25	hyper	5.308511280083697e-25	true	""	""	intergenic	NaN	CDSN	33199	""	""
chr6	37542129	37542504	7	7	0.42094067	2.0795191642638213e-38	hyper	8.289492201189117e-38	true	""	""	intergenic	NaN	MIR4462	13106	""	""
chr6	38621997	38622194	3	3	-0.33423045	4.488605093148074e-15	hypo	4.699261649866215e-15	true	NM_052893	BTBD9	intron	17833.5	BTBD9	17834	BTBD9	intron
chr6	50840505	50840668	4	4	-0.33536232	2.289430887616566e-20	hypo	3.278691147697798e-20	true	NM_003221	TFAP2B	intron	21716.5	TFAP2B	21716	TFAP2B	intron
chr6	50846955	50847165	8	7	-0.3022213	8.079211091248313e-39	hypo	3.311620093939238e-38	true	NM_003221	TFAP2B	exon	28190.0	TFAP2B	28190	TFAP2B	exon
chr6	51513526	51513747	3	3	0.37632498	1.0927685394267118e-21	hyper	1.6924052145994467e-21	true	""	""	intergenic	NaN	LOC101927082	-108233	""	""
chr6	55870150	55870328	3	3	0.3328099	9.690559833433171e-15	hyper	9.974311807260407e-15	true	NM_021073	BMP5	intron	5351.0	BMP5	5351	BMP5	intron
chr6	55871451	55872004	3	3	0.37138918	4.515795210347657e-18	hyper	5.7186926244577315e-18	true	NM_001329754	BMP5	intron	3862.5	BMP5	3863	BMP5	intron
chr6	55874005	55875151	12	12	0.60275155	1.0481964550265074e-165	hyper	1.0132565731922905e-163	true	NM_001329756	BMP5	exon	1012.0	BMP5	1012	BMP5	exon;intron
chr6	60737334	60737681	5	5	0.419424	1.0082148398416816e-37	hyper	3.847135573080101e-37	true	""	""	intergenic	NaN	MTRNR2L9	-836622	""	""
chr6	67257183	67257290	3	3	0.24854314	3.7126386750289856e-16	hyper	4.1731209913116505e-16	true	""	""	intergenic	NaN	LOC102723883	-798114	""	""
chr6	69642088	69642392	4	4	-0.38907537	1.2508574570264308e-20	hypo	1.829753657188726e-20	true	""	""	intergenic	NaN	LMBRD1	154226	""	""
chr6	70231560	70231756	3	3	-0.501953	1.3807806624057816e-14	hypo	1.4074741374259284e-14	true	NM_001377290	COL9A1	intron	51539.0	COL9A1	51539	COL9A1	intron;noncoding
chr6	71664270	71664375	3	3	0.36703864	4.909764999448994e-18	hyper	6.177144684773138e-18	true	""	""	intergenic	NaN	RIMS1	-222380	""	""
chr6	75156156	75156678	7	7	0.43802017	3.5328473882977136e-58	hyper	3.304921750343022e-57	true	NM_004370	COL12A1	exon	49636.0	SNORD156	-27635	COL12A1	exon;intron
chr6	76326873	76327086	3	3	0.33873358	1.9980133224339118e-16	hyper	2.290212899232547e-16	true	""	""	intergenic	NaN	IMPG1	-254301	""	""
chr6	77548376	77548572	3	3	0.43595728	9.152630958181145e-27	hyper	1.9661207243500236e-26	true	""	""	intergenic	NaN	HTR1B	-84983	""	""
chr6	79334846	79334914	4	4	-0.63354886	3.120014542241809e-23	hypo	5.353871107988903e-23	true	""	""	intergenic	NaN	LCAL1	-21496	""	""
chr6	83429920	83430083	6	6	0.40863046	1.6455378896249182e-34	hyper	5.422795318082117e-34	true	NM_002395	ME1	intron	1049.5	ME1	1050	ME1	intron
chr6	83490582	83490929	3	2	-0.3961272	1.2103357051976274e-21	hypo	1.8670072048261276e-21	true	""	""	intergenic	NaN	PRSS35	-21778	""	""
chr6	84263646	84263804	4	4	0.50545895	9.700721630948597e-29	hyper	2.329779936211257e-28	true	""	""	intergenic	NaN	CEP162	-36082	""	""
chr6	85486501	85486646	4	4	0.34985	2.2784679147477347e-19	hyper	3.0804461318267745e-19	true	NM_001204813	NT5E	intron	36990.5	NT5E	36491	NT5E	intron
chr6	86489261	86489695	5	4	0.46781287	3.996413677113297e-24	hyper	7.254835470190021e-24	true	""	""	intergenic	NaN	HTR1E	-448049	""	""
chr6	88006356	88006853	9	9	0.58569455	2.1968523732024684e-53	hyper	1.6128789575410528e-52	true	""	""	intergenic	NaN	SPACA1	-41236	""	""
chr6	88164569	88165034	4	4	0.4236483	1.2531218325453977e-31	hyper	3.571551168925458e-31	true	NM_001365874	CNR1	promoter	-1778.5	CNR1	1546	CNR1	intron;promoter
chr6	89268906	89269148	6	6	0.37773624	2.286788848855167e-33	hyper	7.208356153999982e-33	true	NM_002043	GABRR2	exon	46272.0	GABRR1	-37739	GABRR2	exon;intron
chr6	92208584	92208830	6	6	-0.39806294	1.0931067421842735e-48	hypo	6.854074707750039e-48	true	""	""	intergenic	NaN	CASC6	-518279	""	""
chr6	94213119	94213463	3	3	0.45455393	1.0691007957028904e-20	hyper	1.5698188898928517e-20	true	""	""	intergenic	NaN	TSG1	494989	""	""
chr6	100538913	100538964	3	3	0.496653	1.6935793566331485e-22	hyper	2.7669747235133133e-22	true	NM_006828	ASCC3	intron	342390.5	SIM1	-74017	ASCC3	intron
chr6	104162119	104162182	3	3	0.38494095	1.6934033202080193e-16	hyper	1.9545749765585097e-16	true	""	""	intergenic	NaN	HACE1	697396	""	""
chr6	104576027	104576164	3	3	0.37752318	1.5316485772335963e-20	hyper	2.2264565784348017e-20	true	""	""	intergenic	NaN	HACE1	283451	""	""
chr6	108174301	108176861	132	130	0.5946474	0.0	hyper	0.0	true	NM_003269	NR2E1	exon	9560.0	NR2E1	7559	NR2E1	exon;intron
chr6	108338688	108338834	3	3	0.36047372	2.5818723167471553e-18	hyper	3.3203679461493346e-18	true	NM_001323005	AFG1L	intron	43708.0	AFG1L	43708	AFG1L	intron;noncoding
chr6	112879681	112880056	12	12	0.5756269	7.425683141022416e-73	hyper	1.1333937425771055e-71	true	""	""	intergenic	NaN	RFPL4B	532539	""	""
chr6	113282378	113282600	3	3	0.2730072	1.794553660877441e-15	hyper	1.9274835616831776e-15	true	""	""	intergenic	NaN	LINC02518	150958	""	""
chr6	114707251	114707535	5	3	-0.35474473	8.304577942666016e-24	hypo	1.4684924410811856e-23	true	""	""	intergenic	NaN	HS3ST5	-644516	""	""
chr6	116884626	116884909	3	3	-0.5321133	7.008355124290202e-38	hypo	2.691950974892925e-37	true	NM_173560	RFX6	intron	7526.5	RFX6	7526	RFX6	intron
chr6	117007682	117007990	3	3	-0.47925794	7.131062760642291e-32	hypo	2.083635466585657e-31	true	""	""	intergenic	NaN	RFX6	130595	""	""
chr6	117396290	117396409	3	3	0.3612438	4.39602057059247e-18	hyper	5.573097116816684e-18	true	NM_001378902	ROS1	intron	29592.5	ROS1	29593	ROS1	intron
chr6	121048334	121048872	7	7	0.397914	1.5588380306115914e-41	hyper	7.350618355729455e-41	true	""	""	intergenic	NaN	TBC1D32	285877	""	""
chr6	124008024	124008299	4	4	0.49439818	4.096054517237988e-43	hyper	2.0662888866309027e-42	true	NM_153355	NKAIN2	intron	204316.5	NKAIN2	204297	NKAIN2	intron
chr6	125918901	125919132	4	4	-0.43501252	3.390843321302586e-19	hypo	4.526327103234752e-19	true	NM_001199622	NCOA7	promoter	-237.5	NCOA7	-238	NCOA7	intron;promoter
chr6	126091266	126091328	4	4	0.4671334	2.807860014042827e-21	hyper	4.252111770613158e-21	true	""	""	intergenic	NaN	TRMT11	104758	""	""
chr6	126963160	126963557	7	7	0.34785178	4.233124751420204e-33	hyper	1.3200066429159778e-32	true	""	""	intergenic	NaN	RSPO3	-155312	""	""
chr6	130632740	130633451	7	7	0.36906627	1.0177805915008163e-39	hyper	4.3889423276615126e-39	true	""	""	intergenic	NaN	SMLR1	-194310	""	""
chr6	131129781	131130031	4	4	0.36814913	1.4821883265828587e-20	hyper	2.157262809079192e-20	true	""	""	intergenic	NaN	AKAP7	-5560	""	""
chr6	135080672	135080968	3	3	-0.5498025	7.088928302045567e-28	hypo	1.612383692229972e-27	true	""	""	intergenic	NaN	HBS1L	-25998	""	""
chr6	135811795	135811907	3	3	0.4423708	5.294352798710147e-18	hyper	6.653791166309611e-18	true	""	""	intergenic	NaN	PDE7B	-39849	""	""
chr6	136193468	136193575	4	4	0.33504793	8.492989122209756e-23	hyper	1.4074096259661882e-22	true	NM_018945	PDE7B	exon	341821.5	MTFR2	56790	PDE7B	exon
chr6	137340778	137340883	4	4	0.5813273	1.6121858926246067e-62	hyper	1.731607069856059e-61	true	""	""	intergenic	NaN	IFNGR1	-121445	""	""
chr6	137345960	137346109	3	2	0.62442017	6.899773606190774e-20	hyper	9.608328191093995e-20	true	""	""	intergenic	NaN	IFNGR1	-126649	""	""
chr6	137362920	137363329	11	11	0.46902534	8.82359833126e-58	hyper	7.996385987704375e-57	true	""	""	intergenic	NaN	OLIG3	131270	""	""
chr6	137430885	137431265	4	4	0.38769746	1.851029586514057e-21	hyper	2.8364522065472998e-21	true	""	""	intergenic	NaN	OLIG3	63319	""	""
chr6	138508143	138508335	5	5	0.40873948	3.211837590464021e-26	hyper	6.676938360104415e-26	true	NM_020464	NHSL1	intron	64330.0	NHSL1	-8745	NHSL1	intron
chr6	138543859	138544113	5	5	0.35053918	1.6023666119745658e-26	hyper	3.40429536609981e-26	true	NM_020464	NHSL1	intron	28583.0	NHSL1	28583	NHSL1	intron
chr6	138560178	138560444	6	6	0.38934076	1.7180432637191703e-32	hyper	5.244553120826941e-32	true	NM_020464	NHSL1	intron	12258.0	NHSL1	12258	NHSL1	intron
chr6	144841019	144841318	5	5	0.4892531	6.153263332218313e-30	hyper	1.5791560764100097e-29	true	NM_007124	UTRN	intron	549432.5	UTRN	258021	UTRN	intron
chr6	145640147	145640531	5	5	0.35477212	1.4353689640532222e-33	hyper	4.574252742587192e-33	true	NM_001018041	EPM2A	intron	95181.0	EPM2A	46538	EPM2A	intron;noncoding
chr6	148422245	148422487	5	5	-0.5783587	3.499488588601121e-23	hypo	5.9609497250768e-23	true	NM_001346505	SASH1	intron	150039.0	SASH1	79529	SASH1	intron
chr6	151021770	151021879	4	4	0.34797966	7.029694694181485e-21	hyper	1.0454417750321182e-20	true	NM_001350490	MTHFD1L	intron	14817.5	MTHFD1L	14817	MTHFD1L	intron;noncoding
chr6	151375051	151375170	5	5	0.50273424	4.841530008234939e-30	hyper	1.2508184431074675e-29	true	NM_020861	ZBTB2	intron	16448.5	ZBTB2	16449	ZBTB2	intron
chr6	152104522	152104580	3	3	0.52856576	3.144856140055729e-39	hyper	1.3411886479649433e-38	true	NM_001328100	ESR1	intron	295445.0	SYNE1	63736	ESR1	intron
chr6	152758505	152758932	3	3	-0.4429623	9.015636942046049e-22	hypo	1.4075557002386834e-21	true	NM_003381	VIP	exon	7922.5	VIP	7922	VIP	exon;intron
chr6	153148629	153148989	3	2	-0.326715	1.1745788047507018e-17	hypo	1.449480227139164e-17	true	""	""	intergenic	NaN	RGS17	-17527	""	""
chr6	154042078	154042231	3	3	-0.4526094	2.8589185519675697e-17	hypo	3.4726131102433306e-17	true	NM_001285523	OPRM1	intron	2915.5	OPRM1	2744	OPRM1	intron;noncoding
chr6	155121521	155121590	3	3	0.41988125	1.2841874393330276e-17	hyper	1.5797003495507022e-17	true	NM_012454	TIAM2	intron	126241.5	TIAM2	14569	TIAM2	intron
chr6	155123326	155123394	3	3	0.45386216	1.0135292407843542e-20	hyper	1.4901063616094434e-20	true	NM_001384546	TIAM2	intron	109597.0	TIAM2	16374	TIAM2	intron
chr6	158301492	158301719	5	5	-0.41662747	4.317753092675564e-32	hypo	1.2842547660265779e-31	true	""	""	intergenic	NaN	TULP4	-10859	""	""
chr6	159519556	159519703	3	3	0.4620786	1.6056623805303787e-26	hyper	3.4050609897901993e-26	true	""	""	intergenic	NaN	LINC02529	136099	""	""
chr6	162689137	162689272	3	3	0.29044133	1.1341130110530464e-18	hyper	1.4781697672152065e-18	true	NM_013987	PRKN	intron	38561.5	PACRG	-37927	PRKN	intron
chr6	163341104	163341368	5	5	0.41842318	3.5922088786384885e-26	hyper	7.454315383221193e-26	true	NR_033862	DKFZp451B082	exon	5797.0	DKFZp451B082	5797	DKFZp451B082	exon;noncoding
chr6	163341979	163342270	7	7	0.49396196	1.0423913105882097e-49	hyper	6.7551615658230345e-49	true	NR_033862	DKFZp451B082	exon	4908.5	DKFZp451B082	4909	DKFZp451B082	exon;noncoding
chr6	164150468	164150696	5	5	-0.31988204	2.4192794322868835e-23	hypo	4.17613711525712e-23	true	""	""	intergenic	NaN	LOC102724152	-479098	""	""
chr6	165126143	165126311	4	4	0.37857923	2.0941573174304505e-27	hyper	4.653682927623223e-27	true	""	""	intergenic	NaN	C6orf118	183378	""	""
chr6	166905086	166905406	8	8	0.4724205	2.2317381087931606e-44	hyper	1.1661334262162462e-43	true	NR_046644	RPS6KA2-AS1	TTS	1549.0	RPS6KA2-AS1	1549	RPS6KA2-AS1	TTS
chr6	167278730	167278980	5	5	0.3534286	1.1243614073776677e-26	hyper	2.4108303744142226e-26	true	""	""	intergenic	NaN	UNC93A	-12459	""	""
chr6	167834336	167834893	6	6	0.4400523	1.2212253731041724e-30	hyper	3.264104683872903e-30	true	NM_001366320	AFDN	intron	8051.5	AFDN	6980	AFDN	intron
chr6	168280264	168280655	14	14	0.47108427	3.951530225745954e-79	hyper	6.643152263572908e-78	true	""	""	intergenic	NaN	LOC101929420	37522	""	""
chr6	170184290	170184573	7	7	0.51196855	8.067834219533441e-46	hyper	4.5211051665018317e-45	true	""	""	intergenic	NaN	LOC102724511	23790	""	""
chr7	5270911	5271051	4	4	-0.60387576	3.084796237952263e-26	hypo	6.435905820188174e-26	true	""	""	intergenic	NaN	SLC29A4	-11961	""	""
chr7	6997095	6997173	3	3	-0.38575712	5.97934585684102e-20	hypo	8.346619968634877e-20	true	""	""	intergenic	NaN	MIR3683	69911	""	""
chr7	16678731	16678992	7	7	0.59378856	1.8918401103403804e-33	hyper	6.012423364369428e-33	true	NM_001362717	BZW2	intron	17648.5	BZW2	17648	BZW2	intron
chr7	20335286	20336437	19	19	0.39973843	9.002898033478472e-123	hyper	3.6011592133913887e-121	true	NM_002214	ITGB8	intron	4962.5	LOC101927811	-4099	ITGB8	intron
chr7	20794653	20794793	8	8	0.390409	4.604177007030993e-39	hyper	1.9211673842287597e-38	true	""	""	intergenic	NaN	SP8	-7837	""	""
chr7	23607759	23607905	3	2	0.3510487	2.2565600168776938e-14	hyper	2.2624110800156653e-14	true	NM_138771	CCDC126	intron	10451.0	CCDC126	10451	CCDC126	intron
chr7	24569582	24570043	5	5	-0.37351567	1.7312205198858072e-31	hypo	4.898087324554967e-31	true	""	""	intergenic	NaN	MPP6	-3639	""	""
chr7	25302997	25303232	3	3	0.45741466	4.944827045529437e-16	hyper	5.515384012321294e-16	true	""	""	intergenic	NaN	NPVF	-74628	""	""
chr7	25385298	25385352	6	6	-0.6649576	6.498161943249955e-29	hypo	1.5703891362854058e-28	true	""	""	intergenic	NaN	NPVF	-156839	""	""
chr7	31935518	31935757	5	5	0.3675834	3.057230773192598e-25	hyper	5.970349658086555e-25	true	NM_001191057	PDE1C	intron	134769.5	PDE1C	134770	PDE1C	intron
chr7	32068743	32069051	8	8	0.42849025	1.8821886688691864e-41	hyper	8.839428566349216e-41	true	NM_001191057	PDE1C	intron	1510.0	PDE1C	1510	PDE1C	intron
chr7	38590108	38590205	3	3	0.38585457	9.182082609376984e-15	hyper	9.467747401668712e-15	true	NM_001635	AMPH	intron	41216.5	AMPH	41217	AMPH	intron
chr7	40828783	40829037	8	8	0.52240384	1.0936864022133452e-61	hyper	1.1327466308638219e-60	true	NM_024728	SUGCT	intron	693906.0	LINC01450	151029	SUGCT	intron
chr7	41317201	41317391	3	3	-0.41699398	3.826646025787118e-16	hypo	4.2971049273117687e-16	true	""	""	intergenic	NaN	LINC01449	215693	""	""
chr7	41783265	41783688	9	9	0.52419174	2.923744932032778e-77	hyper	4.7768227058563695e-76	true	""	""	intergenic	NaN	INHBA	-80386	""	""
chr7	43534108	43534240	3	3	-0.3369702	6.167976615455894e-18	hypo	7.71828788989087e-18	true	NM_015052	HECW1	intron	421528.0	LUARIS	-11632	HECW1	intron
chr7	47507572	47507634	4	4	0.43673986	1.1238759585358161e-19	hyper	1.5428356353864458e-19	true	NM_022748	TNS3	intron	74508.0	SNORD151	-42800	TNS3	intron
chr7	51070628	51070813	3	3	0.37275946	7.235342188714711e-19	hyper	9.494340428630164e-19	true	NM_001287438	COBL	TTS	246088.5	COBL	246089	COBL	TTS;intron
chr7	53022701	53022934	4	4	-0.3612495	5.858042666981229e-22	hypo	9.334243810025036e-22	true	""	""	intergenic	NaN	POM121L12	-12815	""	""
chr7	66679156	66679266	3	3	0.4456822	8.789252859791722e-17	hyper	1.0371854849805085e-16	true	NM_001367737	RABGEF1	intron	24645.0	RABGEF1	-2954	RABGEF1	intron
chr7	67123475	67123818	6	6	0.3651662	4.127806787248657e-35	hyper	1.3959929659499831e-34	true	NM_018264	TYW1	intron	126814.5	MIR4650-2	-9249	TYW1	intron;noncoding
chr7	71046433	71046542	3	3	-0.29632816	6.123497631117542e-16	hypo	6.803886256797268e-16	true	""	""	intergenic	NaN	GALNT17	-85656	""	""
chr7	71390215	71390346	5	5	-0.46334592	3.2273878050347723e-23	hypo	5.529940699911869e-23	true	NM_022479	GALNT17	intron	258137.5	MIR3914-1	-82510	GALNT17	intron
chr7	71570221	71570282	3	3	0.40079367	7.164197655720576e-17	hyper	8.488732666635207e-17	true	NM_022479	GALNT17	intron	438108.5	MIR3914-1	-262481	GALNT17	intron
chr7	72918144	72918504	12	12	0.5852695	2.6620535003893767e-106	hyper	7.719955151129193e-105	true	NM_172020	POM121	intron	27698.0	POM121	27698	POM121	intron
chr7	80210506	80210702	3	3	0.3239539	3.2103647305185915e-15	hyper	3.3916421561034303e-15	true	NM_001256414	GNAI1	intron	74821.0	GNAI1	74821	GNAI1	intron
chr7	84469025	84469121	3	3	0.29119596	4.191964552303336e-15	hyper	4.3966355159781824e-15	true	""	""	intergenic	NaN	LOC101927378	-63402	""	""
chr7	92504743	92504990	4	4	0.34439033	6.993870885057663e-19	hyper	9.198288238851349e-19	true	NM_000466	PEX1	exon	23653.5	PEX1	23654	PEX1	exon;intron
chr7	93142958	93143206	5	5	0.41981053	1.2223635265129987e-32	hyper	3.7412709518603653e-32	true	NM_001350085	SAMD9L	intron	5303.0	SAMD9L	5303	SAMD9L	intron
chr7	93889094	93889206	5	5	0.27071178	2.2129588425279223e-24	hyper	4.081132364598394e-24	true	NR_134235	TFPI2-DT	promoter	-1743.0	TFPI2	1603	TFPI2;TFPI2-DT	exon;promoter
chr7	93923359	93923807	8	6	0.5662701	8.480857362342185e-40	hyper	3.684567243564395e-39	true	NM_004126	GNG11	intron	1849.0	GNG11	1849	GNG11	intron
chr7	94182917	94183112	3	3	0.35074094	3.7696792474986924e-20	hyper	5.319742003769444e-20	true	""	""	intergenic	NaN	BET1	-178659	""	""
chr7	94395947	94396161	5	5	0.60870206	6.834158733693329e-65	hyper	8.257941803212773e-64	true	NM_000089	COL1A2	intron	1160.0	COL1A2	1160	COL1A2	intron
chr7	97887000	97887372	7	7	0.47003993	3.667724032789913e-53	hyper	2.6758238226643393e-52	true	NR_147989	CZ1P-ASNS	intron	85172.0	ASNS	-14644	ASNS;CZ1P-ASNS	intron;noncoding
chr7	104768642	104768758	3	3	0.5053773	1.2017203413069605e-20	hyper	1.7600954493889825e-20	true	NM_199000	LHFPL3	intron	440045.0	LHFPL3-AS1	35392	LHFPL3	intron
chr7	107386233	107386667	18	18	0.54502785	5.1612084488277476e-129	hyper	2.6030442611479074e-127	true	NM_001379512	COG5	intron	177470.0	GPR22	-83606	COG5	intron
chr7	110295826	110295966	4	4	0.39756876	5.974089811962031e-21	hyper	8.930340440561798e-21	true	""	""	intergenic	NaN	EIF3IP1	-335683	""	""
chr7	116193499	116193739	5	5	-0.28175223	1.7151130686086173e-25	hypo	3.4184384185326395e-25	true	""	""	intergenic	NaN	TES	-16919	""	""
chr7	117226102	117226321	6	6	0.38808692	1.687061056207108e-30	hyper	4.468015582648962e-30	true	NR_161422	ST7	intron	272711.5	ST7-OT3	43531	ST7	intron;noncoding
chr7	122325336	122325549	3	3	-0.29765302	1.062447990522961e-14	hypo	1.0916206102804559e-14	true	NM_001363391	CADPS2	exon	561017.5	FEZF1	-20692	CADPS2	exon;intron
chr7	128250140	128250197	3	3	-0.5279053	3.0683404174449224e-16	hypo	3.472463301693766e-16	true	NM_000230	LEP	intron	8891.5	LEP	8891	LEP	intron
chr7	130895068	130895189	3	3	0.44301954	8.498416736313521e-16	hyper	9.344230724287853e-16	true	NR_034120	LINC-PINT	intron	18181.5	MIR29B1	-17589	LINC-PINT	intron;noncoding
chr7	131218587	131218882	5	5	0.44832143	6.194004850570311e-29	hyper	1.506298873513954e-28	true	NM_001145354	MKLN1	intron	108641.5	MKLN1	108641	MKLN1	intron
chr7	136136797	136137338	7	7	0.495713	9.145696617146629e-56	hyper	7.577862911350064e-55	true	""	""	intergenic	NaN	LUZP6	-159708	""	""
chr7	137304832	137305170	9	9	0.3821739	4.579061288603315e-43	hyper	2.2994420323722273e-42	true	NM_001321387	PTN	intron	38732.0	PTN	-36146	PTN	intron
chr7	139731922	139732013	3	3	-0.5277588	5.524304666627461e-16	hypo	6.144001355021913e-16	true	NM_022740	HIPK2	intron	46030.5	HIPK2	46031	HIPK2	intron
chr7	143776367	143776474	4	4	0.26213962	7.958987540015611e-20	hyper	1.1043571227772857e-19	true	NM_001130026	TCAF2	intron	44593.5	CTAGE6	-18724	TCAF2	intron
chr7	145698893	145699094	3	2	-0.5088149	5.254840625404206e-14	hypo	5.263916343237374e-14	true	""	""	intergenic	NaN	TPK1	-862940	""	""
chr7	148400172	148400350	7	7	0.4064143	5.5450329710268323e-36	hyper	1.9432743946800985e-35	true	""	""	intergenic	NaN	C7orf33	-190504	""	""
chr7	150596065	150596134	3	3	-0.46343073	1.1063835646398095e-14	hypo	1.1347523739895483e-14	true	""	""	intergenic	NaN	GIMAP4	28710	""	""
chr7	151792732	151792797	3	3	0.363755	1.618984419318388e-14	hyper	1.6416275580501137e-14	true	NM_001040633	PRKAG2	intron	22106.5	LOC644090	-13573	PRKAG2	intron
chr7	154452992	154453235	10	10	0.3699788	1.1771870479367582e-57	hyper	1.0585557950439067e-56	true	NM_001364500	DPP6	intron	704981.5	DPP6	147955	DPP6	intron;noncoding
chr7	155492042	155492228	8	8	0.45182365	9.570695548554903e-37	hyper	3.4693771363511524e-36	true	""	""	intergenic	NaN	CNPY1	17739	""	""
chr7	155507941	155508207	4	4	-0.3371783	2.752033008747932e-24	hypo	5.043220047626542e-24	true	NR_163166	CNPY1	intron	1800.0	CNPY1	1800	CNPY1	intron;noncoding
chr7	155789845	155790233	23	23	0.5384343	3.2863117307086125e-144	hyper	2.006379793485258e-142	true	""	""	intergenic	NaN	SHH	19124	""	""
chr7	155824595	155824721	6	6	0.3724538	9.909447579850954e-30	hyper	2.526364657720243e-29	true	""	""	intergenic	NaN	SHH	-12195	""	""
chr8	384903	385127	6	6	-0.48112047	1.0055169794104529e-45	hypo	5.580859790029308e-45	true	NR_103537	FAM87A	promoter	-1841.0	FAM87A	-1841	FAM87A	promoter
chr8	1453966	1454401	16	16	0.54254144	1.6022426704299713e-114	hyper	5.466474993231667e-113	true	NM_001346810	DLGAP2	intron	716556.5	LOC286083	-151576	DLGAP2	intron
chr8	1455663	1455940	14	14	0.48869014	8.941584290753545e-72	hyper	1.3297740740095016e-70	true	NM_001346810	DLGAP2	intron	718174.5	LOC286083	-153194	DLGAP2	intron
chr8	1468972	1469072	3	3	0.43308565	1.374439289856801e-15	hyper	1.4872663957405685e-15	true	NM_001346810	DLGAP2	intron	731395.0	DLGAP2-AS1	152642	DLGAP2	intron
chr8	1500541	1500770	3	2	0.40225124	1.6550152275107498e-14	hyper	1.6766966497052138e-14	true	NM_001346810	DLGAP2	intron	763028.5	DLGAP2-AS1	121009	DLGAP2	intron
chr8	2195357	2195614	5	5	0.32868254	6.915130293705701e-25	hyper	1.3150083837210841e-24	true	""	""	intergenic	NaN	MIR7160	118897	""	""
chr8	5500240	5500589	5	5	0.5947138	1.886108447719845e-27	hyper	4.2074726910673465e-27	true	""	""	intergenic	NaN	CSMD1	-505500	""	""
chr8	6420800	6420897	4	4	0.40422347	5.598484572107132e-21	hyper	8.39049367395901e-21	true	NM_001172574	MCPH1	intron	14257.5	MCPH1	13696	MCPH1	intron;noncoding
chr8	7766716	7766885	8	6	0.21601589	4.740209679629017e-38	hyper	1.8328810761232197e-37	true	""	""	intergenic	NaN	FAM90A10P	-2783	""	""
chr8	8459040	8459179	4	2	-0.33122623	4.5626398559841e-18	hypo	5.7654272689995165e-18	true	""	""	intergenic	NaN	PRAG1	-72670	""	""
chr8	11226645	11226968	9	9	-0.45188746	1.5486829718897556e-48	hypo	9.555703443575088e-48	true	""	""	intergenic	NaN	XKR6	-24973	""	""
chr8	13095647	13096114	6	6	0.41139162	3.03114014982252e-38	hyper	1.191905957218347e-37	true	NM_006094	DLC1	intron	37408.5	DLC1	37409	DLC1	intron
chr8	13767894	13768016	3	3	0.35658097	2.416348794541031e-16	hyper	2.7602396273308027e-16	true	""	""	intergenic	NaN	LOC102725080	138266	""	""
chr8	16859192	16859279	4	4	0.3381268	6.661543174958449e-22	hyper	1.0527779404566486e-21	true	""	""	intergenic	NaN	FGF20	143110	""	""
chr8	18556110	18556305	7	7	0.36886147	2.6613719196971698e-40	hyper	1.1873813180187373e-39	true	NM_206909	PSD3	exon	252659.5	NAT2	164926	PSD3	exon;intron
chr8	19870937	19871125	3	3	0.41752383	1.3179811719479109e-23	hyper	2.3059700745996634e-23	true	""	""	intergenic	NaN	INTS10	53616	""	""
chr8	19871861	19872135	5	5	0.40265256	7.555586120409092e-30	hyper	1.9305021805450543e-29	true	""	""	intergenic	NaN	INTS10	54583	""	""
chr8	24351355	24351543	5	5	0.36773622	4.355142743831426e-25	hyper	8.378052376193125e-25	true	NM_001304351	ADAM28	intron	57381.0	ADAMDEC1	-32835	ADAM28;LOC101929294	intron;noncoding
chr8	27595379	27595573	7	7	0.38647202	4.070915037181672e-36	hyper	1.4397138546130303e-35	true	""	""	intergenic	NaN	MIR6843	15275	""	""
chr8	29542117	29542315	6	6	0.4267455	3.939976124742507e-35	hyper	1.3363661709652949e-34	true	""	""	intergenic	NaN	DUSP4	-191532	""	""
chr8	29627174	29627366	4	4	0.24652684	2.1575278924505493e-20	hyper	3.0974410337161355e-20	true	""	""	intergenic	NaN	LINC00589	120839	""	""
chr8	29778075	29778395	6	6	-0.40691534	1.1045287953147681e-36	hypo	3.979047834053202e-36	true	NR_125815	LINC02099	intron	29927.0	LINC02099	29927	LINC02099	intron;noncoding
chr8	29903678	29903978	3	3	0.4763825	1.6185080521889434e-26	hyper	3.426038942589734e-26	true	""	""	intergenic	NaN	LINC02209	-17684	""	""
chr8	30993672	30993848	3	3	-0.3231831	7.427622777823736e-17	hypo	8.782917861646823e-17	true	""	""	intergenic	NaN	PURG	39041	""	""
chr8	35083086	35083312	3	3	0.37626266	2.4376578102415054e-16	hyper	2.78041598808274e-16	true	""	""	intergenic	NaN	UNC5D	-152275	""	""
chr8	35503902	35504145	4	4	-0.37555498	4.384027477773796e-25	hypo	8.419655420890071e-25	true	NM_080872	UNC5D	intron	268549.5	UNC5D	-40368	UNC5D	intron
chr8	35794269	35795078	14	14	0.40401128	7.3422793003015e-100	hyper	1.9807079042673818e-98	true	NM_001322818	UNC5D	exon	250282.5	LOC101929550	-84353	UNC5D	exon
chr8	38790895	38791120	4	4	0.29843044	1.9591631397618997e-19	hyper	2.667405213760333e-19	true	NM_001352804	TACC1	intron	33733.5	TACC1	2902	TACC1	intron;noncoding
chr8	40900271	40900592	4	4	0.45739293	3.07607311682917e-33	hyper	9.617910553967216e-33	true	""	""	intergenic	NaN	ZMAT4	-2605	""	""
chr8	40901292	40901525	4	4	0.47713032	5.051680983210159e-34	hyper	1.6322980335720847e-33	true	""	""	intergenic	NaN	ZMAT4	-3582	""	""
chr8	48683147	48683324	11	11	0.45493326	1.1515070162187353e-55	hyper	9.406677033899527e-55	true	NR_105002	LOC101929268	intron	131669.5	EFCAB1	52033	LOC101929268	intron;noncoding
chr8	50135621	50135858	3	3	0.32352978	1.5264326016896376e-21	hyper	2.3452474410065954e-21	true	NM_001287814	SNTG1	intron	224333.5	SNTG1	-28391	SNTG1	intron;noncoding
chr8	53511037	53511366	4	4	0.4543738	2.967749571190248e-28	hyper	6.85774801310894e-28	true	NR_149032	LOC100507516	TTS	12763.5	LOC100507516	12764	LOC100507516	TTS
chr8	65143179	65143457	5	5	0.4350461	1.3187281091420757e-29	hyper	3.332733347722893e-29	true	""	""	intergenic	NaN	LINC00251	37022	""	""
chr8	66649589	66649976	4	4	0.32122797	5.528034280145996e-20	hyper	7.73524700237558e-20	true	NM_025054	VCPIP1	intron	17448.5	VCPIP1	17449	VCPIP1	intron
chr8	67587042	67587246	5	5	-0.26216698	8.143675976582234e-24	hypo	1.4422387989061664e-23	true	NM_020361	CPA6	intron	159216.0	CPA6	159216	CPA6	intron
chr8	67968841	67969075	4	4	0.3868128	2.0288839256603526e-20	hyper	2.9236091351130545e-20	true	NM_025170	PREX2	intron	16913.0	PREX2	16913	PREX2	intron
chr8	71227488	71228183	6	6	0.29776803	2.8412316802269337e-31	hyper	7.94175602183914e-31	true	NM_172059	EYA1	intron	319868.5	EYA1	128871	EYA1	intron
chr8	71591516	71591900	5	4	0.34342986	1.394139784414293e-25	hyper	2.8027766896370534e-25	true	""	""	intergenic	NaN	EYA1	-43614	""	""
chr8	71760631	71760865	3	3	-0.46147808	3.408217576120518e-17	hypo	4.122557234932013e-17	true	""	""	intergenic	NaN	MSC-AS1	-82374	""	""
chr8	71965940	71966175	7	7	-0.436586	1.558455233916991e-40	hypo	7.1173546115894076e-40	true	NR_033651	MSC-AS1	intron	121942.5	TRPA1	109527	MSC-AS1	intron;noncoding
chr8	72747045	72747361	3	3	0.4132848	8.36351111862237e-16	hyper	9.204623242506594e-16	true	NM_004770	KCNB2	intron	209979.0	LOC101926908	15159	KCNB2;LOC101926908	intron;noncoding
chr8	76460612	76460987	5	5	0.4171218	2.296932863940575e-29	hyper	5.669025791853334e-29	true	NR_105006	LINC01111	intron	54146.5	LINC01111	54146	LINC01111	intron;noncoding
chr8	80658477	80658789	4	4	0.3795709	5.408829466865422e-28	hyper	1.2424241943690869e-27	true	NM_001033723	ZNF704	intron	216148.0	ZBTB10	172408	ZNF704	intron
chr8	90452399	90452657	3	3	0.44578162	1.41264271573102e-18	hyper	1.8309112293273556e-18	true	""	""	intergenic	NaN	LINC01030	153535	""	""
chr8	91831781	91832202	4	4	-0.3649229	8.241900988887928e-27	hypo	1.7737671887031533e-26	true	""	""	intergenic	NaN	RUNX1T1	185689	""	""
chr8	94418572	94418723	5	5	0.28957313	2.2771495497325345e-28	hyper	5.314876212655413e-28	true	NM_001205263	RAD54B	intron	18296.5	RAD54B	18297	RAD54B	intron
chr8	95499225	95499429	4	4	-0.2947801	2.480914903210528e-20	hypo	3.544164147443612e-20	true	NR_038204	C8orf37-AS1	intron	230492.0	C8orf37	-230126	C8orf37-AS1	intron;noncoding
chr8	96849212	96849463	3	3	0.27588636	1.0756253804361612e-14	hyper	1.1041818064654398e-14	true	NM_016134	CPQ	intron	204096.5	CPQ	204096	CPQ	intron
chr8	97190835	97190953	4	4	0.38955048	1.6090348223505064e-24	hyper	2.9863686302825398e-24	true	NR_125390	LOC101927066	intron	255603.0	TSPYL5	87034	LOC101927066	intron;noncoding
chr8	101041412	101041646	7	5	0.40406725	6.424271141864842e-31	hyper	1.745235251654149e-30	true	""	""	intergenic	NaN	FLJ42969	-10524	""	""
chr8	102108321	102108610	7	7	0.379522	4.4989882803867866e-40	hyper	1.9843446407789628e-39	true	NM_001040624	NCALD	intron	15868.5	NCALD	15869	NCALD	intron
chr8	109229267	109229443	3	3	-0.40472594	1.0660447375848754e-21	hypo	1.6554376112429123e-21	true	""	""	intergenic	NaN	NUDCD1	100578	""	""
chr8	112059237	112059362	4	4	-0.32484668	2.6843686132596877e-23	hypo	4.619981589586406e-23	true	""	""	intergenic	NaN	MIR2053	-584193	""	""
chr8	117850261	117850431	4	4	0.3364874	2.4551724906302795e-21	hyper	3.7326344549556015e-21	true	NM_000127	EXT1	intron	261480.0	SNORD168	70567	EXT1	intron
chr8	118802995	118803103	3	3	0.3014053	1.4497211553371862e-15	hyper	1.5658068344423985e-15	true	""	""	intergenic	NaN	TNFRSF11B	148836	""	""
chr8	119671771	119672693	21	21	0.593402	4.699549077844233e-158	hyper	4.193443792537931e-156	true	NM_001330600	ENPP2	intron	1158.0	ENPP2	1158	ENPP2	intron
chr8	124143095	124143305	7	7	0.43994305	1.883673857022816e-40	hyper	8.502185502515435e-40	true	NR_103547	FER1L6-AS2	intron	28322.0	FER1L6-AS2	28322	FER1L6-AS2	intron;noncoding
chr8	124197865	124197971	4	4	0.45612717	1.76271338638599e-25	hyper	3.507285640150512e-25	true	NR_125420	LOC101927588	intron	49480.0	FER1L6-AS2	-26396	LOC101927588	intron;noncoding
chr8	138224385	138224523	5	5	0.366515	1.2924271448761903e-27	hyper	2.9054563722022883e-27	true	NM_015912	FAM135B	intron	272807.0	LOC401478	-140909	FAM135B	intron
chr8	139338066	139338352	3	2	-0.36362258	7.276947781979066e-17	hypo	8.61353002764869e-17	true	""	""	intergenic	NaN	KCNK9	364914	""	""
chr8	140057892	140058077	8	8	0.4510674	2.7327745764171267e-41	hyper	1.2782332696144624e-40	true	NM_001160372	TRAPPC9	intron	399759.5	PEG13	42551	TRAPPC9	intron;noncoding
chr8	140663014	140663212	5	5	0.34320927	4.023257746554847e-26	hyper	8.304233071180823e-26	true	NR_148036	PTK2	intron	338169.0	AGO2	-27480	PTK2	intron;noncoding
chr8	143060450	143060678	7	7	0.4329098	2.411993476933836e-36	hyper	8.556307135300458e-36	true	""	""	intergenic	NaN	C8orf31	21356	""	""
chr8	143895565	143895811	6	6	-0.36528388	1.597115345526833e-40	hypo	7.265309022788731e-40	true	""	""	intergenic	NaN	EPPK1	-17221	""	""
chr9	700398	700932	7	6	-0.41847268	1.0903485766747994e-36	hypo	3.94020046399616e-36	true	NM_001256876	KANK1	intron	230375.0	KANK1	-6011	KANK1	intron
chr9	735014	735488	7	7	0.3935872	1.221980227116944e-38	hyper	4.956283438656137e-38	true	NR_148869	KANK1	intron	28575.0	KANK1	28575	KANK1	intron;noncoding
chr9	963255	963410	6	6	-0.3668989	2.8661483804377307e-33	hypo	8.985762490020993e-33	true	NM_021951	DMRT1	intron	121636.5	DMRT3	-13322	DMRT1	intron
chr9	975443	975626	5	5	0.33606344	6.469489563063536e-25	hyper	1.2322837262978164e-24	true	NM_021240	DMRT3	promoter	-1119.5	DMRT3	-1120	DMRT3	promoter
chr9	4622059	4622425	11	11	0.41158837	5.117165667292456e-58	hyper	4.711041407983531e-57	true	NM_001353484	SPATA6L	exon	44238.0	SPATA6L	39981	SPATA6L	exon;intron;noncoding
chr9	5935226	5935514	5	5	0.41982713	4.284068887967345e-36	hyper	1.510492373872985e-35	true	NM_001017969	KIAA2026	intron	73112.0	MLANA	44482	KIAA2026	intron
chr9	8155851	8156088	3	3	0.34942508	3.852380191815903e-22	hyper	6.189419698762393e-22	true	""	""	intergenic	NaN	DMAC1	-356191	""	""
chr9	13357949	13358078	3	3	-0.35521045	2.8202103754703437e-21	hypo	4.265246460946022e-21	true	""	""	intergenic	NaN	LINC01235	73316	""	""
chr9	13897028	13897310	4	3	0.28041032	3.322656378781914e-18	hyper	4.235474065260462e-18	true	""	""	intergenic	NaN	LINC00583	-30801	""	""
chr9	20144406	20144748	8	8	0.49014243	4.163423132529439e-55	hyper	3.330738506023551e-54	true	""	""	intergenic	NaN	MIR4473	266661	""	""
chr9	20294319	20294475	4	4	-0.38689813	1.9519607832982162e-20	hypo	2.8162618266491676e-20	true	""	""	intergenic	NaN	MIR4473	116841	""	""
chr9	23028065	23028270	4	4	-0.3219494	3.842001693668065e-19	hypo	5.105065251609341e-19	true	""	""	intergenic	NaN	LINC01239	381968	""	""
chr9	24024104	24024193	3	3	-0.26941872	2.5576054287508363e-16	hypo	2.911503726546585e-16	true	""	""	intergenic	NaN	ELAVL2	-173547	""	""
chr9	29133730	29133870	3	3	0.43468085	1.654646101246905e-28	hyper	3.909143538587393e-28	true	NM_001258282	LINGO2	intron	79801.0	LINGO2	78499	LINGO2	intron
chr9	30459154	30459369	3	3	-0.28797197	1.850414879776382e-14	hypo	1.8648838058563016e-14	true	""	""	intergenic	NaN	LINC01242	-50807	""	""
chr9	31446183	31446362	5	5	0.45499057	3.773562791924308e-40	hyper	1.6707377246687777e-39	true	""	""	intergenic	NaN	LINC01243	-64782	""	""
chr9	38422797	38423646	10	9	0.43008098	2.728521656958706e-51	hyper	1.8952605521389812e-50	true	NM_001007563	IGFBPL1	intron	1232.5	IGFBPL1	1233	IGFBPL1	intron
chr9	38533596	38533914	7	7	0.48045254	2.3365380013938303e-39	hyper	1.0001417275338905e-38	true	""	""	intergenic	NaN	FAM95C	11617	""	""
chr9	62110477	62110640	3	3	0.41484872	1.0308914501848138e-17	hyper	1.2762370141028645e-17	true	""	""	intergenic	NaN	LOC102723709	-241420	""	""
chr9	65694481	65694589	3	3	0.40620092	1.7370725427401527e-14	hyper	1.753702480050981e-14	true	NM_001363751	CBWD5	intron	18608.0	CBWD5	18608	CBWD5	intron
chr9	66198959	66199089	4	4	0.42405307	1.2587423753641935e-22	hyper	2.0696035810998953e-22	true	""	""	intergenic	NaN	LOC642929	-34118	""	""
chr9	69583777	69583927	3	3	-0.34109724	1.592683210385352e-14	hypo	1.6177867986401123e-14	true	NM_001163	APBA1	intron	88519.0	APBA1	88519	APBA1	intron
chr9	71333816	71334019	3	3	0.36339757	3.812484426710305e-17	hyper	4.597174568590389e-17	true	NM_001366142	TRPM3	intron	113053.5	TRPM3	113054	TRPM3	intron
chr9	73160921	73161385	6	6	0.3711789	3.5463448219604613e-41	hyper	1.6521124471783674e-40	true	NM_000700	ANXA1	intron	9289.0	ANXA1	9289	ANXA1	intron
chr9	76267338	76267578	3	3	-0.46480975	2.0713418047235e-25	hypo	4.1072760572295047e-25	true	NM_001190482	PCSK5	intron	376815.0	RFK	126968	PCSK5	intron
chr9	78910053	78910277	3	3	0.38399425	3.509094718271893e-24	hyper	6.4002356496782956e-24	true	""	""	intergenic	NaN	LOC101927450	235501	""	""
chr9	80436370	80436590	3	3	0.38455024	1.3014005567151476e-24	hyper	2.4348784609509214e-24	true	""	""	intergenic	NaN	LINC01507	461458	""	""
chr9	80491306	80491542	3	3	0.37744603	1.4246004091633532e-17	hyper	1.750568299395646e-17	true	""	""	intergenic	NaN	LINC01507	516402	""	""
chr9	84863224	84863617	5	5	0.41289932	1.1536841877625247e-39	hyper	4.956569102979736e-39	true	NM_001018064	NTRK2	intron	193388.5	NTRK2	157520	NTRK2	intron
chr9	85262698	85262886	4	4	0.35949534	1.6143492499202224e-31	hyper	4.578594449651486e-31	true	""	""	intergenic	NaN	AGTPBP1	479162	""	""
chr9	85321645	85321846	3	3	0.3829837	4.32380102415006e-17	hyper	5.1921420165777114e-17	true	""	""	intergenic	NaN	AGTPBP1	420209	""	""
chr9	86154887	86154953	3	3	0.40350068	3.847721689833104e-15	hyper	4.0428959784478265e-15	true	NR_110996	LOC101927623	intron	27381.0	LOC101927623	27381	LOC101927623	intron;noncoding
chr9	86676055	86676105	3	3	-0.35456347	1.6792269453573678e-16	hypo	1.9420770255379329e-16	true	""	""	intergenic	NaN	GAS1	271426	""	""
chr9	88993839	88993975	5	5	0.45532465	7.212967998358947e-28	hyper	1.637386081819252e-27	true	NM_001001938	C9orf47	exon	3045.0	S1PR3	2440	C9orf47;S1PR3	exon;intron
chr9	89748080	89748256	3	3	0.5131543	1.1386212194338616e-22	hyper	1.8761372365671583e-22	true	""	""	intergenic	NaN	UNQ6494	108386	""	""
chr9	91119856	91119982	3	3	0.32736716	1.828398613426043e-14	hyper	1.8442977318036606e-14	true	NR_135306	LINC00484	intron	858.0	LINC00484	858	LINC00484	intron;noncoding
chr9	91900284	91900654	25	25	0.5186832	5.3569899329307205e-127	hyper	2.589211800916515e-125	true	NM_001318204	ROR2	intron	49759.0	ROR2	49759	ROR2	intron
chr9	99779376	99779509	3	3	0.31741273	1.4950775414035544e-16	hyper	1.7360259740021252e-16	true	NR_109802	LOC101928438	intron	40446.5	LOC101928438	40447	LOC101928438	intron;noncoding
chr9	101385287	101385416	3	3	0.36774874	4.554896688977819e-18	hyper	5.761919475697131e-18	true	NM_001701	BAAT	promoter	-345.5	BAAT	-345	BAAT	promoter
chr9	111401055	111401351	7	7	0.51787555	1.9705453483795105e-40	hyper	8.85981629503966e-40	true	NM_001364931	ECPAS	intron	82359.0	OR2K2	-70979	ECPAS	intron
chr9	111828226	111828352	4	4	0.5410542	5.833610494910566e-23	hyper	9.77888464464777e-23	true	""	""	intergenic	NaN	SHOC1	-33352	""	""
chr9	113502017	113502586	5	5	0.4813873	1.1960966978250465e-27	hyper	2.6941207174311728e-27	true	NM_001282923	RGS3	intron	38575.5	RGS3	795	RGS3	intron
chr9	114054371	114054579	7	7	0.43340987	2.7113705905922493e-38	hyper	1.0697924779207514e-37	true	NM_001318041	ZNF618	exon	178167.0	AMBP	23825	ZNF618	exon
chr9	114060940	114061001	3	3	0.48990858	2.1658984998527976e-15	hyper	2.304992898925913e-15	true	NM_001633	AMBP	exon	17329.5	AMBP	17330	AMBP	exon
chr9	114170630	114170889	9	9	0.48507822	4.775242409409707e-50	hyper	3.165303539951577e-49	true	NM_032888	COL27A1	intron	15223.5	COL27A1	15223	COL27A1	intron
chr9	118594439	118594510	4	4	-0.4628949	1.3352665617015942e-24	hypo	2.4902077356492752e-24	true	""	""	intergenic	NaN	LINC02578	-85196	""	""
chr9	120084949	120085087	4	4	0.5149456	1.8701139377603333e-28	hyper	4.400268088847843e-28	true	""	""	intergenic	NaN	LINC01613	149959	""	""
chr9	121701015	121701075	5	5	0.5104071	3.90636182797825e-24	hyper	7.11362593477986e-24	true	NM_032552	DAB2IP	intron	133944.0	DAB2IP	-41739	DAB2IP	intron
chr9	124005604	124005757	3	3	0.40573144	6.018444775884642e-21	hyper	8.98506555987926e-21	true	NR_135129	LOC100505588	TTS	3715.5	LOC100505588	3716	LOC100505588	TTS
chr9	124022759	124022869	12	12	0.5531346	6.367874832660831e-63	hyper	6.968617741402419e-62	true	NM_004789	LHX2	intron	11047.0	LHX2	11047	LHX2	intron
chr9	126337732	126337853	4	2	0.4282766	3.7486188926935656e-19	hyper	4.992420109672257e-19	true	NM_001011703	MVB12B	intron	10964.5	MVB12B	10964	MVB12B	intron
chr9	132403400	132403939	9	9	0.4199349	2.1618545496534836e-63	hyper	2.4829220570277636e-62	true	NR_134525	TTF1	intron	3170.5	TTF1	3171	TTF1	intron;noncoding
chr9	132434520	132434744	6	6	-0.4190016	9.052121448473234e-36	hypo	3.134465934396702e-35	true	NM_207417	CFAP77	intron	24422.0	CFAP77	24422	CFAP77	intron
chr9	132466508	132466698	7	7	0.4633222	1.43256862491041e-38	hyper	5.750102439086767e-38	true	NM_207417	CFAP77	intron	56393.0	CFAP77	56393	CFAP77	intron
chr9	135042439	135042563	4	4	0.37302572	4.259685901258473e-19	hyper	5.653587695034129e-19	true	""	""	intergenic	NaN	OLFM1	-33003	""	""
chrX	666938	667466	17	17	0.4428319	1.892084025279507e-91	hyper	4.2208028256235155e-90	true	""	""	intergenic	NaN	SHOX	42859	""	""
chrX	776538	777134	13	13	0.52790153	4.953307174107211e-118	hyper	1.8534955877304403e-116	true	""	""	intergenic	NaN	SHOX	152493	""	""
chrX	1077757	1077868	8	8	0.41498724	1.3449421388602445e-37	hyper	5.081866062142944e-37	true	""	""	intergenic	NaN	CRLF2	134837	""	""
chrX	1292686	1292965	16	16	0.46314472	1.3750947600142249e-83	hyper	2.4168332145704557e-82	true	NR_037461	MIR3690	promoter	-1091.5	MIR3690	-1092	CSF2RA;MIR3690	intron;noncoding;promoter
chrX	1923575	1923736	6	6	0.35752368	3.582298883010598e-29	hyper	8.766807393021717e-29	true	""	""	intergenic	NaN	ASMT	308597	""	""
chrX	2440887	2441334	15	15	0.47836342	6.795753894470475e-85	hyper	1.2923072979648773e-83	true	NM_145177	DHRSX	intron	59865.5	ZBED1	59429	DHRSX	intron
chrX	8196707	8197318	12	12	0.60760856	1.35592853454396e-71	hyper	1.9909836709759414e-70	true	""	""	intergenic	NaN	VCX2	-25745	""	""
chrX	10674149	10674798	10	7	0.42512074	2.7699803177307805e-46	hyper	1.5828458958461605e-45	true	NM_001098624	MID1	intron	3265.5	MID1	3266	MID1	intron
chrX	12825847	12826092	6	6	0.5483416	6.253252446279859e-31	hyper	1.702763576921276e-30	true	""	""	intergenic	NaN	PRPS2	34558	""	""
chrX	31707056	31707275	3	3	-0.55391747	1.6845853131163518e-19	hypo	2.296262001427694e-19	true	NM_004010	DMD	intron	1421261.5	DMD	-198867	DMD	intron
chrX	33961983	33962360	4	4	0.5322753	5.590447542391564e-26	hyper	1.149808359782662e-25	true	""	""	intergenic	NaN	FAM47A	170159	""	""
chrX	40654800	40655011	7	7	0.4521422	1.5965365806517173e-34	hyper	5.291378381588549e-34	true	NM_004229	MED14	exon	80636.5	CXorf38	-7344	MED14	exon;intron
chrX	40835362	40835719	8	8	0.7217134	1.5622840383566818e-56	hyper	1.3524249884281723e-55	true	""	""	intergenic	NaN	TNIP2P1	-2344	""	""
chrX	40836444	40837250	13	13	0.57210356	4.656519388952388e-85	hyper	9.002604151974616e-84	true	""	""	intergenic	NaN	TNIP2P1	-3651	""	""
chrX	64302903	64303059	3	3	0.6748608	1.8452621784779827e-16	hyper	2.1235159990421232e-16	true	NM_017677	MTMR8	intron	92471.0	ASB12	-72374	MTMR8	intron
chrX	99413993	99414049	3	3	0.47560975	1.8786063008414445e-14	hyper	1.891652177930621e-14	true	""	""	intergenic	NaN	PCDH19	996252	""	""
chrX	134019588	134019803	3	3	-0.58795863	5.394863907697586e-16	hypo	6.005798592062572e-16	true	""	""	intergenic	NaN	GPC3	-34101	""	""
chrX	149572474	149572656	3	3	0.70492315	1.856337545225374e-28	hyper	4.376730797685841e-28	true	""	""	intergenic	NaN	MAGEA9	14887	""	""
chrY	6091996	6092155	3	3	-0.4783425	2.385073781722107e-15	hypo	2.5312768406199857e-15	true	""	""	intergenic	NaN	TTTY23	151535	""	""
